draftable_id,draft_group_id,player_id,roster_slot_id,competition_id,name,team,position_name,salary,is_disabled,is_swappable
43516460,150590,850200,226,6163160,A'ja Wilson,LVA,SF/PF,12700.0,False,True
43516461,150590,850200,227,6163160,A'ja Wilson,LVA,SF/PF,12700.0,False,True
43516462,150590,1238619,225,6163158,Caitlin Clark,IND,PG/SG,11800.0,False,True
43516463,150590,1238619,227,6163158,Caitlin Clark,IND,PG/SG,11800.0,False,True
43516464,150590,572461,226,6163158,Alyssa Thomas,PHX,SF/PF,11600.0,False,True
43516465,150590,572461,227,6163158,Alyssa Thomas,PHX,SF/PF,11600.0,False,True
43516466,150590,1192647,226,6163158,Aliyah Boston,IND,SF/PF,11500.0,False,True
43516467,150590,1192647,227,6163158,Aliyah Boston,IND,SF/PF,11500.0,False,True
43516468,150590,923865,225,6163160,Jackie Young,LVA,PG/SG,11300.0,False,True
43516469,150590,923865,227,6163160,Jackie Young,LVA,PG/SG,11300.0,False,True
43516470,150590,1238673,226,6163157,Angel Reese,ATL,SF/PF,11200.0,False,True
43516471,150590,1238673,227,6163157,Angel Reese,ATL,SF/PF,11200.0,False,True
43516472,150590,1133019,225,6163157,Rhyne Howard,ATL,PG/SG,10400.0,False,True
43516473,150590,1133019,227,6163157,Rhyne Howard,ATL,PG/SG,10400.0,False,True
43516474,150590,839540,225,6163158,Kelsey Mitchell,IND,PG/SG,10200.0,False,True
43516475,150590,839540,227,6163158,Kelsey Mitchell,IND,PG/SG,10200.0,False,True
43516476,150590,713447,225,6163158,Kahleah Copper,PHX,PG/SG,9900.0,False,True
43516477,150590,713447,227,6163158,Kahleah Copper,PHX,PG/SG,9900.0,False,True
43516478,150590,883614,225,6163157,Natisha Hiedeman,SEA,PG/SG,9800.0,False,True
43516479,150590,883614,227,6163157,Natisha Hiedeman,SEA,PG/SG,9800.0,False,True
43516480,150590,1511557,226,6163157,Dominique Malonga,SEA,SF/PF,9700.0,False,True
43516481,150590,1511557,227,6163157,Dominique Malonga,SEA,SF/PF,9700.0,False,True
43516482,150590,573744,225,6163160,Chelsea Gray,LVA,PG/SG,9500.0,False,True
43516483,150590,573744,227,6163160,Chelsea Gray,LVA,PG/SG,9500.0,False,True
43516484,150590,1409434,225,6163157,Flau'Jae Johnson,SEA,PG/SG,9400.0,False,True
43516485,150590,1409434,227,6163157,Flau'Jae Johnson,SEA,PG/SG,9400.0,False,True
43516486,150590,849339,225,6163157,Jordin Canada,ATL,PG/SG,9200.0,False,True
43516487,150590,849339,227,6163157,Jordin Canada,ATL,PG/SG,9200.0,False,True
43516488,150590,747487,225,6163157,Allisha Gray,ATL,PG/SG,9000.0,False,True
43516489,150590,747487,227,6163157,Allisha Gray,ATL,PG/SG,9000.0,False,True
43516490,150590,1508685,225,6163160,Carla Leite,PDX,PG/SG,8800.0,False,True
43516491,150590,1508685,227,6163160,Carla Leite,PDX,PG/SG,8800.0,False,True
43516492,150590,882016,226,6163160,Bridget Carleton,PDX,SF/PF,8500.0,False,True
43516493,150590,882016,227,6163160,Bridget Carleton,PDX,SF/PF,8500.0,False,True
43516494,150590,1514656,226,6163157,Awa Fam,SEA,SF/PF,8400.0,False,True
43516495,150590,1514656,227,6163157,Awa Fam,SEA,SF/PF,8400.0,False,True
43516496,150590,1125559,226,6163160,NaLyssa Smith,LVA,SF/PF,8300.0,False,True
43516497,150590,1125559,227,6163160,NaLyssa Smith,LVA,SF/PF,8300.0,False,True
43516498,150590,889432,226,6163160,Megan Gustafson,PDX,SF/PF,8200.0,False,True
43516499,150590,889432,227,6163160,Megan Gustafson,PDX,SF/PF,8200.0,False,True
43516500,150590,1239742,225,6163160,Sarah Ashlee Barker,PDX,PG/SG,7900.0,False,True
43516501,150590,1239742,227,6163160,Sarah Ashlee Barker,PDX,PG/SG,7900.0,False,True
43516502,150590,304189,225,6163158,DeWanna Bonner,PHX,PG/SG,7800.0,False,True
43516503,150590,304189,227,6163158,DeWanna Bonner,PHX,PG/SG,7800.0,False,True
43516504,150590,1138402,226,6163160,Emily Engstler,PDX,SF/PF,7700.0,False,True
43516505,150590,1138402,227,6163160,Emily Engstler,PDX,SF/PF,7700.0,False,True
43516506,150590,948349,226,6163158,Natasha Mack,PHX,SF/PF,7600.0,False,True
43516507,150590,948349,227,6163158,Natasha Mack,PHX,SF/PF,7600.0,False,True
43516508,150590,849343,226,6163158,Monique Billings,IND,SF/PF,7500.0,False,True
43516509,150590,849343,227,6163158,Monique Billings,IND,SF/PF,7500.0,False,True
43516510,150590,745114,226,6163157,Brionna Jones,ATL,SF/PF,7000.0,False,True
43516511,150590,745114,227,6163157,Brionna Jones,ATL,SF/PF,7000.0,False,True
43516512,150590,881350,225,6163158,Valeriane Ayayi,PHX,PG/SG,6800.0,False,True
43516513,150590,881350,227,6163158,Valeriane Ayayi,PHX,PG/SG,6800.0,False,True
43516514,150590,1140882,225,6163158,Lexi Held,PHX,PG/SG,6700.0,False,True
43516515,150590,1140882,227,6163158,Lexi Held,PHX,PG/SG,6700.0,False,True
43516516,150590,1127125,226,6163157,Naz Hillmon,ATL,SF/PF,6600.0,False,True
43516517,150590,1127125,227,6163157,Naz Hillmon,ATL,SF/PF,6600.0,False,True
43516518,150590,694553,225,6163160,Jewell Loyd,LVA,PG/SG,6400.0,False,True
43516519,150590,694553,227,6163160,Jewell Loyd,LVA,PG/SG,6400.0,False,True
43516520,150590,1165026,226,6163157,Ezi Magbegor,SEA,SF/PF,6100.0,False,True
43516521,150590,1165026,227,6163157,Ezi Magbegor,SEA,SF/PF,6100.0,False,True
43516522,150590,1383345,225,6163157,Jade Melbourne,SEA,PG/SG,6000.0,False,True
43516523,150590,1383345,227,6163157,Jade Melbourne,SEA,PG/SG,6000.0,False,True
43516524,150590,1646978,226,6163158,Noemie Brochant,PHX,SF/PF,5900.0,False,True
43516525,150590,1646978,227,6163158,Noemie Brochant,PHX,SF/PF,5900.0,False,True
43516526,150590,571423,226,6163160,Cheyenne Parker-Tyus,LVA,SF/PF,5800.0,False,True
43516527,150590,571423,227,6163160,Cheyenne Parker-Tyus,LVA,SF/PF,5800.0,False,True
43516528,150590,1132742,225,6163158,Lexie Hull,IND,PG/SG,5700.0,False,True
43516529,150590,1132742,227,6163158,Lexie Hull,IND,PG/SG,5700.0,False,True
43516530,150590,1577196,225,6163158,Monique Akoa Makani,PHX,PG/SG,5600.0,False,True
43516531,150590,1577196,227,6163158,Monique Akoa Makani,PHX,PG/SG,5600.0,False,True
43516532,150590,853608,226,6163158,Myisha Hines-Allen,IND,SF/PF,5500.0,False,True
43516533,150590,853608,227,6163158,Myisha Hines-Allen,IND,SF/PF,5500.0,False,True
43516534,150590,883559,225,6163158,Sophie Cunningham,IND,PG/SG,5400.0,False,True
43516535,150590,883559,227,6163158,Sophie Cunningham,IND,PG/SG,5400.0,False,True
43516536,150590,1338492,225,6163158,Raven Johnson,IND,PG/SG,5200.0,False,True
43516537,150590,1338492,227,6163158,Raven Johnson,IND,PG/SG,5200.0,False,True
43516538,150590,1410251,226,6163157,Madina Okot,ATL,SF/PF,5000.0,False,True
43516539,150590,1410251,227,6163157,Madina Okot,ATL,SF/PF,5000.0,False,True
43516540,150590,1647057,225,6163160,Teja Oblak,PDX,PG/SG,4900.0,False,True
43516541,150590,1647057,227,6163160,Teja Oblak,PDX,PG/SG,4900.0,False,True
43516542,150590,923878,226,6163160,Stephanie Talbot,LVA,SF/PF,4800.0,False,True
43516543,150590,923878,227,6163160,Stephanie Talbot,LVA,SF/PF,4800.0,False,True
43516544,150590,946830,225,6163158,Tyasha Harris,IND,PG/SG,4700.0,False,True
43516545,150590,946830,227,6163158,Tyasha Harris,IND,PG/SG,4700.0,False,True
43516546,150590,1192640,225,6163157,Zia Cooke,SEA,PG/SG,4600.0,False,True
43516547,150590,1192640,227,6163157,Zia Cooke,SEA,PG/SG,4600.0,False,True
43516548,150590,1179124,226,6163157,Jordan Horston,SEA,SF/PF,4500.0,False,True
43516549,150590,1179124,227,6163157,Jordan Horston,SEA,SF/PF,4500.0,False,True
43516550,150590,880872,226,6163157,Katie Lou Samuelson,SEA,SF/PF,4400.0,False,True
43516551,150590,880872,227,6163157,Katie Lou Samuelson,SEA,SF/PF,4400.0,False,True
43516552,150590,1408667,226,6163160,Frieda Buhner,PDX,SF/PF,4300.0,False,True
43516553,150590,1408667,227,6163160,Frieda Buhner,PDX,SF/PF,4300.0,False,True
43516554,150590,1071273,225,6163160,Dana Evans,LVA,PG/SG,4200.0,False,True
43516555,150590,1071273,227,6163160,Dana Evans,LVA,PG/SG,4200.0,False,True
43516556,150590,785079,225,6163160,Karlie Samuelson,PDX,PG/SG,4100.0,False,True
43516557,150590,785079,227,6163160,Karlie Samuelson,PDX,PG/SG,4100.0,False,True
43516558,150590,1508691,225,6163157,Isobel Borlase,ATL,PG/SG,4000.0,False,True
43516559,150590,1508691,227,6163157,Isobel Borlase,ATL,PG/SG,4000.0,False,True
43516560,150590,1343042,226,6163158,Makayla Timpson,IND,SF/PF,3900.0,False,True
43516561,150590,1343042,227,6163158,Makayla Timpson,IND,SF/PF,3900.0,False,True
43516562,150590,1240156,225,6163157,Te-Hina Paopao,ATL,PG/SG,3800.0,False,True
43516563,150590,1240156,227,6163157,Te-Hina Paopao,ATL,PG/SG,3800.0,False,True
43516564,150590,1313712,226,6163158,Kyara Linskens,PHX,SF/PF,3700.0,False,True
43516565,150590,1313712,227,6163158,Kyara Linskens,PHX,SF/PF,3700.0,False,True
43516566,150590,1508688,226,6163160,Nyadiew Puoch,PDX,SF/PF,3700.0,False,True
43516567,150590,1508688,227,6163160,Nyadiew Puoch,PDX,SF/PF,3700.0,False,True
43516568,150590,1178936,226,6163160,Kierstan Bell,LVA,SF/PF,3600.0,False,True
43516569,150590,1178936,227,6163160,Kierstan Bell,LVA,SF/PF,3600.0,False,True
43516570,150590,573848,226,6163157,Stefanie Dolson,SEA,SF/PF,3600.0,False,True
43516571,150590,573848,227,6163157,Stefanie Dolson,SEA,SF/PF,3600.0,False,True
43516572,150590,343891,225,6163158,Sami Whitcomb,PHX,PG/SG,3500.0,False,True
43516573,150590,343891,227,6163158,Sami Whitcomb,PHX,PG/SG,3500.0,False,True
43516574,150590,1383344,226,6163157,Sika Kone,ATL,SF/PF,3500.0,False,True
43516575,150590,1383344,227,6163157,Sika Kone,ATL,SF/PF,3500.0,False,True
43516576,150590,1239240,226,6163158,Marta Suarez,PHX,SF/PF,3400.0,False,True
43516577,150590,1239240,227,6163158,Marta Suarez,PHX,SF/PF,3400.0,False,True
43516578,150590,832887,226,6163160,Brianna Turner,LVA,SF/PF,3400.0,False,True
43516579,150590,832887,227,6163160,Brianna Turner,LVA,SF/PF,3400.0,False,True
43516580,150590,1413119,226,6163160,Serah Williams,PDX,SF/PF,3300.0,False,True
43516581,150590,1413119,227,6163160,Serah Williams,PDX,SF/PF,3300.0,False,True
43516582,150590,1178927,225,6163160,Holly Winterburn,PDX,PG/SG,3300.0,False,True
43516583,150590,1178927,227,6163160,Holly Winterburn,PDX,PG/SG,3300.0,False,True
43516584,150590,1238253,225,6163157,Aaliyah Nye,ATL,PG/SG,3200.0,False,True
43516585,150590,1238253,227,6163157,Aaliyah Nye,ATL,PG/SG,3200.0,False,True
43516586,150590,1408734,225,6163157,Taina Mair,SEA,PG/SG,3100.0,False,True
43516587,150590,1408734,227,6163157,Taina Mair,SEA,PG/SG,3100.0,False,True
43516588,150590,1214990,226,6163160,Luisa Geiselsoder,PDX,SF/PF,3000.0,False,True
43516589,150590,1214990,227,6163160,Luisa Geiselsoder,PDX,SF/PF,3000.0,False,True
43516590,150590,1409724,226,6163158,Grace VanSlooten,IND,SF/PF,3000.0,False,True
43516591,150590,1409724,227,6163158,Grace VanSlooten,IND,SF/PF,3000.0,False,True
43516592,150590,1338491,225,6163158,Bree Hall,IND,PG/SG,3000.0,False,True
43516593,150590,1338491,227,6163158,Bree Hall,IND,PG/SG,3000.0,False,True
43516594,150590,654576,226,6163158,Damiris Dantas,IND,SF/PF,3000.0,False,True
43516595,150590,654576,227,6163158,Damiris Dantas,IND,SF/PF,3000.0,False,True
43516596,150590,1178888,225,6163157,Jaylyn Sherrod,ATL,PG/SG,3000.0,False,True
43516597,150590,1178888,227,6163157,Jaylyn Sherrod,ATL,PG/SG,3000.0,False,True
43516598,150590,1410004,225,6163160,Jordan Harrison,PDX,PG/SG,3000.0,False,True
43516599,150590,1410004,227,6163160,Jordan Harrison,PDX,PG/SG,3000.0,False,True
43516600,150590,1409879,225,6163158,Shay Ciezki,PHX,PG/SG,3000.0,False,True
43516601,150590,1409879,227,6163158,Shay Ciezki,PHX,PG/SG,3000.0,False,True
43516602,150590,1178630,226,6163157,Mackenzie Holmes,SEA,SF/PF,3000.0,False,True
43516603,150590,1178630,227,6163157,Mackenzie Holmes,SEA,SF/PF,3000.0,False,True
43516604,150590,1338490,226,6163160,Sania Feagin,PDX,SF/PF,3000.0,False,True
43516605,150590,1338490,227,6163160,Sania Feagin,PDX,SF/PF,3000.0,False,True
43516606,150590,1329658,226,6163157,Taylor Thierry,SEA,SF/PF,3000.0,False,True
43516607,150590,1329658,227,6163157,Taylor Thierry,SEA,SF/PF,3000.0,False,True
43516608,150590,849335,226,6163157,Amy Okonkwo,ATL,SF/PF,3000.0,False,True
43516609,150590,849335,227,6163157,Amy Okonkwo,ATL,SF/PF,3000.0,False,True
43516610,150590,1413148,226,6163160,Justine Pissott,LVA,SF/PF,3000.0,False,True
43516611,150590,1413148,227,6163160,Justine Pissott,LVA,SF/PF,3000.0,False,True
43516612,150590,1416002,226,6163160,Janiah Barker,LVA,SF/PF,3000.0,False,True
43516613,150590,1416002,227,6163160,Janiah Barker,LVA,SF/PF,3000.0,False,True
43516614,150590,745113,225,6163157,Shatori Walker-Kimbrough,ATL,PG/SG,3000.0,False,True
43516615,150590,745113,227,6163157,Shatori Walker-Kimbrough,ATL,PG/SG,3000.0,False,True
43516616,150591,850200,633,6163160,A'ja Wilson,LVA,SF,,False,False
43516617,150591,850200,465,6163160,A'ja Wilson,LVA,SF,,False,False
43516618,150591,850200,636,6163160,A'ja Wilson,LVA,SF,,False,False
43516619,150591,1238619,464,6163158,Caitlin Clark,IND,PG,,False,False
43516620,150591,1238619,465,6163158,Caitlin Clark,IND,PG,,False,False
43516621,150591,1238619,636,6163158,Caitlin Clark,IND,PG,,False,False
43516622,150591,572461,633,6163158,Alyssa Thomas,PHX,SF,,False,False
43516623,150591,572461,465,6163158,Alyssa Thomas,PHX,SF,,False,False
43516624,150591,572461,636,6163158,Alyssa Thomas,PHX,SF,,False,False
43516625,150591,1192647,633,6163158,Aliyah Boston,IND,SF,,False,False
43516626,150591,1192647,465,6163158,Aliyah Boston,IND,SF,,False,False
43516627,150591,1192647,636,6163158,Aliyah Boston,IND,SF,,False,False
43516628,150591,923865,464,6163160,Jackie Young,LVA,PG,,False,False
43516629,150591,923865,465,6163160,Jackie Young,LVA,PG,,False,False
43516630,150591,923865,636,6163160,Jackie Young,LVA,PG,,False,False
43516631,150591,1238673,633,6163157,Angel Reese,ATL,SF,,False,False
43516632,150591,1238673,465,6163157,Angel Reese,ATL,SF,,False,False
43516633,150591,1238673,636,6163157,Angel Reese,ATL,SF,,False,False
43516634,150591,1133019,464,6163157,Rhyne Howard,ATL,PG,,False,False
43516635,150591,1133019,465,6163157,Rhyne Howard,ATL,PG,,False,False
43516636,150591,1133019,636,6163157,Rhyne Howard,ATL,PG,,False,False
43516637,150591,839540,464,6163158,Kelsey Mitchell,IND,PG,,False,False
43516638,150591,839540,465,6163158,Kelsey Mitchell,IND,PG,,False,False
43516639,150591,839540,636,6163158,Kelsey Mitchell,IND,PG,,False,False
43516640,150591,713447,464,6163158,Kahleah Copper,PHX,PG,,False,False
43516641,150591,713447,465,6163158,Kahleah Copper,PHX,PG,,False,False
43516642,150591,713447,636,6163158,Kahleah Copper,PHX,PG,,False,False
43516643,150591,883614,464,6163157,Natisha Hiedeman,SEA,PG,,False,False
43516644,150591,883614,465,6163157,Natisha Hiedeman,SEA,PG,,False,False
43516645,150591,883614,636,6163157,Natisha Hiedeman,SEA,PG,,False,False
43516646,150591,1511557,633,6163157,Dominique Malonga,SEA,SF,,False,False
43516647,150591,1511557,465,6163157,Dominique Malonga,SEA,SF,,False,False
43516648,150591,1511557,636,6163157,Dominique Malonga,SEA,SF,,False,False
43516649,150591,573744,464,6163160,Chelsea Gray,LVA,PG,,False,False
43516650,150591,573744,465,6163160,Chelsea Gray,LVA,PG,,False,False
43516651,150591,573744,636,6163160,Chelsea Gray,LVA,PG,,False,False
43516652,150591,1409434,464,6163157,Flau'Jae Johnson,SEA,PG,,False,False
43516653,150591,1409434,465,6163157,Flau'Jae Johnson,SEA,PG,,False,False
43516654,150591,1409434,636,6163157,Flau'Jae Johnson,SEA,PG,,False,False
43516655,150591,849339,464,6163157,Jordin Canada,ATL,PG,,False,False
43516656,150591,849339,465,6163157,Jordin Canada,ATL,PG,,False,False
43516657,150591,849339,636,6163157,Jordin Canada,ATL,PG,,False,False
43516658,150591,747487,464,6163157,Allisha Gray,ATL,PG,,False,False
43516659,150591,747487,465,6163157,Allisha Gray,ATL,PG,,False,False
43516660,150591,747487,636,6163157,Allisha Gray,ATL,PG,,False,False
43516661,150591,1508685,464,6163160,Carla Leite,PDX,PG,,False,False
43516662,150591,1508685,465,6163160,Carla Leite,PDX,PG,,False,False
43516663,150591,1508685,636,6163160,Carla Leite,PDX,PG,,False,False
43516664,150591,882016,633,6163160,Bridget Carleton,PDX,SF,,False,False
43516665,150591,882016,465,6163160,Bridget Carleton,PDX,SF,,False,False
43516666,150591,882016,636,6163160,Bridget Carleton,PDX,SF,,False,False
43516667,150591,1514656,633,6163157,Awa Fam,SEA,SF,,False,False
43516668,150591,1514656,465,6163157,Awa Fam,SEA,SF,,False,False
43516669,150591,1514656,636,6163157,Awa Fam,SEA,SF,,False,False
43516670,150591,1125559,633,6163160,NaLyssa Smith,LVA,SF,,False,False
43516671,150591,1125559,465,6163160,NaLyssa Smith,LVA,SF,,False,False
43516672,150591,1125559,636,6163160,NaLyssa Smith,LVA,SF,,False,False
43516673,150591,889432,633,6163160,Megan Gustafson,PDX,SF,,False,False
43516674,150591,889432,465,6163160,Megan Gustafson,PDX,SF,,False,False
43516675,150591,889432,636,6163160,Megan Gustafson,PDX,SF,,False,False
43516676,150591,1239742,464,6163160,Sarah Ashlee Barker,PDX,PG,,False,False
43516677,150591,1239742,465,6163160,Sarah Ashlee Barker,PDX,PG,,False,False
43516678,150591,1239742,636,6163160,Sarah Ashlee Barker,PDX,PG,,False,False
43516679,150591,304189,464,6163158,DeWanna Bonner,PHX,PG,,False,False
43516680,150591,304189,465,6163158,DeWanna Bonner,PHX,PG,,False,False
43516681,150591,304189,636,6163158,DeWanna Bonner,PHX,PG,,False,False
43516682,150591,1138402,633,6163160,Emily Engstler,PDX,SF,,False,False
43516683,150591,1138402,465,6163160,Emily Engstler,PDX,SF,,False,False
43516684,150591,1138402,636,6163160,Emily Engstler,PDX,SF,,False,False
43516685,150591,948349,633,6163158,Natasha Mack,PHX,SF,,False,False
43516686,150591,948349,465,6163158,Natasha Mack,PHX,SF,,False,False
43516687,150591,948349,636,6163158,Natasha Mack,PHX,SF,,False,False
43516688,150591,849343,633,6163158,Monique Billings,IND,SF,,False,False
43516689,150591,849343,465,6163158,Monique Billings,IND,SF,,False,False
43516690,150591,849343,636,6163158,Monique Billings,IND,SF,,False,False
43516691,150591,745114,633,6163157,Brionna Jones,ATL,SF,,False,False
43516692,150591,745114,465,6163157,Brionna Jones,ATL,SF,,False,False
43516693,150591,745114,636,6163157,Brionna Jones,ATL,SF,,False,False
43516694,150591,881350,464,6163158,Valeriane Ayayi,PHX,PG,,False,False
43516695,150591,881350,465,6163158,Valeriane Ayayi,PHX,PG,,False,False
43516696,150591,881350,636,6163158,Valeriane Ayayi,PHX,PG,,False,False
43516697,150591,1140882,464,6163158,Lexi Held,PHX,PG,,False,False
43516698,150591,1140882,465,6163158,Lexi Held,PHX,PG,,False,False
43516699,150591,1140882,636,6163158,Lexi Held,PHX,PG,,False,False
43516700,150591,1127125,633,6163157,Naz Hillmon,ATL,SF,,False,False
43516701,150591,1127125,465,6163157,Naz Hillmon,ATL,SF,,False,False
43516702,150591,1127125,636,6163157,Naz Hillmon,ATL,SF,,False,False
43516703,150591,694553,464,6163160,Jewell Loyd,LVA,PG,,False,False
43516704,150591,694553,465,6163160,Jewell Loyd,LVA,PG,,False,False
43516705,150591,694553,636,6163160,Jewell Loyd,LVA,PG,,False,False
43516706,150591,1165026,633,6163157,Ezi Magbegor,SEA,SF,,False,False
43516707,150591,1165026,465,6163157,Ezi Magbegor,SEA,SF,,False,False
43516708,150591,1165026,636,6163157,Ezi Magbegor,SEA,SF,,False,False
43516709,150591,1383345,464,6163157,Jade Melbourne,SEA,PG,,False,False
43516710,150591,1383345,465,6163157,Jade Melbourne,SEA,PG,,False,False
43516711,150591,1383345,636,6163157,Jade Melbourne,SEA,PG,,False,False
43516712,150591,1646978,633,6163158,Noemie Brochant,PHX,SF,,False,False
43516713,150591,1646978,465,6163158,Noemie Brochant,PHX,SF,,False,False
43516714,150591,1646978,636,6163158,Noemie Brochant,PHX,SF,,False,False
43516715,150591,571423,633,6163160,Cheyenne Parker-Tyus,LVA,SF,,False,False
43516716,150591,571423,465,6163160,Cheyenne Parker-Tyus,LVA,SF,,False,False
43516717,150591,571423,636,6163160,Cheyenne Parker-Tyus,LVA,SF,,False,False
43516718,150591,1132742,464,6163158,Lexie Hull,IND,PG,,False,False
43516719,150591,1132742,465,6163158,Lexie Hull,IND,PG,,False,False
43516720,150591,1132742,636,6163158,Lexie Hull,IND,PG,,False,False
43516721,150591,1577196,464,6163158,Monique Akoa Makani,PHX,PG,,False,False
43516722,150591,1577196,465,6163158,Monique Akoa Makani,PHX,PG,,False,False
43516723,150591,1577196,636,6163158,Monique Akoa Makani,PHX,PG,,False,False
43516724,150591,853608,633,6163158,Myisha Hines-Allen,IND,SF,,False,False
43516725,150591,853608,465,6163158,Myisha Hines-Allen,IND,SF,,False,False
43516726,150591,853608,636,6163158,Myisha Hines-Allen,IND,SF,,False,False
43516727,150591,883559,464,6163158,Sophie Cunningham,IND,PG,,False,False
43516728,150591,883559,465,6163158,Sophie Cunningham,IND,PG,,False,False
43516729,150591,883559,636,6163158,Sophie Cunningham,IND,PG,,False,False
43516730,150591,1338492,464,6163158,Raven Johnson,IND,PG,,False,False
43516731,150591,1338492,465,6163158,Raven Johnson,IND,PG,,False,False
43516732,150591,1338492,636,6163158,Raven Johnson,IND,PG,,False,False
43516733,150591,1410251,633,6163157,Madina Okot,ATL,SF,,False,False
43516734,150591,1410251,465,6163157,Madina Okot,ATL,SF,,False,False
43516735,150591,1410251,636,6163157,Madina Okot,ATL,SF,,False,False
43516736,150591,1647057,464,6163160,Teja Oblak,PDX,PG,,False,False
43516737,150591,1647057,465,6163160,Teja Oblak,PDX,PG,,False,False
43516738,150591,1647057,636,6163160,Teja Oblak,PDX,PG,,False,False
43516739,150591,923878,633,6163160,Stephanie Talbot,LVA,SF,,False,False
43516740,150591,923878,465,6163160,Stephanie Talbot,LVA,SF,,False,False
43516741,150591,923878,636,6163160,Stephanie Talbot,LVA,SF,,False,False
43516742,150591,946830,464,6163158,Tyasha Harris,IND,PG,,False,False
43516743,150591,946830,465,6163158,Tyasha Harris,IND,PG,,False,False
43516744,150591,946830,636,6163158,Tyasha Harris,IND,PG,,False,False
43516745,150591,1192640,464,6163157,Zia Cooke,SEA,PG,,False,False
43516746,150591,1192640,465,6163157,Zia Cooke,SEA,PG,,False,False
43516747,150591,1192640,636,6163157,Zia Cooke,SEA,PG,,False,False
43516748,150591,1179124,633,6163157,Jordan Horston,SEA,SF,,False,False
43516749,150591,1179124,465,6163157,Jordan Horston,SEA,SF,,False,False
43516750,150591,1179124,636,6163157,Jordan Horston,SEA,SF,,False,False
43516751,150591,880872,633,6163157,Katie Lou Samuelson,SEA,SF,,False,False
43516752,150591,880872,465,6163157,Katie Lou Samuelson,SEA,SF,,False,False
43516753,150591,880872,636,6163157,Katie Lou Samuelson,SEA,SF,,False,False
43516754,150591,1408667,633,6163160,Frieda Buhner,PDX,SF,,False,False
43516755,150591,1408667,465,6163160,Frieda Buhner,PDX,SF,,False,False
43516756,150591,1408667,636,6163160,Frieda Buhner,PDX,SF,,False,False
43516757,150591,1071273,464,6163160,Dana Evans,LVA,PG,,False,False
43516758,150591,1071273,465,6163160,Dana Evans,LVA,PG,,False,False
43516759,150591,1071273,636,6163160,Dana Evans,LVA,PG,,False,False
43516760,150591,785079,464,6163160,Karlie Samuelson,PDX,PG,,False,False
43516761,150591,785079,465,6163160,Karlie Samuelson,PDX,PG,,False,False
43516762,150591,785079,636,6163160,Karlie Samuelson,PDX,PG,,False,False
43516763,150591,1508691,464,6163157,Isobel Borlase,ATL,PG,,False,False
43516764,150591,1508691,465,6163157,Isobel Borlase,ATL,PG,,False,False
43516765,150591,1508691,636,6163157,Isobel Borlase,ATL,PG,,False,False
43516766,150591,1343042,633,6163158,Makayla Timpson,IND,SF,,False,False
43516767,150591,1343042,465,6163158,Makayla Timpson,IND,SF,,False,False
43516768,150591,1343042,636,6163158,Makayla Timpson,IND,SF,,False,False
43516769,150591,1240156,464,6163157,Te-Hina Paopao,ATL,PG,,False,False
43516770,150591,1240156,465,6163157,Te-Hina Paopao,ATL,PG,,False,False
43516771,150591,1240156,636,6163157,Te-Hina Paopao,ATL,PG,,False,False
43516772,150591,1313712,633,6163158,Kyara Linskens,PHX,SF,,False,False
43516773,150591,1313712,465,6163158,Kyara Linskens,PHX,SF,,False,False
43516774,150591,1313712,636,6163158,Kyara Linskens,PHX,SF,,False,False
43516775,150591,1508688,633,6163160,Nyadiew Puoch,PDX,SF,,False,False
43516776,150591,1508688,465,6163160,Nyadiew Puoch,PDX,SF,,False,False
43516777,150591,1508688,636,6163160,Nyadiew Puoch,PDX,SF,,False,False
43516778,150591,1178936,633,6163160,Kierstan Bell,LVA,SF,,False,False
43516779,150591,1178936,465,6163160,Kierstan Bell,LVA,SF,,False,False
43516780,150591,1178936,636,6163160,Kierstan Bell,LVA,SF,,False,False
43516781,150591,573848,633,6163157,Stefanie Dolson,SEA,SF,,False,False
43516782,150591,573848,465,6163157,Stefanie Dolson,SEA,SF,,False,False
43516783,150591,573848,636,6163157,Stefanie Dolson,SEA,SF,,False,False
43516784,150591,343891,464,6163158,Sami Whitcomb,PHX,PG,,False,False
43516785,150591,343891,465,6163158,Sami Whitcomb,PHX,PG,,False,False
43516786,150591,343891,636,6163158,Sami Whitcomb,PHX,PG,,False,False
43516787,150591,1383344,633,6163157,Sika Kone,ATL,SF,,False,False
43516788,150591,1383344,465,6163157,Sika Kone,ATL,SF,,False,False
43516789,150591,1383344,636,6163157,Sika Kone,ATL,SF,,False,False
43516790,150591,1239240,633,6163158,Marta Suarez,PHX,SF,,False,False
43516791,150591,1239240,465,6163158,Marta Suarez,PHX,SF,,False,False
43516792,150591,1239240,636,6163158,Marta Suarez,PHX,SF,,False,False
43516793,150591,832887,633,6163160,Brianna Turner,LVA,SF,,False,False
43516794,150591,832887,465,6163160,Brianna Turner,LVA,SF,,False,False
43516795,150591,832887,636,6163160,Brianna Turner,LVA,SF,,False,False
43516796,150591,1413119,633,6163160,Serah Williams,PDX,SF,,False,False
43516797,150591,1413119,465,6163160,Serah Williams,PDX,SF,,False,False
43516798,150591,1413119,636,6163160,Serah Williams,PDX,SF,,False,False
43516799,150591,1178927,464,6163160,Holly Winterburn,PDX,PG,,False,False
43516800,150591,1178927,465,6163160,Holly Winterburn,PDX,PG,,False,False
43516801,150591,1178927,636,6163160,Holly Winterburn,PDX,PG,,False,False
43516802,150591,1238253,464,6163157,Aaliyah Nye,ATL,PG,,False,False
43516803,150591,1238253,465,6163157,Aaliyah Nye,ATL,PG,,False,False
43516804,150591,1238253,636,6163157,Aaliyah Nye,ATL,PG,,False,False
43516805,150591,1408734,464,6163157,Taina Mair,SEA,PG,,False,False
43516806,150591,1408734,465,6163157,Taina Mair,SEA,PG,,False,False
43516807,150591,1408734,636,6163157,Taina Mair,SEA,PG,,False,False
43516808,150591,1214990,633,6163160,Luisa Geiselsoder,PDX,SF,,False,False
43516809,150591,1214990,465,6163160,Luisa Geiselsoder,PDX,SF,,False,False
43516810,150591,1214990,636,6163160,Luisa Geiselsoder,PDX,SF,,False,False
43516811,150591,1409724,633,6163158,Grace VanSlooten,IND,SF,,False,False
43516812,150591,1409724,465,6163158,Grace VanSlooten,IND,SF,,False,False
43516813,150591,1409724,636,6163158,Grace VanSlooten,IND,SF,,False,False
43516814,150591,1338491,464,6163158,Bree Hall,IND,PG,,False,False
43516815,150591,1338491,465,6163158,Bree Hall,IND,PG,,False,False
43516816,150591,1338491,636,6163158,Bree Hall,IND,PG,,False,False
43516817,150591,654576,633,6163158,Damiris Dantas,IND,SF,,False,False
43516818,150591,654576,465,6163158,Damiris Dantas,IND,SF,,False,False
43516819,150591,654576,636,6163158,Damiris Dantas,IND,SF,,False,False
43516820,150591,1178888,464,6163157,Jaylyn Sherrod,ATL,PG,,False,False
43516821,150591,1178888,465,6163157,Jaylyn Sherrod,ATL,PG,,False,False
43516822,150591,1178888,636,6163157,Jaylyn Sherrod,ATL,PG,,False,False
43516823,150591,1410004,464,6163160,Jordan Harrison,PDX,PG,,False,False
43516824,150591,1410004,465,6163160,Jordan Harrison,PDX,PG,,False,False
43516825,150591,1410004,636,6163160,Jordan Harrison,PDX,PG,,False,False
43516826,150591,1409879,464,6163158,Shay Ciezki,PHX,PG,,False,False
43516827,150591,1409879,465,6163158,Shay Ciezki,PHX,PG,,False,False
43516828,150591,1409879,636,6163158,Shay Ciezki,PHX,PG,,False,False
43516829,150591,1178630,633,6163157,Mackenzie Holmes,SEA,SF,,False,False
43516830,150591,1178630,465,6163157,Mackenzie Holmes,SEA,SF,,False,False
43516831,150591,1178630,636,6163157,Mackenzie Holmes,SEA,SF,,False,False
43516832,150591,1338490,633,6163160,Sania Feagin,PDX,SF,,False,False
43516833,150591,1338490,465,6163160,Sania Feagin,PDX,SF,,False,False
43516834,150591,1338490,636,6163160,Sania Feagin,PDX,SF,,False,False
43516835,150591,1329658,633,6163157,Taylor Thierry,SEA,SF,,False,False
43516836,150591,1329658,465,6163157,Taylor Thierry,SEA,SF,,False,False
43516837,150591,1329658,636,6163157,Taylor Thierry,SEA,SF,,False,False
43516838,150591,849335,633,6163157,Amy Okonkwo,ATL,SF,,False,False
43516839,150591,849335,465,6163157,Amy Okonkwo,ATL,SF,,False,False
43516840,150591,849335,636,6163157,Amy Okonkwo,ATL,SF,,False,False
43516841,150591,1413148,633,6163160,Justine Pissott,LVA,SF,,False,False
43516842,150591,1413148,465,6163160,Justine Pissott,LVA,SF,,False,False
43516843,150591,1413148,636,6163160,Justine Pissott,LVA,SF,,False,False
43516844,150591,1416002,633,6163160,Janiah Barker,LVA,SF,,False,False
43516845,150591,1416002,465,6163160,Janiah Barker,LVA,SF,,False,False
43516846,150591,1416002,636,6163160,Janiah Barker,LVA,SF,,False,False
43516847,150591,745113,464,6163157,Shatori Walker-Kimbrough,ATL,PG,,False,False
43516848,150591,745113,465,6163157,Shatori Walker-Kimbrough,ATL,PG,,False,False
43516849,150591,745113,636,6163157,Shatori Walker-Kimbrough,ATL,PG,,False,False
43516850,150592,850200,672,6163160,A'ja Wilson,LVA,SF/PF,,False,True
43516851,150592,1238619,672,6163158,Caitlin Clark,IND,PG/SG,,False,True
43516852,150592,572461,672,6163158,Alyssa Thomas,PHX,SF/PF,,False,True
43516853,150592,1192647,672,6163158,Aliyah Boston,IND,SF/PF,,False,True
43516854,150592,923865,672,6163160,Jackie Young,LVA,PG/SG,,False,True
43516855,150592,1238673,672,6163157,Angel Reese,ATL,SF/PF,,False,True
43516856,150592,1133019,672,6163157,Rhyne Howard,ATL,PG/SG,,False,True
43516857,150592,839540,672,6163158,Kelsey Mitchell,IND,PG/SG,,False,True
43516858,150592,713447,672,6163158,Kahleah Copper,PHX,PG/SG,,False,True
43516859,150592,883614,672,6163157,Natisha Hiedeman,SEA,PG/SG,,False,True
43516860,150592,1511557,672,6163157,Dominique Malonga,SEA,SF/PF,,False,True
43516861,150592,573744,672,6163160,Chelsea Gray,LVA,PG/SG,,False,True
43516862,150592,1409434,672,6163157,Flau'Jae Johnson,SEA,PG/SG,,False,True
43516863,150592,849339,672,6163157,Jordin Canada,ATL,PG/SG,,False,True
43516864,150592,747487,672,6163157,Allisha Gray,ATL,PG/SG,,False,True
43516865,150592,1508685,672,6163160,Carla Leite,PDX,PG/SG,,False,True
43516866,150592,882016,672,6163160,Bridget Carleton,PDX,SF/PF,,False,True
43516867,150592,1514656,672,6163157,Awa Fam,SEA,SF/PF,,False,True
43516868,150592,1125559,672,6163160,NaLyssa Smith,LVA,SF/PF,,False,True
43516869,150592,889432,672,6163160,Megan Gustafson,PDX,SF/PF,,False,True
43516870,150592,1239742,672,6163160,Sarah Ashlee Barker,PDX,PG/SG,,False,True
43516871,150592,304189,672,6163158,DeWanna Bonner,PHX,PG/SG,,False,True
43516872,150592,1138402,672,6163160,Emily Engstler,PDX,SF/PF,,False,True
43516873,150592,948349,672,6163158,Natasha Mack,PHX,SF/PF,,False,True
43516874,150592,849343,672,6163158,Monique Billings,IND,SF/PF,,False,True
43516875,150592,745114,672,6163157,Brionna Jones,ATL,SF/PF,,False,True
43516876,150592,881350,672,6163158,Valeriane Ayayi,PHX,PG/SG,,False,True
43516877,150592,1140882,672,6163158,Lexi Held,PHX,PG/SG,,False,True
43516878,150592,1127125,672,6163157,Naz Hillmon,ATL,SF/PF,,False,True
43516879,150592,694553,672,6163160,Jewell Loyd,LVA,PG/SG,,False,True
43516880,150592,1165026,672,6163157,Ezi Magbegor,SEA,SF/PF,,False,True
43516881,150592,1383345,672,6163157,Jade Melbourne,SEA,PG/SG,,False,True
43516882,150592,1646978,672,6163158,Noemie Brochant,PHX,SF/PF,,False,True
43516883,150592,571423,672,6163160,Cheyenne Parker-Tyus,LVA,SF/PF,,False,True
43516884,150592,1132742,672,6163158,Lexie Hull,IND,PG/SG,,False,True
43516885,150592,1577196,672,6163158,Monique Akoa Makani,PHX,PG/SG,,False,True
43516886,150592,853608,672,6163158,Myisha Hines-Allen,IND,SF/PF,,False,True
43516887,150592,883559,672,6163158,Sophie Cunningham,IND,PG/SG,,False,True
43516888,150592,1338492,672,6163158,Raven Johnson,IND,PG/SG,,False,True
43516889,150592,1410251,672,6163157,Madina Okot,ATL,SF/PF,,False,True
43516890,150592,1647057,672,6163160,Teja Oblak,PDX,PG/SG,,False,True
43516891,150592,923878,672,6163160,Stephanie Talbot,LVA,SF/PF,,False,True
43516892,150592,946830,672,6163158,Tyasha Harris,IND,PG/SG,,False,True
43516893,150592,1192640,672,6163157,Zia Cooke,SEA,PG/SG,,False,True
43516894,150592,1179124,672,6163157,Jordan Horston,SEA,SF/PF,,False,True
43516895,150592,880872,672,6163157,Katie Lou Samuelson,SEA,SF/PF,,False,True
43516896,150592,1408667,672,6163160,Frieda Buhner,PDX,SF/PF,,False,True
43516897,150592,1071273,672,6163160,Dana Evans,LVA,PG/SG,,False,True
43516898,150592,785079,672,6163160,Karlie Samuelson,PDX,PG/SG,,False,True
43516899,150592,1508691,672,6163157,Isobel Borlase,ATL,PG/SG,,False,True
43516900,150592,1343042,672,6163158,Makayla Timpson,IND,SF/PF,,False,True
43516901,150592,1240156,672,6163157,Te-Hina Paopao,ATL,PG/SG,,False,True
43516902,150592,1313712,672,6163158,Kyara Linskens,PHX,SF/PF,,False,True
43516903,150592,1508688,672,6163160,Nyadiew Puoch,PDX,SF/PF,,False,True
43516904,150592,1178936,672,6163160,Kierstan Bell,LVA,SF/PF,,False,True
43516905,150592,573848,672,6163157,Stefanie Dolson,SEA,SF/PF,,False,True
43516906,150592,343891,672,6163158,Sami Whitcomb,PHX,PG/SG,,False,True
43516907,150592,1383344,672,6163157,Sika Kone,ATL,SF/PF,,False,True
43516908,150592,1239240,672,6163158,Marta Suarez,PHX,SF/PF,,False,True
43516909,150592,832887,672,6163160,Brianna Turner,LVA,SF/PF,,False,True
43516910,150592,1413119,672,6163160,Serah Williams,PDX,SF/PF,,False,True
43516911,150592,1178927,672,6163160,Holly Winterburn,PDX,PG/SG,,False,True
43516912,150592,1238253,672,6163157,Aaliyah Nye,ATL,PG/SG,,False,True
43516913,150592,1408734,672,6163157,Taina Mair,SEA,PG/SG,,False,True
43516914,150592,1214990,672,6163160,Luisa Geiselsoder,PDX,SF/PF,,False,True
43516915,150592,1409724,672,6163158,Grace VanSlooten,IND,SF/PF,,False,True
43516916,150592,1338491,672,6163158,Bree Hall,IND,PG/SG,,False,True
43516917,150592,654576,672,6163158,Damiris Dantas,IND,SF/PF,,False,True
43516918,150592,1178888,672,6163157,Jaylyn Sherrod,ATL,PG/SG,,False,True
43516919,150592,1410004,672,6163160,Jordan Harrison,PDX,PG/SG,,False,True
43516920,150592,1409879,672,6163158,Shay Ciezki,PHX,PG/SG,,False,True
43516921,150592,1178630,672,6163157,Mackenzie Holmes,SEA,SF/PF,,False,True
43516922,150592,1338490,672,6163160,Sania Feagin,PDX,SF/PF,,False,True
43516923,150592,1329658,672,6163157,Taylor Thierry,SEA,SF/PF,,False,True
43516924,150592,849335,672,6163157,Amy Okonkwo,ATL,SF/PF,,False,True
43516925,150592,1413148,672,6163160,Justine Pissott,LVA,SF/PF,,False,True
43516926,150592,1416002,672,6163160,Janiah Barker,LVA,SF/PF,,False,True
43516927,150592,745113,672,6163157,Shatori Walker-Kimbrough,ATL,PG/SG,,False,True
43516928,150594,850200,226,6163160,A'ja Wilson,LVA,SF/PF,12700.0,False,True
43516929,150594,850200,227,6163160,A'ja Wilson,LVA,SF/PF,12700.0,False,True
43516930,150594,1238619,225,6163158,Caitlin Clark,IND,PG/SG,11800.0,False,True
43516931,150594,1238619,227,6163158,Caitlin Clark,IND,PG/SG,11800.0,False,True
43516932,150594,572461,226,6163158,Alyssa Thomas,PHX,SF/PF,11600.0,False,True
43516933,150594,572461,227,6163158,Alyssa Thomas,PHX,SF/PF,11600.0,False,True
43516934,150594,1192647,226,6163158,Aliyah Boston,IND,SF/PF,11500.0,False,True
43516935,150594,1192647,227,6163158,Aliyah Boston,IND,SF/PF,11500.0,False,True
43516936,150594,923865,225,6163160,Jackie Young,LVA,PG/SG,11300.0,False,True
43516937,150594,923865,227,6163160,Jackie Young,LVA,PG/SG,11300.0,False,True
43516938,150594,839540,225,6163158,Kelsey Mitchell,IND,PG/SG,10200.0,False,True
43516939,150594,839540,227,6163158,Kelsey Mitchell,IND,PG/SG,10200.0,False,True
43516940,150594,713447,225,6163158,Kahleah Copper,PHX,PG/SG,9900.0,False,True
43516941,150594,713447,227,6163158,Kahleah Copper,PHX,PG/SG,9900.0,False,True
43516942,150594,573744,225,6163160,Chelsea Gray,LVA,PG/SG,9500.0,False,True
43516943,150594,573744,227,6163160,Chelsea Gray,LVA,PG/SG,9500.0,False,True
43516944,150594,1508685,225,6163160,Carla Leite,PDX,PG/SG,8800.0,False,True
43516945,150594,1508685,227,6163160,Carla Leite,PDX,PG/SG,8800.0,False,True
43516946,150594,882016,226,6163160,Bridget Carleton,PDX,SF/PF,8500.0,False,True
43516947,150594,882016,227,6163160,Bridget Carleton,PDX,SF/PF,8500.0,False,True
43516948,150594,1125559,226,6163160,NaLyssa Smith,LVA,SF/PF,8300.0,False,True
43516949,150594,1125559,227,6163160,NaLyssa Smith,LVA,SF/PF,8300.0,False,True
43516950,150594,889432,226,6163160,Megan Gustafson,PDX,SF/PF,8200.0,False,True
43516951,150594,889432,227,6163160,Megan Gustafson,PDX,SF/PF,8200.0,False,True
43516952,150594,1239742,225,6163160,Sarah Ashlee Barker,PDX,PG/SG,7900.0,False,True
43516953,150594,1239742,227,6163160,Sarah Ashlee Barker,PDX,PG/SG,7900.0,False,True
43516954,150594,304189,225,6163158,DeWanna Bonner,PHX,PG/SG,7800.0,False,True
43516955,150594,304189,227,6163158,DeWanna Bonner,PHX,PG/SG,7800.0,False,True
43516956,150594,1138402,226,6163160,Emily Engstler,PDX,SF/PF,7700.0,False,True
43516957,150594,1138402,227,6163160,Emily Engstler,PDX,SF/PF,7700.0,False,True
43516958,150594,948349,226,6163158,Natasha Mack,PHX,SF/PF,7600.0,False,True
43516959,150594,948349,227,6163158,Natasha Mack,PHX,SF/PF,7600.0,False,True
43516960,150594,849343,226,6163158,Monique Billings,IND,SF/PF,7500.0,False,True
43516961,150594,849343,227,6163158,Monique Billings,IND,SF/PF,7500.0,False,True
43516962,150594,881350,225,6163158,Valeriane Ayayi,PHX,PG/SG,6800.0,False,True
43516963,150594,881350,227,6163158,Valeriane Ayayi,PHX,PG/SG,6800.0,False,True
43516964,150594,1140882,225,6163158,Lexi Held,PHX,PG/SG,6700.0,False,True
43516965,150594,1140882,227,6163158,Lexi Held,PHX,PG/SG,6700.0,False,True
43516966,150594,694553,225,6163160,Jewell Loyd,LVA,PG/SG,6400.0,False,True
43516967,150594,694553,227,6163160,Jewell Loyd,LVA,PG/SG,6400.0,False,True
43516968,150594,1646978,226,6163158,Noemie Brochant,PHX,SF/PF,5900.0,False,True
43516969,150594,1646978,227,6163158,Noemie Brochant,PHX,SF/PF,5900.0,False,True
43516970,150594,571423,226,6163160,Cheyenne Parker-Tyus,LVA,SF/PF,5800.0,False,True
43516971,150594,571423,227,6163160,Cheyenne Parker-Tyus,LVA,SF/PF,5800.0,False,True
43516972,150594,1132742,225,6163158,Lexie Hull,IND,PG/SG,5700.0,False,True
43516973,150594,1132742,227,6163158,Lexie Hull,IND,PG/SG,5700.0,False,True
43516974,150594,1577196,225,6163158,Monique Akoa Makani,PHX,PG/SG,5600.0,False,True
43516975,150594,1577196,227,6163158,Monique Akoa Makani,PHX,PG/SG,5600.0,False,True
43516976,150594,853608,226,6163158,Myisha Hines-Allen,IND,SF/PF,5500.0,False,True
43516977,150594,853608,227,6163158,Myisha Hines-Allen,IND,SF/PF,5500.0,False,True
43516978,150594,883559,225,6163158,Sophie Cunningham,IND,PG/SG,5400.0,False,True
43516979,150594,883559,227,6163158,Sophie Cunningham,IND,PG/SG,5400.0,False,True
43516980,150594,1338492,225,6163158,Raven Johnson,IND,PG/SG,5200.0,False,True
43516981,150594,1338492,227,6163158,Raven Johnson,IND,PG/SG,5200.0,False,True
43516982,150594,1647057,225,6163160,Teja Oblak,PDX,PG/SG,4900.0,False,True
43516983,150594,1647057,227,6163160,Teja Oblak,PDX,PG/SG,4900.0,False,True
43516984,150594,923878,226,6163160,Stephanie Talbot,LVA,SF/PF,4800.0,False,True
43516985,150594,923878,227,6163160,Stephanie Talbot,LVA,SF/PF,4800.0,False,True
43516986,150594,946830,225,6163158,Tyasha Harris,IND,PG/SG,4700.0,False,True
43516987,150594,946830,227,6163158,Tyasha Harris,IND,PG/SG,4700.0,False,True
43516988,150594,1408667,226,6163160,Frieda Buhner,PDX,SF/PF,4300.0,False,True
43516989,150594,1408667,227,6163160,Frieda Buhner,PDX,SF/PF,4300.0,False,True
43516990,150594,1071273,225,6163160,Dana Evans,LVA,PG/SG,4200.0,False,True
43516991,150594,1071273,227,6163160,Dana Evans,LVA,PG/SG,4200.0,False,True
43516992,150594,785079,225,6163160,Karlie Samuelson,PDX,PG/SG,4100.0,False,True
43516993,150594,785079,227,6163160,Karlie Samuelson,PDX,PG/SG,4100.0,False,True
43516994,150594,1343042,226,6163158,Makayla Timpson,IND,SF/PF,3900.0,False,True
43516995,150594,1343042,227,6163158,Makayla Timpson,IND,SF/PF,3900.0,False,True
43516996,150594,1313712,226,6163158,Kyara Linskens,PHX,SF/PF,3700.0,False,True
43516997,150594,1313712,227,6163158,Kyara Linskens,PHX,SF/PF,3700.0,False,True
43516998,150594,1508688,226,6163160,Nyadiew Puoch,PDX,SF/PF,3700.0,False,True
43516999,150594,1508688,227,6163160,Nyadiew Puoch,PDX,SF/PF,3700.0,False,True
43517000,150594,1178936,226,6163160,Kierstan Bell,LVA,SF/PF,3600.0,False,True
43517001,150594,1178936,227,6163160,Kierstan Bell,LVA,SF/PF,3600.0,False,True
43517002,150594,343891,225,6163158,Sami Whitcomb,PHX,PG/SG,3500.0,False,True
43517003,150594,343891,227,6163158,Sami Whitcomb,PHX,PG/SG,3500.0,False,True
43517004,150594,1239240,226,6163158,Marta Suarez,PHX,SF/PF,3400.0,False,True
43517005,150594,1239240,227,6163158,Marta Suarez,PHX,SF/PF,3400.0,False,True
43517006,150594,832887,226,6163160,Brianna Turner,LVA,SF/PF,3400.0,False,True
43517007,150594,832887,227,6163160,Brianna Turner,LVA,SF/PF,3400.0,False,True
43517008,150594,1413119,226,6163160,Serah Williams,PDX,SF/PF,3300.0,False,True
43517009,150594,1413119,227,6163160,Serah Williams,PDX,SF/PF,3300.0,False,True
43517010,150594,1178927,225,6163160,Holly Winterburn,PDX,PG/SG,3300.0,False,True
43517011,150594,1178927,227,6163160,Holly Winterburn,PDX,PG/SG,3300.0,False,True
43517012,150594,1214990,226,6163160,Luisa Geiselsoder,PDX,SF/PF,3000.0,False,True
43517013,150594,1214990,227,6163160,Luisa Geiselsoder,PDX,SF/PF,3000.0,False,True
43517014,150594,1409724,226,6163158,Grace VanSlooten,IND,SF/PF,3000.0,False,True
43517015,150594,1409724,227,6163158,Grace VanSlooten,IND,SF/PF,3000.0,False,True
43517016,150594,1338491,225,6163158,Bree Hall,IND,PG/SG,3000.0,False,True
43517017,150594,1338491,227,6163158,Bree Hall,IND,PG/SG,3000.0,False,True
43517018,150594,654576,226,6163158,Damiris Dantas,IND,SF/PF,3000.0,False,True
43517019,150594,654576,227,6163158,Damiris Dantas,IND,SF/PF,3000.0,False,True
43517020,150594,1410004,225,6163160,Jordan Harrison,PDX,PG/SG,3000.0,False,True
43517021,150594,1410004,227,6163160,Jordan Harrison,PDX,PG/SG,3000.0,False,True
43517022,150594,1409879,225,6163158,Shay Ciezki,PHX,PG/SG,3000.0,False,True
43517023,150594,1409879,227,6163158,Shay Ciezki,PHX,PG/SG,3000.0,False,True
43517024,150594,1338490,226,6163160,Sania Feagin,PDX,SF/PF,3000.0,False,True
43517025,150594,1338490,227,6163160,Sania Feagin,PDX,SF/PF,3000.0,False,True
43517026,150594,1413148,226,6163160,Justine Pissott,LVA,SF/PF,3000.0,False,True
43517027,150594,1413148,227,6163160,Justine Pissott,LVA,SF/PF,3000.0,False,True
43517028,150594,1416002,226,6163160,Janiah Barker,LVA,SF/PF,3000.0,False,True
43517029,150594,1416002,227,6163160,Janiah Barker,LVA,SF/PF,3000.0,False,True
43567924,150593,1238673,475,6163157,Angel Reese,ATL,SF/PF,12000.0,False,True
43567925,150593,1133019,475,6163157,Rhyne Howard,ATL,PG/SG,10800.0,False,True
43567926,150593,883614,475,6163157,Natisha Hiedeman,SEA,PG/SG,10200.0,False,True
43567927,150593,1511557,475,6163157,Dominique Malonga,SEA,SF/PF,9600.0,False,True
43567928,150593,1409434,475,6163157,Flau'Jae Johnson,SEA,PG/SG,8800.0,False,True
43567929,150593,849339,475,6163157,Jordin Canada,ATL,PG/SG,8400.0,False,True
43567930,150593,747487,475,6163157,Allisha Gray,ATL,PG/SG,8000.0,False,True
43567931,150593,1514656,475,6163157,Awa Fam,SEA,SF/PF,7600.0,False,True
43567932,150593,1127125,475,6163157,Naz Hillmon,ATL,SF/PF,6000.0,False,True
43567933,150593,1165026,475,6163157,Ezi Magbegor,SEA,SF/PF,5400.0,False,True
43567934,150593,1383345,475,6163157,Jade Melbourne,SEA,PG/SG,5200.0,False,True
43567935,150593,1410251,475,6163157,Madina Okot,ATL,SF/PF,4200.0,False,True
43567936,150593,1192640,475,6163157,Zia Cooke,SEA,PG/SG,3800.0,False,True
43567937,150593,1179124,475,6163157,Jordan Horston,SEA,SF/PF,3600.0,False,True
43567938,150593,880872,475,6163157,Katie Lou Samuelson,SEA,SF/PF,3400.0,False,True
43567939,150593,1508691,475,6163157,Isobel Borlase,ATL,PG/SG,3200.0,False,True
43567940,150593,1240156,475,6163157,Te-Hina Paopao,ATL,PG/SG,3000.0,False,True
43567941,150593,573848,475,6163157,Stefanie Dolson,SEA,SF/PF,2800.0,False,True
43567942,150593,1383344,475,6163157,Sika Kone,ATL,SF/PF,2600.0,False,True
43567943,150593,1178630,475,6163157,Mackenzie Holmes,SEA,SF/PF,2000.0,False,True
43567944,150593,1329658,475,6163157,Taylor Thierry,SEA,SF/PF,2000.0,False,True
43567945,150593,745113,475,6163157,Shatori Walker-Kimbrough,ATL,PG/SG,2000.0,False,True
43567946,150593,745114,475,6163157,Brionna Jones,ATL,SF/PF,6800.0,False,True
43567947,150593,1238253,475,6163157,Aaliyah Nye,ATL,PG/SG,2400.0,False,True
43567948,150593,1408734,475,6163157,Taina Mair,SEA,PG/SG,2200.0,False,True
43567949,150593,1178888,475,6163157,Jaylyn Sherrod,ATL,PG/SG,2000.0,False,True
43567950,150593,849335,475,6163157,Amy Okonkwo,ATL,SF/PF,2000.0,False,True
43567951,150593,1238673,476,6163157,Angel Reese,ATL,SF/PF,18000.0,False,True
43567952,150593,1133019,476,6163157,Rhyne Howard,ATL,PG/SG,16200.0,False,True
43567953,150593,883614,476,6163157,Natisha Hiedeman,SEA,PG/SG,15300.0,False,True
43567954,150593,1511557,476,6163157,Dominique Malonga,SEA,SF/PF,14400.0,False,True
43567955,150593,1409434,476,6163157,Flau'Jae Johnson,SEA,PG/SG,13200.0,False,True
43567956,150593,849339,476,6163157,Jordin Canada,ATL,PG/SG,12600.0,False,True
43567957,150593,747487,476,6163157,Allisha Gray,ATL,PG/SG,12000.0,False,True
43567958,150593,1514656,476,6163157,Awa Fam,SEA,SF/PF,11400.0,False,True
43567959,150593,1127125,476,6163157,Naz Hillmon,ATL,SF/PF,9000.0,False,True
43567960,150593,1165026,476,6163157,Ezi Magbegor,SEA,SF/PF,8100.0,False,True
43567961,150593,1383345,476,6163157,Jade Melbourne,SEA,PG/SG,7800.0,False,True
43567962,150593,1410251,476,6163157,Madina Okot,ATL,SF/PF,6300.0,False,True
43567963,150593,1192640,476,6163157,Zia Cooke,SEA,PG/SG,5700.0,False,True
43567964,150593,1179124,476,6163157,Jordan Horston,SEA,SF/PF,5400.0,False,True
43567965,150593,880872,476,6163157,Katie Lou Samuelson,SEA,SF/PF,5100.0,False,True
43567966,150593,1508691,476,6163157,Isobel Borlase,ATL,PG/SG,4800.0,False,True
43567967,150593,1240156,476,6163157,Te-Hina Paopao,ATL,PG/SG,4500.0,False,True
43567968,150593,573848,476,6163157,Stefanie Dolson,SEA,SF/PF,4200.0,False,True
43567969,150593,1383344,476,6163157,Sika Kone,ATL,SF/PF,3900.0,False,True
43567970,150593,1178630,476,6163157,Mackenzie Holmes,SEA,SF/PF,3000.0,False,True
43567971,150593,1329658,476,6163157,Taylor Thierry,SEA,SF/PF,3000.0,False,True
43567972,150593,745113,476,6163157,Shatori Walker-Kimbrough,ATL,PG/SG,3000.0,False,True
43567973,150593,745114,476,6163157,Brionna Jones,ATL,SF/PF,10200.0,False,True
43567974,150593,1238253,476,6163157,Aaliyah Nye,ATL,PG/SG,3600.0,False,True
43567975,150593,1408734,476,6163157,Taina Mair,SEA,PG/SG,3300.0,False,True
43567976,150593,1178888,476,6163157,Jaylyn Sherrod,ATL,PG/SG,3000.0,False,True
43567977,150593,849335,476,6163157,Amy Okonkwo,ATL,SF/PF,3000.0,False,True
43568002,150385,1593959,496,6198084,Kingston Flemings,ATL,PG,9200.0,False,True
43568003,150385,1593959,502,6198084,Kingston Flemings,ATL,PG,9200.0,False,True
43568004,150385,1593959,503,6198084,Kingston Flemings,ATL,PG,9200.0,False,True
43568005,150385,1590552,500,6198083,Joan Beringer,MIN,C,8800.0,False,True
43568006,150385,1590552,503,6198083,Joan Beringer,MIN,C,8800.0,False,True
43568007,150385,1519152,496,6198085,Labaron Philon Jr.,PHI,PG,8700.0,False,True
43568008,150385,1519152,502,6198085,Labaron Philon Jr.,PHI,PG,8700.0,False,True
43568009,150385,1519152,503,6198085,Labaron Philon Jr.,PHI,PG,8700.0,False,True
43568010,150385,1523620,499,6198084,Jayden Quaintance,SA,PF,8600.0,False,True
43568011,150385,1523620,501,6198084,Jayden Quaintance,SA,PF,8600.0,False,True
43568012,150385,1523620,503,6198084,Jayden Quaintance,SA,PF,8600.0,False,True
43568013,150385,1538604,498,6198084,Carter Bryant,SA,SF,8300.0,False,True
43568014,150385,1538604,501,6198084,Carter Bryant,SA,SF,8300.0,False,True
43568015,150385,1538604,503,6198084,Carter Bryant,SA,SF,8300.0,False,True
43568016,150385,1231975,500,6198085,Johni Broome,PHI,C,8100.0,False,True
43568017,150385,1231975,503,6198085,Johni Broome,PHI,C,8100.0,False,True
43568018,150385,1195700,498,6198084,Emanuel Miller,SA,SF/PF,7900.0,False,True
43568019,150385,1195700,499,6198084,Emanuel Miller,SA,SF/PF,7900.0,False,True
43568020,150385,1195700,501,6198084,Emanuel Miller,SA,SF/PF,7900.0,False,True
43568021,150385,1195700,503,6198084,Emanuel Miller,SA,SF/PF,7900.0,False,True
43568022,150385,1524332,499,6198084,Asa Newell,ATL,PF,7800.0,False,True
43568023,150385,1524332,501,6198084,Asa Newell,ATL,PF,7800.0,False,True
43568024,150385,1524332,503,6198084,Asa Newell,ATL,PF,7800.0,False,True
43568025,150385,1324350,496,6198083,Kobe Bufkin,NO,PG/SG,7700.0,False,True
43568026,150385,1324350,497,6198083,Kobe Bufkin,NO,PG/SG,7700.0,False,True
43568027,150385,1324350,502,6198083,Kobe Bufkin,NO,PG/SG,7700.0,False,True
43568028,150385,1324350,503,6198083,Kobe Bufkin,NO,PG/SG,7700.0,False,True
43568029,150385,1176741,498,6198084,Jacob Toppin,ATL,SF,7500.0,False,True
43568030,150385,1176741,501,6198084,Jacob Toppin,ATL,SF,7500.0,False,True
43568031,150385,1176741,503,6198084,Jacob Toppin,ATL,SF,7500.0,False,True
43568032,150385,1403624,498,6198085,Isaac Jones,DET,SF/PF,7500.0,False,True
43568033,150385,1403624,499,6198085,Isaac Jones,DET,SF/PF,7500.0,False,True
43568034,150385,1403624,501,6198085,Isaac Jones,DET,SF/PF,7500.0,False,True
43568035,150385,1403624,503,6198085,Isaac Jones,DET,SF/PF,7500.0,False,True
43568036,150385,1324019,496,6198084,Miles Kelly,SA,PG/SG,7300.0,False,True
43568037,150385,1324019,497,6198084,Miles Kelly,SA,PG/SG,7300.0,False,True
43568038,150385,1324019,502,6198084,Miles Kelly,SA,PG/SG,7300.0,False,True
43568039,150385,1324019,503,6198084,Miles Kelly,SA,PG/SG,7300.0,False,True
43568040,150385,1194704,496,6198084,RayJ Dennis,ATL,PG/SG,7000.0,False,True
43568041,150385,1194704,497,6198084,RayJ Dennis,ATL,PG/SG,7000.0,False,True
43568042,150385,1194704,502,6198084,RayJ Dennis,ATL,PG/SG,7000.0,False,True
43568043,150385,1194704,503,6198084,RayJ Dennis,ATL,PG/SG,7000.0,False,True
43568044,150385,1241591,497,6198083,Micah Peavy,NO,SG/SF,7000.0,False,True
43568045,150385,1241591,498,6198083,Micah Peavy,NO,SG/SF,7000.0,False,True
43568046,150385,1241591,502,6198083,Micah Peavy,NO,SG/SF,7000.0,False,True
43568047,150385,1241591,501,6198083,Micah Peavy,NO,SG/SF,7000.0,False,True
43568048,150385,1241591,503,6198083,Micah Peavy,NO,SG/SF,7000.0,False,True
43568049,150385,1502168,500,6198083,Rocco Zikarsky,MIN,C,6800.0,False,True
43568050,150385,1502168,503,6198083,Rocco Zikarsky,MIN,C,6800.0,False,True
43568051,150385,1232481,497,6198085,Chaz Lanier,DET,SG,6600.0,False,True
43568052,150385,1232481,502,6198085,Chaz Lanier,DET,SG,6600.0,False,True
43568053,150385,1232481,503,6198085,Chaz Lanier,DET,SG,6600.0,False,True
43568054,150385,1197096,499,6198083,Enrique Freeman,MIN,PF,6500.0,False,True
43568055,150385,1197096,501,6198083,Enrique Freeman,MIN,PF,6500.0,False,True
43568056,150385,1197096,503,6198083,Enrique Freeman,MIN,PF,6500.0,False,True
43568057,150385,1175076,496,6198084,Isaiah Wong,ATL,PG/SG,6500.0,False,True
43568058,150385,1175076,497,6198084,Isaiah Wong,ATL,PG/SG,6500.0,False,True
43568059,150385,1175076,502,6198084,Isaiah Wong,ATL,PG/SG,6500.0,False,True
43568060,150385,1175076,503,6198084,Isaiah Wong,ATL,PG/SG,6500.0,False,True
43568061,150385,1175108,496,6198083,Damion Baugh,MIN,PG/SG,6300.0,False,True
43568062,150385,1175108,497,6198083,Damion Baugh,MIN,PG/SG,6300.0,False,True
43568063,150385,1175108,502,6198083,Damion Baugh,MIN,PG/SG,6300.0,False,True
43568064,150385,1175108,503,6198083,Damion Baugh,MIN,PG/SG,6300.0,False,True
43568065,150385,1502180,500,6198084,Eli Ndiaye,ATL,C,6200.0,False,True
43568066,150385,1502180,503,6198084,Eli Ndiaye,ATL,C,6200.0,False,True
43568067,150385,1327829,496,6198084,Keshon Gilbert,ATL,PG/SG,6000.0,False,True
43568068,150385,1327829,497,6198084,Keshon Gilbert,ATL,PG/SG,6000.0,False,True
43568069,150385,1327829,502,6198084,Keshon Gilbert,ATL,PG/SG,6000.0,False,True
43568070,150385,1327829,503,6198084,Keshon Gilbert,ATL,PG/SG,6000.0,False,True
43568071,150385,1408135,499,6198084,Maliq Brown,SA,PF,6000.0,False,True
43568072,150385,1408135,501,6198084,Maliq Brown,SA,PF,6000.0,False,True
43568073,150385,1408135,503,6198084,Maliq Brown,SA,PF,6000.0,False,True
43568074,150385,1409675,500,6198085,Ugonna Onyenso,DET,C,6000.0,False,True
43568075,150385,1409675,503,6198085,Ugonna Onyenso,DET,C,6000.0,False,True
43568076,150385,1401391,496,6198084,Ja'Kobi Gillespie,SA,PG,5900.0,False,True
43568077,150385,1401391,502,6198084,Ja'Kobi Gillespie,SA,PG,5900.0,False,True
43568078,150385,1401391,503,6198084,Ja'Kobi Gillespie,SA,PG,5900.0,False,True
43568079,150385,1324081,498,6198085,Saint Thomas,PHI,SF/PF,5900.0,False,True
43568080,150385,1324081,499,6198085,Saint Thomas,PHI,SF/PF,5900.0,False,True
43568081,150385,1324081,501,6198085,Saint Thomas,PHI,SF/PF,5900.0,False,True
43568082,150385,1324081,503,6198085,Saint Thomas,PHI,SF/PF,5900.0,False,True
43568083,150385,1413173,500,6198084,Henri Veesaar,ATL,C,5800.0,False,True
43568084,150385,1413173,503,6198084,Henri Veesaar,ATL,C,5800.0,False,True
43568085,150385,1408243,500,6198084,Tarris Reed Jr.,SA,C,5800.0,False,True
43568086,150385,1408243,503,6198084,Tarris Reed Jr.,SA,C,5800.0,False,True
43568087,150385,1593398,496,6198085,Ebuka Okorie,DET,PG,5800.0,False,True
43568088,150385,1593398,502,6198085,Ebuka Okorie,DET,PG,5800.0,False,True
43568089,150385,1593398,503,6198085,Ebuka Okorie,DET,PG,5800.0,False,True
43568090,150385,1325097,499,6198083,Trey Kaufman-Renn,MIN,PF,5700.0,False,True
43568091,150385,1325097,501,6198083,Trey Kaufman-Renn,MIN,PF,5700.0,False,True
43568092,150385,1325097,503,6198083,Trey Kaufman-Renn,MIN,PF,5700.0,False,True
43568093,150385,1416382,498,6198084,Zuby Ejiofor,ATL,SF/PF,5600.0,False,True
43568094,150385,1416382,499,6198084,Zuby Ejiofor,ATL,SF/PF,5600.0,False,True
43568095,150385,1416382,501,6198084,Zuby Ejiofor,ATL,SF/PF,5600.0,False,True
43568096,150385,1416382,503,6198084,Zuby Ejiofor,ATL,SF/PF,5600.0,False,True
43568097,150385,1196146,496,6198083,Zyon Pullin,MIN,PG,5600.0,False,True
43568098,150385,1196146,502,6198083,Zyon Pullin,MIN,PG,5600.0,False,True
43568099,150385,1196146,503,6198083,Zyon Pullin,MIN,PG,5600.0,False,True
43568100,150385,1243588,497,6198083,Jaron Pierre Jr.,NO,SG,5600.0,False,True
43568101,150385,1243588,502,6198083,Jaron Pierre Jr.,NO,SG,5600.0,False,True
43568102,150385,1243588,503,6198083,Jaron Pierre Jr.,NO,SG,5600.0,False,True
43568103,150385,1176279,496,6198085,Brice Williams,DET,PG/SG,5600.0,False,True
43568104,150385,1176279,497,6198085,Brice Williams,DET,PG/SG,5600.0,False,True
43568105,150385,1176279,502,6198085,Brice Williams,DET,PG/SG,5600.0,False,True
43568106,150385,1176279,503,6198085,Brice Williams,DET,PG/SG,5600.0,False,True
43568107,150385,1232467,498,6198083,Christian Shumate,NO,SF/PF,5500.0,False,True
43568108,150385,1232467,499,6198083,Christian Shumate,NO,SF/PF,5500.0,False,True
43568109,150385,1232467,501,6198083,Christian Shumate,NO,SF/PF,5500.0,False,True
43568110,150385,1232467,503,6198083,Christian Shumate,NO,SF/PF,5500.0,False,True
43568111,150385,1524017,496,6198085,Javontae Campbell,PHI,PG/SG,5500.0,False,True
43568112,150385,1524017,497,6198085,Javontae Campbell,PHI,PG/SG,5500.0,False,True
43568113,150385,1524017,502,6198085,Javontae Campbell,PHI,PG/SG,5500.0,False,True
43568114,150385,1524017,503,6198085,Javontae Campbell,PHI,PG/SG,5500.0,False,True
43568115,150385,1174919,498,6198083,Josh Oduro,NO,SF/PF,5400.0,False,True
43568116,150385,1174919,499,6198083,Josh Oduro,NO,SF/PF,5400.0,False,True
43568117,150385,1174919,501,6198083,Josh Oduro,NO,SF/PF,5400.0,False,True
43568118,150385,1174919,503,6198083,Josh Oduro,NO,SF/PF,5400.0,False,True
43568119,150385,1243722,496,6198084,RJ Davis,SA,PG/SG,5300.0,False,True
43568120,150385,1243722,497,6198084,RJ Davis,SA,PG/SG,5300.0,False,True
43568121,150385,1243722,502,6198084,RJ Davis,SA,PG/SG,5300.0,False,True
43568122,150385,1243722,503,6198084,RJ Davis,SA,PG/SG,5300.0,False,True
43568123,150385,1186764,496,6198083,Donovan Williams,MIN,PG/SG,5300.0,False,True
43568124,150385,1186764,497,6198083,Donovan Williams,MIN,PG/SG,5300.0,False,True
43568125,150385,1186764,502,6198083,Donovan Williams,MIN,PG/SG,5300.0,False,True
43568126,150385,1186764,503,6198083,Donovan Williams,MIN,PG/SG,5300.0,False,True
43568127,150385,1482354,500,6198085,Drew Cisse,PHI,C,5300.0,False,True
43568128,150385,1482354,503,6198085,Drew Cisse,PHI,C,5300.0,False,True
43568129,150385,1136245,496,6198083,Markquis Nowell,NO,PG/SG,5200.0,False,True
43568130,150385,1136245,497,6198083,Markquis Nowell,NO,PG/SG,5200.0,False,True
43568131,150385,1136245,502,6198083,Markquis Nowell,NO,PG/SG,5200.0,False,True
43568132,150385,1136245,503,6198083,Markquis Nowell,NO,PG/SG,5200.0,False,True
43568133,150385,1405882,496,6198083,Trey Campbell,MIN,PG/SG,5200.0,False,True
43568134,150385,1405882,497,6198083,Trey Campbell,MIN,PG/SG,5200.0,False,True
43568135,150385,1405882,502,6198083,Trey Campbell,MIN,PG/SG,5200.0,False,True
43568136,150385,1405882,503,6198083,Trey Campbell,MIN,PG/SG,5200.0,False,True
43568137,150385,1408133,498,6198083,Chris Bell,NO,SF/PF,5100.0,False,True
43568138,150385,1408133,499,6198083,Chris Bell,NO,SF/PF,5100.0,False,True
43568139,150385,1408133,501,6198083,Chris Bell,NO,SF/PF,5100.0,False,True
43568140,150385,1408133,503,6198083,Chris Bell,NO,SF/PF,5100.0,False,True
43568141,150385,1422977,498,6198083,Toby Harris,MIN,SF/PF,5100.0,False,True
43568142,150385,1422977,499,6198083,Toby Harris,MIN,SF/PF,5100.0,False,True
43568143,150385,1422977,501,6198083,Toby Harris,MIN,SF/PF,5100.0,False,True
43568144,150385,1422977,503,6198083,Toby Harris,MIN,SF/PF,5100.0,False,True
43568145,150385,1235208,496,6198084,Gabe Madsen,ATL,PG/SG,5000.0,False,True
43568146,150385,1235208,497,6198084,Gabe Madsen,ATL,PG/SG,5000.0,False,True
43568147,150385,1235208,502,6198084,Gabe Madsen,ATL,PG/SG,5000.0,False,True
43568148,150385,1235208,503,6198084,Gabe Madsen,ATL,PG/SG,5000.0,False,True
43568149,150385,1482306,496,6198083,Melvin Council Jr.,NO,PG/SG,5000.0,False,True
43568150,150385,1482306,497,6198083,Melvin Council Jr.,NO,PG/SG,5000.0,False,True
43568151,150385,1482306,502,6198083,Melvin Council Jr.,NO,PG/SG,5000.0,False,True
43568152,150385,1482306,503,6198083,Melvin Council Jr.,NO,PG/SG,5000.0,False,True
43568153,150385,1193101,496,6198083,Dajuan Harris Jr.,MIN,PG/SG,5000.0,False,True
43568154,150385,1193101,497,6198083,Dajuan Harris Jr.,MIN,PG/SG,5000.0,False,True
43568155,150385,1193101,502,6198083,Dajuan Harris Jr.,MIN,PG/SG,5000.0,False,True
43568156,150385,1193101,503,6198083,Dajuan Harris Jr.,MIN,PG/SG,5000.0,False,True
43568157,150385,1536409,496,6198085,Taye Fields,PHI,PG/SG,5000.0,False,True
43568158,150385,1536409,497,6198085,Taye Fields,PHI,PG/SG,5000.0,False,True
43568159,150385,1536409,502,6198085,Taye Fields,PHI,PG/SG,5000.0,False,True
43568160,150385,1536409,503,6198085,Taye Fields,PHI,PG/SG,5000.0,False,True
43568161,150385,1488649,496,6198083,Dominique Daniels Jr.,NO,PG/SG,4900.0,False,True
43568162,150385,1488649,497,6198083,Dominique Daniels Jr.,NO,PG/SG,4900.0,False,True
43568163,150385,1488649,502,6198083,Dominique Daniels Jr.,NO,PG/SG,4900.0,False,True
43568164,150385,1488649,503,6198083,Dominique Daniels Jr.,NO,PG/SG,4900.0,False,True
43568165,150385,1408442,496,6198083,Aidan Mahaney,MIN,PG/SG,4900.0,False,True
43568166,150385,1408442,497,6198083,Aidan Mahaney,MIN,PG/SG,4900.0,False,True
43568167,150385,1408442,502,6198083,Aidan Mahaney,MIN,PG/SG,4900.0,False,True
43568168,150385,1408442,503,6198083,Aidan Mahaney,MIN,PG/SG,4900.0,False,True
43568169,150385,1430922,496,6198085,JJ Harper,PHI,PG/SG,4900.0,False,True
43568170,150385,1430922,497,6198085,JJ Harper,PHI,PG/SG,4900.0,False,True
43568171,150385,1430922,502,6198085,JJ Harper,PHI,PG/SG,4900.0,False,True
43568172,150385,1430922,503,6198085,JJ Harper,PHI,PG/SG,4900.0,False,True
43568173,150385,1406012,498,6198083,Malik Dia,NO,SF/PF,4800.0,False,True
43568174,150385,1406012,499,6198083,Malik Dia,NO,SF/PF,4800.0,False,True
43568175,150385,1406012,501,6198083,Malik Dia,NO,SF/PF,4800.0,False,True
43568176,150385,1406012,503,6198083,Malik Dia,NO,SF/PF,4800.0,False,True
43568177,150385,1541010,496,6198084,Miles Barnstable,SA,PG/SG,4800.0,False,True
43568178,150385,1541010,497,6198084,Miles Barnstable,SA,PG/SG,4800.0,False,True
43568179,150385,1541010,502,6198084,Miles Barnstable,SA,PG/SG,4800.0,False,True
43568180,150385,1541010,503,6198084,Miles Barnstable,SA,PG/SG,4800.0,False,True
43568181,150385,1326878,500,6198085,Isaac Johnson,PHI,C,4800.0,False,True
43568182,150385,1326878,503,6198085,Isaac Johnson,PHI,C,4800.0,False,True
43568183,150385,1323523,498,6198083,Chris Mantis,MIN,SF/PF,4700.0,False,True
43568184,150385,1323523,499,6198083,Chris Mantis,MIN,SF/PF,4700.0,False,True
43568185,150385,1323523,501,6198083,Chris Mantis,MIN,SF/PF,4700.0,False,True
43568186,150385,1323523,503,6198083,Chris Mantis,MIN,SF/PF,4700.0,False,True
43568187,150385,1231848,496,6198084,Tyon Grant-Foster,SA,PG/SG,4700.0,False,True
43568188,150385,1231848,497,6198084,Tyon Grant-Foster,SA,PG/SG,4700.0,False,True
43568189,150385,1231848,502,6198084,Tyon Grant-Foster,SA,PG/SG,4700.0,False,True
43568190,150385,1231848,503,6198084,Tyon Grant-Foster,SA,PG/SG,4700.0,False,True
43568191,150385,1415581,498,6198085,Amani Lyles,PHI,SF/PF,4700.0,False,True
43568192,150385,1415581,499,6198085,Amani Lyles,PHI,SF/PF,4700.0,False,True
43568193,150385,1415581,501,6198085,Amani Lyles,PHI,SF/PF,4700.0,False,True
43568194,150385,1415581,503,6198085,Amani Lyles,PHI,SF/PF,4700.0,False,True
43568195,150385,1406802,496,6198085,Drake Allen,DET,PG/SG,4700.0,False,True
43568196,150385,1406802,497,6198085,Drake Allen,DET,PG/SG,4700.0,False,True
43568197,150385,1406802,502,6198085,Drake Allen,DET,PG/SG,4700.0,False,True
43568198,150385,1406802,503,6198085,Drake Allen,DET,PG/SG,4700.0,False,True
43568199,150385,1134731,498,6198083,Nathan Mensah,NO,SF/PF,4600.0,False,True
43568200,150385,1134731,499,6198083,Nathan Mensah,NO,SF/PF,4600.0,False,True
43568201,150385,1134731,501,6198083,Nathan Mensah,NO,SF/PF,4600.0,False,True
43568202,150385,1134731,503,6198083,Nathan Mensah,NO,SF/PF,4600.0,False,True
43568203,150385,1402299,498,6198084,Cameron Corhen,ATL,SF/PF,4600.0,False,True
43568204,150385,1402299,499,6198084,Cameron Corhen,ATL,SF/PF,4600.0,False,True
43568205,150385,1402299,501,6198084,Cameron Corhen,ATL,SF/PF,4600.0,False,True
43568206,150385,1402299,503,6198084,Cameron Corhen,ATL,SF/PF,4600.0,False,True
43568207,150385,1180055,498,6198084,Hyunjung Lee,SA,SF/PF,4600.0,False,True
43568208,150385,1180055,499,6198084,Hyunjung Lee,SA,SF/PF,4600.0,False,True
43568209,150385,1180055,501,6198084,Hyunjung Lee,SA,SF/PF,4600.0,False,True
43568210,150385,1180055,503,6198084,Hyunjung Lee,SA,SF/PF,4600.0,False,True
43568211,150385,1232029,496,6198085,Dante Maddox Jr.,PHI,PG/SG,4600.0,False,True
43568212,150385,1232029,497,6198085,Dante Maddox Jr.,PHI,PG/SG,4600.0,False,True
43568213,150385,1232029,502,6198085,Dante Maddox Jr.,PHI,PG/SG,4600.0,False,True
43568214,150385,1232029,503,6198085,Dante Maddox Jr.,PHI,PG/SG,4600.0,False,True
43568215,150385,1232487,498,6198085,Dawson Garcia,DET,SF/PF,4600.0,False,True
43568216,150385,1232487,499,6198085,Dawson Garcia,DET,SF/PF,4600.0,False,True
43568217,150385,1232487,501,6198085,Dawson Garcia,DET,SF/PF,4600.0,False,True
43568218,150385,1232487,503,6198085,Dawson Garcia,DET,SF/PF,4600.0,False,True
43568219,150385,1324020,498,6198083,Jalon Moore,NO,SF/PF,4500.0,False,True
43568220,150385,1324020,499,6198083,Jalon Moore,NO,SF/PF,4500.0,False,True
43568221,150385,1324020,501,6198083,Jalon Moore,NO,SF/PF,4500.0,False,True
43568222,150385,1324020,503,6198083,Jalon Moore,NO,SF/PF,4500.0,False,True
43568223,150385,1326056,498,6198083,Devin McGlockton,MIN,SF/PF,4500.0,False,True
43568224,150385,1326056,499,6198083,Devin McGlockton,MIN,SF/PF,4500.0,False,True
43568225,150385,1326056,501,6198083,Devin McGlockton,MIN,SF/PF,4500.0,False,True
43568226,150385,1326056,503,6198083,Devin McGlockton,MIN,SF/PF,4500.0,False,True
43568227,150385,1324101,498,6198084,RJ Melendez,SA,SF/PF,4500.0,False,True
43568228,150385,1324101,499,6198084,RJ Melendez,SA,SF/PF,4500.0,False,True
43568229,150385,1324101,501,6198084,RJ Melendez,SA,SF/PF,4500.0,False,True
43568230,150385,1324101,503,6198084,RJ Melendez,SA,SF/PF,4500.0,False,True
43568231,150385,1232314,496,6198085,Duke Miles,PHI,PG/SG,4500.0,False,True
43568232,150385,1232314,497,6198085,Duke Miles,PHI,PG/SG,4500.0,False,True
43568233,150385,1232314,502,6198085,Duke Miles,PHI,PG/SG,4500.0,False,True
43568234,150385,1232314,503,6198085,Duke Miles,PHI,PG/SG,4500.0,False,True
43568235,150385,1408253,496,6198085,Roddy Gayle Jr.,DET,PG/SG,4500.0,False,True
43568236,150385,1408253,497,6198085,Roddy Gayle Jr.,DET,PG/SG,4500.0,False,True
43568237,150385,1408253,502,6198085,Roddy Gayle Jr.,DET,PG/SG,4500.0,False,True
43568238,150385,1408253,503,6198085,Roddy Gayle Jr.,DET,PG/SG,4500.0,False,True
43568239,150385,1147319,496,6198084,Devon Higgs,ATL,PG/SG,4400.0,False,True
43568240,150385,1147319,497,6198084,Devon Higgs,ATL,PG/SG,4400.0,False,True
43568241,150385,1147319,502,6198084,Devon Higgs,ATL,PG/SG,4400.0,False,True
43568242,150385,1147319,503,6198084,Devon Higgs,ATL,PG/SG,4400.0,False,True
43568243,150385,1343050,499,6198084,Igor Milicic Jr.,SA,PF,4400.0,False,True
43568244,150385,1343050,501,6198084,Igor Milicic Jr.,SA,PF,4400.0,False,True
43568245,150385,1343050,503,6198084,Igor Milicic Jr.,SA,PF,4400.0,False,True
43568246,150385,1404043,496,6198085,Jaden Henley,DET,PG/SG,4400.0,False,True
43568247,150385,1404043,497,6198085,Jaden Henley,DET,PG/SG,4400.0,False,True
43568248,150385,1404043,502,6198085,Jaden Henley,DET,PG/SG,4400.0,False,True
43568249,150385,1404043,503,6198085,Jaden Henley,DET,PG/SG,4400.0,False,True
43568250,150385,1348259,496,6198084,Kobe Johnson,ATL,PG/SG,4300.0,False,True
43568251,150385,1348259,497,6198084,Kobe Johnson,ATL,PG/SG,4300.0,False,True
43568252,150385,1348259,502,6198084,Kobe Johnson,ATL,PG/SG,4300.0,False,True
43568253,150385,1348259,503,6198084,Kobe Johnson,ATL,PG/SG,4300.0,False,True
43568254,150385,1176026,500,6198084,David Muoka,SA,C,4300.0,False,True
43568255,150385,1176026,503,6198084,David Muoka,SA,C,4300.0,False,True
43568256,150385,1340722,498,6198085,Basheer Jihad,DET,SF/PF,4300.0,False,True
43568257,150385,1340722,499,6198085,Basheer Jihad,DET,SF/PF,4300.0,False,True
43568258,150385,1340722,501,6198085,Basheer Jihad,DET,SF/PF,4300.0,False,True
43568259,150385,1340722,503,6198085,Basheer Jihad,DET,SF/PF,4300.0,False,True
43568260,150385,1234921,498,6198083,Johnny O'Neil,NO,SF/PF,4200.0,False,True
43568261,150385,1234921,499,6198083,Johnny O'Neil,NO,SF/PF,4200.0,False,True
43568262,150385,1234921,501,6198083,Johnny O'Neil,NO,SF/PF,4200.0,False,True
43568263,150385,1234921,503,6198083,Johnny O'Neil,NO,SF/PF,4200.0,False,True
43568264,150385,1325434,498,6198083,Nate Santos,MIN,SF/PF,4200.0,False,True
43568265,150385,1325434,499,6198083,Nate Santos,MIN,SF/PF,4200.0,False,True
43568266,150385,1325434,501,6198083,Nate Santos,MIN,SF/PF,4200.0,False,True
43568267,150385,1325434,503,6198083,Nate Santos,MIN,SF/PF,4200.0,False,True
43568268,150385,1324023,496,6198084,Kobe Knox,ATL,PG/SG,4200.0,False,True
43568269,150385,1324023,497,6198084,Kobe Knox,ATL,PG/SG,4200.0,False,True
43568270,150385,1324023,502,6198084,Kobe Knox,ATL,PG/SG,4200.0,False,True
43568271,150385,1324023,503,6198084,Kobe Knox,ATL,PG/SG,4200.0,False,True
43568272,150385,1327839,496,6198084,Jayden Nunn,SA,PG/SG,4200.0,False,True
43568273,150385,1327839,497,6198084,Jayden Nunn,SA,PG/SG,4200.0,False,True
43568274,150385,1327839,502,6198084,Jayden Nunn,SA,PG/SG,4200.0,False,True
43568275,150385,1327839,503,6198084,Jayden Nunn,SA,PG/SG,4200.0,False,True
43568276,150385,1234923,498,6198085,Matt Rogers,PHI,SF/PF,4200.0,False,True
43568277,150385,1234923,499,6198085,Matt Rogers,PHI,SF/PF,4200.0,False,True
43568278,150385,1234923,501,6198085,Matt Rogers,PHI,SF/PF,4200.0,False,True
43568279,150385,1234923,503,6198085,Matt Rogers,PHI,SF/PF,4200.0,False,True
43568280,150385,1490077,498,6198085,Latavious Mitchell,DET,SF/PF,4200.0,False,True
43568281,150385,1490077,499,6198085,Latavious Mitchell,DET,SF/PF,4200.0,False,True
43568282,150385,1490077,501,6198085,Latavious Mitchell,DET,SF/PF,4200.0,False,True
43568283,150385,1490077,503,6198085,Latavious Mitchell,DET,SF/PF,4200.0,False,True
43568284,150385,1326491,496,6198084,Zeke Mayo,ATL,PG/SG,4100.0,False,True
43568285,150385,1326491,497,6198084,Zeke Mayo,ATL,PG/SG,4100.0,False,True
43568286,150385,1326491,502,6198084,Zeke Mayo,ATL,PG/SG,4100.0,False,True
43568287,150385,1326491,503,6198084,Zeke Mayo,ATL,PG/SG,4100.0,False,True
43568288,150385,1408438,500,6198084,Harry Wessels,SA,C,4100.0,False,True
43568289,150385,1408438,503,6198084,Harry Wessels,SA,C,4100.0,False,True
43568290,150385,1415929,498,6198085,Nick Townsend,PHI,SF/PF,4100.0,False,True
43568291,150385,1415929,499,6198085,Nick Townsend,PHI,SF/PF,4100.0,False,True
43568292,150385,1415929,501,6198085,Nick Townsend,PHI,SF/PF,4100.0,False,True
43568293,150385,1415929,503,6198085,Nick Townsend,PHI,SF/PF,4100.0,False,True
43568294,150385,1481234,497,6198085,Corey Stephenson,DET,SG/SF,4100.0,False,True
43568295,150385,1481234,498,6198085,Corey Stephenson,DET,SG/SF,4100.0,False,True
43568296,150385,1481234,502,6198085,Corey Stephenson,DET,SG/SF,4100.0,False,True
43568297,150385,1481234,501,6198085,Corey Stephenson,DET,SG/SF,4100.0,False,True
43568298,150385,1481234,503,6198085,Corey Stephenson,DET,SG/SF,4100.0,False,True
43568299,150385,1413227,498,6198083,Solomon Washington,NO,SF/PF,4000.0,False,True
43568300,150385,1413227,499,6198083,Solomon Washington,NO,SF/PF,4000.0,False,True
43568301,150385,1413227,501,6198083,Solomon Washington,NO,SF/PF,4000.0,False,True
43568302,150385,1413227,503,6198083,Solomon Washington,NO,SF/PF,4000.0,False,True
43568303,150385,1193435,498,6198083,Jaylin Williams,MIN,SF/PF,4000.0,False,True
43568304,150385,1193435,499,6198083,Jaylin Williams,MIN,SF/PF,4000.0,False,True
43568305,150385,1193435,501,6198083,Jaylin Williams,MIN,SF/PF,4000.0,False,True
43568306,150385,1193435,503,6198083,Jaylin Williams,MIN,SF/PF,4000.0,False,True
43568307,150385,1406026,496,6198084,Isaac McKneely,ATL,PG/SG,4000.0,False,True
43568308,150385,1406026,497,6198084,Isaac McKneely,ATL,PG/SG,4000.0,False,True
43568309,150385,1406026,502,6198084,Isaac McKneely,ATL,PG/SG,4000.0,False,True
43568310,150385,1406026,503,6198084,Isaac McKneely,ATL,PG/SG,4000.0,False,True
43568311,150385,1345427,496,6198084,Zakai Zeigler,SA,PG/SG,4000.0,False,True
43568312,150385,1345427,497,6198084,Zakai Zeigler,SA,PG/SG,4000.0,False,True
43568313,150385,1345427,502,6198084,Zakai Zeigler,SA,PG/SG,4000.0,False,True
43568314,150385,1345427,503,6198084,Zakai Zeigler,SA,PG/SG,4000.0,False,True
43568315,150385,1176335,496,6198085,Mylik Wilson,PHI,PG/SG,4000.0,False,True
43568316,150385,1176335,497,6198085,Mylik Wilson,PHI,PG/SG,4000.0,False,True
43568317,150385,1176335,502,6198085,Mylik Wilson,PHI,PG/SG,4000.0,False,True
43568318,150385,1176335,503,6198085,Mylik Wilson,PHI,PG/SG,4000.0,False,True
43568319,150385,1560464,496,6198085,Orlando Thomas,DET,PG/SG,4000.0,False,True
43568320,150385,1560464,497,6198085,Orlando Thomas,DET,PG/SG,4000.0,False,True
43568321,150385,1560464,502,6198085,Orlando Thomas,DET,PG/SG,4000.0,False,True
43568322,150385,1560464,503,6198085,Orlando Thomas,DET,PG/SG,4000.0,False,True
43568323,150386,1617074,498,6198088,AJ Dybantsa,WAS,SF,9000.0,False,True
43568324,150386,1617074,501,6198088,AJ Dybantsa,WAS,SF,9000.0,False,True
43568325,150386,1617074,503,6198088,AJ Dybantsa,WAS,SF,9000.0,False,True
43568326,150386,1594900,497,6198088,Darryn Peterson,UTA,SG,8900.0,False,True
43568327,150386,1594900,502,6198088,Darryn Peterson,UTA,SG,8900.0,False,True
43568328,150386,1594900,503,6198088,Darryn Peterson,UTA,SG,8900.0,False,True
43568329,150386,1519363,499,6198088,Ace Bailey,UTA,PF,8700.0,False,True
43568330,150386,1519363,501,6198088,Ace Bailey,UTA,PF,8700.0,False,True
43568331,150386,1519363,503,6198088,Ace Bailey,UTA,PF,8700.0,False,True
43568332,150386,1591016,496,6198089,Darius Acuff Jr.,SAC,PG,8500.0,False,True
43568333,150386,1591016,502,6198089,Darius Acuff Jr.,SAC,PG,8500.0,False,True
43568334,150386,1591016,503,6198089,Darius Acuff Jr.,SAC,PG,8500.0,False,True
43568335,150386,1546380,496,6198088,Tre Johnson,WAS,PG/SG,8300.0,False,True
43568336,150386,1546380,497,6198088,Tre Johnson,WAS,PG/SG,8300.0,False,True
43568337,150386,1546380,502,6198088,Tre Johnson,WAS,PG/SG,8300.0,False,True
43568338,150386,1546380,503,6198088,Tre Johnson,WAS,PG/SG,8300.0,False,True
43568339,150386,1589783,497,6198089,Keaton Wagler,LAC,SG,8200.0,False,True
43568340,150386,1589783,502,6198089,Keaton Wagler,LAC,SG,8200.0,False,True
43568341,150386,1589783,503,6198089,Keaton Wagler,LAC,SG,8200.0,False,True
43568342,150386,1482282,498,6198086,Yaxel Lendeborg,GS,SF,7800.0,False,True
43568343,150386,1482282,501,6198086,Yaxel Lendeborg,GS,SF,7800.0,False,True
43568344,150386,1482282,503,6198086,Yaxel Lendeborg,GS,SF,7800.0,False,True
43568345,150386,1326453,500,6198089,Maxime Raynaud,SAC,C,7900.0,False,True
43568346,150386,1326453,503,6198089,Maxime Raynaud,SAC,C,7900.0,False,True
43568347,150386,1520671,499,6198086,Morez Johnson,DAL,PF,7800.0,False,True
43568348,150386,1520671,501,6198086,Morez Johnson,DAL,PF,7800.0,False,True
43568349,150386,1520671,503,6198086,Morez Johnson,DAL,PF,7800.0,False,True
43568350,150386,1522910,498,6198087,Liam McNeeley,CHA,SF,7900.0,False,True
43568351,150386,1522910,501,6198087,Liam McNeeley,CHA,SF,7900.0,False,True
43568352,150386,1522910,503,6198087,Liam McNeeley,CHA,SF,7900.0,False,True
43568353,150386,1520672,498,6198088,Will Riley,WAS,SF,7600.0,False,True
43568354,150386,1520672,501,6198088,Will Riley,WAS,SF,7600.0,False,True
43568355,150386,1520672,503,6198088,Will Riley,WAS,SF,7600.0,False,True
43568356,150386,1232529,497,6198089,Nique Clifford,SAC,SG/SF,7600.0,False,True
43568357,150386,1232529,498,6198089,Nique Clifford,SAC,SG/SF,7600.0,False,True
43568358,150386,1232529,502,6198089,Nique Clifford,SAC,SG/SF,7600.0,False,True
43568359,150386,1232529,501,6198089,Nique Clifford,SAC,SG/SF,7600.0,False,True
43568360,150386,1232529,503,6198089,Nique Clifford,SAC,SG/SF,7600.0,False,True
43568361,150386,1236052,500,6198087,Ryan Kalkbrenner,CHA,C,7700.0,False,True
43568362,150386,1236052,503,6198087,Ryan Kalkbrenner,CHA,C,7700.0,False,True
43568363,150386,1596690,499,6198087,Hannes Steinbach,CHA,PF,7500.0,False,True
43568364,150386,1596690,501,6198087,Hannes Steinbach,CHA,PF,7500.0,False,True
43568365,150386,1596690,503,6198087,Hannes Steinbach,CHA,PF,7500.0,False,True
43568366,150386,1528467,497,6198087,Jase Richardson,ORL,SG,7300.0,False,True
43568367,150386,1528467,502,6198087,Jase Richardson,ORL,SG,7300.0,False,True
43568368,150386,1528467,503,6198087,Jase Richardson,ORL,SG,7300.0,False,True
43568369,150386,1458830,498,6198088,Cody Williams,UTA,SF/PF,7100.0,False,True
43568370,150386,1458830,499,6198088,Cody Williams,UTA,SF/PF,7100.0,False,True
43568371,150386,1458830,501,6198088,Cody Williams,UTA,SF/PF,7100.0,False,True
43568372,150386,1458830,503,6198088,Cody Williams,UTA,SF/PF,7100.0,False,True
43568373,150386,1408196,498,6198088,Chris Livingston,WAS,SF/PF,7000.0,False,True
43568374,150386,1408196,499,6198088,Chris Livingston,WAS,SF/PF,7000.0,False,True
43568375,150386,1408196,501,6198088,Chris Livingston,WAS,SF/PF,7000.0,False,True
43568376,150386,1408196,503,6198088,Chris Livingston,WAS,SF/PF,7000.0,False,True
43568377,150386,1460155,497,6198089,Cam Christie,LAC,SG,7300.0,False,True
43568378,150386,1460155,502,6198089,Cam Christie,LAC,SG,7300.0,False,True
43568379,150386,1460155,503,6198089,Cam Christie,LAC,SG,7300.0,False,True
43568380,150386,1231938,497,6198089,Kobe Sanders,LAC,SG,7000.0,False,True
43568381,150386,1231938,502,6198089,Kobe Sanders,LAC,SG,7000.0,False,True
43568382,150386,1231938,503,6198089,Kobe Sanders,LAC,SG,7000.0,False,True
43568383,150386,1232338,498,6198087,Sion James,CHA,SF,7000.0,False,True
43568384,150386,1232338,501,6198087,Sion James,CHA,SF,7000.0,False,True
43568385,150386,1232338,503,6198087,Sion James,CHA,SF,7000.0,False,True
43568386,150386,1504463,499,6198087,Tidjane Salaun,CHA,PF,6800.0,False,True
43568387,150386,1504463,501,6198087,Tidjane Salaun,CHA,PF,6800.0,False,True
43568388,150386,1504463,503,6198087,Tidjane Salaun,CHA,PF,6800.0,False,True
43568389,150386,1133800,500,6198087,Colin Castleton,ORL,C,6900.0,False,True
43568390,150386,1133800,503,6198087,Colin Castleton,ORL,C,6900.0,False,True
43568391,150386,1590551,499,6198087,Noah Penda,ORL,PF,6800.0,False,True
43568392,150386,1590551,501,6198087,Noah Penda,ORL,PF,6800.0,False,True
43568393,150386,1590551,503,6198087,Noah Penda,ORL,PF,6800.0,False,True
43568394,150386,1231792,497,6198087,Keon Johnson,ORL,SG/SF,6500.0,False,True
43568395,150386,1231792,498,6198087,Keon Johnson,ORL,SG/SF,6500.0,False,True
43568396,150386,1231792,502,6198087,Keon Johnson,ORL,SG/SF,6500.0,False,True
43568397,150386,1231792,501,6198087,Keon Johnson,ORL,SG/SF,6500.0,False,True
43568398,150386,1231792,503,6198087,Keon Johnson,ORL,SG/SF,6500.0,False,True
43568399,150386,1231665,496,6198086,Jaden Springer,DAL,PG/SG,6500.0,False,True
43568400,150386,1231665,497,6198086,Jaden Springer,DAL,PG/SG,6500.0,False,True
43568401,150386,1231665,502,6198086,Jaden Springer,DAL,PG/SG,6500.0,False,True
43568402,150386,1231665,503,6198086,Jaden Springer,DAL,PG/SG,6500.0,False,True
43568403,150386,1231798,497,6198086,Colby Jones,GS,SG,6600.0,False,True
43568404,150386,1231798,502,6198086,Colby Jones,GS,SG,6600.0,False,True
43568405,150386,1231798,503,6198086,Colby Jones,GS,SG,6600.0,False,True
43568406,150386,1404902,498,6198089,Jonathan Mogbo,SAC,SF/PF,6200.0,False,True
43568407,150386,1404902,499,6198089,Jonathan Mogbo,SAC,SF/PF,6200.0,False,True
43568408,150386,1404902,501,6198089,Jonathan Mogbo,SAC,SF/PF,6200.0,False,True
43568409,150386,1404902,503,6198089,Jonathan Mogbo,SAC,SF/PF,6200.0,False,True
43568410,150386,1340789,496,6198087,TyTy Washington Jr.,ORL,PG/SG,6000.0,False,True
43568411,150386,1340789,497,6198087,TyTy Washington Jr.,ORL,PG/SG,6000.0,False,True
43568412,150386,1340789,502,6198087,TyTy Washington Jr.,ORL,PG/SG,6000.0,False,True
43568413,150386,1340789,503,6198087,TyTy Washington Jr.,ORL,PG/SG,6000.0,False,True
43568414,150386,1136581,496,6198089,Adam Flagler,SAC,PG/SG,5900.0,False,True
43568415,150386,1136581,497,6198089,Adam Flagler,SAC,PG/SG,5900.0,False,True
43568416,150386,1136581,502,6198089,Adam Flagler,SAC,PG/SG,5900.0,False,True
43568417,150386,1136581,503,6198089,Adam Flagler,SAC,PG/SG,5900.0,False,True
43568418,150386,1323578,497,6198086,Will Richard,GS,SG,6500.0,False,True
43568419,150386,1323578,502,6198086,Will Richard,GS,SG,6500.0,False,True
43568420,150386,1323578,503,6198086,Will Richard,GS,SG,6500.0,False,True
43568421,150386,1232056,497,6198088,Jamir Watkins,WAS,SG/SF,5700.0,False,True
43568422,150386,1232056,498,6198088,Jamir Watkins,WAS,SG/SF,5700.0,False,True
43568423,150386,1232056,502,6198088,Jamir Watkins,WAS,SG/SF,5700.0,False,True
43568424,150386,1232056,501,6198088,Jamir Watkins,WAS,SG/SF,5700.0,False,True
43568425,150386,1232056,503,6198088,Jamir Watkins,WAS,SG/SF,5700.0,False,True
43568426,150386,1429357,499,6198086,Tyler Smith,DAL,PF,5700.0,False,True
43568427,150386,1429357,501,6198086,Tyler Smith,DAL,PF,5700.0,False,True
43568428,150386,1429357,503,6198086,Tyler Smith,DAL,PF,5700.0,False,True
43568429,150386,1251665,500,6198089,Dylan Cardwell,SAC,C,5600.0,False,True
43568430,150386,1251665,503,6198089,Dylan Cardwell,SAC,C,5600.0,False,True
43568431,150386,1345014,498,6198086,Malevy Leons,GS,SF/PF,6000.0,False,True
43568432,150386,1345014,499,6198086,Malevy Leons,GS,SF/PF,6000.0,False,True
43568433,150386,1345014,501,6198086,Malevy Leons,GS,SF/PF,6000.0,False,True
43568434,150386,1345014,503,6198086,Malevy Leons,GS,SF/PF,6000.0,False,True
43568435,150386,1132027,498,6198087,Cam Reddish,ORL,SF/PF,5500.0,False,True
43568436,150386,1132027,499,6198087,Cam Reddish,ORL,SF/PF,5500.0,False,True
43568437,150386,1132027,501,6198087,Cam Reddish,ORL,SF/PF,5500.0,False,True
43568438,150386,1132027,503,6198087,Cam Reddish,ORL,SF/PF,5500.0,False,True
43568439,150386,1175110,496,6198087,Lester Quinones,ORL,PG/SG,5400.0,False,True
43568440,150386,1175110,497,6198087,Lester Quinones,ORL,PG/SG,5400.0,False,True
43568441,150386,1175110,502,6198087,Lester Quinones,ORL,PG/SG,5400.0,False,True
43568442,150386,1175110,503,6198087,Lester Quinones,ORL,PG/SG,5400.0,False,True
43568443,150386,1323621,496,6198086,Ryan Nembhard,DAL,PG/SG,5600.0,False,True
43568444,150386,1323621,497,6198086,Ryan Nembhard,DAL,PG/SG,5600.0,False,True
43568445,150386,1323621,502,6198086,Ryan Nembhard,DAL,PG/SG,5600.0,False,True
43568446,150386,1323621,503,6198086,Ryan Nembhard,DAL,PG/SG,5600.0,False,True
43568447,150386,1333783,497,6198088,Tamar Bates,UTA,SG,5700.0,False,True
43568448,150386,1333783,502,6198088,Tamar Bates,UTA,SG,5700.0,False,True
43568449,150386,1333783,503,6198088,Tamar Bates,UTA,SG,5700.0,False,True
43568450,150386,1236199,498,6198087,Ricky Council IV,ORL,SF/PF,5300.0,False,True
43568451,150386,1236199,499,6198087,Ricky Council IV,ORL,SF/PF,5300.0,False,True
43568452,150386,1236199,501,6198087,Ricky Council IV,ORL,SF/PF,5300.0,False,True
43568453,150386,1236199,503,6198087,Ricky Council IV,ORL,SF/PF,5300.0,False,True
43568454,150386,1249996,496,6198086,L.J. Cryer,GS,PG/SG,5800.0,False,True
43568455,150386,1249996,497,6198086,L.J. Cryer,GS,PG/SG,5800.0,False,True
43568456,150386,1249996,502,6198086,L.J. Cryer,GS,PG/SG,5800.0,False,True
43568457,150386,1249996,503,6198086,L.J. Cryer,GS,PG/SG,5800.0,False,True
43568458,150386,1420535,498,6198086,Lajae Jones,GS,SF,5700.0,False,True
43568459,150386,1420535,501,6198086,Lajae Jones,GS,SF,5700.0,False,True
43568460,150386,1420535,503,6198086,Lajae Jones,GS,SF,5700.0,False,True
43568461,150386,1403617,497,6198089,Emanuel Sharp,SAC,SG,5400.0,False,True
43568462,150386,1403617,502,6198089,Emanuel Sharp,SAC,SG,5400.0,False,True
43568463,150386,1403617,503,6198089,Emanuel Sharp,SAC,SG,5400.0,False,True
43568464,150386,1365403,498,6198089,Alex Karaban,SAC,SF,5200.0,False,True
43568465,150386,1365403,501,6198089,Alex Karaban,SAC,SF,5200.0,False,True
43568466,150386,1365403,503,6198089,Alex Karaban,SAC,SF,5200.0,False,True
43568467,150386,1415864,498,6198087,Izaiyah Nelson,ORL,SF/PF,5200.0,False,True
43568468,150386,1415864,499,6198087,Izaiyah Nelson,ORL,SF/PF,5200.0,False,True
43568469,150386,1415864,501,6198087,Izaiyah Nelson,ORL,SF/PF,5200.0,False,True
43568470,150386,1415864,503,6198087,Izaiyah Nelson,ORL,SF/PF,5200.0,False,True
43568471,150386,1175267,496,6198087,Alex Morales,ORL,PG/SG,5100.0,False,True
43568472,150386,1175267,497,6198087,Alex Morales,ORL,PG/SG,5100.0,False,True
43568473,150386,1175267,502,6198087,Alex Morales,ORL,PG/SG,5100.0,False,True
43568474,150386,1175267,503,6198087,Alex Morales,ORL,PG/SG,5100.0,False,True
43568475,150386,1408263,498,6198086,Tobi Lawal,DAL,SF,5500.0,False,True
43568476,150386,1408263,501,6198086,Tobi Lawal,DAL,SF,5500.0,False,True
43568477,150386,1408263,503,6198086,Tobi Lawal,DAL,SF,5500.0,False,True
43568478,150386,1654816,497,6198086,Vsevolod Ishchenko,DAL,SG,5300.0,False,True
43568479,150386,1654816,502,6198086,Vsevolod Ishchenko,DAL,SG,5300.0,False,True
43568480,150386,1654816,503,6198086,Vsevolod Ishchenko,DAL,SG,5300.0,False,True
43568481,150386,1343052,496,6198086,John Poulakidas,DAL,PG/SG,5200.0,False,True
43568482,150386,1343052,497,6198086,John Poulakidas,DAL,PG/SG,5200.0,False,True
43568483,150386,1343052,502,6198086,John Poulakidas,DAL,PG/SG,5200.0,False,True
43568484,150386,1343052,503,6198086,John Poulakidas,DAL,PG/SG,5200.0,False,True
43568485,150386,1654518,497,6198086,Sergio de Larrea,DAL,SG,5100.0,False,True
43568486,150386,1654518,502,6198086,Sergio de Larrea,DAL,SG,5100.0,False,True
43568487,150386,1654518,503,6198086,Sergio de Larrea,DAL,SG,5100.0,False,True
43568488,150386,1134179,497,6198088,Blake Hinson,UTA,SG,5500.0,False,True
43568489,150386,1134179,502,6198088,Blake Hinson,UTA,SG,5500.0,False,True
43568490,150386,1134179,503,6198088,Blake Hinson,UTA,SG,5500.0,False,True
43568491,150386,1405312,498,6198089,Nick Martinelli,LAC,SF,5500.0,False,True
43568492,150386,1405312,501,6198089,Nick Martinelli,LAC,SF,5500.0,False,True
43568493,150386,1405312,503,6198089,Nick Martinelli,LAC,SF,5500.0,False,True
43568494,150386,1408273,499,6198088,Felix Okpara,WAS,PF,5200.0,False,True
43568495,150386,1408273,501,6198088,Felix Okpara,WAS,PF,5200.0,False,True
43568496,150386,1408273,503,6198088,Felix Okpara,WAS,PF,5200.0,False,True
43568497,150386,1402304,499,6198089,Baba Miller,LAC,PF,5300.0,False,True
43568498,150386,1402304,501,6198089,Baba Miller,LAC,PF,5300.0,False,True
43568499,150386,1402304,503,6198089,Baba Miller,LAC,PF,5300.0,False,True
43568500,150386,1522597,496,6198087,Christian Anderson,CHA,PG,5400.0,False,True
43568501,150386,1522597,502,6198087,Christian Anderson,CHA,PG,5400.0,False,True
43568502,150386,1522597,503,6198087,Christian Anderson,CHA,PG,5400.0,False,True
43568503,150386,1324442,499,6198088,Julian Reese,WAS,PF,5000.0,False,True
43568504,150386,1324442,501,6198088,Julian Reese,WAS,PF,5000.0,False,True
43568505,150386,1324442,503,6198088,Julian Reese,WAS,PF,5000.0,False,True
43568506,150386,1340786,496,6198088,Matthew Cleveland,UTA,PG/SG,5300.0,False,True
43568507,150386,1340786,497,6198088,Matthew Cleveland,UTA,PG/SG,5300.0,False,True
43568508,150386,1340786,502,6198088,Matthew Cleveland,UTA,PG/SG,5300.0,False,True
43568509,150386,1340786,503,6198088,Matthew Cleveland,UTA,PG/SG,5300.0,False,True
43568510,150386,1134758,498,6198088,Kylor Kelley,UTA,SF/PF,5200.0,False,True
43568511,150386,1134758,499,6198088,Kylor Kelley,UTA,SF/PF,5200.0,False,True
43568512,150386,1134758,501,6198088,Kylor Kelley,UTA,SF/PF,5200.0,False,True
43568513,150386,1134758,503,6198088,Kylor Kelley,UTA,SF/PF,5200.0,False,True
43568514,150386,1232447,498,6198089,Jahmyl Telfort,LAC,SF/PF,5200.0,False,True
43568515,150386,1232447,499,6198089,Jahmyl Telfort,LAC,SF/PF,5200.0,False,True
43568516,150386,1232447,501,6198089,Jahmyl Telfort,LAC,SF/PF,5200.0,False,True
43568517,150386,1232447,503,6198089,Jahmyl Telfort,LAC,SF/PF,5200.0,False,True
43568518,150386,1232533,498,6198087,Cameron Matthews,CHA,SF/PF,5100.0,False,True
43568519,150386,1232533,499,6198087,Cameron Matthews,CHA,SF/PF,5100.0,False,True
43568520,150386,1232533,501,6198087,Cameron Matthews,CHA,SF/PF,5100.0,False,True
43568521,150386,1232533,503,6198087,Cameron Matthews,CHA,SF/PF,5100.0,False,True
43568522,150386,1373323,498,6198087,Phillip Wheeler,ORL,SF,4900.0,False,True
43568523,150386,1373323,501,6198087,Phillip Wheeler,ORL,SF,4900.0,False,True
43568524,150386,1373323,503,6198087,Phillip Wheeler,ORL,SF,4900.0,False,True
43568525,150386,1482267,496,6198088,Hayden Gray,UTA,PG/SG,5100.0,False,True
43568526,150386,1482267,497,6198088,Hayden Gray,UTA,PG/SG,5100.0,False,True
43568527,150386,1482267,502,6198088,Hayden Gray,UTA,PG/SG,5100.0,False,True
43568528,150386,1482267,503,6198088,Hayden Gray,UTA,PG/SG,5100.0,False,True
43568529,150386,1231489,496,6198088,Kadary Richmond,WAS,PG/SG,4900.0,False,True
43568530,150386,1231489,497,6198088,Kadary Richmond,WAS,PG/SG,4900.0,False,True
43568531,150386,1231489,502,6198088,Kadary Richmond,WAS,PG/SG,4900.0,False,True
43568532,150386,1231489,503,6198088,Kadary Richmond,WAS,PG/SG,4900.0,False,True
43568533,150386,1326079,496,6198089,Sean Pedulla,LAC,PG/SG,5100.0,False,True
43568534,150386,1326079,497,6198089,Sean Pedulla,LAC,PG/SG,5100.0,False,True
43568535,150386,1326079,502,6198089,Sean Pedulla,LAC,PG/SG,5100.0,False,True
43568536,150386,1326079,503,6198089,Sean Pedulla,LAC,PG/SG,5100.0,False,True
43568537,150386,1343051,496,6198088,Bez Mbeng,UTA,PG/SG,5000.0,False,True
43568538,150386,1343051,497,6198088,Bez Mbeng,UTA,PG/SG,5000.0,False,True
43568539,150386,1343051,502,6198088,Bez Mbeng,UTA,PG/SG,5000.0,False,True
43568540,150386,1343051,503,6198088,Bez Mbeng,UTA,PG/SG,5000.0,False,True
43568541,150386,1231386,498,6198089,Norchad Omier,LAC,SF/PF,4900.0,False,True
43568542,150386,1231386,499,6198089,Norchad Omier,LAC,SF/PF,4900.0,False,True
43568543,150386,1231386,501,6198089,Norchad Omier,LAC,SF/PF,4900.0,False,True
43568544,150386,1231386,503,6198089,Norchad Omier,LAC,SF/PF,4900.0,False,True
43568545,150386,1482051,499,6198087,Michael Ajayi,CHA,PF,4900.0,False,True
43568546,150386,1482051,501,6198087,Michael Ajayi,CHA,PF,4900.0,False,True
43568547,150386,1482051,503,6198087,Michael Ajayi,CHA,PF,4900.0,False,True
43568548,150386,1413172,496,6198087,Kylan Boswell,CHA,PG,4800.0,False,True
43568549,150386,1413172,502,6198087,Kylan Boswell,CHA,PG,4800.0,False,True
43568550,150386,1413172,503,6198087,Kylan Boswell,CHA,PG,4800.0,False,True
43568551,150386,1345658,498,6198089,Jamarion Sharp,SAC,SF/PF,4800.0,False,True
43568552,150386,1345658,499,6198089,Jamarion Sharp,SAC,SF/PF,4800.0,False,True
43568553,150386,1345658,501,6198089,Jamarion Sharp,SAC,SF/PF,4800.0,False,True
43568554,150386,1345658,503,6198089,Jamarion Sharp,SAC,SF/PF,4800.0,False,True
43568555,150386,1132302,496,6198087,Au'Diese Toney,ORL,PG/SG,4800.0,False,True
43568556,150386,1132302,497,6198087,Au'Diese Toney,ORL,PG/SG,4800.0,False,True
43568557,150386,1132302,502,6198087,Au'Diese Toney,ORL,PG/SG,4800.0,False,True
43568558,150386,1132302,503,6198087,Au'Diese Toney,ORL,PG/SG,4800.0,False,True
43568559,150386,1193984,496,6198088,Max Abmas,UTA,PG/SG,4900.0,False,True
43568560,150386,1193984,497,6198088,Max Abmas,UTA,PG/SG,4900.0,False,True
43568561,150386,1193984,502,6198088,Max Abmas,UTA,PG/SG,4900.0,False,True
43568562,150386,1193984,503,6198088,Max Abmas,UTA,PG/SG,4900.0,False,True
43568563,150386,1176244,498,6198088,Eric Dixon,UTA,SF/PF,4800.0,False,True
43568564,150386,1176244,499,6198088,Eric Dixon,UTA,SF/PF,4800.0,False,True
43568565,150386,1176244,501,6198088,Eric Dixon,UTA,SF/PF,4800.0,False,True
43568566,150386,1176244,503,6198088,Eric Dixon,UTA,SF/PF,4800.0,False,True
43568567,150386,1427204,499,6198086,Alex Toohey,GS,PF,5600.0,False,True
43568568,150386,1427204,501,6198086,Alex Toohey,GS,PF,5600.0,False,True
43568569,150386,1427204,503,6198086,Alex Toohey,GS,PF,5600.0,False,True
43568570,150386,1145246,498,6198086,Kaodirichi Akobundu-Ehiogu,DAL,SF/PF,4900.0,False,True
43568571,150386,1145246,499,6198086,Kaodirichi Akobundu-Ehiogu,DAL,SF/PF,4900.0,False,True
43568572,150386,1145246,501,6198086,Kaodirichi Akobundu-Ehiogu,DAL,SF/PF,4900.0,False,True
43568573,150386,1145246,503,6198086,Kaodirichi Akobundu-Ehiogu,DAL,SF/PF,4900.0,False,True
43568574,150386,1405326,498,6198086,Jorge Diaz Graham,DAL,SF/PF,4800.0,False,True
43568575,150386,1405326,499,6198086,Jorge Diaz Graham,DAL,SF/PF,4800.0,False,True
43568576,150386,1405326,501,6198086,Jorge Diaz Graham,DAL,SF/PF,4800.0,False,True
43568577,150386,1405326,503,6198086,Jorge Diaz Graham,DAL,SF/PF,4800.0,False,True
43568578,150386,1405328,498,6198086,Guillermo Diaz Graham,DAL,SF/PF,4500.0,False,True
43568579,150386,1405328,499,6198086,Guillermo Diaz Graham,DAL,SF/PF,4500.0,False,True
43568580,150386,1405328,501,6198086,Guillermo Diaz Graham,DAL,SF/PF,4500.0,False,True
43568581,150386,1405328,503,6198086,Guillermo Diaz Graham,DAL,SF/PF,4500.0,False,True
43568582,150386,1324084,498,6198086,Ja'Vier Francis,DAL,SF/PF,4200.0,False,True
43568583,150386,1324084,499,6198086,Ja'Vier Francis,DAL,SF/PF,4200.0,False,True
43568584,150386,1324084,501,6198086,Ja'Vier Francis,DAL,SF/PF,4200.0,False,True
43568585,150386,1324084,503,6198086,Ja'Vier Francis,DAL,SF/PF,4200.0,False,True
43568586,150386,1175300,496,6198086,Darin Green Jr.,DAL,PG/SG,4000.0,False,True
43568587,150386,1175300,497,6198086,Darin Green Jr.,DAL,PG/SG,4000.0,False,True
43568588,150386,1175300,502,6198086,Darin Green Jr.,DAL,PG/SG,4000.0,False,True
43568589,150386,1175300,503,6198086,Darin Green Jr.,DAL,PG/SG,4000.0,False,True
43568590,150386,1324182,498,6198086,KJ Adams,GS,SF/PF,5500.0,False,True
43568591,150386,1324182,499,6198086,KJ Adams,GS,SF/PF,5500.0,False,True
43568592,150386,1324182,501,6198086,KJ Adams,GS,SF/PF,5500.0,False,True
43568593,150386,1324182,503,6198086,KJ Adams,GS,SF/PF,5500.0,False,True
43568594,150386,1232336,496,6198086,Nick Boyd,GS,PG/SG,5400.0,False,True
43568595,150386,1232336,497,6198086,Nick Boyd,GS,PG/SG,5400.0,False,True
43568596,150386,1232336,502,6198086,Nick Boyd,GS,PG/SG,5400.0,False,True
43568597,150386,1232336,503,6198086,Nick Boyd,GS,PG/SG,5400.0,False,True
43568598,150386,1138636,498,6198086,Jack Clark,GS,SF/PF,5300.0,False,True
43568599,150386,1138636,499,6198086,Jack Clark,GS,SF/PF,5300.0,False,True
43568600,150386,1138636,501,6198086,Jack Clark,GS,SF/PF,5300.0,False,True
43568601,150386,1138636,503,6198086,Jack Clark,GS,SF/PF,5300.0,False,True
43568602,150386,1265157,496,6198086,Reese Dixon-Waters,GS,PG/SG,5200.0,False,True
43568603,150386,1265157,497,6198086,Reese Dixon-Waters,GS,PG/SG,5200.0,False,True
43568604,150386,1265157,502,6198086,Reese Dixon-Waters,GS,PG/SG,5200.0,False,True
43568605,150386,1265157,503,6198086,Reese Dixon-Waters,GS,PG/SG,5200.0,False,True
43568606,150386,1231513,498,6198086,David Green,GS,SF/PF,5100.0,False,True
43568607,150386,1231513,499,6198086,David Green,GS,SF/PF,5100.0,False,True
43568608,150386,1231513,501,6198086,David Green,GS,SF/PF,5100.0,False,True
43568609,150386,1231513,503,6198086,David Green,GS,SF/PF,5100.0,False,True
43568610,150386,1171589,496,6198086,Chase Hunter,GS,PG/SG,5000.0,False,True
43568611,150386,1171589,497,6198086,Chase Hunter,GS,PG/SG,5000.0,False,True
43568612,150386,1171589,502,6198086,Chase Hunter,GS,PG/SG,5000.0,False,True
43568613,150386,1171589,503,6198086,Chase Hunter,GS,PG/SG,5000.0,False,True
43568614,150386,1231638,498,6198086,Graham Ike,GS,SF/PF,4900.0,False,True
43568615,150386,1231638,499,6198086,Graham Ike,GS,SF/PF,4900.0,False,True
43568616,150386,1231638,501,6198086,Graham Ike,GS,SF/PF,4900.0,False,True
43568617,150386,1231638,503,6198086,Graham Ike,GS,SF/PF,4900.0,False,True
43568618,150386,1231237,496,6198086,Chance McMillian,GS,PG/SG,4800.0,False,True
43568619,150386,1231237,497,6198086,Chance McMillian,GS,PG/SG,4800.0,False,True
43568620,150386,1231237,502,6198086,Chance McMillian,GS,PG/SG,4800.0,False,True
43568621,150386,1231237,503,6198086,Chance McMillian,GS,PG/SG,4800.0,False,True
43568622,150386,1536467,498,6198086,Jacksen Moni,GS,SF/PF,4700.0,False,True
43568623,150386,1536467,499,6198086,Jacksen Moni,GS,SF/PF,4700.0,False,True
43568624,150386,1536467,501,6198086,Jacksen Moni,GS,SF/PF,4700.0,False,True
43568625,150386,1536467,503,6198086,Jacksen Moni,GS,SF/PF,4700.0,False,True
43568626,150386,1182378,498,6198086,Steve Settle III,GS,SF/PF,4400.0,False,True
43568627,150386,1182378,499,6198086,Steve Settle III,GS,SF/PF,4400.0,False,True
43568628,150386,1182378,501,6198086,Steve Settle III,GS,SF/PF,4400.0,False,True
43568629,150386,1182378,503,6198086,Steve Settle III,GS,SF/PF,4400.0,False,True
43568630,150386,1232534,496,6198086,Deivon Smith,GS,PG/SG,4200.0,False,True
43568631,150386,1232534,497,6198086,Deivon Smith,GS,PG/SG,4200.0,False,True
43568632,150386,1232534,502,6198086,Deivon Smith,GS,PG/SG,4200.0,False,True
43568633,150386,1232534,503,6198086,Deivon Smith,GS,PG/SG,4200.0,False,True
43568634,150386,1134915,496,6198086,Cameron Tyson,GS,PG/SG,4000.0,False,True
43568635,150386,1134915,497,6198086,Cameron Tyson,GS,PG/SG,4000.0,False,True
43568636,150386,1134915,502,6198086,Cameron Tyson,GS,PG/SG,4000.0,False,True
43568637,150386,1134915,503,6198086,Cameron Tyson,GS,PG/SG,4000.0,False,True
43568638,150386,1190373,498,6198087,Josiah Allick,CHA,SF/PF,4700.0,False,True
43568639,150386,1190373,499,6198087,Josiah Allick,CHA,SF/PF,4700.0,False,True
43568640,150386,1190373,501,6198087,Josiah Allick,CHA,SF/PF,4700.0,False,True
43568641,150386,1190373,503,6198087,Josiah Allick,CHA,SF/PF,4700.0,False,True
43568642,150386,1145994,496,6198087,Terrell Brown Jr.,CHA,PG/SG,4500.0,False,True
43568643,150386,1145994,497,6198087,Terrell Brown Jr.,CHA,PG/SG,4500.0,False,True
43568644,150386,1145994,502,6198087,Terrell Brown Jr.,CHA,PG/SG,4500.0,False,True
43568645,150386,1145994,503,6198087,Terrell Brown Jr.,CHA,PG/SG,4500.0,False,True
43568646,150386,1343680,498,6198087,Wyatt Fricks,CHA,SF/PF,4400.0,False,True
43568647,150386,1343680,499,6198087,Wyatt Fricks,CHA,SF/PF,4400.0,False,True
43568648,150386,1343680,501,6198087,Wyatt Fricks,CHA,SF/PF,4400.0,False,True
43568649,150386,1343680,503,6198087,Wyatt Fricks,CHA,SF/PF,4400.0,False,True
43568650,150386,1401767,496,6198087,Max Mackinnon,CHA,PG/SG,4200.0,False,True
43568651,150386,1401767,497,6198087,Max Mackinnon,CHA,PG/SG,4200.0,False,True
43568652,150386,1401767,502,6198087,Max Mackinnon,CHA,PG/SG,4200.0,False,True
43568653,150386,1401767,503,6198087,Max Mackinnon,CHA,PG/SG,4200.0,False,True
43568654,150386,1232079,496,6198087,Latrell Wrightsell Jr.,CHA,PG/SG,4000.0,False,True
43568655,150386,1232079,497,6198087,Latrell Wrightsell Jr.,CHA,PG/SG,4000.0,False,True
43568656,150386,1232079,502,6198087,Latrell Wrightsell Jr.,CHA,PG/SG,4000.0,False,True
43568657,150386,1232079,503,6198087,Latrell Wrightsell Jr.,CHA,PG/SG,4000.0,False,True
43568658,150386,1556035,497,6198087,DJ Armstrong Jr.,ORL,SG/SF,4700.0,False,True
43568659,150386,1556035,498,6198087,DJ Armstrong Jr.,ORL,SG/SF,4700.0,False,True
43568660,150386,1556035,502,6198087,DJ Armstrong Jr.,ORL,SG/SF,4700.0,False,True
43568661,150386,1556035,501,6198087,DJ Armstrong Jr.,ORL,SG/SF,4700.0,False,True
43568662,150386,1556035,503,6198087,DJ Armstrong Jr.,ORL,SG/SF,4700.0,False,True
43568663,150386,1186774,498,6198087,Will Baker,ORL,SF/PF,4600.0,False,True
43568664,150386,1186774,499,6198087,Will Baker,ORL,SF/PF,4600.0,False,True
43568665,150386,1186774,501,6198087,Will Baker,ORL,SF/PF,4600.0,False,True
43568666,150386,1186774,503,6198087,Will Baker,ORL,SF/PF,4600.0,False,True
43568667,150386,1232070,496,6198087,Ace Baldwin Jr.,ORL,PG/SG,4500.0,False,True
43568668,150386,1232070,497,6198087,Ace Baldwin Jr.,ORL,PG/SG,4500.0,False,True
43568669,150386,1232070,502,6198087,Ace Baldwin Jr.,ORL,PG/SG,4500.0,False,True
43568670,150386,1232070,503,6198087,Ace Baldwin Jr.,ORL,PG/SG,4500.0,False,True
43568671,150386,1232341,496,6198087,Johnell Davis,ORL,PG/SG,4400.0,False,True
43568672,150386,1232341,497,6198087,Johnell Davis,ORL,PG/SG,4400.0,False,True
43568673,150386,1232341,502,6198087,Johnell Davis,ORL,PG/SG,4400.0,False,True
43568674,150386,1232341,503,6198087,Johnell Davis,ORL,PG/SG,4400.0,False,True
43568675,150386,1135177,498,6198087,CJ Elleby,ORL,SF/PF,4300.0,False,True
43568676,150386,1135177,499,6198087,CJ Elleby,ORL,SF/PF,4300.0,False,True
43568677,150386,1135177,501,6198087,CJ Elleby,ORL,SF/PF,4300.0,False,True
43568678,150386,1135177,503,6198087,CJ Elleby,ORL,SF/PF,4300.0,False,True
43568679,150386,1413221,496,6198087,Tre Holloman,ORL,PG/SG,4200.0,False,True
43568680,150386,1413221,497,6198087,Tre Holloman,ORL,PG/SG,4200.0,False,True
43568681,150386,1413221,502,6198087,Tre Holloman,ORL,PG/SG,4200.0,False,True
43568682,150386,1413221,503,6198087,Tre Holloman,ORL,PG/SG,4200.0,False,True
43568683,150386,1402782,498,6198087,Malik Reneau,ORL,SF/PF,4100.0,False,True
43568684,150386,1402782,499,6198087,Malik Reneau,ORL,SF/PF,4100.0,False,True
43568685,150386,1402782,501,6198087,Malik Reneau,ORL,SF/PF,4100.0,False,True
43568686,150386,1402782,503,6198087,Malik Reneau,ORL,SF/PF,4100.0,False,True
43568687,150386,1401740,496,6198087,Mike Sharavjamts,ORL,PG/SG,4000.0,False,True
43568688,150386,1401740,497,6198087,Mike Sharavjamts,ORL,PG/SG,4000.0,False,True
43568689,150386,1401740,502,6198087,Mike Sharavjamts,ORL,PG/SG,4000.0,False,True
43568690,150386,1401740,503,6198087,Mike Sharavjamts,ORL,PG/SG,4000.0,False,True
43568691,150386,1328254,500,6198088,Jonas Aidoo,UTA,C,4500.0,False,True
43568692,150386,1328254,503,6198088,Jonas Aidoo,UTA,C,4500.0,False,True
43568693,150386,1416410,500,6198088,Micah Handlogten,UTA,C,4400.0,False,True
43568694,150386,1416410,503,6198088,Micah Handlogten,UTA,C,4400.0,False,True
43568695,150386,1327795,496,6198088,Justin Harmon,UTA,PG/SG,4300.0,False,True
43568696,150386,1327795,497,6198088,Justin Harmon,UTA,PG/SG,4300.0,False,True
43568697,150386,1327795,502,6198088,Justin Harmon,UTA,PG/SG,4300.0,False,True
43568698,150386,1327795,503,6198088,Justin Harmon,UTA,PG/SG,4300.0,False,True
43568699,150386,1413220,498,6198088,Jaxon Kohler,UTA,SF/PF,4200.0,False,True
43568700,150386,1413220,499,6198088,Jaxon Kohler,UTA,SF/PF,4200.0,False,True
43568701,150386,1413220,501,6198088,Jaxon Kohler,UTA,SF/PF,4200.0,False,True
43568702,150386,1413220,503,6198088,Jaxon Kohler,UTA,SF/PF,4200.0,False,True
43568703,150386,1406916,499,6198088,Mohamed Wague,UTA,PF/C,4000.0,False,True
43568704,150386,1406916,500,6198088,Mohamed Wague,UTA,PF/C,4000.0,False,True
43568705,150386,1406916,501,6198088,Mohamed Wague,UTA,PF/C,4000.0,False,True
43568706,150386,1406916,503,6198088,Mohamed Wague,UTA,PF/C,4000.0,False,True
43568707,150386,1507153,500,6198088,Norris Agbakoko,WAS,C,4600.0,False,True
43568708,150386,1507153,503,6198088,Norris Agbakoko,WAS,C,4600.0,False,True
43568709,150386,1324298,498,6198088,John Camden,WAS,SF/PF,4500.0,False,True
43568710,150386,1324298,499,6198088,John Camden,WAS,SF/PF,4500.0,False,True
43568711,150386,1324298,501,6198088,John Camden,WAS,SF/PF,4500.0,False,True
43568712,150386,1324298,503,6198088,John Camden,WAS,SF/PF,4500.0,False,True
43568713,150386,1323921,498,6198088,Tre Carroll,WAS,SF/PF,4400.0,False,True
43568714,150386,1323921,499,6198088,Tre Carroll,WAS,SF/PF,4400.0,False,True
43568715,150386,1323921,501,6198088,Tre Carroll,WAS,SF/PF,4400.0,False,True
43568716,150386,1323921,503,6198088,Tre Carroll,WAS,SF/PF,4400.0,False,True
43568717,150386,1176723,496,6198088,Damari Monsanto,WAS,PG/SG,4300.0,False,True
43568718,150386,1176723,497,6198088,Damari Monsanto,WAS,PG/SG,4300.0,False,True
43568719,150386,1176723,502,6198088,Damari Monsanto,WAS,PG/SG,4300.0,False,True
43568720,150386,1176723,503,6198088,Damari Monsanto,WAS,PG/SG,4300.0,False,True
43568721,150386,1060982,496,6198088,RJ Nembhard,WAS,PG/SG,4200.0,False,True
43568722,150386,1060982,497,6198088,RJ Nembhard,WAS,PG/SG,4200.0,False,True
43568723,150386,1060982,502,6198088,RJ Nembhard,WAS,PG/SG,4200.0,False,True
43568724,150386,1060982,503,6198088,RJ Nembhard,WAS,PG/SG,4200.0,False,True
43568725,150386,1405037,496,6198088,Seth Trimble,WAS,PG/SG,4100.0,False,True
43568726,150386,1405037,497,6198088,Seth Trimble,WAS,PG/SG,4100.0,False,True
43568727,150386,1405037,502,6198088,Seth Trimble,WAS,PG/SG,4100.0,False,True
43568728,150386,1405037,503,6198088,Seth Trimble,WAS,PG/SG,4100.0,False,True
43568729,150386,1176278,498,6198089,Zach Freemantle,LAC,SF/PF,4500.0,False,True
43568730,150386,1176278,499,6198089,Zach Freemantle,LAC,SF/PF,4500.0,False,True
43568731,150386,1176278,501,6198089,Zach Freemantle,LAC,SF/PF,4500.0,False,True
43568732,150386,1176278,503,6198089,Zach Freemantle,LAC,SF/PF,4500.0,False,True
43568733,150386,1257476,496,6198089,Themus Fulks,LAC,PG/SG,4200.0,False,True
43568734,150386,1257476,497,6198089,Themus Fulks,LAC,PG/SG,4200.0,False,True
43568735,150386,1257476,502,6198089,Themus Fulks,LAC,PG/SG,4200.0,False,True
43568736,150386,1257476,503,6198089,Themus Fulks,LAC,PG/SG,4200.0,False,True
43568737,150386,1402285,496,6198089,Riley Kugel,LAC,PG/SG,4100.0,False,True
43568738,150386,1402285,497,6198089,Riley Kugel,LAC,PG/SG,4100.0,False,True
43568739,150386,1402285,502,6198089,Riley Kugel,LAC,PG/SG,4100.0,False,True
43568740,150386,1402285,503,6198089,Riley Kugel,LAC,PG/SG,4100.0,False,True
43568741,150386,1405367,496,6198089,Fletcher Loyer,LAC,PG/SG,4000.0,False,True
43568742,150386,1405367,497,6198089,Fletcher Loyer,LAC,PG/SG,4000.0,False,True
43568743,150386,1405367,502,6198089,Fletcher Loyer,LAC,PG/SG,4000.0,False,True
43568744,150386,1405367,503,6198089,Fletcher Loyer,LAC,PG/SG,4000.0,False,True
43568745,150386,1401593,496,6198089,Anthony Dell'Orso,SAC,PG/SG,4700.0,False,True
43568746,150386,1401593,497,6198089,Anthony Dell'Orso,SAC,PG/SG,4700.0,False,True
43568747,150386,1401593,502,6198089,Anthony Dell'Orso,SAC,PG/SG,4700.0,False,True
43568748,150386,1401593,503,6198089,Anthony Dell'Orso,SAC,PG/SG,4700.0,False,True
43568749,150386,1405695,496,6198089,B.J. Edwards,SAC,PG/SG,4500.0,False,True
43568750,150386,1405695,497,6198089,B.J. Edwards,SAC,PG/SG,4500.0,False,True
43568751,150386,1405695,502,6198089,B.J. Edwards,SAC,PG/SG,4500.0,False,True
43568752,150386,1405695,503,6198089,B.J. Edwards,SAC,PG/SG,4500.0,False,True
43568753,150386,1236654,500,6198089,Viktor Lakhin,SAC,C,4400.0,False,True
43568754,150386,1236654,503,6198089,Viktor Lakhin,SAC,C,4400.0,False,True
43568755,150386,1532772,496,6198089,Mitch Mascari,SAC,PG/SG,4300.0,False,True
43568756,150386,1532772,497,6198089,Mitch Mascari,SAC,PG/SG,4300.0,False,True
43568757,150386,1532772,502,6198089,Mitch Mascari,SAC,PG/SG,4300.0,False,True
43568758,150386,1532772,503,6198089,Mitch Mascari,SAC,PG/SG,4300.0,False,True
43568759,150386,1536964,498,6198089,Elias Ralph,SAC,SF/PF,4200.0,False,True
43568760,150386,1536964,499,6198089,Elias Ralph,SAC,SF/PF,4200.0,False,True
43568761,150386,1536964,501,6198089,Elias Ralph,SAC,SF/PF,4200.0,False,True
43568762,150386,1536964,503,6198089,Elias Ralph,SAC,SF/PF,4200.0,False,True
43568763,150386,1518772,496,6198089,Isaiah Stevens,SAC,PG/SG,4100.0,False,True
43568764,150386,1518772,497,6198089,Isaiah Stevens,SAC,PG/SG,4100.0,False,True
43568765,150386,1518772,502,6198089,Isaiah Stevens,SAC,PG/SG,4100.0,False,True
43568766,150386,1518772,503,6198089,Isaiah Stevens,SAC,PG/SG,4100.0,False,True
43568767,150386,1406775,498,6198089,Marquel Sutton,SAC,SF/PF,4000.0,False,True
43568768,150386,1406775,499,6198089,Marquel Sutton,SAC,SF/PF,4000.0,False,True
43568769,150386,1406775,501,6198089,Marquel Sutton,SAC,SF/PF,4000.0,False,True
43568770,150386,1406775,503,6198089,Marquel Sutton,SAC,SF/PF,4000.0,False,True
43568771,150388,1617074,498,6198088,AJ Dybantsa,WAS,SF,9000.0,False,True
43568772,150388,1617074,501,6198088,AJ Dybantsa,WAS,SF,9000.0,False,True
43568773,150388,1617074,503,6198088,AJ Dybantsa,WAS,SF,9000.0,False,True
43568774,150388,1594900,497,6198088,Darryn Peterson,UTA,SG,8900.0,False,True
43568775,150388,1594900,502,6198088,Darryn Peterson,UTA,SG,8900.0,False,True
43568776,150388,1594900,503,6198088,Darryn Peterson,UTA,SG,8900.0,False,True
43568777,150388,1519363,499,6198088,Ace Bailey,UTA,PF,8700.0,False,True
43568778,150388,1519363,501,6198088,Ace Bailey,UTA,PF,8700.0,False,True
43568779,150388,1519363,503,6198088,Ace Bailey,UTA,PF,8700.0,False,True
43568780,150388,1591016,496,6198089,Darius Acuff Jr.,SAC,PG,8500.0,False,True
43568781,150388,1591016,502,6198089,Darius Acuff Jr.,SAC,PG,8500.0,False,True
43568782,150388,1591016,503,6198089,Darius Acuff Jr.,SAC,PG,8500.0,False,True
43568783,150388,1546380,496,6198088,Tre Johnson,WAS,PG/SG,8300.0,False,True
43568784,150388,1546380,497,6198088,Tre Johnson,WAS,PG/SG,8300.0,False,True
43568785,150388,1546380,502,6198088,Tre Johnson,WAS,PG/SG,8300.0,False,True
43568786,150388,1546380,503,6198088,Tre Johnson,WAS,PG/SG,8300.0,False,True
43568787,150388,1589783,497,6198089,Keaton Wagler,LAC,SG,8200.0,False,True
43568788,150388,1589783,502,6198089,Keaton Wagler,LAC,SG,8200.0,False,True
43568789,150388,1589783,503,6198089,Keaton Wagler,LAC,SG,8200.0,False,True
43568790,150388,1326453,500,6198089,Maxime Raynaud,SAC,C,7900.0,False,True
43568791,150388,1326453,503,6198089,Maxime Raynaud,SAC,C,7900.0,False,True
43568792,150388,1520672,498,6198088,Will Riley,WAS,SF,7600.0,False,True
43568793,150388,1520672,501,6198088,Will Riley,WAS,SF,7600.0,False,True
43568794,150388,1520672,503,6198088,Will Riley,WAS,SF,7600.0,False,True
43568795,150388,1232529,497,6198089,Nique Clifford,SAC,SG/SF,7600.0,False,True
43568796,150388,1232529,498,6198089,Nique Clifford,SAC,SG/SF,7600.0,False,True
43568797,150388,1232529,502,6198089,Nique Clifford,SAC,SG/SF,7600.0,False,True
43568798,150388,1232529,501,6198089,Nique Clifford,SAC,SG/SF,7600.0,False,True
43568799,150388,1232529,503,6198089,Nique Clifford,SAC,SG/SF,7600.0,False,True
43568800,150388,1458830,498,6198088,Cody Williams,UTA,SF/PF,7100.0,False,True
43568801,150388,1458830,499,6198088,Cody Williams,UTA,SF/PF,7100.0,False,True
43568802,150388,1458830,501,6198088,Cody Williams,UTA,SF/PF,7100.0,False,True
43568803,150388,1458830,503,6198088,Cody Williams,UTA,SF/PF,7100.0,False,True
43568804,150388,1408196,498,6198088,Chris Livingston,WAS,SF/PF,7000.0,False,True
43568805,150388,1408196,499,6198088,Chris Livingston,WAS,SF/PF,7000.0,False,True
43568806,150388,1408196,501,6198088,Chris Livingston,WAS,SF/PF,7000.0,False,True
43568807,150388,1408196,503,6198088,Chris Livingston,WAS,SF/PF,7000.0,False,True
43568808,150388,1460155,497,6198089,Cam Christie,LAC,SG,7300.0,False,True
43568809,150388,1460155,502,6198089,Cam Christie,LAC,SG,7300.0,False,True
43568810,150388,1460155,503,6198089,Cam Christie,LAC,SG,7300.0,False,True
43568811,150388,1231938,497,6198089,Kobe Sanders,LAC,SG,7000.0,False,True
43568812,150388,1231938,502,6198089,Kobe Sanders,LAC,SG,7000.0,False,True
43568813,150388,1231938,503,6198089,Kobe Sanders,LAC,SG,7000.0,False,True
43568814,150388,1404902,498,6198089,Jonathan Mogbo,SAC,SF/PF,6200.0,False,True
43568815,150388,1404902,499,6198089,Jonathan Mogbo,SAC,SF/PF,6200.0,False,True
43568816,150388,1404902,501,6198089,Jonathan Mogbo,SAC,SF/PF,6200.0,False,True
43568817,150388,1404902,503,6198089,Jonathan Mogbo,SAC,SF/PF,6200.0,False,True
43568818,150388,1136581,496,6198089,Adam Flagler,SAC,PG/SG,5900.0,False,True
43568819,150388,1136581,497,6198089,Adam Flagler,SAC,PG/SG,5900.0,False,True
43568820,150388,1136581,502,6198089,Adam Flagler,SAC,PG/SG,5900.0,False,True
43568821,150388,1136581,503,6198089,Adam Flagler,SAC,PG/SG,5900.0,False,True
43568822,150388,1232056,497,6198088,Jamir Watkins,WAS,SG/SF,5700.0,False,True
43568823,150388,1232056,498,6198088,Jamir Watkins,WAS,SG/SF,5700.0,False,True
43568824,150388,1232056,502,6198088,Jamir Watkins,WAS,SG/SF,5700.0,False,True
43568825,150388,1232056,501,6198088,Jamir Watkins,WAS,SG/SF,5700.0,False,True
43568826,150388,1232056,503,6198088,Jamir Watkins,WAS,SG/SF,5700.0,False,True
43568827,150388,1251665,500,6198089,Dylan Cardwell,SAC,C,5600.0,False,True
43568828,150388,1251665,503,6198089,Dylan Cardwell,SAC,C,5600.0,False,True
43568829,150388,1333783,497,6198088,Tamar Bates,UTA,SG,5700.0,False,True
43568830,150388,1333783,502,6198088,Tamar Bates,UTA,SG,5700.0,False,True
43568831,150388,1333783,503,6198088,Tamar Bates,UTA,SG,5700.0,False,True
43568832,150388,1403617,497,6198089,Emanuel Sharp,SAC,SG,5400.0,False,True
43568833,150388,1403617,502,6198089,Emanuel Sharp,SAC,SG,5400.0,False,True
43568834,150388,1403617,503,6198089,Emanuel Sharp,SAC,SG,5400.0,False,True
43568835,150388,1365403,498,6198089,Alex Karaban,SAC,SF,5200.0,False,True
43568836,150388,1365403,501,6198089,Alex Karaban,SAC,SF,5200.0,False,True
43568837,150388,1365403,503,6198089,Alex Karaban,SAC,SF,5200.0,False,True
43568838,150388,1134179,497,6198088,Blake Hinson,UTA,SG,5500.0,False,True
43568839,150388,1134179,502,6198088,Blake Hinson,UTA,SG,5500.0,False,True
43568840,150388,1134179,503,6198088,Blake Hinson,UTA,SG,5500.0,False,True
43568841,150388,1405312,498,6198089,Nick Martinelli,LAC,SF,5500.0,False,True
43568842,150388,1405312,501,6198089,Nick Martinelli,LAC,SF,5500.0,False,True
43568843,150388,1405312,503,6198089,Nick Martinelli,LAC,SF,5500.0,False,True
43568844,150388,1408273,499,6198088,Felix Okpara,WAS,PF,5200.0,False,True
43568845,150388,1408273,501,6198088,Felix Okpara,WAS,PF,5200.0,False,True
43568846,150388,1408273,503,6198088,Felix Okpara,WAS,PF,5200.0,False,True
43568847,150388,1402304,499,6198089,Baba Miller,LAC,PF,5300.0,False,True
43568848,150388,1402304,501,6198089,Baba Miller,LAC,PF,5300.0,False,True
43568849,150388,1402304,503,6198089,Baba Miller,LAC,PF,5300.0,False,True
43568850,150388,1324442,499,6198088,Julian Reese,WAS,PF,5000.0,False,True
43568851,150388,1324442,501,6198088,Julian Reese,WAS,PF,5000.0,False,True
43568852,150388,1324442,503,6198088,Julian Reese,WAS,PF,5000.0,False,True
43568853,150388,1340786,496,6198088,Matthew Cleveland,UTA,PG/SG,5300.0,False,True
43568854,150388,1340786,497,6198088,Matthew Cleveland,UTA,PG/SG,5300.0,False,True
43568855,150388,1340786,502,6198088,Matthew Cleveland,UTA,PG/SG,5300.0,False,True
43568856,150388,1340786,503,6198088,Matthew Cleveland,UTA,PG/SG,5300.0,False,True
43568857,150388,1134758,498,6198088,Kylor Kelley,UTA,SF/PF,5200.0,False,True
43568858,150388,1134758,499,6198088,Kylor Kelley,UTA,SF/PF,5200.0,False,True
43568859,150388,1134758,501,6198088,Kylor Kelley,UTA,SF/PF,5200.0,False,True
43568860,150388,1134758,503,6198088,Kylor Kelley,UTA,SF/PF,5200.0,False,True
43568861,150388,1232447,498,6198089,Jahmyl Telfort,LAC,SF/PF,5200.0,False,True
43568862,150388,1232447,499,6198089,Jahmyl Telfort,LAC,SF/PF,5200.0,False,True
43568863,150388,1232447,501,6198089,Jahmyl Telfort,LAC,SF/PF,5200.0,False,True
43568864,150388,1232447,503,6198089,Jahmyl Telfort,LAC,SF/PF,5200.0,False,True
43568865,150388,1482267,496,6198088,Hayden Gray,UTA,PG/SG,5100.0,False,True
43568866,150388,1482267,497,6198088,Hayden Gray,UTA,PG/SG,5100.0,False,True
43568867,150388,1482267,502,6198088,Hayden Gray,UTA,PG/SG,5100.0,False,True
43568868,150388,1482267,503,6198088,Hayden Gray,UTA,PG/SG,5100.0,False,True
43568869,150388,1231489,496,6198088,Kadary Richmond,WAS,PG/SG,4900.0,False,True
43568870,150388,1231489,497,6198088,Kadary Richmond,WAS,PG/SG,4900.0,False,True
43568871,150388,1231489,502,6198088,Kadary Richmond,WAS,PG/SG,4900.0,False,True
43568872,150388,1231489,503,6198088,Kadary Richmond,WAS,PG/SG,4900.0,False,True
43568873,150388,1326079,496,6198089,Sean Pedulla,LAC,PG/SG,5100.0,False,True
43568874,150388,1326079,497,6198089,Sean Pedulla,LAC,PG/SG,5100.0,False,True
43568875,150388,1326079,502,6198089,Sean Pedulla,LAC,PG/SG,5100.0,False,True
43568876,150388,1326079,503,6198089,Sean Pedulla,LAC,PG/SG,5100.0,False,True
43568877,150388,1343051,496,6198088,Bez Mbeng,UTA,PG/SG,5000.0,False,True
43568878,150388,1343051,497,6198088,Bez Mbeng,UTA,PG/SG,5000.0,False,True
43568879,150388,1343051,502,6198088,Bez Mbeng,UTA,PG/SG,5000.0,False,True
43568880,150388,1343051,503,6198088,Bez Mbeng,UTA,PG/SG,5000.0,False,True
43568881,150388,1231386,498,6198089,Norchad Omier,LAC,SF/PF,4900.0,False,True
43568882,150388,1231386,499,6198089,Norchad Omier,LAC,SF/PF,4900.0,False,True
43568883,150388,1231386,501,6198089,Norchad Omier,LAC,SF/PF,4900.0,False,True
43568884,150388,1231386,503,6198089,Norchad Omier,LAC,SF/PF,4900.0,False,True
43568885,150388,1345658,498,6198089,Jamarion Sharp,SAC,SF/PF,4800.0,False,True
43568886,150388,1345658,499,6198089,Jamarion Sharp,SAC,SF/PF,4800.0,False,True
43568887,150388,1345658,501,6198089,Jamarion Sharp,SAC,SF/PF,4800.0,False,True
43568888,150388,1345658,503,6198089,Jamarion Sharp,SAC,SF/PF,4800.0,False,True
43568889,150388,1193984,496,6198088,Max Abmas,UTA,PG/SG,4900.0,False,True
43568890,150388,1193984,497,6198088,Max Abmas,UTA,PG/SG,4900.0,False,True
43568891,150388,1193984,502,6198088,Max Abmas,UTA,PG/SG,4900.0,False,True
43568892,150388,1193984,503,6198088,Max Abmas,UTA,PG/SG,4900.0,False,True
43568893,150388,1176244,498,6198088,Eric Dixon,UTA,SF/PF,4800.0,False,True
43568894,150388,1176244,499,6198088,Eric Dixon,UTA,SF/PF,4800.0,False,True
43568895,150388,1176244,501,6198088,Eric Dixon,UTA,SF/PF,4800.0,False,True
43568896,150388,1176244,503,6198088,Eric Dixon,UTA,SF/PF,4800.0,False,True
43568897,150388,1328254,500,6198088,Jonas Aidoo,UTA,C,4500.0,False,True
43568898,150388,1328254,503,6198088,Jonas Aidoo,UTA,C,4500.0,False,True
43568899,150388,1416410,500,6198088,Micah Handlogten,UTA,C,4400.0,False,True
43568900,150388,1416410,503,6198088,Micah Handlogten,UTA,C,4400.0,False,True
43568901,150388,1327795,496,6198088,Justin Harmon,UTA,PG/SG,4300.0,False,True
43568902,150388,1327795,497,6198088,Justin Harmon,UTA,PG/SG,4300.0,False,True
43568903,150388,1327795,502,6198088,Justin Harmon,UTA,PG/SG,4300.0,False,True
43568904,150388,1327795,503,6198088,Justin Harmon,UTA,PG/SG,4300.0,False,True
43568905,150388,1413220,498,6198088,Jaxon Kohler,UTA,SF/PF,4200.0,False,True
43568906,150388,1413220,499,6198088,Jaxon Kohler,UTA,SF/PF,4200.0,False,True
43568907,150388,1413220,501,6198088,Jaxon Kohler,UTA,SF/PF,4200.0,False,True
43568908,150388,1413220,503,6198088,Jaxon Kohler,UTA,SF/PF,4200.0,False,True
43568909,150388,1406916,499,6198088,Mohamed Wague,UTA,PF/C,4000.0,False,True
43568910,150388,1406916,500,6198088,Mohamed Wague,UTA,PF/C,4000.0,False,True
43568911,150388,1406916,501,6198088,Mohamed Wague,UTA,PF/C,4000.0,False,True
43568912,150388,1406916,503,6198088,Mohamed Wague,UTA,PF/C,4000.0,False,True
43568913,150388,1507153,500,6198088,Norris Agbakoko,WAS,C,4600.0,False,True
43568914,150388,1507153,503,6198088,Norris Agbakoko,WAS,C,4600.0,False,True
43568915,150388,1324298,498,6198088,John Camden,WAS,SF/PF,4500.0,False,True
43568916,150388,1324298,499,6198088,John Camden,WAS,SF/PF,4500.0,False,True
43568917,150388,1324298,501,6198088,John Camden,WAS,SF/PF,4500.0,False,True
43568918,150388,1324298,503,6198088,John Camden,WAS,SF/PF,4500.0,False,True
43568919,150388,1323921,498,6198088,Tre Carroll,WAS,SF/PF,4400.0,False,True
43568920,150388,1323921,499,6198088,Tre Carroll,WAS,SF/PF,4400.0,False,True
43568921,150388,1323921,501,6198088,Tre Carroll,WAS,SF/PF,4400.0,False,True
43568922,150388,1323921,503,6198088,Tre Carroll,WAS,SF/PF,4400.0,False,True
43568923,150388,1176723,496,6198088,Damari Monsanto,WAS,PG/SG,4300.0,False,True
43568924,150388,1176723,497,6198088,Damari Monsanto,WAS,PG/SG,4300.0,False,True
43568925,150388,1176723,502,6198088,Damari Monsanto,WAS,PG/SG,4300.0,False,True
43568926,150388,1176723,503,6198088,Damari Monsanto,WAS,PG/SG,4300.0,False,True
43568927,150388,1060982,496,6198088,RJ Nembhard,WAS,PG/SG,4200.0,False,True
43568928,150388,1060982,497,6198088,RJ Nembhard,WAS,PG/SG,4200.0,False,True
43568929,150388,1060982,502,6198088,RJ Nembhard,WAS,PG/SG,4200.0,False,True
43568930,150388,1060982,503,6198088,RJ Nembhard,WAS,PG/SG,4200.0,False,True
43568931,150388,1405037,496,6198088,Seth Trimble,WAS,PG/SG,4100.0,False,True
43568932,150388,1405037,497,6198088,Seth Trimble,WAS,PG/SG,4100.0,False,True
43568933,150388,1405037,502,6198088,Seth Trimble,WAS,PG/SG,4100.0,False,True
43568934,150388,1405037,503,6198088,Seth Trimble,WAS,PG/SG,4100.0,False,True
43568935,150388,1176278,498,6198089,Zach Freemantle,LAC,SF/PF,4500.0,False,True
43568936,150388,1176278,499,6198089,Zach Freemantle,LAC,SF/PF,4500.0,False,True
43568937,150388,1176278,501,6198089,Zach Freemantle,LAC,SF/PF,4500.0,False,True
43568938,150388,1176278,503,6198089,Zach Freemantle,LAC,SF/PF,4500.0,False,True
43568939,150388,1257476,496,6198089,Themus Fulks,LAC,PG/SG,4200.0,False,True
43568940,150388,1257476,497,6198089,Themus Fulks,LAC,PG/SG,4200.0,False,True
43568941,150388,1257476,502,6198089,Themus Fulks,LAC,PG/SG,4200.0,False,True
43568942,150388,1257476,503,6198089,Themus Fulks,LAC,PG/SG,4200.0,False,True
43568943,150388,1402285,496,6198089,Riley Kugel,LAC,PG/SG,4100.0,False,True
43568944,150388,1402285,497,6198089,Riley Kugel,LAC,PG/SG,4100.0,False,True
43568945,150388,1402285,502,6198089,Riley Kugel,LAC,PG/SG,4100.0,False,True
43568946,150388,1402285,503,6198089,Riley Kugel,LAC,PG/SG,4100.0,False,True
43568947,150388,1405367,496,6198089,Fletcher Loyer,LAC,PG/SG,4000.0,False,True
43568948,150388,1405367,497,6198089,Fletcher Loyer,LAC,PG/SG,4000.0,False,True
43568949,150388,1405367,502,6198089,Fletcher Loyer,LAC,PG/SG,4000.0,False,True
43568950,150388,1405367,503,6198089,Fletcher Loyer,LAC,PG/SG,4000.0,False,True
43568951,150388,1401593,496,6198089,Anthony Dell'Orso,SAC,PG/SG,4700.0,False,True
43568952,150388,1401593,497,6198089,Anthony Dell'Orso,SAC,PG/SG,4700.0,False,True
43568953,150388,1401593,502,6198089,Anthony Dell'Orso,SAC,PG/SG,4700.0,False,True
43568954,150388,1401593,503,6198089,Anthony Dell'Orso,SAC,PG/SG,4700.0,False,True
43568955,150388,1405695,496,6198089,B.J. Edwards,SAC,PG/SG,4500.0,False,True
43568956,150388,1405695,497,6198089,B.J. Edwards,SAC,PG/SG,4500.0,False,True
43568957,150388,1405695,502,6198089,B.J. Edwards,SAC,PG/SG,4500.0,False,True
43568958,150388,1405695,503,6198089,B.J. Edwards,SAC,PG/SG,4500.0,False,True
43568959,150388,1236654,500,6198089,Viktor Lakhin,SAC,C,4400.0,False,True
43568960,150388,1236654,503,6198089,Viktor Lakhin,SAC,C,4400.0,False,True
43568961,150388,1532772,496,6198089,Mitch Mascari,SAC,PG/SG,4300.0,False,True
43568962,150388,1532772,497,6198089,Mitch Mascari,SAC,PG/SG,4300.0,False,True
43568963,150388,1532772,502,6198089,Mitch Mascari,SAC,PG/SG,4300.0,False,True
43568964,150388,1532772,503,6198089,Mitch Mascari,SAC,PG/SG,4300.0,False,True
43568965,150388,1536964,498,6198089,Elias Ralph,SAC,SF/PF,4200.0,False,True
43568966,150388,1536964,499,6198089,Elias Ralph,SAC,SF/PF,4200.0,False,True
43568967,150388,1536964,501,6198089,Elias Ralph,SAC,SF/PF,4200.0,False,True
43568968,150388,1536964,503,6198089,Elias Ralph,SAC,SF/PF,4200.0,False,True
43568969,150388,1518772,496,6198089,Isaiah Stevens,SAC,PG/SG,4100.0,False,True
43568970,150388,1518772,497,6198089,Isaiah Stevens,SAC,PG/SG,4100.0,False,True
43568971,150388,1518772,502,6198089,Isaiah Stevens,SAC,PG/SG,4100.0,False,True
43568972,150388,1518772,503,6198089,Isaiah Stevens,SAC,PG/SG,4100.0,False,True
43568973,150388,1406775,498,6198089,Marquel Sutton,SAC,SF/PF,4000.0,False,True
43568974,150388,1406775,499,6198089,Marquel Sutton,SAC,SF/PF,4000.0,False,True
43568975,150388,1406775,501,6198089,Marquel Sutton,SAC,SF/PF,4000.0,False,True
43568976,150388,1406775,503,6198089,Marquel Sutton,SAC,SF/PF,4000.0,False,True
43568977,150389,1591016,494,6198089,Darius Acuff Jr.,SAC,PG,10400.0,False,True
43568978,150389,1589783,494,6198089,Keaton Wagler,LAC,SG,10000.0,False,True
43568979,150389,1326453,494,6198089,Maxime Raynaud,SAC,C,9600.0,False,True
43568980,150389,1232529,494,6198089,Nique Clifford,SAC,SG/SF,9200.0,False,True
43568981,150389,1460155,494,6198089,Cam Christie,LAC,SG,9000.0,False,True
43568982,150389,1231938,494,6198089,Kobe Sanders,LAC,SG,8400.0,False,True
43568983,150389,1404902,494,6198089,Jonathan Mogbo,SAC,SF/PF,7400.0,False,True
43568984,150389,1136581,494,6198089,Adam Flagler,SAC,PG/SG,6600.0,False,True
43568985,150389,1251665,494,6198089,Dylan Cardwell,SAC,C,6200.0,False,True
43568986,150389,1403617,494,6198089,Emanuel Sharp,SAC,SG,5800.0,False,True
43568987,150389,1365403,494,6198089,Alex Karaban,SAC,SF,5400.0,False,True
43568988,150389,1405312,494,6198089,Nick Martinelli,LAC,SF,5000.0,False,True
43568989,150389,1402304,494,6198089,Baba Miller,LAC,PF,4800.0,False,True
43568990,150389,1232447,494,6198089,Jahmyl Telfort,LAC,SF/PF,4400.0,False,True
43568991,150389,1326079,494,6198089,Sean Pedulla,LAC,PG/SG,3600.0,False,True
43568992,150389,1231386,494,6198089,Norchad Omier,LAC,SF/PF,3400.0,False,True
43568993,150389,1401593,494,6198089,Anthony Dell'Orso,SAC,PG/SG,3200.0,False,True
43568994,150389,1345658,494,6198089,Jamarion Sharp,SAC,SF/PF,3000.0,False,True
43568995,150389,1405695,494,6198089,B.J. Edwards,SAC,PG/SG,3000.0,False,True
43568996,150389,1176278,494,6198089,Zach Freemantle,LAC,SF/PF,2800.0,False,True
43568997,150389,1236654,494,6198089,Viktor Lakhin,SAC,C,2800.0,False,True
43568998,150389,1532772,494,6198089,Mitch Mascari,SAC,PG/SG,2600.0,False,True
43568999,150389,1257476,494,6198089,Themus Fulks,LAC,PG/SG,2400.0,False,True
43569000,150389,1536964,494,6198089,Elias Ralph,SAC,SF/PF,2400.0,False,True
43569001,150389,1402285,494,6198089,Riley Kugel,LAC,PG/SG,2200.0,False,True
43569002,150389,1518772,494,6198089,Isaiah Stevens,SAC,PG/SG,2200.0,False,True
43569003,150389,1405367,494,6198089,Fletcher Loyer,LAC,PG/SG,2000.0,False,True
43569004,150389,1406775,494,6198089,Marquel Sutton,SAC,SF/PF,2000.0,False,True
43569005,150389,1591016,495,6198089,Darius Acuff Jr.,SAC,PG,15600.0,False,True
43569006,150389,1589783,495,6198089,Keaton Wagler,LAC,SG,15000.0,False,True
43569007,150389,1326453,495,6198089,Maxime Raynaud,SAC,C,14400.0,False,True
43569008,150389,1232529,495,6198089,Nique Clifford,SAC,SG/SF,13800.0,False,True
43569009,150389,1460155,495,6198089,Cam Christie,LAC,SG,13500.0,False,True
43569010,150389,1231938,495,6198089,Kobe Sanders,LAC,SG,12600.0,False,True
43569011,150389,1404902,495,6198089,Jonathan Mogbo,SAC,SF/PF,11100.0,False,True
43569012,150389,1136581,495,6198089,Adam Flagler,SAC,PG/SG,9900.0,False,True
43569013,150389,1251665,495,6198089,Dylan Cardwell,SAC,C,9300.0,False,True
43569014,150389,1403617,495,6198089,Emanuel Sharp,SAC,SG,8700.0,False,True
43569015,150389,1365403,495,6198089,Alex Karaban,SAC,SF,8100.0,False,True
43569016,150389,1405312,495,6198089,Nick Martinelli,LAC,SF,7500.0,False,True
43569017,150389,1402304,495,6198089,Baba Miller,LAC,PF,7200.0,False,True
43569018,150389,1232447,495,6198089,Jahmyl Telfort,LAC,SF/PF,6600.0,False,True
43569019,150389,1326079,495,6198089,Sean Pedulla,LAC,PG/SG,5400.0,False,True
43569020,150389,1231386,495,6198089,Norchad Omier,LAC,SF/PF,5100.0,False,True
43569021,150389,1401593,495,6198089,Anthony Dell'Orso,SAC,PG/SG,4800.0,False,True
43569022,150389,1345658,495,6198089,Jamarion Sharp,SAC,SF/PF,4500.0,False,True
43569023,150389,1405695,495,6198089,B.J. Edwards,SAC,PG/SG,4500.0,False,True
43569024,150389,1176278,495,6198089,Zach Freemantle,LAC,SF/PF,4200.0,False,True
43569025,150389,1236654,495,6198089,Viktor Lakhin,SAC,C,4200.0,False,True
43569026,150389,1532772,495,6198089,Mitch Mascari,SAC,PG/SG,3900.0,False,True
43569027,150389,1257476,495,6198089,Themus Fulks,LAC,PG/SG,3600.0,False,True
43569028,150389,1536964,495,6198089,Elias Ralph,SAC,SF/PF,3600.0,False,True
43569029,150389,1402285,495,6198089,Riley Kugel,LAC,PG/SG,3300.0,False,True
43569030,150389,1518772,495,6198089,Isaiah Stevens,SAC,PG/SG,3300.0,False,True
43569031,150389,1405367,495,6198089,Fletcher Loyer,LAC,PG/SG,3000.0,False,True
43569032,150389,1406775,495,6198089,Marquel Sutton,SAC,SF/PF,3000.0,False,True
