draftable_id,draft_group_id,player_id,roster_slot_id,competition_id,name,team,position_name,salary,is_disabled,is_swappable
43603085,150811,1238619,225,6163189,Caitlin Clark,IND,PG/SG,11600.0,False,True
43603086,150811,1238619,227,6163189,Caitlin Clark,IND,PG/SG,11600.0,False,True
43603087,150811,477107,226,6163188,Nneka Ogwumike,LAS,SF/PF,11400.0,False,True
43603088,150811,477107,227,6163188,Nneka Ogwumike,LAS,SF/PF,11400.0,False,True
43603089,150811,1192647,226,6163189,Aliyah Boston,IND,SF/PF,11200.0,False,True
43603090,150811,1192647,227,6163189,Aliyah Boston,IND,SF/PF,11200.0,False,True
43603091,150811,790367,225,6163188,Kelsey Plum,LAS,PG/SG,10900.0,False,True
43603092,150811,790367,227,6163188,Kelsey Plum,LAS,PG/SG,10900.0,False,True
43603093,150811,839540,225,6163189,Kelsey Mitchell,IND,PG/SG,10600.0,False,True
43603094,150811,839540,227,6163189,Kelsey Mitchell,IND,PG/SG,10600.0,False,True
43603095,150811,574059,226,6163188,Natasha Howard,MIN,SF/PF,10500.0,False,True
43603096,150811,574059,227,6163188,Natasha Howard,MIN,SF/PF,10500.0,False,True
43603097,150811,1268935,225,6163188,Olivia Miles,MIN,PG/SG,10400.0,False,True
43603098,150811,1268935,227,6163188,Olivia Miles,MIN,PG/SG,10400.0,False,True
43603099,150811,880871,226,6163188,Napheesa Collier,MIN,SF/PF,10300.0,False,True
43603100,150811,880871,227,6163188,Napheesa Collier,MIN,SF/PF,10300.0,False,True
43603101,150811,604730,226,6163188,Dearica Hamby,LAS,SF/PF,10100.0,False,True
43603102,150811,604730,227,6163188,Dearica Hamby,LAS,SF/PF,10100.0,False,True
43603103,150811,1238798,226,6163185,Kamilla Cardoso,CHI,SF/PF,10000.0,False,True
43603104,150811,1238798,227,6163185,Kamilla Cardoso,CHI,SF/PF,10000.0,False,True
43603105,150811,574369,225,6163188,Kayla McBride,MIN,PG/SG,9900.0,False,True
43603106,150811,574369,227,6163188,Kayla McBride,MIN,PG/SG,9900.0,False,True
43603107,150811,883614,225,6163185,Natisha Hiedeman,SEA,PG/SG,9600.0,False,True
43603108,150811,883614,227,6163185,Natisha Hiedeman,SEA,PG/SG,9600.0,False,True
43603109,150811,1511557,226,6163185,Dominique Malonga,SEA,SF/PF,9500.0,False,True
43603110,150811,1511557,227,6163185,Dominique Malonga,SEA,SF/PF,9500.0,False,True
43603111,150811,695504,225,6163188,Courtney Williams,MIN,PG/SG,9300.0,False,True
43603112,150811,695504,227,6163188,Courtney Williams,MIN,PG/SG,9300.0,False,True
43603113,150811,833156,226,6163185,Azura Stevens,CHI,SF/PF,9200.0,False,True
43603114,150811,833156,227,6163185,Azura Stevens,CHI,SF/PF,9200.0,False,True
43603115,150811,1127174,225,6163189,Veronica Burton,GSV,PG/SG,9000.0,False,True
43603116,150811,1127174,227,6163189,Veronica Burton,GSV,PG/SG,9000.0,False,True
43603117,150811,1409434,225,6163185,Flau'Jae Johnson,SEA,PG/SG,8900.0,False,True
43603118,150811,1409434,227,6163185,Flau'Jae Johnson,SEA,PG/SG,8900.0,False,True
43603119,150811,520283,225,6163185,Skylar Diggins,CHI,PG/SG,8700.0,False,True
43603120,150811,520283,227,6163185,Skylar Diggins,CHI,PG/SG,8700.0,False,True
43603121,150811,839859,226,6163189,Gabby Williams,GSV,SF/PF,8600.0,False,True
43603122,150811,839859,227,6163189,Gabby Williams,GSV,SF/PF,8600.0,False,True
43603123,150811,1514656,226,6163185,Awa Fam,SEA,SF/PF,8200.0,False,True
43603124,150811,1514656,227,6163185,Awa Fam,SEA,SF/PF,8200.0,False,True
43603125,150811,1511559,226,6163189,Janelle Salaun,GSV,SF/PF,8100.0,False,True
43603126,150811,1511559,227,6163189,Janelle Salaun,GSV,SF/PF,8100.0,False,True
43603127,150811,572456,225,6163185,Natasha Cloud,CHI,PG/SG,8000.0,False,True
43603128,150811,572456,227,6163185,Natasha Cloud,CHI,PG/SG,8000.0,False,True
43603129,150811,747542,226,6163188,Nia Coffey,MIN,SF/PF,7900.0,False,True
43603130,150811,747542,227,6163188,Nia Coffey,MIN,SF/PF,7900.0,False,True
43603131,150811,1138640,225,6163188,Rae Burrell,LAS,PG/SG,7300.0,False,True
43603132,150811,1138640,227,6163188,Rae Burrell,LAS,PG/SG,7300.0,False,True
43603133,150811,520294,225,6163188,Erica Wheeler,LAS,PG/SG,7200.0,False,True
43603134,150811,520294,227,6163188,Erica Wheeler,LAS,PG/SG,7200.0,False,True
43603135,150811,834728,225,6163188,Ariel Atkins,LAS,PG/SG,7100.0,False,True
43603136,150811,834728,227,6163188,Ariel Atkins,LAS,PG/SG,7100.0,False,True
43603137,150811,1182914,225,6163185,Sydney Taylor,CHI,PG/SG,7000.0,False,True
43603138,150811,1182914,227,6163185,Sydney Taylor,CHI,PG/SG,7000.0,False,True
43603139,150811,570043,226,6163189,Kayla Thornton,GSV,SF/PF,6900.0,False,True
43603140,150811,570043,227,6163189,Kayla Thornton,GSV,SF/PF,6900.0,False,True
43603141,150811,1238540,226,6163188,Cameron Brink,LAS,SF/PF,6500.0,False,True
43603142,150811,1238540,227,6163188,Cameron Brink,LAS,SF/PF,6500.0,False,True
43603143,150811,849343,226,6163189,Monique Billings,IND,SF/PF,6400.0,False,True
43603144,150811,849343,227,6163189,Monique Billings,IND,SF/PF,6400.0,False,True
43603145,150811,619369,226,6163189,Kiah Stokes,GSV,SF/PF,6200.0,False,True
43603146,150811,619369,227,6163189,Kiah Stokes,GSV,SF/PF,6200.0,False,True
43603147,150811,411926,225,6163185,Courtney Vandersloot,CHI,PG/SG,6100.0,False,True
43603148,150811,411926,227,6163185,Courtney Vandersloot,CHI,PG/SG,6100.0,False,True
43603149,150811,1165026,226,6163185,Ezi Magbegor,SEA,SF/PF,6000.0,False,True
43603150,150811,1165026,227,6163185,Ezi Magbegor,SEA,SF/PF,6000.0,False,True
43603151,150811,945094,225,6163189,Kaila Charles,GSV,PG/SG,5900.0,False,True
43603152,150811,945094,227,6163189,Kaila Charles,GSV,PG/SG,5900.0,False,True
43603153,150811,1383345,225,6163185,Jade Melbourne,SEA,PG/SG,5800.0,False,True
43603154,150811,1383345,227,6163185,Jade Melbourne,SEA,PG/SG,5800.0,False,True
43603155,150811,883559,225,6163189,Sophie Cunningham,IND,PG/SG,5700.0,False,True
43603156,150811,883559,227,6163189,Sophie Cunningham,IND,PG/SG,5700.0,False,True
43603157,150811,1074085,226,6163189,Cecilia Zandalasini,GSV,SF/PF,5600.0,False,True
43603158,150811,1074085,227,6163189,Cecilia Zandalasini,GSV,SF/PF,5600.0,False,True
43603159,150811,946830,225,6163189,Tyasha Harris,IND,PG/SG,5500.0,False,True
43603160,150811,946830,227,6163189,Tyasha Harris,IND,PG/SG,5500.0,False,True
43603161,150811,1132742,225,6163189,Lexie Hull,IND,PG/SG,5400.0,False,True
43603162,150811,1132742,227,6163189,Lexie Hull,IND,PG/SG,5400.0,False,True
43603163,150811,1410346,225,6163185,Gabriela Jaquez,CHI,PG/SG,5300.0,False,True
43603164,150811,1410346,227,6163185,Gabriela Jaquez,CHI,PG/SG,5300.0,False,True
43603165,150811,1138482,226,6163188,Dorka Juhasz,MIN,SF/PF,5200.0,False,True
43603166,150811,1138482,227,6163188,Dorka Juhasz,MIN,SF/PF,5200.0,False,True
43603167,150811,1192652,226,6163189,Laeticia Amihere,GSV,SF/PF,5100.0,False,True
43603168,150811,1192652,227,6163189,Laeticia Amihere,GSV,SF/PF,5100.0,False,True
43603169,150811,473026,225,6163189,Tiffany Hayes,GSV,PG/SG,5000.0,False,True
43603170,150811,473026,227,6163189,Tiffany Hayes,GSV,PG/SG,5000.0,False,True
43603171,150811,945691,225,6163185,DiJonai Carrington,CHI,PG/SG,4900.0,False,True
43603172,150811,945691,227,6163185,DiJonai Carrington,CHI,PG/SG,4900.0,False,True
43603173,150811,1346972,225,6163189,Kaitlyn Chen,GSV,PG/SG,4800.0,False,True
43603174,150811,1346972,227,6163189,Kaitlyn Chen,GSV,PG/SG,4800.0,False,True
43603175,150811,1178919,225,6163185,Jacy Sheldon,CHI,PG/SG,4700.0,False,True
43603176,150811,1178919,227,6163185,Jacy Sheldon,CHI,PG/SG,4700.0,False,True
43603177,150811,1338492,225,6163189,Raven Johnson,IND,PG/SG,4600.0,False,True
43603178,150811,1338492,227,6163189,Raven Johnson,IND,PG/SG,4600.0,False,True
43603179,150811,853608,226,6163189,Myisha Hines-Allen,IND,SF/PF,4500.0,False,True
43603180,150811,853608,227,6163189,Myisha Hines-Allen,IND,SF/PF,4500.0,False,True
43603181,150811,619511,226,6163185,Elizabeth Williams,CHI,SF/PF,4400.0,False,True
43603182,150811,619511,227,6163185,Elizabeth Williams,CHI,SF/PF,4400.0,False,True
43603183,150811,1179124,226,6163185,Jordan Horston,SEA,SF/PF,4300.0,False,True
43603184,150811,1179124,227,6163185,Jordan Horston,SEA,SF/PF,4300.0,False,True
43603185,150811,1343042,226,6163189,Makayla Timpson,IND,SF/PF,4200.0,False,True
43603186,150811,1343042,227,6163189,Makayla Timpson,IND,SF/PF,4200.0,False,True
43603187,150811,1313708,225,6163188,Antonia Delaere,MIN,PG/SG,4100.0,False,True
43603188,150811,1313708,227,6163188,Antonia Delaere,MIN,PG/SG,4100.0,False,True
43603189,150811,1192640,225,6163185,Zia Cooke,SEA,PG/SG,4000.0,False,True
43603190,150811,1192640,227,6163185,Zia Cooke,SEA,PG/SG,4000.0,False,True
43603191,150811,880872,226,6163185,Katie Lou Samuelson,SEA,SF/PF,3900.0,False,True
43603192,150811,880872,227,6163185,Katie Lou Samuelson,SEA,SF/PF,3900.0,False,True
43603193,150811,411640,226,6163188,Emma Cannon,LAS,SF/PF,3800.0,False,True
43603194,150811,411640,227,6163188,Emma Cannon,LAS,SF/PF,3800.0,False,True
43603195,150811,1062313,225,6163188,Maya Caldwell,MIN,PG/SG,3700.0,False,True
43603196,150811,1062313,227,6163188,Maya Caldwell,MIN,PG/SG,3700.0,False,True
43603197,150811,1080001,225,6163188,Kiana Williams,LAS,PG/SG,3600.0,False,True
43603198,150811,1080001,227,6163188,Kiana Williams,LAS,PG/SG,3600.0,False,True
43603199,150811,573848,226,6163185,Stefanie Dolson,SEA,SF/PF,3500.0,False,True
43603200,150811,573848,227,6163185,Stefanie Dolson,SEA,SF/PF,3500.0,False,True
43603201,150811,1237366,225,6163185,Aicha Coulibaly,CHI,PG/SG,3400.0,False,True
43603202,150811,1237366,227,6163185,Aicha Coulibaly,CHI,PG/SG,3400.0,False,True
43603203,150811,1293081,226,6163188,Jihyun Park,LAS,SF/PF,3400.0,False,True
43603204,150811,1293081,227,6163188,Jihyun Park,LAS,SF/PF,3400.0,False,True
43603205,150811,620680,225,6163185,Rachel Banham,CHI,PG/SG,3300.0,False,True
43603206,150811,620680,227,6163185,Rachel Banham,CHI,PG/SG,3300.0,False,True
43603207,150811,1239671,226,6163185,Maddy Westbeld,CHI,SF/PF,3300.0,False,True
43603208,150811,1239671,227,6163185,Maddy Westbeld,CHI,SF/PF,3300.0,False,True
43603209,150811,1646983,225,6163188,Eliska Hamzova,MIN,PG/SG,3200.0,False,True
43603210,150811,1646983,227,6163188,Eliska Hamzova,MIN,PG/SG,3200.0,False,True
43603211,150811,1236981,226,6163188,Liatu King,MIN,SF/PF,3200.0,False,True
43603212,150811,1236981,227,6163188,Liatu King,MIN,SF/PF,3200.0,False,True
43603213,150811,1582293,226,6163188,Anastasiia Olairi Kosu,MIN,SF/PF,3200.0,False,True
43603214,150811,1582293,227,6163188,Anastasiia Olairi Kosu,MIN,SF/PF,3200.0,False,True
43603215,150811,1409718,225,6163188,Chance Gray,LAS,PG/SG,3100.0,False,True
43603216,150811,1409718,227,6163188,Chance Gray,LAS,PG/SG,3100.0,False,True
43603217,150811,1178630,226,6163185,Mackenzie Holmes,SEA,SF/PF,3100.0,False,True
43603218,150811,1178630,227,6163185,Mackenzie Holmes,SEA,SF/PF,3100.0,False,True
43603219,150811,1127118,225,6163188,Kate Martin,LAS,PG/SG,3000.0,False,True
43603220,150811,1127118,227,6163188,Kate Martin,LAS,PG/SG,3000.0,False,True
43603221,150811,1079911,226,6163185,Chloe Bibby,CHI,SF/PF,3000.0,False,True
43603222,150811,1079911,227,6163185,Chloe Bibby,CHI,SF/PF,3000.0,False,True
43603223,150811,1179099,226,6163185,Rickea Jackson,CHI,SF/PF,3000.0,False,True
43603224,150811,1179099,227,6163185,Rickea Jackson,CHI,SF/PF,3000.0,False,True
43603225,150811,1338491,225,6163189,Bree Hall,IND,PG/SG,3000.0,False,True
43603226,150811,1338491,227,6163189,Bree Hall,IND,PG/SG,3000.0,False,True
43603227,150811,1646982,226,6163188,Emma Cechova,MIN,SF/PF,3000.0,False,True
43603228,150811,1646982,227,6163188,Emma Cechova,MIN,SF/PF,3000.0,False,True
43603229,150811,1408734,225,6163185,Taina Mair,SEA,PG/SG,3000.0,False,True
43603230,150811,1408734,227,6163185,Taina Mair,SEA,PG/SG,3000.0,False,True
43603231,150811,1646923,225,6163189,Miela Sowah,GSV,PG/SG,3000.0,False,True
43603232,150811,1646923,227,6163189,Miela Sowah,GSV,PG/SG,3000.0,False,True
43603233,150811,654576,226,6163189,Damiris Dantas,IND,SF/PF,3000.0,False,True
43603234,150811,654576,227,6163189,Damiris Dantas,IND,SF/PF,3000.0,False,True
43603235,150811,1409724,226,6163189,Grace VanSlooten,IND,SF/PF,3000.0,False,True
43603236,150811,1409724,227,6163189,Grace VanSlooten,IND,SF/PF,3000.0,False,True
43603237,150811,1329658,226,6163185,Taylor Thierry,SEA,SF/PF,3000.0,False,True
43603238,150811,1329658,227,6163185,Taylor Thierry,SEA,SF/PF,3000.0,False,True
43603239,150811,945689,226,6163189,Nadia Fingall,GSV,SF/PF,3000.0,False,True
43603240,150811,945689,227,6163189,Nadia Fingall,GSV,SF/PF,3000.0,False,True
43603241,150811,1582285,226,6163189,Juste Jocyte,GSV,SF/PF,3000.0,False,True
43603242,150811,1582285,227,6163189,Juste Jocyte,GSV,SF/PF,3000.0,False,True
43603243,150811,1178972,226,6163188,Alissa Pili,LAS,SF/PF,3000.0,False,True
43603244,150811,1178972,227,6163188,Alissa Pili,LAS,SF/PF,3000.0,False,True
43603245,150811,1189691,226,6163189,Ashten Prechtel,GSV,SF/PF,3000.0,False,True
43603246,150811,1189691,227,6163189,Ashten Prechtel,GSV,SF/PF,3000.0,False,True
43603247,150811,1282439,226,6163189,Iliana Rupert,GSV,SF/PF,3000.0,False,True
43603248,150811,1282439,227,6163189,Iliana Rupert,GSV,SF/PF,3000.0,False,True
43603249,150812,1238619,464,6163189,Caitlin Clark,IND,PG,,False,False
43603250,150812,1238619,465,6163189,Caitlin Clark,IND,PG,,False,False
43603251,150812,1238619,636,6163189,Caitlin Clark,IND,PG,,False,False
43603252,150812,477107,633,6163188,Nneka Ogwumike,LAS,SF,,False,False
43603253,150812,477107,465,6163188,Nneka Ogwumike,LAS,SF,,False,False
43603254,150812,477107,636,6163188,Nneka Ogwumike,LAS,SF,,False,False
43603255,150812,1192647,633,6163189,Aliyah Boston,IND,SF,,False,False
43603256,150812,1192647,465,6163189,Aliyah Boston,IND,SF,,False,False
43603257,150812,1192647,636,6163189,Aliyah Boston,IND,SF,,False,False
43603258,150812,790367,464,6163188,Kelsey Plum,LAS,PG,,False,False
43603259,150812,790367,465,6163188,Kelsey Plum,LAS,PG,,False,False
43603260,150812,790367,636,6163188,Kelsey Plum,LAS,PG,,False,False
43603261,150812,839540,464,6163189,Kelsey Mitchell,IND,PG,,False,False
43603262,150812,839540,465,6163189,Kelsey Mitchell,IND,PG,,False,False
43603263,150812,839540,636,6163189,Kelsey Mitchell,IND,PG,,False,False
43603264,150812,574059,633,6163188,Natasha Howard,MIN,SF,,False,False
43603265,150812,574059,465,6163188,Natasha Howard,MIN,SF,,False,False
43603266,150812,574059,636,6163188,Natasha Howard,MIN,SF,,False,False
43603267,150812,1268935,464,6163188,Olivia Miles,MIN,PG,,False,False
43603268,150812,1268935,465,6163188,Olivia Miles,MIN,PG,,False,False
43603269,150812,1268935,636,6163188,Olivia Miles,MIN,PG,,False,False
43603270,150812,880871,633,6163188,Napheesa Collier,MIN,SF,,False,False
43603271,150812,880871,465,6163188,Napheesa Collier,MIN,SF,,False,False
43603272,150812,880871,636,6163188,Napheesa Collier,MIN,SF,,False,False
43603273,150812,604730,633,6163188,Dearica Hamby,LAS,SF,,False,False
43603274,150812,604730,465,6163188,Dearica Hamby,LAS,SF,,False,False
43603275,150812,604730,636,6163188,Dearica Hamby,LAS,SF,,False,False
43603276,150812,1238798,633,6163185,Kamilla Cardoso,CHI,SF,,False,False
43603277,150812,1238798,465,6163185,Kamilla Cardoso,CHI,SF,,False,False
43603278,150812,1238798,636,6163185,Kamilla Cardoso,CHI,SF,,False,False
43603279,150812,574369,464,6163188,Kayla McBride,MIN,PG,,False,False
43603280,150812,574369,465,6163188,Kayla McBride,MIN,PG,,False,False
43603281,150812,574369,636,6163188,Kayla McBride,MIN,PG,,False,False
43603282,150812,883614,464,6163185,Natisha Hiedeman,SEA,PG,,False,False
43603283,150812,883614,465,6163185,Natisha Hiedeman,SEA,PG,,False,False
43603284,150812,883614,636,6163185,Natisha Hiedeman,SEA,PG,,False,False
43603285,150812,1511557,633,6163185,Dominique Malonga,SEA,SF,,False,False
43603286,150812,1511557,465,6163185,Dominique Malonga,SEA,SF,,False,False
43603287,150812,1511557,636,6163185,Dominique Malonga,SEA,SF,,False,False
43603288,150812,695504,464,6163188,Courtney Williams,MIN,PG,,False,False
43603289,150812,695504,465,6163188,Courtney Williams,MIN,PG,,False,False
43603290,150812,695504,636,6163188,Courtney Williams,MIN,PG,,False,False
43603291,150812,833156,633,6163185,Azura Stevens,CHI,SF,,False,False
43603292,150812,833156,465,6163185,Azura Stevens,CHI,SF,,False,False
43603293,150812,833156,636,6163185,Azura Stevens,CHI,SF,,False,False
43603294,150812,1127174,464,6163189,Veronica Burton,GSV,PG,,False,False
43603295,150812,1127174,465,6163189,Veronica Burton,GSV,PG,,False,False
43603296,150812,1127174,636,6163189,Veronica Burton,GSV,PG,,False,False
43603297,150812,1409434,464,6163185,Flau'Jae Johnson,SEA,PG,,False,False
43603298,150812,1409434,465,6163185,Flau'Jae Johnson,SEA,PG,,False,False
43603299,150812,1409434,636,6163185,Flau'Jae Johnson,SEA,PG,,False,False
43603300,150812,520283,464,6163185,Skylar Diggins,CHI,PG,,False,False
43603301,150812,520283,465,6163185,Skylar Diggins,CHI,PG,,False,False
43603302,150812,520283,636,6163185,Skylar Diggins,CHI,PG,,False,False
43603303,150812,839859,633,6163189,Gabby Williams,GSV,SF,,False,False
43603304,150812,839859,465,6163189,Gabby Williams,GSV,SF,,False,False
43603305,150812,839859,636,6163189,Gabby Williams,GSV,SF,,False,False
43603306,150812,1514656,633,6163185,Awa Fam,SEA,SF,,False,False
43603307,150812,1514656,465,6163185,Awa Fam,SEA,SF,,False,False
43603308,150812,1514656,636,6163185,Awa Fam,SEA,SF,,False,False
43603309,150812,1511559,633,6163189,Janelle Salaun,GSV,SF,,False,False
43603310,150812,1511559,465,6163189,Janelle Salaun,GSV,SF,,False,False
43603311,150812,1511559,636,6163189,Janelle Salaun,GSV,SF,,False,False
43603312,150812,572456,464,6163185,Natasha Cloud,CHI,PG,,False,False
43603313,150812,572456,465,6163185,Natasha Cloud,CHI,PG,,False,False
43603314,150812,572456,636,6163185,Natasha Cloud,CHI,PG,,False,False
43603315,150812,747542,633,6163188,Nia Coffey,MIN,SF,,False,False
43603316,150812,747542,465,6163188,Nia Coffey,MIN,SF,,False,False
43603317,150812,747542,636,6163188,Nia Coffey,MIN,SF,,False,False
43603318,150812,1138640,464,6163188,Rae Burrell,LAS,PG,,False,False
43603319,150812,1138640,465,6163188,Rae Burrell,LAS,PG,,False,False
43603320,150812,1138640,636,6163188,Rae Burrell,LAS,PG,,False,False
43603321,150812,520294,464,6163188,Erica Wheeler,LAS,PG,,False,False
43603322,150812,520294,465,6163188,Erica Wheeler,LAS,PG,,False,False
43603323,150812,520294,636,6163188,Erica Wheeler,LAS,PG,,False,False
43603324,150812,834728,464,6163188,Ariel Atkins,LAS,PG,,False,False
43603325,150812,834728,465,6163188,Ariel Atkins,LAS,PG,,False,False
43603326,150812,834728,636,6163188,Ariel Atkins,LAS,PG,,False,False
43603327,150812,1182914,464,6163185,Sydney Taylor,CHI,PG,,False,False
43603328,150812,1182914,465,6163185,Sydney Taylor,CHI,PG,,False,False
43603329,150812,1182914,636,6163185,Sydney Taylor,CHI,PG,,False,False
43603330,150812,570043,633,6163189,Kayla Thornton,GSV,SF,,False,False
43603331,150812,570043,465,6163189,Kayla Thornton,GSV,SF,,False,False
43603332,150812,570043,636,6163189,Kayla Thornton,GSV,SF,,False,False
43603333,150812,1238540,633,6163188,Cameron Brink,LAS,SF,,False,False
43603334,150812,1238540,465,6163188,Cameron Brink,LAS,SF,,False,False
43603335,150812,1238540,636,6163188,Cameron Brink,LAS,SF,,False,False
43603336,150812,849343,633,6163189,Monique Billings,IND,SF,,False,False
43603337,150812,849343,465,6163189,Monique Billings,IND,SF,,False,False
43603338,150812,849343,636,6163189,Monique Billings,IND,SF,,False,False
43603339,150812,619369,633,6163189,Kiah Stokes,GSV,SF,,False,False
43603340,150812,619369,465,6163189,Kiah Stokes,GSV,SF,,False,False
43603341,150812,619369,636,6163189,Kiah Stokes,GSV,SF,,False,False
43603342,150812,411926,464,6163185,Courtney Vandersloot,CHI,PG,,False,False
43603343,150812,411926,465,6163185,Courtney Vandersloot,CHI,PG,,False,False
43603344,150812,411926,636,6163185,Courtney Vandersloot,CHI,PG,,False,False
43603345,150812,1165026,633,6163185,Ezi Magbegor,SEA,SF,,False,False
43603346,150812,1165026,465,6163185,Ezi Magbegor,SEA,SF,,False,False
43603347,150812,1165026,636,6163185,Ezi Magbegor,SEA,SF,,False,False
43603348,150812,945094,464,6163189,Kaila Charles,GSV,PG,,False,False
43603349,150812,945094,465,6163189,Kaila Charles,GSV,PG,,False,False
43603350,150812,945094,636,6163189,Kaila Charles,GSV,PG,,False,False
43603351,150812,1383345,464,6163185,Jade Melbourne,SEA,PG,,False,False
43603352,150812,1383345,465,6163185,Jade Melbourne,SEA,PG,,False,False
43603353,150812,1383345,636,6163185,Jade Melbourne,SEA,PG,,False,False
43603354,150812,883559,464,6163189,Sophie Cunningham,IND,PG,,False,False
43603355,150812,883559,465,6163189,Sophie Cunningham,IND,PG,,False,False
43603356,150812,883559,636,6163189,Sophie Cunningham,IND,PG,,False,False
43603357,150812,1074085,633,6163189,Cecilia Zandalasini,GSV,SF,,False,False
43603358,150812,1074085,465,6163189,Cecilia Zandalasini,GSV,SF,,False,False
43603359,150812,1074085,636,6163189,Cecilia Zandalasini,GSV,SF,,False,False
43603360,150812,946830,464,6163189,Tyasha Harris,IND,PG,,False,False
43603361,150812,946830,465,6163189,Tyasha Harris,IND,PG,,False,False
43603362,150812,946830,636,6163189,Tyasha Harris,IND,PG,,False,False
43603363,150812,1132742,464,6163189,Lexie Hull,IND,PG,,False,False
43603364,150812,1132742,465,6163189,Lexie Hull,IND,PG,,False,False
43603365,150812,1132742,636,6163189,Lexie Hull,IND,PG,,False,False
43603366,150812,1410346,464,6163185,Gabriela Jaquez,CHI,PG,,False,False
43603367,150812,1410346,465,6163185,Gabriela Jaquez,CHI,PG,,False,False
43603368,150812,1410346,636,6163185,Gabriela Jaquez,CHI,PG,,False,False
43603369,150812,1138482,633,6163188,Dorka Juhasz,MIN,SF,,False,False
43603370,150812,1138482,465,6163188,Dorka Juhasz,MIN,SF,,False,False
43603371,150812,1138482,636,6163188,Dorka Juhasz,MIN,SF,,False,False
43603372,150812,1192652,633,6163189,Laeticia Amihere,GSV,SF,,False,False
43603373,150812,1192652,465,6163189,Laeticia Amihere,GSV,SF,,False,False
43603374,150812,1192652,636,6163189,Laeticia Amihere,GSV,SF,,False,False
43603375,150812,473026,464,6163189,Tiffany Hayes,GSV,PG,,False,False
43603376,150812,473026,465,6163189,Tiffany Hayes,GSV,PG,,False,False
43603377,150812,473026,636,6163189,Tiffany Hayes,GSV,PG,,False,False
43603378,150812,945691,464,6163185,DiJonai Carrington,CHI,PG,,False,False
43603379,150812,945691,465,6163185,DiJonai Carrington,CHI,PG,,False,False
43603380,150812,945691,636,6163185,DiJonai Carrington,CHI,PG,,False,False
43603381,150812,1346972,464,6163189,Kaitlyn Chen,GSV,PG,,False,False
43603382,150812,1346972,465,6163189,Kaitlyn Chen,GSV,PG,,False,False
43603383,150812,1346972,636,6163189,Kaitlyn Chen,GSV,PG,,False,False
43603384,150812,1178919,464,6163185,Jacy Sheldon,CHI,PG,,False,False
43603385,150812,1178919,465,6163185,Jacy Sheldon,CHI,PG,,False,False
43603386,150812,1178919,636,6163185,Jacy Sheldon,CHI,PG,,False,False
43603387,150812,1338492,464,6163189,Raven Johnson,IND,PG,,False,False
43603388,150812,1338492,465,6163189,Raven Johnson,IND,PG,,False,False
43603389,150812,1338492,636,6163189,Raven Johnson,IND,PG,,False,False
43603390,150812,853608,633,6163189,Myisha Hines-Allen,IND,SF,,False,False
43603391,150812,853608,465,6163189,Myisha Hines-Allen,IND,SF,,False,False
43603392,150812,853608,636,6163189,Myisha Hines-Allen,IND,SF,,False,False
43603393,150812,619511,633,6163185,Elizabeth Williams,CHI,SF,,False,False
43603394,150812,619511,465,6163185,Elizabeth Williams,CHI,SF,,False,False
43603395,150812,619511,636,6163185,Elizabeth Williams,CHI,SF,,False,False
43603396,150812,1179124,633,6163185,Jordan Horston,SEA,SF,,False,False
43603397,150812,1179124,465,6163185,Jordan Horston,SEA,SF,,False,False
43603398,150812,1179124,636,6163185,Jordan Horston,SEA,SF,,False,False
43603399,150812,1343042,633,6163189,Makayla Timpson,IND,SF,,False,False
43603400,150812,1343042,465,6163189,Makayla Timpson,IND,SF,,False,False
43603401,150812,1343042,636,6163189,Makayla Timpson,IND,SF,,False,False
43603402,150812,1313708,464,6163188,Antonia Delaere,MIN,PG,,False,False
43603403,150812,1313708,465,6163188,Antonia Delaere,MIN,PG,,False,False
43603404,150812,1313708,636,6163188,Antonia Delaere,MIN,PG,,False,False
43603405,150812,1192640,464,6163185,Zia Cooke,SEA,PG,,False,False
43603406,150812,1192640,465,6163185,Zia Cooke,SEA,PG,,False,False
43603407,150812,1192640,636,6163185,Zia Cooke,SEA,PG,,False,False
43603408,150812,880872,633,6163185,Katie Lou Samuelson,SEA,SF,,False,False
43603409,150812,880872,465,6163185,Katie Lou Samuelson,SEA,SF,,False,False
43603410,150812,880872,636,6163185,Katie Lou Samuelson,SEA,SF,,False,False
43603411,150812,411640,633,6163188,Emma Cannon,LAS,SF,,False,False
43603412,150812,411640,465,6163188,Emma Cannon,LAS,SF,,False,False
43603413,150812,411640,636,6163188,Emma Cannon,LAS,SF,,False,False
43603414,150812,1062313,464,6163188,Maya Caldwell,MIN,PG,,False,False
43603415,150812,1062313,465,6163188,Maya Caldwell,MIN,PG,,False,False
43603416,150812,1062313,636,6163188,Maya Caldwell,MIN,PG,,False,False
43603417,150812,1080001,464,6163188,Kiana Williams,LAS,PG,,False,False
43603418,150812,1080001,465,6163188,Kiana Williams,LAS,PG,,False,False
43603419,150812,1080001,636,6163188,Kiana Williams,LAS,PG,,False,False
43603420,150812,573848,633,6163185,Stefanie Dolson,SEA,SF,,False,False
43603421,150812,573848,465,6163185,Stefanie Dolson,SEA,SF,,False,False
43603422,150812,573848,636,6163185,Stefanie Dolson,SEA,SF,,False,False
43603423,150812,1237366,464,6163185,Aicha Coulibaly,CHI,PG,,False,False
43603424,150812,1237366,465,6163185,Aicha Coulibaly,CHI,PG,,False,False
43603425,150812,1237366,636,6163185,Aicha Coulibaly,CHI,PG,,False,False
43603426,150812,1293081,633,6163188,Jihyun Park,LAS,SF,,False,False
43603427,150812,1293081,465,6163188,Jihyun Park,LAS,SF,,False,False
43603428,150812,1293081,636,6163188,Jihyun Park,LAS,SF,,False,False
43603429,150812,620680,464,6163185,Rachel Banham,CHI,PG,,False,False
43603430,150812,620680,465,6163185,Rachel Banham,CHI,PG,,False,False
43603431,150812,620680,636,6163185,Rachel Banham,CHI,PG,,False,False
43603432,150812,1239671,633,6163185,Maddy Westbeld,CHI,SF,,False,False
43603433,150812,1239671,465,6163185,Maddy Westbeld,CHI,SF,,False,False
43603434,150812,1239671,636,6163185,Maddy Westbeld,CHI,SF,,False,False
43603435,150812,1646983,464,6163188,Eliska Hamzova,MIN,PG,,False,False
43603436,150812,1646983,465,6163188,Eliska Hamzova,MIN,PG,,False,False
43603437,150812,1646983,636,6163188,Eliska Hamzova,MIN,PG,,False,False
43603438,150812,1236981,633,6163188,Liatu King,MIN,SF,,False,False
43603439,150812,1236981,465,6163188,Liatu King,MIN,SF,,False,False
43603440,150812,1236981,636,6163188,Liatu King,MIN,SF,,False,False
43603441,150812,1582293,633,6163188,Anastasiia Olairi Kosu,MIN,SF,,False,False
43603442,150812,1582293,465,6163188,Anastasiia Olairi Kosu,MIN,SF,,False,False
43603443,150812,1582293,636,6163188,Anastasiia Olairi Kosu,MIN,SF,,False,False
43603444,150812,1409718,464,6163188,Chance Gray,LAS,PG,,False,False
43603445,150812,1409718,465,6163188,Chance Gray,LAS,PG,,False,False
43603446,150812,1409718,636,6163188,Chance Gray,LAS,PG,,False,False
43603447,150812,1178630,633,6163185,Mackenzie Holmes,SEA,SF,,False,False
43603448,150812,1178630,465,6163185,Mackenzie Holmes,SEA,SF,,False,False
43603449,150812,1178630,636,6163185,Mackenzie Holmes,SEA,SF,,False,False
43603450,150812,1127118,464,6163188,Kate Martin,LAS,PG,,False,False
43603451,150812,1127118,465,6163188,Kate Martin,LAS,PG,,False,False
43603452,150812,1127118,636,6163188,Kate Martin,LAS,PG,,False,False
43603453,150812,1079911,633,6163185,Chloe Bibby,CHI,SF,,False,False
43603454,150812,1079911,465,6163185,Chloe Bibby,CHI,SF,,False,False
43603455,150812,1079911,636,6163185,Chloe Bibby,CHI,SF,,False,False
43603456,150812,1179099,633,6163185,Rickea Jackson,CHI,SF,,False,False
43603457,150812,1179099,465,6163185,Rickea Jackson,CHI,SF,,False,False
43603458,150812,1179099,636,6163185,Rickea Jackson,CHI,SF,,False,False
43603459,150812,1338491,464,6163189,Bree Hall,IND,PG,,False,False
43603460,150812,1338491,465,6163189,Bree Hall,IND,PG,,False,False
43603461,150812,1338491,636,6163189,Bree Hall,IND,PG,,False,False
43603462,150812,1646982,633,6163188,Emma Cechova,MIN,SF,,False,False
43603463,150812,1646982,465,6163188,Emma Cechova,MIN,SF,,False,False
43603464,150812,1646982,636,6163188,Emma Cechova,MIN,SF,,False,False
43603465,150812,1408734,464,6163185,Taina Mair,SEA,PG,,False,False
43603466,150812,1408734,465,6163185,Taina Mair,SEA,PG,,False,False
43603467,150812,1408734,636,6163185,Taina Mair,SEA,PG,,False,False
43603468,150812,1646923,464,6163189,Miela Sowah,GSV,PG,,False,False
43603469,150812,1646923,465,6163189,Miela Sowah,GSV,PG,,False,False
43603470,150812,1646923,636,6163189,Miela Sowah,GSV,PG,,False,False
43603471,150812,654576,633,6163189,Damiris Dantas,IND,SF,,False,False
43603472,150812,654576,465,6163189,Damiris Dantas,IND,SF,,False,False
43603473,150812,654576,636,6163189,Damiris Dantas,IND,SF,,False,False
43603474,150812,1409724,633,6163189,Grace VanSlooten,IND,SF,,False,False
43603475,150812,1409724,465,6163189,Grace VanSlooten,IND,SF,,False,False
43603476,150812,1409724,636,6163189,Grace VanSlooten,IND,SF,,False,False
43603477,150812,1329658,633,6163185,Taylor Thierry,SEA,SF,,False,False
43603478,150812,1329658,465,6163185,Taylor Thierry,SEA,SF,,False,False
43603479,150812,1329658,636,6163185,Taylor Thierry,SEA,SF,,False,False
43603480,150812,945689,633,6163189,Nadia Fingall,GSV,SF,,False,False
43603481,150812,945689,465,6163189,Nadia Fingall,GSV,SF,,False,False
43603482,150812,945689,636,6163189,Nadia Fingall,GSV,SF,,False,False
43603483,150812,1582285,633,6163189,Juste Jocyte,GSV,SF,,False,False
43603484,150812,1582285,465,6163189,Juste Jocyte,GSV,SF,,False,False
43603485,150812,1582285,636,6163189,Juste Jocyte,GSV,SF,,False,False
43603486,150812,1178972,633,6163188,Alissa Pili,LAS,SF,,False,False
43603487,150812,1178972,465,6163188,Alissa Pili,LAS,SF,,False,False
43603488,150812,1178972,636,6163188,Alissa Pili,LAS,SF,,False,False
43603489,150812,1189691,633,6163189,Ashten Prechtel,GSV,SF,,False,False
43603490,150812,1189691,465,6163189,Ashten Prechtel,GSV,SF,,False,False
43603491,150812,1189691,636,6163189,Ashten Prechtel,GSV,SF,,False,False
43603492,150812,1282439,633,6163189,Iliana Rupert,GSV,SF,,False,False
43603493,150812,1282439,465,6163189,Iliana Rupert,GSV,SF,,False,False
43603494,150812,1282439,636,6163189,Iliana Rupert,GSV,SF,,False,False
43603495,150815,1238619,475,6163189,Caitlin Clark,IND,PG/SG,11800.0,False,True
43603496,150815,1192647,475,6163189,Aliyah Boston,IND,SF/PF,11200.0,False,True
43603497,150815,839540,475,6163189,Kelsey Mitchell,IND,PG/SG,10400.0,False,True
43603498,150815,1127174,475,6163189,Veronica Burton,GSV,PG/SG,9000.0,False,True
43603499,150815,1511559,475,6163189,Janelle Salaun,GSV,SF/PF,8000.0,False,True
43603500,150815,570043,475,6163189,Kayla Thornton,GSV,SF/PF,7000.0,False,True
43603501,150815,849343,475,6163189,Monique Billings,IND,SF/PF,6400.0,False,True
43603502,150815,619369,475,6163189,Kiah Stokes,GSV,SF/PF,6200.0,False,True
43603503,150815,945094,475,6163189,Kaila Charles,GSV,PG/SG,6000.0,False,True
43603504,150815,883559,475,6163189,Sophie Cunningham,IND,PG/SG,5600.0,False,True
43603505,150815,1074085,475,6163189,Cecilia Zandalasini,GSV,SF/PF,5400.0,False,True
43603506,150815,946830,475,6163189,Tyasha Harris,IND,PG/SG,5200.0,False,True
43603507,150815,1132742,475,6163189,Lexie Hull,IND,PG/SG,5000.0,False,True
43603508,150815,1192652,475,6163189,Laeticia Amihere,GSV,SF/PF,4400.0,False,True
43603509,150815,473026,475,6163189,Tiffany Hayes,GSV,PG/SG,4200.0,False,True
43603510,150815,1346972,475,6163189,Kaitlyn Chen,GSV,PG/SG,4000.0,False,True
43603511,150815,1338492,475,6163189,Raven Johnson,IND,PG/SG,3600.0,False,True
43603512,150815,853608,475,6163189,Myisha Hines-Allen,IND,SF/PF,3400.0,False,True
43603513,150815,1343042,475,6163189,Makayla Timpson,IND,SF/PF,3200.0,False,True
43603514,150815,945689,475,6163189,Nadia Fingall,GSV,SF/PF,2000.0,False,True
43603515,150815,654576,475,6163189,Damiris Dantas,IND,SF/PF,2000.0,False,True
43603516,150815,1409724,475,6163189,Grace VanSlooten,IND,SF/PF,2000.0,False,True
43603517,150815,1582285,475,6163189,Juste Jocyte,GSV,SF/PF,2000.0,False,True
43603518,150815,839859,475,6163189,Gabby Williams,GSV,SF/PF,8800.0,False,True
43603519,150815,1338491,475,6163189,Bree Hall,IND,PG/SG,2000.0,False,True
43603520,150815,1189691,475,6163189,Ashten Prechtel,GSV,SF/PF,2000.0,False,True
43603521,150815,1282439,475,6163189,Iliana Rupert,GSV,SF/PF,2000.0,False,True
43603522,150815,1646923,475,6163189,Miela Sowah,GSV,PG/SG,2000.0,False,True
43603523,150815,1238619,476,6163189,Caitlin Clark,IND,PG/SG,17700.0,False,True
43603524,150815,1192647,476,6163189,Aliyah Boston,IND,SF/PF,16800.0,False,True
43603525,150815,839540,476,6163189,Kelsey Mitchell,IND,PG/SG,15600.0,False,True
43603526,150815,1127174,476,6163189,Veronica Burton,GSV,PG/SG,13500.0,False,True
43603527,150815,1511559,476,6163189,Janelle Salaun,GSV,SF/PF,12000.0,False,True
43603528,150815,570043,476,6163189,Kayla Thornton,GSV,SF/PF,10500.0,False,True
43603529,150815,849343,476,6163189,Monique Billings,IND,SF/PF,9600.0,False,True
43603530,150815,619369,476,6163189,Kiah Stokes,GSV,SF/PF,9300.0,False,True
43603531,150815,945094,476,6163189,Kaila Charles,GSV,PG/SG,9000.0,False,True
43603532,150815,883559,476,6163189,Sophie Cunningham,IND,PG/SG,8400.0,False,True
43603533,150815,1074085,476,6163189,Cecilia Zandalasini,GSV,SF/PF,8100.0,False,True
43603534,150815,946830,476,6163189,Tyasha Harris,IND,PG/SG,7800.0,False,True
43603535,150815,1132742,476,6163189,Lexie Hull,IND,PG/SG,7500.0,False,True
43603536,150815,1192652,476,6163189,Laeticia Amihere,GSV,SF/PF,6600.0,False,True
43603537,150815,473026,476,6163189,Tiffany Hayes,GSV,PG/SG,6300.0,False,True
43603538,150815,1346972,476,6163189,Kaitlyn Chen,GSV,PG/SG,6000.0,False,True
43603539,150815,1338492,476,6163189,Raven Johnson,IND,PG/SG,5400.0,False,True
43603540,150815,853608,476,6163189,Myisha Hines-Allen,IND,SF/PF,5100.0,False,True
43603541,150815,1343042,476,6163189,Makayla Timpson,IND,SF/PF,4800.0,False,True
43603542,150815,945689,476,6163189,Nadia Fingall,GSV,SF/PF,3000.0,False,True
43603543,150815,654576,476,6163189,Damiris Dantas,IND,SF/PF,3000.0,False,True
43603544,150815,1409724,476,6163189,Grace VanSlooten,IND,SF/PF,3000.0,False,True
43603545,150815,1582285,476,6163189,Juste Jocyte,GSV,SF/PF,3000.0,False,True
43603546,150815,839859,476,6163189,Gabby Williams,GSV,SF/PF,13200.0,False,True
43603547,150815,1338491,476,6163189,Bree Hall,IND,PG/SG,3000.0,False,True
43603548,150815,1189691,476,6163189,Ashten Prechtel,GSV,SF/PF,3000.0,False,True
43603549,150815,1282439,476,6163189,Iliana Rupert,GSV,SF/PF,3000.0,False,True
43603550,150815,1646923,476,6163189,Miela Sowah,GSV,PG/SG,3000.0,False,True
43603551,150813,1238798,475,6163185,Kamilla Cardoso,CHI,SF/PF,10600.0,False,True
43603552,150813,883614,475,6163185,Natisha Hiedeman,SEA,PG/SG,10000.0,False,True
43603553,150813,1511557,475,6163185,Dominique Malonga,SEA,SF/PF,9800.0,False,True
43603554,150813,833156,475,6163185,Azura Stevens,CHI,SF/PF,9200.0,False,True
43603555,150813,1409434,475,6163185,Flau'Jae Johnson,SEA,PG/SG,9000.0,False,True
43603556,150813,1514656,475,6163185,Awa Fam,SEA,SF/PF,8200.0,False,True
43603557,150813,572456,475,6163185,Natasha Cloud,CHI,PG/SG,8000.0,False,True
43603558,150813,1182914,475,6163185,Sydney Taylor,CHI,PG/SG,7000.0,False,True
43603559,150813,411926,475,6163185,Courtney Vandersloot,CHI,PG/SG,6200.0,False,True
43603560,150813,1383345,475,6163185,Jade Melbourne,SEA,PG/SG,5800.0,False,True
43603561,150813,1410346,475,6163185,Gabriela Jaquez,CHI,PG/SG,5200.0,False,True
43603562,150813,1178919,475,6163185,Jacy Sheldon,CHI,PG/SG,4800.0,False,True
43603563,150813,619511,475,6163185,Elizabeth Williams,CHI,SF/PF,4400.0,False,True
43603564,150813,1179124,475,6163185,Jordan Horston,SEA,SF/PF,4200.0,False,True
43603565,150813,1192640,475,6163185,Zia Cooke,SEA,PG/SG,3800.0,False,True
43603566,150813,880872,475,6163185,Katie Lou Samuelson,SEA,SF/PF,3600.0,False,True
43603567,150813,573848,475,6163185,Stefanie Dolson,SEA,SF/PF,3000.0,False,True
43603568,150813,1237366,475,6163185,Aicha Coulibaly,CHI,PG/SG,2800.0,False,True
43603569,150813,620680,475,6163185,Rachel Banham,CHI,PG/SG,2600.0,False,True
43603570,150813,1239671,475,6163185,Maddy Westbeld,CHI,SF/PF,2400.0,False,True
43603571,150813,1178630,475,6163185,Mackenzie Holmes,SEA,SF/PF,2200.0,False,True
43603572,150813,1329658,475,6163185,Taylor Thierry,SEA,SF/PF,2000.0,False,True
43603573,150813,520283,475,6163185,Skylar Diggins,CHI,PG/SG,8800.0,False,True
43603574,150813,1165026,475,6163185,Ezi Magbegor,SEA,SF/PF,6000.0,False,True
43603575,150813,945691,475,6163185,DiJonai Carrington,CHI,PG/SG,5000.0,False,True
43603576,150813,1079911,475,6163185,Chloe Bibby,CHI,SF/PF,2000.0,False,True
43603577,150813,1179099,475,6163185,Rickea Jackson,CHI,SF/PF,2000.0,False,True
43603578,150813,1408734,475,6163185,Taina Mair,SEA,PG/SG,2000.0,False,True
43603579,150813,1238798,476,6163185,Kamilla Cardoso,CHI,SF/PF,15900.0,False,True
43603580,150813,883614,476,6163185,Natisha Hiedeman,SEA,PG/SG,15000.0,False,True
43603581,150813,1511557,476,6163185,Dominique Malonga,SEA,SF/PF,14700.0,False,True
43603582,150813,833156,476,6163185,Azura Stevens,CHI,SF/PF,13800.0,False,True
43603583,150813,1409434,476,6163185,Flau'Jae Johnson,SEA,PG/SG,13500.0,False,True
43603584,150813,1514656,476,6163185,Awa Fam,SEA,SF/PF,12300.0,False,True
43603585,150813,572456,476,6163185,Natasha Cloud,CHI,PG/SG,12000.0,False,True
43603586,150813,1182914,476,6163185,Sydney Taylor,CHI,PG/SG,10500.0,False,True
43603587,150813,411926,476,6163185,Courtney Vandersloot,CHI,PG/SG,9300.0,False,True
43603588,150813,1383345,476,6163185,Jade Melbourne,SEA,PG/SG,8700.0,False,True
43603589,150813,1410346,476,6163185,Gabriela Jaquez,CHI,PG/SG,7800.0,False,True
43603590,150813,1178919,476,6163185,Jacy Sheldon,CHI,PG/SG,7200.0,False,True
43603591,150813,619511,476,6163185,Elizabeth Williams,CHI,SF/PF,6600.0,False,True
43603592,150813,1179124,476,6163185,Jordan Horston,SEA,SF/PF,6300.0,False,True
43603593,150813,1192640,476,6163185,Zia Cooke,SEA,PG/SG,5700.0,False,True
43603594,150813,880872,476,6163185,Katie Lou Samuelson,SEA,SF/PF,5400.0,False,True
43603595,150813,573848,476,6163185,Stefanie Dolson,SEA,SF/PF,4500.0,False,True
43603596,150813,1237366,476,6163185,Aicha Coulibaly,CHI,PG/SG,4200.0,False,True
43603597,150813,620680,476,6163185,Rachel Banham,CHI,PG/SG,3900.0,False,True
43603598,150813,1239671,476,6163185,Maddy Westbeld,CHI,SF/PF,3600.0,False,True
43603599,150813,1178630,476,6163185,Mackenzie Holmes,SEA,SF/PF,3300.0,False,True
43603600,150813,1329658,476,6163185,Taylor Thierry,SEA,SF/PF,3000.0,False,True
43603601,150813,520283,476,6163185,Skylar Diggins,CHI,PG/SG,13200.0,False,True
43603602,150813,1165026,476,6163185,Ezi Magbegor,SEA,SF/PF,9000.0,False,True
43603603,150813,945691,476,6163185,DiJonai Carrington,CHI,PG/SG,7500.0,False,True
43603604,150813,1079911,476,6163185,Chloe Bibby,CHI,SF/PF,3000.0,False,True
43603605,150813,1179099,476,6163185,Rickea Jackson,CHI,SF/PF,3000.0,False,True
43603606,150813,1408734,476,6163185,Taina Mair,SEA,PG/SG,3000.0,False,True
43603607,150814,477107,475,6163188,Nneka Ogwumike,LAS,SF/PF,11600.0,False,True
43603608,150814,574059,475,6163188,Natasha Howard,MIN,SF/PF,10400.0,False,True
43603609,150814,1268935,475,6163188,Olivia Miles,MIN,PG/SG,10200.0,False,True
43603610,150814,604730,475,6163188,Dearica Hamby,LAS,SF/PF,9800.0,False,True
43603611,150814,574369,475,6163188,Kayla McBride,MIN,PG/SG,9400.0,False,True
43603612,150814,695504,475,6163188,Courtney Williams,MIN,PG/SG,8800.0,False,True
43603613,150814,747542,475,6163188,Nia Coffey,MIN,SF/PF,7600.0,False,True
43603614,150814,1138640,475,6163188,Rae Burrell,LAS,PG/SG,7200.0,False,True
43603615,150814,520294,475,6163188,Erica Wheeler,LAS,PG/SG,7000.0,False,True
43603616,150814,834728,475,6163188,Ariel Atkins,LAS,PG/SG,6800.0,False,True
43603617,150814,1313708,475,6163188,Antonia Delaere,MIN,PG/SG,4000.0,False,True
43603618,150814,411640,475,6163188,Emma Cannon,LAS,SF/PF,3600.0,False,True
43603619,150814,1062313,475,6163188,Maya Caldwell,MIN,PG/SG,3400.0,False,True
43603620,150814,1080001,475,6163188,Kiana Williams,LAS,PG/SG,3200.0,False,True
43603621,150814,1293081,475,6163188,Jihyun Park,LAS,SF/PF,3000.0,False,True
43603622,150814,1646983,475,6163188,Eliska Hamzova,MIN,PG/SG,2800.0,False,True
43603623,150814,1582293,475,6163188,Anastasiia Olairi Kosu,MIN,SF/PF,2600.0,False,True
43603624,150814,1409718,475,6163188,Chance Gray,LAS,PG/SG,2200.0,False,True
43603625,150814,1178972,475,6163188,Alissa Pili,LAS,SF/PF,2000.0,False,True
43603626,150814,1127118,475,6163188,Kate Martin,LAS,PG/SG,2000.0,False,True
43603627,150814,790367,475,6163188,Kelsey Plum,LAS,PG/SG,11000.0,False,True
43603628,150814,880871,475,6163188,Napheesa Collier,MIN,SF/PF,10000.0,False,True
43603629,150814,1238540,475,6163188,Cameron Brink,LAS,SF/PF,6200.0,False,True
43603630,150814,1138482,475,6163188,Dorka Juhasz,MIN,SF/PF,5000.0,False,True
43603631,150814,1236981,475,6163188,Liatu King,MIN,SF/PF,2400.0,False,True
43603632,150814,1646982,475,6163188,Emma Cechova,MIN,SF/PF,2000.0,False,True
43603633,150814,477107,476,6163188,Nneka Ogwumike,LAS,SF/PF,17400.0,False,True
43603634,150814,574059,476,6163188,Natasha Howard,MIN,SF/PF,15600.0,False,True
43603635,150814,1268935,476,6163188,Olivia Miles,MIN,PG/SG,15300.0,False,True
43603636,150814,604730,476,6163188,Dearica Hamby,LAS,SF/PF,14700.0,False,True
43603637,150814,574369,476,6163188,Kayla McBride,MIN,PG/SG,14100.0,False,True
43603638,150814,695504,476,6163188,Courtney Williams,MIN,PG/SG,13200.0,False,True
43603639,150814,747542,476,6163188,Nia Coffey,MIN,SF/PF,11400.0,False,True
43603640,150814,1138640,476,6163188,Rae Burrell,LAS,PG/SG,10800.0,False,True
43603641,150814,520294,476,6163188,Erica Wheeler,LAS,PG/SG,10500.0,False,True
43603642,150814,834728,476,6163188,Ariel Atkins,LAS,PG/SG,10200.0,False,True
43603643,150814,1313708,476,6163188,Antonia Delaere,MIN,PG/SG,6000.0,False,True
43603644,150814,411640,476,6163188,Emma Cannon,LAS,SF/PF,5400.0,False,True
43603645,150814,1062313,476,6163188,Maya Caldwell,MIN,PG/SG,5100.0,False,True
43603646,150814,1080001,476,6163188,Kiana Williams,LAS,PG/SG,4800.0,False,True
43603647,150814,1293081,476,6163188,Jihyun Park,LAS,SF/PF,4500.0,False,True
43603648,150814,1646983,476,6163188,Eliska Hamzova,MIN,PG/SG,4200.0,False,True
43603649,150814,1582293,476,6163188,Anastasiia Olairi Kosu,MIN,SF/PF,3900.0,False,True
43603650,150814,1409718,476,6163188,Chance Gray,LAS,PG/SG,3300.0,False,True
43603651,150814,1178972,476,6163188,Alissa Pili,LAS,SF/PF,3000.0,False,True
43603652,150814,1127118,476,6163188,Kate Martin,LAS,PG/SG,3000.0,False,True
43603653,150814,790367,476,6163188,Kelsey Plum,LAS,PG/SG,16500.0,False,True
43603654,150814,880871,476,6163188,Napheesa Collier,MIN,SF/PF,15000.0,False,True
43603655,150814,1238540,476,6163188,Cameron Brink,LAS,SF/PF,9300.0,False,True
43603656,150814,1138482,476,6163188,Dorka Juhasz,MIN,SF/PF,7500.0,False,True
43603657,150814,1236981,476,6163188,Liatu King,MIN,SF/PF,3600.0,False,True
43603658,150814,1646982,476,6163188,Emma Cechova,MIN,SF/PF,3000.0,False,True
43604424,150835,1238619,672,6163189,Caitlin Clark,IND,PG/SG,,False,True
43604425,150835,477107,672,6163188,Nneka Ogwumike,LAS,SF/PF,,False,True
43604426,150835,1192647,672,6163189,Aliyah Boston,IND,SF/PF,,False,True
43604427,150835,790367,672,6163188,Kelsey Plum,LAS,PG/SG,,False,True
43604428,150835,839540,672,6163189,Kelsey Mitchell,IND,PG/SG,,False,True
43604429,150835,574059,672,6163188,Natasha Howard,MIN,SF/PF,,False,True
43604430,150835,1268935,672,6163188,Olivia Miles,MIN,PG/SG,,False,True
43604431,150835,880871,672,6163188,Napheesa Collier,MIN,SF/PF,,False,True
43604432,150835,604730,672,6163188,Dearica Hamby,LAS,SF/PF,,False,True
43604433,150835,1238798,672,6163185,Kamilla Cardoso,CHI,SF/PF,,False,True
43604434,150835,574369,672,6163188,Kayla McBride,MIN,PG/SG,,False,True
43604435,150835,883614,672,6163185,Natisha Hiedeman,SEA,PG/SG,,False,True
43604436,150835,1511557,672,6163185,Dominique Malonga,SEA,SF/PF,,False,True
43604437,150835,695504,672,6163188,Courtney Williams,MIN,PG/SG,,False,True
43604438,150835,833156,672,6163185,Azura Stevens,CHI,SF/PF,,False,True
43604439,150835,1127174,672,6163189,Veronica Burton,GSV,PG/SG,,False,True
43604440,150835,1409434,672,6163185,Flau'Jae Johnson,SEA,PG/SG,,False,True
43604441,150835,520283,672,6163185,Skylar Diggins,CHI,PG/SG,,False,True
43604442,150835,839859,672,6163189,Gabby Williams,GSV,SF/PF,,False,True
43604443,150835,1514656,672,6163185,Awa Fam,SEA,SF/PF,,False,True
43604444,150835,1511559,672,6163189,Janelle Salaun,GSV,SF/PF,,False,True
43604445,150835,572456,672,6163185,Natasha Cloud,CHI,PG/SG,,False,True
43604446,150835,747542,672,6163188,Nia Coffey,MIN,SF/PF,,False,True
43604447,150835,1138640,672,6163188,Rae Burrell,LAS,PG/SG,,False,True
43604448,150835,520294,672,6163188,Erica Wheeler,LAS,PG/SG,,False,True
43604449,150835,834728,672,6163188,Ariel Atkins,LAS,PG/SG,,False,True
43604450,150835,1182914,672,6163185,Sydney Taylor,CHI,PG/SG,,False,True
43604451,150835,570043,672,6163189,Kayla Thornton,GSV,SF/PF,,False,True
43604452,150835,1238540,672,6163188,Cameron Brink,LAS,SF/PF,,False,True
43604453,150835,849343,672,6163189,Monique Billings,IND,SF/PF,,False,True
43604454,150835,619369,672,6163189,Kiah Stokes,GSV,SF/PF,,False,True
43604455,150835,411926,672,6163185,Courtney Vandersloot,CHI,PG/SG,,False,True
43604456,150835,1165026,672,6163185,Ezi Magbegor,SEA,SF/PF,,False,True
43604457,150835,945094,672,6163189,Kaila Charles,GSV,PG/SG,,False,True
43604458,150835,1383345,672,6163185,Jade Melbourne,SEA,PG/SG,,False,True
43604459,150835,883559,672,6163189,Sophie Cunningham,IND,PG/SG,,False,True
43604460,150835,1074085,672,6163189,Cecilia Zandalasini,GSV,SF/PF,,False,True
43604461,150835,946830,672,6163189,Tyasha Harris,IND,PG/SG,,False,True
43604462,150835,1132742,672,6163189,Lexie Hull,IND,PG/SG,,False,True
43604463,150835,1410346,672,6163185,Gabriela Jaquez,CHI,PG/SG,,False,True
43604464,150835,1138482,672,6163188,Dorka Juhasz,MIN,SF/PF,,False,True
43604465,150835,1192652,672,6163189,Laeticia Amihere,GSV,SF/PF,,False,True
43604466,150835,473026,672,6163189,Tiffany Hayes,GSV,PG/SG,,False,True
43604467,150835,945691,672,6163185,DiJonai Carrington,CHI,PG/SG,,False,True
43604468,150835,1346972,672,6163189,Kaitlyn Chen,GSV,PG/SG,,False,True
43604469,150835,1178919,672,6163185,Jacy Sheldon,CHI,PG/SG,,False,True
43604470,150835,1338492,672,6163189,Raven Johnson,IND,PG/SG,,False,True
43604471,150835,853608,672,6163189,Myisha Hines-Allen,IND,SF/PF,,False,True
43604472,150835,619511,672,6163185,Elizabeth Williams,CHI,SF/PF,,False,True
43604473,150835,1179124,672,6163185,Jordan Horston,SEA,SF/PF,,False,True
43604474,150835,1343042,672,6163189,Makayla Timpson,IND,SF/PF,,False,True
43604475,150835,1313708,672,6163188,Antonia Delaere,MIN,PG/SG,,False,True
43604476,150835,1192640,672,6163185,Zia Cooke,SEA,PG/SG,,False,True
43604477,150835,880872,672,6163185,Katie Lou Samuelson,SEA,SF/PF,,False,True
43604478,150835,411640,672,6163188,Emma Cannon,LAS,SF/PF,,False,True
43604479,150835,1062313,672,6163188,Maya Caldwell,MIN,PG/SG,,False,True
43604480,150835,1080001,672,6163188,Kiana Williams,LAS,PG/SG,,False,True
43604481,150835,573848,672,6163185,Stefanie Dolson,SEA,SF/PF,,False,True
43604482,150835,1237366,672,6163185,Aicha Coulibaly,CHI,PG/SG,,False,True
43604483,150835,1293081,672,6163188,Jihyun Park,LAS,SF/PF,,False,True
43604484,150835,620680,672,6163185,Rachel Banham,CHI,PG/SG,,False,True
43604485,150835,1239671,672,6163185,Maddy Westbeld,CHI,SF/PF,,False,True
43604486,150835,1646983,672,6163188,Eliska Hamzova,MIN,PG/SG,,False,True
43604487,150835,1236981,672,6163188,Liatu King,MIN,SF/PF,,False,True
43604488,150835,1582293,672,6163188,Anastasiia Olairi Kosu,MIN,SF/PF,,False,True
43604489,150835,1409718,672,6163188,Chance Gray,LAS,PG/SG,,False,True
43604490,150835,1178630,672,6163185,Mackenzie Holmes,SEA,SF/PF,,False,True
43604491,150835,1127118,672,6163188,Kate Martin,LAS,PG/SG,,False,True
43604492,150835,1079911,672,6163185,Chloe Bibby,CHI,SF/PF,,False,True
43604493,150835,1179099,672,6163185,Rickea Jackson,CHI,SF/PF,,False,True
43604494,150835,1338491,672,6163189,Bree Hall,IND,PG/SG,,False,True
43604495,150835,1646982,672,6163188,Emma Cechova,MIN,SF/PF,,False,True
43604496,150835,1408734,672,6163185,Taina Mair,SEA,PG/SG,,False,True
43604497,150835,1646923,672,6163189,Miela Sowah,GSV,PG/SG,,False,True
43604498,150835,654576,672,6163189,Damiris Dantas,IND,SF/PF,,False,True
43604499,150835,1409724,672,6163189,Grace VanSlooten,IND,SF/PF,,False,True
43604500,150835,1329658,672,6163185,Taylor Thierry,SEA,SF/PF,,False,True
43604501,150835,945689,672,6163189,Nadia Fingall,GSV,SF/PF,,False,True
43604502,150835,1582285,672,6163189,Juste Jocyte,GSV,SF/PF,,False,True
43604503,150835,1178972,672,6163188,Alissa Pili,LAS,SF/PF,,False,True
43604504,150835,1189691,672,6163189,Ashten Prechtel,GSV,SF/PF,,False,True
43604505,150835,1282439,672,6163189,Iliana Rupert,GSV,SF/PF,,False,True
43604586,150819,1519152,496,6198142,Labaron Philon Jr.,PHI,PG,8700.0,False,True
43604587,150819,1519152,502,6198142,Labaron Philon Jr.,PHI,PG,8700.0,False,True
43604588,150819,1519152,503,6198142,Labaron Philon Jr.,PHI,PG,8700.0,False,True
43604589,150819,1231975,500,6198142,Johni Broome,PHI,C,8600.0,False,True
43604590,150819,1231975,503,6198142,Johni Broome,PHI,C,8600.0,False,True
43604591,150819,1465506,500,6198144,Khaman Maluach,PHO,C,8400.0,False,True
43604592,150819,1465506,503,6198144,Khaman Maluach,PHO,C,8400.0,False,True
43604593,150819,1403624,498,6198144,Isaac Jones,DET,SF/PF,8200.0,False,True
43604594,150819,1403624,499,6198144,Isaac Jones,DET,SF/PF,8200.0,False,True
43604595,150819,1403624,501,6198144,Isaac Jones,DET,SF/PF,8200.0,False,True
43604596,150819,1403624,503,6198144,Isaac Jones,DET,SF/PF,8200.0,False,True
43604597,150819,1324350,496,6198143,Kobe Bufkin,NO,PG/SG,8100.0,False,True
43604598,150819,1324350,497,6198143,Kobe Bufkin,NO,PG/SG,8100.0,False,True
43604599,150819,1324350,502,6198143,Kobe Bufkin,NO,PG/SG,8100.0,False,True
43604600,150819,1324350,503,6198143,Kobe Bufkin,NO,PG/SG,8100.0,False,True
43604601,150819,1610167,499,6198144,Koa Peat,PHO,PF,8000.0,False,True
43604602,150819,1610167,501,6198144,Koa Peat,PHO,PF,8000.0,False,True
43604603,150819,1610167,503,6198144,Koa Peat,PHO,PF,8000.0,False,True
43604604,150819,1593398,496,6198144,Ebuka Okorie,DET,PG,7900.0,False,True
43604605,150819,1593398,502,6198144,Ebuka Okorie,DET,PG,7900.0,False,True
43604606,150819,1593398,503,6198144,Ebuka Okorie,DET,PG,7900.0,False,True
43604607,150819,1133800,500,6198142,Colin Castleton,ORL,C,7800.0,False,True
43604608,150819,1133800,503,6198142,Colin Castleton,ORL,C,7800.0,False,True
43604609,150819,1232481,497,6198144,Chaz Lanier,DET,SG,7700.0,False,True
43604610,150819,1232481,502,6198144,Chaz Lanier,DET,SG,7700.0,False,True
43604611,150819,1232481,503,6198144,Chaz Lanier,DET,SG,7700.0,False,True
43604612,150819,1135981,499,6198141,Jalen Slawson,IND,PF,7600.0,False,True
43604613,150819,1135981,501,6198141,Jalen Slawson,IND,PF,7600.0,False,True
43604614,150819,1135981,503,6198141,Jalen Slawson,IND,PF,7600.0,False,True
43604615,150819,1591014,497,6198143,Meleek Thomas,CLE,SG,7500.0,False,True
43604616,150819,1591014,502,6198143,Meleek Thomas,CLE,SG,7500.0,False,True
43604617,150819,1591014,503,6198143,Meleek Thomas,CLE,SG,7500.0,False,True
43604618,150819,1590552,500,6198141,Joan Beringer,MIN,C,7400.0,False,True
43604619,150819,1590552,503,6198141,Joan Beringer,MIN,C,7400.0,False,True
43604620,150819,1403628,499,6198143,Nae'Qwan Tomlin,CLE,PF,7300.0,False,True
43604621,150819,1403628,501,6198143,Nae'Qwan Tomlin,CLE,PF,7300.0,False,True
43604622,150819,1403628,503,6198143,Nae'Qwan Tomlin,CLE,PF,7300.0,False,True
43604623,150819,1196146,496,6198141,Zyon Pullin,MIN,PG,7200.0,False,True
43604624,150819,1196146,502,6198141,Zyon Pullin,MIN,PG,7200.0,False,True
43604625,150819,1196146,503,6198141,Zyon Pullin,MIN,PG,7200.0,False,True
43604626,150819,1453977,496,6198141,Yuki Kawamura,IND,PG,7100.0,False,True
43604627,150819,1453977,502,6198141,Yuki Kawamura,IND,PG,7100.0,False,True
43604628,150819,1453977,503,6198141,Yuki Kawamura,IND,PG,7100.0,False,True
43604629,150819,1175110,496,6198142,Lester Quinones,ORL,PG/SG,7000.0,False,True
43604630,150819,1175110,497,6198142,Lester Quinones,ORL,PG/SG,7000.0,False,True
43604631,150819,1175110,502,6198142,Lester Quinones,ORL,PG/SG,7000.0,False,True
43604632,150819,1175110,503,6198142,Lester Quinones,ORL,PG/SG,7000.0,False,True
43604633,150819,1243726,497,6198141,Taelon Peter,IND,SG,6900.0,False,True
43604634,150819,1243726,502,6198141,Taelon Peter,IND,SG,6900.0,False,True
43604635,150819,1243726,503,6198141,Taelon Peter,IND,SG,6900.0,False,True
43604636,150819,1340789,496,6198142,TyTy Washington Jr.,ORL,PG/SG,6800.0,False,True
43604637,150819,1340789,497,6198142,TyTy Washington Jr.,ORL,PG/SG,6800.0,False,True
43604638,150819,1340789,502,6198142,TyTy Washington Jr.,ORL,PG/SG,6800.0,False,True
43604639,150819,1340789,503,6198142,TyTy Washington Jr.,ORL,PG/SG,6800.0,False,True
43604640,150819,1243633,497,6198144,Koby Brea,PHO,SG,6700.0,False,True
43604641,150819,1243633,502,6198144,Koby Brea,PHO,SG,6700.0,False,True
43604642,150819,1243633,503,6198144,Koby Brea,PHO,SG,6700.0,False,True
43604643,150819,1502168,500,6198141,Rocco Zikarsky,MIN,C,6600.0,False,True
43604644,150819,1502168,503,6198141,Rocco Zikarsky,MIN,C,6600.0,False,True
43604645,150819,1405372,496,6198141,Braden Smith,IND,PG,6500.0,False,True
43604646,150819,1405372,502,6198141,Braden Smith,IND,PG,6500.0,False,True
43604647,150819,1405372,503,6198141,Braden Smith,IND,PG,6500.0,False,True
43604648,150819,1232015,500,6198143,Hunter Dickinson,NO,C,6400.0,False,True
43604649,150819,1232015,503,6198143,Hunter Dickinson,NO,C,6400.0,False,True
43604650,150819,1135289,498,6198141,Gabe McGlothan,IND,SF/PF,6400.0,False,True
43604651,150819,1135289,499,6198141,Gabe McGlothan,IND,SF/PF,6400.0,False,True
43604652,150819,1135289,501,6198141,Gabe McGlothan,IND,SF/PF,6400.0,False,True
43604653,150819,1135289,503,6198141,Gabe McGlothan,IND,SF/PF,6400.0,False,True
43604654,150819,1528467,497,6198142,Jase Richardson,ORL,SG,6300.0,False,True
43604655,150819,1528467,502,6198142,Jase Richardson,ORL,SG,6300.0,False,True
43604656,150819,1528467,503,6198142,Jase Richardson,ORL,SG,6300.0,False,True
43604657,150819,1197096,499,6198141,Enrique Freeman,MIN,PF,6300.0,False,True
43604658,150819,1197096,501,6198141,Enrique Freeman,MIN,PF,6300.0,False,True
43604659,150819,1197096,503,6198141,Enrique Freeman,MIN,PF,6300.0,False,True
43604660,150819,1405622,499,6198144,Rasheer Fleming,PHO,PF,6200.0,False,True
43604661,150819,1405622,501,6198144,Rasheer Fleming,PHO,PF,6200.0,False,True
43604662,150819,1405622,503,6198144,Rasheer Fleming,PHO,PF,6200.0,False,True
43604663,150819,1325163,496,6198143,Malaki Branham,CLE,PG/SG,6200.0,False,True
43604664,150819,1325163,497,6198143,Malaki Branham,CLE,PG/SG,6200.0,False,True
43604665,150819,1325163,502,6198143,Malaki Branham,CLE,PG/SG,6200.0,False,True
43604666,150819,1325163,503,6198143,Malaki Branham,CLE,PG/SG,6200.0,False,True
43604667,150819,1231792,497,6198142,Keon Johnson,ORL,SG/SF,6100.0,False,True
43604668,150819,1231792,498,6198142,Keon Johnson,ORL,SG/SF,6100.0,False,True
43604669,150819,1231792,502,6198142,Keon Johnson,ORL,SG/SF,6100.0,False,True
43604670,150819,1231792,501,6198142,Keon Johnson,ORL,SG/SF,6100.0,False,True
43604671,150819,1231792,503,6198142,Keon Johnson,ORL,SG/SF,6100.0,False,True
43604672,150819,1243588,497,6198143,Jaron Pierre Jr.,NO,SG,6100.0,False,True
43604673,150819,1243588,502,6198143,Jaron Pierre Jr.,NO,SG,6100.0,False,True
43604674,150819,1243588,503,6198143,Jaron Pierre Jr.,NO,SG,6100.0,False,True
43604675,150819,1482016,498,6198143,Riley Minix,CLE,SF,6000.0,False,True
43604676,150819,1482016,501,6198143,Riley Minix,CLE,SF,6000.0,False,True
43604677,150819,1482016,503,6198143,Riley Minix,CLE,SF,6000.0,False,True
43604678,150819,1193990,499,6198141,Rienk Mast,IND,PF/C,6000.0,False,True
43604679,150819,1193990,500,6198141,Rienk Mast,IND,PF/C,6000.0,False,True
43604680,150819,1193990,501,6198141,Rienk Mast,IND,PF/C,6000.0,False,True
43604681,150819,1193990,503,6198141,Rienk Mast,IND,PF/C,6000.0,False,True
43604682,150819,1406012,498,6198143,Malik Dia,NO,SF/PF,5900.0,False,True
43604683,150819,1406012,499,6198143,Malik Dia,NO,SF/PF,5900.0,False,True
43604684,150819,1406012,501,6198143,Malik Dia,NO,SF/PF,5900.0,False,True
43604685,150819,1406012,503,6198143,Malik Dia,NO,SF/PF,5900.0,False,True
43604686,150819,1136746,496,6198144,Darius Brown II,PHO,PG/SG,5900.0,False,True
43604687,150819,1136746,497,6198144,Darius Brown II,PHO,PG/SG,5900.0,False,True
43604688,150819,1136746,502,6198144,Darius Brown II,PHO,PG/SG,5900.0,False,True
43604689,150819,1136746,503,6198144,Darius Brown II,PHO,PG/SG,5900.0,False,True
43604690,150819,1136245,496,6198143,Markquis Nowell,NO,PG/SG,5800.0,False,True
43604691,150819,1136245,497,6198143,Markquis Nowell,NO,PG/SG,5800.0,False,True
43604692,150819,1136245,502,6198143,Markquis Nowell,NO,PG/SG,5800.0,False,True
43604693,150819,1136245,503,6198143,Markquis Nowell,NO,PG/SG,5800.0,False,True
43604694,150819,1373323,498,6198142,Phillip Wheeler,ORL,SF,5800.0,False,True
43604695,150819,1373323,501,6198142,Phillip Wheeler,ORL,SF,5800.0,False,True
43604696,150819,1373323,503,6198142,Phillip Wheeler,ORL,SF,5800.0,False,True
43604697,150819,1416381,500,6198143,Ernest Udeh Jr.,CLE,C,5700.0,False,True
43604698,150819,1416381,503,6198143,Ernest Udeh Jr.,CLE,C,5700.0,False,True
43604699,150819,1590551,499,6198142,Noah Penda,ORL,PF,5700.0,False,True
43604700,150819,1590551,501,6198142,Noah Penda,ORL,PF,5700.0,False,True
43604701,150819,1590551,503,6198142,Noah Penda,ORL,PF,5700.0,False,True
43604702,150819,1175267,496,6198142,Alex Morales,ORL,PG/SG,5600.0,False,True
43604703,150819,1175267,497,6198142,Alex Morales,ORL,PG/SG,5600.0,False,True
43604704,150819,1175267,502,6198142,Alex Morales,ORL,PG/SG,5600.0,False,True
43604705,150819,1175267,503,6198142,Alex Morales,ORL,PG/SG,5600.0,False,True
43604706,150819,1241591,498,6198143,Micah Peavy,NO,SF,5600.0,False,True
43604707,150819,1241591,501,6198143,Micah Peavy,NO,SF,5600.0,False,True
43604708,150819,1241591,503,6198143,Micah Peavy,NO,SF,5600.0,False,True
43604709,150819,1234923,498,6198142,Matt Rogers,PHI,SF/PF,5500.0,False,True
43604710,150819,1234923,499,6198142,Matt Rogers,PHI,SF/PF,5500.0,False,True
43604711,150819,1234923,501,6198142,Matt Rogers,PHI,SF/PF,5500.0,False,True
43604712,150819,1234923,503,6198142,Matt Rogers,PHI,SF/PF,5500.0,False,True
43604713,150819,1482306,496,6198143,Melvin Council Jr.,NO,PG/SG,5500.0,False,True
43604714,150819,1482306,497,6198143,Melvin Council Jr.,NO,PG/SG,5500.0,False,True
43604715,150819,1482306,502,6198143,Melvin Council Jr.,NO,PG/SG,5500.0,False,True
43604716,150819,1482306,503,6198143,Melvin Council Jr.,NO,PG/SG,5500.0,False,True
43604717,150819,1232029,496,6198142,Dante Maddox Jr.,PHI,PG/SG,5400.0,False,True
43604718,150819,1232029,497,6198142,Dante Maddox Jr.,PHI,PG/SG,5400.0,False,True
43604719,150819,1232029,502,6198142,Dante Maddox Jr.,PHI,PG/SG,5400.0,False,True
43604720,150819,1232029,503,6198142,Dante Maddox Jr.,PHI,PG/SG,5400.0,False,True
43604721,150819,1186764,496,6198141,Donovan Williams,MIN,PG/SG,5400.0,False,True
43604722,150819,1186764,497,6198141,Donovan Williams,MIN,PG/SG,5400.0,False,True
43604723,150819,1186764,502,6198141,Donovan Williams,MIN,PG/SG,5400.0,False,True
43604724,150819,1186764,503,6198141,Donovan Williams,MIN,PG/SG,5400.0,False,True
43604725,150819,1324081,498,6198142,Saint Thomas,PHI,SF/PF,5300.0,False,True
43604726,150819,1324081,499,6198142,Saint Thomas,PHI,SF/PF,5300.0,False,True
43604727,150819,1324081,501,6198142,Saint Thomas,PHI,SF/PF,5300.0,False,True
43604728,150819,1324081,503,6198142,Saint Thomas,PHI,SF/PF,5300.0,False,True
43604729,150819,1176279,496,6198144,Brice Williams,DET,PG/SG,5300.0,False,True
43604730,150819,1176279,497,6198144,Brice Williams,DET,PG/SG,5300.0,False,True
43604731,150819,1176279,502,6198144,Brice Williams,DET,PG/SG,5300.0,False,True
43604732,150819,1176279,503,6198144,Brice Williams,DET,PG/SG,5300.0,False,True
43604733,150819,1325097,499,6198141,Trey Kaufman-Renn,MIN,PF,5200.0,False,True
43604734,150819,1325097,501,6198141,Trey Kaufman-Renn,MIN,PF,5200.0,False,True
43604735,150819,1325097,503,6198141,Trey Kaufman-Renn,MIN,PF,5200.0,False,True
43604736,150819,1519129,497,6198141,Isaiah Evans,MIN,SG,5200.0,False,True
43604737,150819,1519129,502,6198141,Isaiah Evans,MIN,SG,5200.0,False,True
43604738,150819,1519129,503,6198141,Isaiah Evans,MIN,SG,5200.0,False,True
43604739,150819,1132015,499,6198142,Hunter Tyson,ORL,PF,5200.0,False,True
43604740,150819,1132015,501,6198142,Hunter Tyson,ORL,PF,5200.0,False,True
43604741,150819,1132015,503,6198142,Hunter Tyson,ORL,PF,5200.0,False,True
43604742,150819,1132310,496,6198143,Dane Goodwin,CLE,PG/SG,5100.0,False,True
43604743,150819,1132310,497,6198143,Dane Goodwin,CLE,PG/SG,5100.0,False,True
43604744,150819,1132310,502,6198143,Dane Goodwin,CLE,PG/SG,5100.0,False,True
43604745,150819,1132310,503,6198143,Dane Goodwin,CLE,PG/SG,5100.0,False,True
43604746,150819,1325434,498,6198141,Nate Santos,MIN,SF/PF,5100.0,False,True
43604747,150819,1325434,499,6198141,Nate Santos,MIN,SF/PF,5100.0,False,True
43604748,150819,1325434,501,6198141,Nate Santos,MIN,SF/PF,5100.0,False,True
43604749,150819,1325434,503,6198141,Nate Santos,MIN,SF/PF,5100.0,False,True
43604750,150819,1409675,500,6198144,Ugonna Onyenso,DET,C,5100.0,False,True
43604751,150819,1409675,503,6198144,Ugonna Onyenso,DET,C,5100.0,False,True
43604752,150819,1092124,498,6198144,Javonte Cooke,PHO,SF,5000.0,False,True
43604753,150819,1092124,501,6198144,Javonte Cooke,PHO,SF,5000.0,False,True
43604754,150819,1092124,503,6198144,Javonte Cooke,PHO,SF,5000.0,False,True
43604755,150819,1251673,496,6198143,Jaxson Robinson,CLE,PG/SG,5000.0,False,True
43604756,150819,1251673,497,6198143,Jaxson Robinson,CLE,PG/SG,5000.0,False,True
43604757,150819,1251673,502,6198143,Jaxson Robinson,CLE,PG/SG,5000.0,False,True
43604758,150819,1251673,503,6198143,Jaxson Robinson,CLE,PG/SG,5000.0,False,True
43604759,150819,1134332,496,6198141,Taevion Kinsey,IND,PG/SG,5000.0,False,True
43604760,150819,1134332,497,6198141,Taevion Kinsey,IND,PG/SG,5000.0,False,True
43604761,150819,1134332,502,6198141,Taevion Kinsey,IND,PG/SG,5000.0,False,True
43604762,150819,1134332,503,6198141,Taevion Kinsey,IND,PG/SG,5000.0,False,True
43604763,150819,1193615,498,6198143,Rashaun Agee,CLE,SF/PF,4900.0,False,True
43604764,150819,1193615,499,6198143,Rashaun Agee,CLE,SF/PF,4900.0,False,True
43604765,150819,1193615,501,6198143,Rashaun Agee,CLE,SF/PF,4900.0,False,True
43604766,150819,1193615,503,6198143,Rashaun Agee,CLE,SF/PF,4900.0,False,True
43604767,150819,1232467,498,6198143,Christian Shumate,NO,SF/PF,4900.0,False,True
43604768,150819,1232467,499,6198143,Christian Shumate,NO,SF/PF,4900.0,False,True
43604769,150819,1232467,501,6198143,Christian Shumate,NO,SF/PF,4900.0,False,True
43604770,150819,1232467,503,6198143,Christian Shumate,NO,SF/PF,4900.0,False,True
43604771,150819,1176335,496,6198142,Mylik Wilson,PHI,PG/SG,4900.0,False,True
43604772,150819,1176335,497,6198142,Mylik Wilson,PHI,PG/SG,4900.0,False,True
43604773,150819,1176335,502,6198142,Mylik Wilson,PHI,PG/SG,4900.0,False,True
43604774,150819,1176335,503,6198142,Mylik Wilson,PHI,PG/SG,4900.0,False,True
43604775,150819,1061641,498,6198141,Alex Reese,IND,SF/PF,4800.0,False,True
43604776,150819,1061641,499,6198141,Alex Reese,IND,SF/PF,4800.0,False,True
43604777,150819,1061641,501,6198141,Alex Reese,IND,SF/PF,4800.0,False,True
43604778,150819,1061641,503,6198141,Alex Reese,IND,SF/PF,4800.0,False,True
43604779,150819,1231292,499,6198144,CJ Huntley,PHO,PF,4800.0,False,True
43604780,150819,1231292,501,6198144,CJ Huntley,PHO,PF,4800.0,False,True
43604781,150819,1231292,503,6198144,CJ Huntley,PHO,PF,4800.0,False,True
43604782,150819,1175108,496,6198141,Damion Baugh,MIN,PG/SG,4800.0,False,True
43604783,150819,1175108,497,6198141,Damion Baugh,MIN,PG/SG,4800.0,False,True
43604784,150819,1175108,502,6198141,Damion Baugh,MIN,PG/SG,4800.0,False,True
43604785,150819,1175108,503,6198141,Damion Baugh,MIN,PG/SG,4800.0,False,True
43604786,150819,1432591,496,6198142,Gerald Ayayi,PHI,PG,4700.0,False,True
43604787,150819,1432591,502,6198142,Gerald Ayayi,PHI,PG,4700.0,False,True
43604788,150819,1432591,503,6198142,Gerald Ayayi,PHI,PG,4700.0,False,True
43604789,150819,1231948,496,6198143,Ian Martinez,CLE,PG/SG,4700.0,False,True
43604790,150819,1231948,497,6198143,Ian Martinez,CLE,PG/SG,4700.0,False,True
43604791,150819,1231948,502,6198143,Ian Martinez,CLE,PG/SG,4700.0,False,True
43604792,150819,1231948,503,6198143,Ian Martinez,CLE,PG/SG,4700.0,False,True
43604793,150819,1326878,500,6198142,Isaac Johnson,PHI,C,4700.0,False,True
43604794,150819,1326878,503,6198142,Isaac Johnson,PHI,C,4700.0,False,True
43604795,150819,1406802,496,6198144,Drake Allen,DET,PG/SG,4700.0,False,True
43604796,150819,1406802,497,6198144,Drake Allen,DET,PG/SG,4700.0,False,True
43604797,150819,1406802,502,6198144,Drake Allen,DET,PG/SG,4700.0,False,True
43604798,150819,1406802,503,6198144,Drake Allen,DET,PG/SG,4700.0,False,True
43604799,150819,1132027,498,6198142,Cam Reddish,ORL,SF/PF,4600.0,False,True
43604800,150819,1132027,499,6198142,Cam Reddish,ORL,SF/PF,4600.0,False,True
43604801,150819,1132027,501,6198142,Cam Reddish,ORL,SF/PF,4600.0,False,True
43604802,150819,1132027,503,6198142,Cam Reddish,ORL,SF/PF,4600.0,False,True
43604803,150819,1482255,496,6198144,Corey Camper Jr.,PHO,PG/SG,4600.0,False,True
43604804,150819,1482255,497,6198144,Corey Camper Jr.,PHO,PG/SG,4600.0,False,True
43604805,150819,1482255,502,6198144,Corey Camper Jr.,PHO,PG/SG,4600.0,False,True
43604806,150819,1482255,503,6198144,Corey Camper Jr.,PHO,PG/SG,4600.0,False,True
43604807,150819,1174936,496,6198144,Jameer Nelson Jr.,PHO,PG/SG,4600.0,False,True
43604808,150819,1174936,497,6198144,Jameer Nelson Jr.,PHO,PG/SG,4600.0,False,True
43604809,150819,1174936,502,6198144,Jameer Nelson Jr.,PHO,PG/SG,4600.0,False,True
43604810,150819,1174936,503,6198144,Jameer Nelson Jr.,PHO,PG/SG,4600.0,False,True
43604811,150819,1404043,496,6198144,Jaden Henley,DET,PG/SG,4600.0,False,True
43604812,150819,1404043,497,6198144,Jaden Henley,DET,PG/SG,4600.0,False,True
43604813,150819,1404043,502,6198144,Jaden Henley,DET,PG/SG,4600.0,False,True
43604814,150819,1404043,503,6198144,Jaden Henley,DET,PG/SG,4600.0,False,True
43604815,150819,1420694,496,6198143,Xaivian Lee,CLE,PG/SG,4500.0,False,True
43604816,150819,1420694,497,6198143,Xaivian Lee,CLE,PG/SG,4500.0,False,True
43604817,150819,1420694,502,6198143,Xaivian Lee,CLE,PG/SG,4500.0,False,True
43604818,150819,1420694,503,6198143,Xaivian Lee,CLE,PG/SG,4500.0,False,True
43604819,150819,1232070,496,6198142,Ace Baldwin Jr.,ORL,PG/SG,4500.0,False,True
43604820,150819,1232070,497,6198142,Ace Baldwin Jr.,ORL,PG/SG,4500.0,False,True
43604821,150819,1232070,502,6198142,Ace Baldwin Jr.,ORL,PG/SG,4500.0,False,True
43604822,150819,1232070,503,6198142,Ace Baldwin Jr.,ORL,PG/SG,4500.0,False,True
43604823,150819,1186155,498,6198141,Keion Brooks Jr.,IND,SF/PF,4500.0,False,True
43604824,150819,1186155,499,6198141,Keion Brooks Jr.,IND,SF/PF,4500.0,False,True
43604825,150819,1186155,501,6198141,Keion Brooks Jr.,IND,SF/PF,4500.0,False,True
43604826,150819,1186155,503,6198141,Keion Brooks Jr.,IND,SF/PF,4500.0,False,True
43604827,150819,1340768,496,6198141,Jalen Warley,IND,PG/SG,4500.0,False,True
43604828,150819,1340768,497,6198141,Jalen Warley,IND,PG/SG,4500.0,False,True
43604829,150819,1340768,502,6198141,Jalen Warley,IND,PG/SG,4500.0,False,True
43604830,150819,1340768,503,6198141,Jalen Warley,IND,PG/SG,4500.0,False,True
43604831,150819,1174919,498,6198143,Josh Oduro,NO,SF/PF,4500.0,False,True
43604832,150819,1174919,499,6198143,Josh Oduro,NO,SF/PF,4500.0,False,True
43604833,150819,1174919,501,6198143,Josh Oduro,NO,SF/PF,4500.0,False,True
43604834,150819,1174919,503,6198143,Josh Oduro,NO,SF/PF,4500.0,False,True
43604835,150819,1231555,498,6198144,Steven Crowl,DET,SF/PF,4500.0,False,True
43604836,150819,1231555,499,6198144,Steven Crowl,DET,SF/PF,4500.0,False,True
43604837,150819,1231555,501,6198144,Steven Crowl,DET,SF/PF,4500.0,False,True
43604838,150819,1231555,503,6198144,Steven Crowl,DET,SF/PF,4500.0,False,True
43604839,150819,1415581,498,6198142,Amani Lyles,PHI,SF/PF,4400.0,False,True
43604840,150819,1415581,499,6198142,Amani Lyles,PHI,SF/PF,4400.0,False,True
43604841,150819,1415581,501,6198142,Amani Lyles,PHI,SF/PF,4400.0,False,True
43604842,150819,1415581,503,6198142,Amani Lyles,PHI,SF/PF,4400.0,False,True
43604843,150819,1536409,496,6198142,Taye Fields,PHI,PG/SG,4400.0,False,True
43604844,150819,1536409,497,6198142,Taye Fields,PHI,PG/SG,4400.0,False,True
43604845,150819,1536409,502,6198142,Taye Fields,PHI,PG/SG,4400.0,False,True
43604846,150819,1536409,503,6198142,Taye Fields,PHI,PG/SG,4400.0,False,True
43604847,150819,1174887,499,6198143,Tristan Enaruna,CLE,PF,4400.0,False,True
43604848,150819,1174887,501,6198143,Tristan Enaruna,CLE,PF,4400.0,False,True
43604849,150819,1174887,503,6198143,Tristan Enaruna,CLE,PF,4400.0,False,True
43604850,150819,1324020,498,6198143,Jalon Moore,NO,SF/PF,4400.0,False,True
43604851,150819,1324020,499,6198143,Jalon Moore,NO,SF/PF,4400.0,False,True
43604852,150819,1324020,501,6198143,Jalon Moore,NO,SF/PF,4400.0,False,True
43604853,150819,1324020,503,6198143,Jalon Moore,NO,SF/PF,4400.0,False,True
43604854,150819,1175017,496,6198143,Sean East II,CLE,PG/SG,4400.0,False,True
43604855,150819,1175017,497,6198143,Sean East II,CLE,PG/SG,4400.0,False,True
43604856,150819,1175017,502,6198143,Sean East II,CLE,PG/SG,4400.0,False,True
43604857,150819,1175017,503,6198143,Sean East II,CLE,PG/SG,4400.0,False,True
43604858,150819,1560464,496,6198144,Orlando Thomas,DET,PG/SG,4400.0,False,True
43604859,150819,1560464,497,6198144,Orlando Thomas,DET,PG/SG,4400.0,False,True
43604860,150819,1560464,502,6198144,Orlando Thomas,DET,PG/SG,4400.0,False,True
43604861,150819,1560464,503,6198144,Orlando Thomas,DET,PG/SG,4400.0,False,True
43604862,150819,1236199,498,6198142,Ricky Council IV,ORL,SF/PF,4300.0,False,True
43604863,150819,1236199,499,6198142,Ricky Council IV,ORL,SF/PF,4300.0,False,True
43604864,150819,1236199,501,6198142,Ricky Council IV,ORL,SF/PF,4300.0,False,True
43604865,150819,1236199,503,6198142,Ricky Council IV,ORL,SF/PF,4300.0,False,True
43604866,150819,1402782,498,6198142,Malik Reneau,ORL,SF/PF,4300.0,False,True
43604867,150819,1402782,499,6198142,Malik Reneau,ORL,SF/PF,4300.0,False,True
43604868,150819,1402782,501,6198142,Malik Reneau,ORL,SF/PF,4300.0,False,True
43604869,150819,1402782,503,6198142,Malik Reneau,ORL,SF/PF,4300.0,False,True
43604870,150819,1413227,498,6198143,Solomon Washington,NO,SF/PF,4300.0,False,True
43604871,150819,1413227,499,6198143,Solomon Washington,NO,SF/PF,4300.0,False,True
43604872,150819,1413227,501,6198143,Solomon Washington,NO,SF/PF,4300.0,False,True
43604873,150819,1413227,503,6198143,Solomon Washington,NO,SF/PF,4300.0,False,True
43604874,150819,1245902,496,6198144,Devin Askew,PHO,PG/SG,4300.0,False,True
43604875,150819,1245902,497,6198144,Devin Askew,PHO,PG/SG,4300.0,False,True
43604876,150819,1245902,502,6198144,Devin Askew,PHO,PG/SG,4300.0,False,True
43604877,150819,1245902,503,6198144,Devin Askew,PHO,PG/SG,4300.0,False,True
43604878,150819,1193435,498,6198141,Jaylin Williams,MIN,SF/PF,4300.0,False,True
43604879,150819,1193435,499,6198141,Jaylin Williams,MIN,SF/PF,4300.0,False,True
43604880,150819,1193435,501,6198141,Jaylin Williams,MIN,SF/PF,4300.0,False,True
43604881,150819,1193435,503,6198141,Jaylin Williams,MIN,SF/PF,4300.0,False,True
43604882,150819,1340722,498,6198144,Basheer Jihad,DET,SF/PF,4300.0,False,True
43604883,150819,1340722,499,6198144,Basheer Jihad,DET,SF/PF,4300.0,False,True
43604884,150819,1340722,501,6198144,Basheer Jihad,DET,SF/PF,4300.0,False,True
43604885,150819,1340722,503,6198144,Basheer Jihad,DET,SF/PF,4300.0,False,True
43604886,150819,1481251,498,6198143,Tre'Von Spillers,CLE,SF/PF,4200.0,False,True
43604887,150819,1481251,499,6198143,Tre'Von Spillers,CLE,SF/PF,4200.0,False,True
43604888,150819,1481251,501,6198143,Tre'Von Spillers,CLE,SF/PF,4200.0,False,True
43604889,150819,1481251,503,6198143,Tre'Von Spillers,CLE,SF/PF,4200.0,False,True
43604890,150819,1415864,498,6198142,Izaiyah Nelson,ORL,SF/PF,4200.0,False,True
43604891,150819,1415864,499,6198142,Izaiyah Nelson,ORL,SF/PF,4200.0,False,True
43604892,150819,1415864,501,6198142,Izaiyah Nelson,ORL,SF/PF,4200.0,False,True
43604893,150819,1415864,503,6198142,Izaiyah Nelson,ORL,SF/PF,4200.0,False,True
43604894,150819,1134731,498,6198143,Nathan Mensah,NO,SF/PF,4200.0,False,True
43604895,150819,1134731,499,6198143,Nathan Mensah,NO,SF/PF,4200.0,False,True
43604896,150819,1134731,501,6198143,Nathan Mensah,NO,SF/PF,4200.0,False,True
43604897,150819,1134731,503,6198143,Nathan Mensah,NO,SF/PF,4200.0,False,True
43604898,150819,1136168,500,6198144,Jake Stephens,PHO,C,4200.0,False,True
43604899,150819,1136168,503,6198144,Jake Stephens,PHO,C,4200.0,False,True
43604900,150819,1408442,496,6198141,Aidan Mahaney,MIN,PG/SG,4200.0,False,True
43604901,150819,1408442,497,6198141,Aidan Mahaney,MIN,PG/SG,4200.0,False,True
43604902,150819,1408442,502,6198141,Aidan Mahaney,MIN,PG/SG,4200.0,False,True
43604903,150819,1408442,503,6198141,Aidan Mahaney,MIN,PG/SG,4200.0,False,True
43604904,150819,1481234,497,6198144,Corey Stephenson,DET,SG/SF,4200.0,False,True
43604905,150819,1481234,498,6198144,Corey Stephenson,DET,SG/SF,4200.0,False,True
43604906,150819,1481234,502,6198144,Corey Stephenson,DET,SG/SF,4200.0,False,True
43604907,150819,1481234,501,6198144,Corey Stephenson,DET,SG/SF,4200.0,False,True
43604908,150819,1481234,503,6198144,Corey Stephenson,DET,SG/SF,4200.0,False,True
43604909,150819,1232314,496,6198142,Duke Miles,PHI,PG/SG,4100.0,False,True
43604910,150819,1232314,497,6198142,Duke Miles,PHI,PG/SG,4100.0,False,True
43604911,150819,1232314,502,6198142,Duke Miles,PHI,PG/SG,4100.0,False,True
43604912,150819,1232314,503,6198142,Duke Miles,PHI,PG/SG,4100.0,False,True
43604913,150819,1232341,496,6198142,Johnell Davis,ORL,PG/SG,4100.0,False,True
43604914,150819,1232341,497,6198142,Johnell Davis,ORL,PG/SG,4100.0,False,True
43604915,150819,1232341,502,6198142,Johnell Davis,ORL,PG/SG,4100.0,False,True
43604916,150819,1232341,503,6198142,Johnell Davis,ORL,PG/SG,4100.0,False,True
43604917,150819,1408133,498,6198143,Chris Bell,NO,SF/PF,4100.0,False,True
43604918,150819,1408133,499,6198143,Chris Bell,NO,SF/PF,4100.0,False,True
43604919,150819,1408133,501,6198143,Chris Bell,NO,SF/PF,4100.0,False,True
43604920,150819,1408133,503,6198143,Chris Bell,NO,SF/PF,4100.0,False,True
43604921,150819,1324325,496,6198144,Sam Hoiberg,PHO,PG/SG,4100.0,False,True
43604922,150819,1324325,497,6198144,Sam Hoiberg,PHO,PG/SG,4100.0,False,True
43604923,150819,1324325,502,6198144,Sam Hoiberg,PHO,PG/SG,4100.0,False,True
43604924,150819,1324325,503,6198144,Sam Hoiberg,PHO,PG/SG,4100.0,False,True
43604925,150819,1326056,498,6198141,Devin McGlockton,MIN,SF/PF,4100.0,False,True
43604926,150819,1326056,499,6198141,Devin McGlockton,MIN,SF/PF,4100.0,False,True
43604927,150819,1326056,501,6198141,Devin McGlockton,MIN,SF/PF,4100.0,False,True
43604928,150819,1326056,503,6198141,Devin McGlockton,MIN,SF/PF,4100.0,False,True
43604929,150819,1490077,498,6198144,Latavious Mitchell,DET,SF/PF,4100.0,False,True
43604930,150819,1490077,499,6198144,Latavious Mitchell,DET,SF/PF,4100.0,False,True
43604931,150819,1490077,501,6198144,Latavious Mitchell,DET,SF/PF,4100.0,False,True
43604932,150819,1490077,503,6198144,Latavious Mitchell,DET,SF/PF,4100.0,False,True
43604933,150819,1524017,496,6198142,Javontae Campbell,PHI,PG/SG,4000.0,False,True
43604934,150819,1524017,497,6198142,Javontae Campbell,PHI,PG/SG,4000.0,False,True
43604935,150819,1524017,502,6198142,Javontae Campbell,PHI,PG/SG,4000.0,False,True
43604936,150819,1524017,503,6198142,Javontae Campbell,PHI,PG/SG,4000.0,False,True
43604937,150819,1482354,500,6198142,Drew Cisse,PHI,C,4000.0,False,True
43604938,150819,1482354,503,6198142,Drew Cisse,PHI,C,4000.0,False,True
43604939,150819,1430922,496,6198142,JJ Harper,PHI,PG/SG,4000.0,False,True
43604940,150819,1430922,497,6198142,JJ Harper,PHI,PG/SG,4000.0,False,True
43604941,150819,1430922,502,6198142,JJ Harper,PHI,PG/SG,4000.0,False,True
43604942,150819,1430922,503,6198142,JJ Harper,PHI,PG/SG,4000.0,False,True
43604943,150819,1415929,498,6198142,Nick Townsend,PHI,SF/PF,4000.0,False,True
43604944,150819,1415929,499,6198142,Nick Townsend,PHI,SF/PF,4000.0,False,True
43604945,150819,1415929,501,6198142,Nick Townsend,PHI,SF/PF,4000.0,False,True
43604946,150819,1415929,503,6198142,Nick Townsend,PHI,SF/PF,4000.0,False,True
43604947,150819,1556035,497,6198142,DJ Armstrong Jr.,ORL,SG/SF,4000.0,False,True
43604948,150819,1556035,498,6198142,DJ Armstrong Jr.,ORL,SG/SF,4000.0,False,True
43604949,150819,1556035,502,6198142,DJ Armstrong Jr.,ORL,SG/SF,4000.0,False,True
43604950,150819,1556035,501,6198142,DJ Armstrong Jr.,ORL,SG/SF,4000.0,False,True
43604951,150819,1556035,503,6198142,DJ Armstrong Jr.,ORL,SG/SF,4000.0,False,True
43604952,150819,1186774,498,6198142,Will Baker,ORL,SF/PF,4000.0,False,True
43604953,150819,1186774,499,6198142,Will Baker,ORL,SF/PF,4000.0,False,True
43604954,150819,1186774,501,6198142,Will Baker,ORL,SF/PF,4000.0,False,True
43604955,150819,1186774,503,6198142,Will Baker,ORL,SF/PF,4000.0,False,True
43604956,150819,1135177,498,6198142,CJ Elleby,ORL,SF/PF,4000.0,False,True
43604957,150819,1135177,499,6198142,CJ Elleby,ORL,SF/PF,4000.0,False,True
43604958,150819,1135177,501,6198142,CJ Elleby,ORL,SF/PF,4000.0,False,True
43604959,150819,1135177,503,6198142,CJ Elleby,ORL,SF/PF,4000.0,False,True
43604960,150819,1413221,496,6198142,Tre Holloman,ORL,PG/SG,4000.0,False,True
43604961,150819,1413221,497,6198142,Tre Holloman,ORL,PG/SG,4000.0,False,True
43604962,150819,1413221,502,6198142,Tre Holloman,ORL,PG/SG,4000.0,False,True
43604963,150819,1413221,503,6198142,Tre Holloman,ORL,PG/SG,4000.0,False,True
43604964,150819,1401740,496,6198142,Mike Sharavjamts,ORL,PG/SG,4000.0,False,True
43604965,150819,1401740,497,6198142,Mike Sharavjamts,ORL,PG/SG,4000.0,False,True
43604966,150819,1401740,502,6198142,Mike Sharavjamts,ORL,PG/SG,4000.0,False,True
43604967,150819,1401740,503,6198142,Mike Sharavjamts,ORL,PG/SG,4000.0,False,True
43604968,150819,1328236,496,6198141,Cameron Hildreth,IND,PG/SG,4000.0,False,True
43604969,150819,1328236,497,6198141,Cameron Hildreth,IND,PG/SG,4000.0,False,True
43604970,150819,1328236,502,6198141,Cameron Hildreth,IND,PG/SG,4000.0,False,True
43604971,150819,1328236,503,6198141,Cameron Hildreth,IND,PG/SG,4000.0,False,True
43604972,150819,1656691,498,6198141,MJ Iraldi,IND,SF/PF,4000.0,False,True
43604973,150819,1656691,499,6198141,MJ Iraldi,IND,SF/PF,4000.0,False,True
43604974,150819,1656691,501,6198141,MJ Iraldi,IND,SF/PF,4000.0,False,True
43604975,150819,1656691,503,6198141,MJ Iraldi,IND,SF/PF,4000.0,False,True
43604976,150819,1405968,500,6198141,Keba Keita,IND,C,4000.0,False,True
43604977,150819,1405968,503,6198141,Keba Keita,IND,C,4000.0,False,True
43604978,150819,1402846,496,6198141,Tamin Lipsey,IND,PG/SG,4000.0,False,True
43604979,150819,1402846,497,6198141,Tamin Lipsey,IND,PG/SG,4000.0,False,True
43604980,150819,1402846,502,6198141,Tamin Lipsey,IND,PG/SG,4000.0,False,True
43604981,150819,1402846,503,6198141,Tamin Lipsey,IND,PG/SG,4000.0,False,True
43604982,150819,1323927,498,6198141,Kowacie Reeves Jr.,IND,SF/PF,4000.0,False,True
43604983,150819,1323927,499,6198141,Kowacie Reeves Jr.,IND,SF/PF,4000.0,False,True
43604984,150819,1323927,501,6198141,Kowacie Reeves Jr.,IND,SF/PF,4000.0,False,True
43604985,150819,1323927,503,6198141,Kowacie Reeves Jr.,IND,SF/PF,4000.0,False,True
43604986,150819,1488649,496,6198143,Dominique Daniels Jr.,NO,PG/SG,4000.0,False,True
43604987,150819,1488649,497,6198143,Dominique Daniels Jr.,NO,PG/SG,4000.0,False,True
43604988,150819,1488649,502,6198143,Dominique Daniels Jr.,NO,PG/SG,4000.0,False,True
43604989,150819,1488649,503,6198143,Dominique Daniels Jr.,NO,PG/SG,4000.0,False,True
43604990,150819,1234921,498,6198143,Johnny O'Neil,NO,SF/PF,4000.0,False,True
43604991,150819,1234921,499,6198143,Johnny O'Neil,NO,SF/PF,4000.0,False,True
43604992,150819,1234921,501,6198143,Johnny O'Neil,NO,SF/PF,4000.0,False,True
43604993,150819,1234921,503,6198143,Johnny O'Neil,NO,SF/PF,4000.0,False,True
43604994,150819,1349787,496,6198143,Jordan Riley,NO,PG/SG,4000.0,False,True
43604995,150819,1349787,497,6198143,Jordan Riley,NO,PG/SG,4000.0,False,True
43604996,150819,1349787,502,6198143,Jordan Riley,NO,PG/SG,4000.0,False,True
43604997,150819,1349787,503,6198143,Jordan Riley,NO,PG/SG,4000.0,False,True
43604998,150819,1401727,498,6198144,Reed Bailey,PHO,SF/PF,4000.0,False,True
43604999,150819,1401727,499,6198144,Reed Bailey,PHO,SF/PF,4000.0,False,True
43605000,150819,1401727,501,6198144,Reed Bailey,PHO,SF/PF,4000.0,False,True
43605001,150819,1401727,503,6198144,Reed Bailey,PHO,SF/PF,4000.0,False,True
43605002,150819,1437730,496,6198144,Lucas Dufeal,PHO,PG/SG,4000.0,False,True
43605003,150819,1437730,497,6198144,Lucas Dufeal,PHO,PG/SG,4000.0,False,True
43605004,150819,1437730,502,6198144,Lucas Dufeal,PHO,PG/SG,4000.0,False,True
43605005,150819,1437730,503,6198144,Lucas Dufeal,PHO,PG/SG,4000.0,False,True
43605006,150819,1405733,498,6198144,Barry Evans,PHO,SF/PF,4000.0,False,True
43605007,150819,1405733,499,6198144,Barry Evans,PHO,SF/PF,4000.0,False,True
43605008,150819,1405733,501,6198144,Barry Evans,PHO,SF/PF,4000.0,False,True
43605009,150819,1405733,503,6198144,Barry Evans,PHO,SF/PF,4000.0,False,True
43605010,150819,1231799,496,6198144,Tramon Mark,PHO,PG/SG,4000.0,False,True
43605011,150819,1231799,497,6198144,Tramon Mark,PHO,PG/SG,4000.0,False,True
43605012,150819,1231799,502,6198144,Tramon Mark,PHO,PG/SG,4000.0,False,True
43605013,150819,1231799,503,6198144,Tramon Mark,PHO,PG/SG,4000.0,False,True
43605014,150819,1405882,496,6198141,Trey Campbell,MIN,PG/SG,4000.0,False,True
43605015,150819,1405882,497,6198141,Trey Campbell,MIN,PG/SG,4000.0,False,True
43605016,150819,1405882,502,6198141,Trey Campbell,MIN,PG/SG,4000.0,False,True
43605017,150819,1405882,503,6198141,Trey Campbell,MIN,PG/SG,4000.0,False,True
43605018,150819,1422977,498,6198141,Toby Harris,MIN,SF/PF,4000.0,False,True
43605019,150819,1422977,499,6198141,Toby Harris,MIN,SF/PF,4000.0,False,True
43605020,150819,1422977,501,6198141,Toby Harris,MIN,SF/PF,4000.0,False,True
43605021,150819,1422977,503,6198141,Toby Harris,MIN,SF/PF,4000.0,False,True
43605022,150819,1193101,496,6198141,Dajuan Harris Jr.,MIN,PG/SG,4000.0,False,True
43605023,150819,1193101,497,6198141,Dajuan Harris Jr.,MIN,PG/SG,4000.0,False,True
43605024,150819,1193101,502,6198141,Dajuan Harris Jr.,MIN,PG/SG,4000.0,False,True
43605025,150819,1193101,503,6198141,Dajuan Harris Jr.,MIN,PG/SG,4000.0,False,True
43605026,150819,1323523,498,6198141,Chris Mantis,MIN,SF/PF,4000.0,False,True
43605027,150819,1323523,499,6198141,Chris Mantis,MIN,SF/PF,4000.0,False,True
43605028,150819,1323523,501,6198141,Chris Mantis,MIN,SF/PF,4000.0,False,True
43605029,150819,1323523,503,6198141,Chris Mantis,MIN,SF/PF,4000.0,False,True
43605030,150819,1408253,496,6198144,Roddy Gayle Jr.,DET,PG/SG,4000.0,False,True
43605031,150819,1408253,497,6198144,Roddy Gayle Jr.,DET,PG/SG,4000.0,False,True
43605032,150819,1408253,502,6198144,Roddy Gayle Jr.,DET,PG/SG,4000.0,False,True
43605033,150819,1408253,503,6198144,Roddy Gayle Jr.,DET,PG/SG,4000.0,False,True
43605034,150820,1617074,498,6198148,AJ Dybantsa,WAS,SF,9500.0,False,True
43605035,150820,1617074,501,6198148,AJ Dybantsa,WAS,SF,9500.0,False,True
43605036,150820,1617074,503,6198148,AJ Dybantsa,WAS,SF,9500.0,False,True
43605037,150820,1326453,500,6198146,Maxime Raynaud,SAC,C,9200.0,False,True
43605038,150820,1326453,503,6198146,Maxime Raynaud,SAC,C,9200.0,False,True
43605039,150820,1522910,498,6198145,Liam McNeeley,CHA,SF,9000.0,False,True
43605040,150820,1522910,501,6198145,Liam McNeeley,CHA,SF,9000.0,False,True
43605041,150820,1522910,503,6198145,Liam McNeeley,CHA,SF,9000.0,False,True
43605042,150820,1520672,498,6198148,Will Riley,WAS,SF,8800.0,False,True
43605043,150820,1520672,501,6198148,Will Riley,WAS,SF,8800.0,False,True
43605044,150820,1520672,503,6198148,Will Riley,WAS,SF,8800.0,False,True
43605045,150820,1236052,500,6198145,Ryan Kalkbrenner,CHA,C,8600.0,False,True
43605046,150820,1236052,503,6198145,Ryan Kalkbrenner,CHA,C,8600.0,False,True
43605047,150820,1610164,497,6198145,Brayden Burries,MIL,SG,8500.0,False,True
43605048,150820,1610164,502,6198145,Brayden Burries,MIL,SG,8500.0,False,True
43605049,150820,1610164,503,6198145,Brayden Burries,MIL,SG,8500.0,False,True
43605050,150820,1594900,497,6198147,Darryn Peterson,UTA,SG,8400.0,False,True
43605051,150820,1594900,502,6198147,Darryn Peterson,UTA,SG,8400.0,False,True
43605052,150820,1594900,503,6198147,Darryn Peterson,UTA,SG,8400.0,False,True
43605053,150820,1590553,498,6198146,Hugo Gonzalez,BOS,SF,8300.0,False,True
43605054,150820,1590553,501,6198146,Hugo Gonzalez,BOS,SF,8300.0,False,True
43605055,150820,1590553,503,6198146,Hugo Gonzalez,BOS,SF,8300.0,False,True
43605056,150820,1589783,497,6198148,Keaton Wagler,LAC,SG,8200.0,False,True
43605057,150820,1589783,502,6198148,Keaton Wagler,LAC,SG,8200.0,False,True
43605058,150820,1589783,503,6198148,Keaton Wagler,LAC,SG,8200.0,False,True
43605059,150820,1591016,496,6198146,Darius Acuff Jr.,SAC,PG,8100.0,False,True
43605060,150820,1591016,502,6198146,Darius Acuff Jr.,SAC,PG,8100.0,False,True
43605061,150820,1591016,503,6198146,Darius Acuff Jr.,SAC,PG,8100.0,False,True
43605062,150820,1519363,498,6198147,Ace Bailey,UTA,SF,8000.0,False,True
43605063,150820,1519363,501,6198147,Ace Bailey,UTA,SF,8000.0,False,True
43605064,150820,1519363,503,6198147,Ace Bailey,UTA,SF,8000.0,False,True
43605065,150820,1133861,498,6198145,Pete Nance,MIL,SF/PF,7900.0,False,True
43605066,150820,1133861,499,6198145,Pete Nance,MIL,SF/PF,7900.0,False,True
43605067,150820,1133861,501,6198145,Pete Nance,MIL,SF/PF,7900.0,False,True
43605068,150820,1133861,503,6198145,Pete Nance,MIL,SF/PF,7900.0,False,True
43605069,150820,1232028,500,6198146,Amari Williams,BOS,C,7800.0,False,True
43605070,150820,1232028,503,6198146,Amari Williams,BOS,C,7800.0,False,True
43605071,150820,1232529,497,6198146,Nique Clifford,SAC,SG/SF,7700.0,False,True
43605072,150820,1232529,498,6198146,Nique Clifford,SAC,SG/SF,7700.0,False,True
43605073,150820,1232529,502,6198146,Nique Clifford,SAC,SG/SF,7700.0,False,True
43605074,150820,1232529,501,6198146,Nique Clifford,SAC,SG/SF,7700.0,False,True
43605075,150820,1232529,503,6198146,Nique Clifford,SAC,SG/SF,7700.0,False,True
43605076,150820,1232338,497,6198145,Sion James,CHA,SG,7500.0,False,True
43605077,150820,1232338,502,6198145,Sion James,CHA,SG,7500.0,False,True
43605078,150820,1232338,503,6198145,Sion James,CHA,SG,7500.0,False,True
43605079,150820,1176674,497,6198146,John Tonje,BOS,SG,7300.0,False,True
43605080,150820,1176674,502,6198146,John Tonje,BOS,SG,7300.0,False,True
43605081,150820,1176674,503,6198146,John Tonje,BOS,SG,7300.0,False,True
43605082,150820,1231938,497,6198148,Kobe Sanders,LAC,SG,7200.0,False,True
43605083,150820,1231938,502,6198148,Kobe Sanders,LAC,SG,7200.0,False,True
43605084,150820,1231938,503,6198148,Kobe Sanders,LAC,SG,7200.0,False,True
43605085,150820,1251665,500,6198146,Dylan Cardwell,SAC,C,7100.0,False,True
43605086,150820,1251665,503,6198146,Dylan Cardwell,SAC,C,7100.0,False,True
43605087,150820,1328254,500,6198147,Jonas Aidoo,UTA,C,7000.0,False,True
43605088,150820,1328254,503,6198147,Jonas Aidoo,UTA,C,7000.0,False,True
43605089,150820,1523620,499,6198147,Jayden Quaintance,SA,PF,7000.0,False,True
43605090,150820,1523620,501,6198147,Jayden Quaintance,SA,PF,7000.0,False,True
43605091,150820,1523620,503,6198147,Jayden Quaintance,SA,PF,7000.0,False,True
43605092,150820,1402304,499,6198148,Baba Miller,LAC,PF,6900.0,False,True
43605093,150820,1402304,501,6198148,Baba Miller,LAC,PF,6900.0,False,True
43605094,150820,1402304,503,6198148,Baba Miller,LAC,PF,6900.0,False,True
43605095,150820,1195700,498,6198147,Emanuel Miller,SA,SF,6800.0,False,True
43605096,150820,1195700,501,6198147,Emanuel Miller,SA,SF,6800.0,False,True
43605097,150820,1195700,503,6198147,Emanuel Miller,SA,SF,6800.0,False,True
43605098,150820,1460155,497,6198148,Cam Christie,LAC,SG,6700.0,False,True
43605099,150820,1460155,502,6198148,Cam Christie,LAC,SG,6700.0,False,True
43605100,150820,1460155,503,6198148,Cam Christie,LAC,SG,6700.0,False,True
43605101,150820,1458830,498,6198147,Cody Williams,UTA,SF,6700.0,False,True
43605102,150820,1458830,501,6198147,Cody Williams,UTA,SF,6700.0,False,True
43605103,150820,1458830,503,6198147,Cody Williams,UTA,SF,6700.0,False,True
43605104,150820,1504463,499,6198145,Tidjane Salaun,CHA,PF,6600.0,False,True
43605105,150820,1504463,501,6198145,Tidjane Salaun,CHA,PF,6600.0,False,True
43605106,150820,1504463,503,6198145,Tidjane Salaun,CHA,PF,6600.0,False,True
43605107,150820,1538604,498,6198147,Carter Bryant,SA,SF,6600.0,False,True
43605108,150820,1538604,501,6198147,Carter Bryant,SA,SF,6600.0,False,True
43605109,150820,1538604,503,6198147,Carter Bryant,SA,SF,6600.0,False,True
43605110,150820,1448788,496,6198145,Kasparas Jakucionis,MIL,PG,6500.0,False,True
43605111,150820,1448788,502,6198145,Kasparas Jakucionis,MIL,PG,6500.0,False,True
43605112,150820,1448788,503,6198145,Kasparas Jakucionis,MIL,PG,6500.0,False,True
43605113,150820,1408158,498,6198146,Dillon Mitchell,BOS,SF,6500.0,False,True
43605114,150820,1408158,501,6198146,Dillon Mitchell,BOS,SF,6500.0,False,True
43605115,150820,1408158,503,6198146,Dillon Mitchell,BOS,SF,6500.0,False,True
43605116,150820,1593958,500,6198146,Chris Cenac Jr.,BOS,C,6400.0,False,True
43605117,150820,1593958,503,6198146,Chris Cenac Jr.,BOS,C,6400.0,False,True
43605118,150820,1408196,498,6198148,Chris Livingston,WAS,SF/PF,6400.0,False,True
43605119,150820,1408196,499,6198148,Chris Livingston,WAS,SF/PF,6400.0,False,True
43605120,150820,1408196,501,6198148,Chris Livingston,WAS,SF/PF,6400.0,False,True
43605121,150820,1408196,503,6198148,Chris Livingston,WAS,SF/PF,6400.0,False,True
43605122,150820,1352114,497,6198145,Luke Travers,MIL,SG,6300.0,False,True
43605123,150820,1352114,502,6198145,Luke Travers,MIL,SG,6300.0,False,True
43605124,150820,1352114,503,6198145,Luke Travers,MIL,SG,6300.0,False,True
43605125,150820,1404902,498,6198146,Jonathan Mogbo,SAC,SF/PF,6300.0,False,True
43605126,150820,1404902,499,6198146,Jonathan Mogbo,SAC,SF/PF,6300.0,False,True
43605127,150820,1404902,501,6198146,Jonathan Mogbo,SAC,SF/PF,6300.0,False,True
43605128,150820,1404902,503,6198146,Jonathan Mogbo,SAC,SF/PF,6300.0,False,True
43605129,150820,1230369,496,6198148,Reece Beekman,WAS,PG,6200.0,False,True
43605130,150820,1230369,502,6198148,Reece Beekman,WAS,PG,6200.0,False,True
43605131,150820,1230369,503,6198148,Reece Beekman,WAS,PG,6200.0,False,True
43605132,150820,1324173,496,6198145,Kam Jones,MIL,PG,6200.0,False,True
43605133,150820,1324173,502,6198145,Kam Jones,MIL,PG,6200.0,False,True
43605134,150820,1324173,503,6198145,Kam Jones,MIL,PG,6200.0,False,True
43605135,150820,1546380,497,6198148,Tre Johnson,WAS,SG,6100.0,False,True
43605136,150820,1546380,502,6198148,Tre Johnson,WAS,SG,6100.0,False,True
43605137,150820,1546380,503,6198148,Tre Johnson,WAS,SG,6100.0,False,True
43605138,150820,1323633,497,6198147,Trey Alexander,UTA,SG,6100.0,False,True
43605139,150820,1323633,502,6198147,Trey Alexander,UTA,SG,6100.0,False,True
43605140,150820,1323633,503,6198147,Trey Alexander,UTA,SG,6100.0,False,True
43605141,150820,1593334,499,6198145,Nate Ament,MIL,PF,6000.0,False,True
43605142,150820,1593334,501,6198145,Nate Ament,MIL,PF,6000.0,False,True
43605143,150820,1593334,503,6198145,Nate Ament,MIL,PF,6000.0,False,True
43605144,150820,1323685,496,6198146,Curtis Jones,BOS,PG/SG,6000.0,False,True
43605145,150820,1323685,497,6198146,Curtis Jones,BOS,PG/SG,6000.0,False,True
43605146,150820,1323685,502,6198146,Curtis Jones,BOS,PG/SG,6000.0,False,True
43605147,150820,1323685,503,6198146,Curtis Jones,BOS,PG/SG,6000.0,False,True
43605148,150820,1408135,499,6198147,Maliq Brown,SA,PF,5900.0,False,True
43605149,150820,1408135,501,6198147,Maliq Brown,SA,PF,5900.0,False,True
43605150,150820,1408135,503,6198147,Maliq Brown,SA,PF,5900.0,False,True
43605151,150820,1432129,499,6198145,Bogoljub Markovic,MIL,PF,5900.0,False,True
43605152,150820,1432129,501,6198145,Bogoljub Markovic,MIL,PF,5900.0,False,True
43605153,150820,1432129,503,6198145,Bogoljub Markovic,MIL,PF,5900.0,False,True
43605154,150820,1522597,496,6198145,Christian Anderson,CHA,PG,5800.0,False,True
43605155,150820,1522597,502,6198145,Christian Anderson,CHA,PG,5800.0,False,True
43605156,150820,1522597,503,6198145,Christian Anderson,CHA,PG,5800.0,False,True
43605157,150820,1596690,499,6198145,Hannes Steinbach,CHA,PF,5800.0,False,True
43605158,150820,1596690,501,6198145,Hannes Steinbach,CHA,PF,5800.0,False,True
43605159,150820,1596690,503,6198145,Hannes Steinbach,CHA,PF,5800.0,False,True
43605160,150820,1245906,497,6198145,Brandon Boston Jr.,MIL,SG,5700.0,False,True
43605161,150820,1245906,502,6198145,Brandon Boston Jr.,MIL,SG,5700.0,False,True
43605162,150820,1245906,503,6198145,Brandon Boston Jr.,MIL,SG,5700.0,False,True
43605163,150820,1340786,496,6198147,Matthew Cleveland,UTA,PG/SG,5700.0,False,True
43605164,150820,1340786,497,6198147,Matthew Cleveland,UTA,PG/SG,5700.0,False,True
43605165,150820,1340786,502,6198147,Matthew Cleveland,UTA,PG/SG,5700.0,False,True
43605166,150820,1340786,503,6198147,Matthew Cleveland,UTA,PG/SG,5700.0,False,True
43605167,150820,1232539,499,6198147,Andersson Garcia,UTA,PF,5600.0,False,True
43605168,150820,1232539,501,6198147,Andersson Garcia,UTA,PF,5600.0,False,True
43605169,150820,1232539,503,6198147,Andersson Garcia,UTA,PF,5600.0,False,True
43605170,150820,1324019,496,6198147,Miles Kelly,SA,PG/SG,5600.0,False,True
43605171,150820,1324019,497,6198147,Miles Kelly,SA,PG/SG,5600.0,False,True
43605172,150820,1324019,502,6198147,Miles Kelly,SA,PG/SG,5600.0,False,True
43605173,150820,1324019,503,6198147,Miles Kelly,SA,PG/SG,5600.0,False,True
43605174,150820,1408243,500,6198147,Tarris Reed Jr.,SA,C,5500.0,False,True
43605175,150820,1408243,503,6198147,Tarris Reed Jr.,SA,C,5500.0,False,True
43605176,150820,1405312,498,6198148,Nick Martinelli,LAC,SF,5500.0,False,True
43605177,150820,1405312,501,6198148,Nick Martinelli,LAC,SF,5500.0,False,True
43605178,150820,1405312,503,6198148,Nick Martinelli,LAC,SF,5500.0,False,True
43605179,150820,1243722,496,6198147,RJ Davis,SA,PG/SG,5400.0,False,True
43605180,150820,1243722,497,6198147,RJ Davis,SA,PG/SG,5400.0,False,True
43605181,150820,1243722,502,6198147,RJ Davis,SA,PG/SG,5400.0,False,True
43605182,150820,1243722,503,6198147,RJ Davis,SA,PG/SG,5400.0,False,True
43605183,150820,1401391,496,6198147,Ja'Kobi Gillespie,SA,PG,5400.0,False,True
43605184,150820,1401391,502,6198147,Ja'Kobi Gillespie,SA,PG,5400.0,False,True
43605185,150820,1401391,503,6198147,Ja'Kobi Gillespie,SA,PG,5400.0,False,True
43605186,150820,1482051,499,6198145,Michael Ajayi,CHA,PF,5300.0,False,True
43605187,150820,1482051,501,6198145,Michael Ajayi,CHA,PF,5300.0,False,True
43605188,150820,1482051,503,6198145,Michael Ajayi,CHA,PF,5300.0,False,True
43605189,150820,1193119,496,6198146,Alondes Williams,BOS,PG/SG,5300.0,False,True
43605190,150820,1193119,497,6198146,Alondes Williams,BOS,PG/SG,5300.0,False,True
43605191,150820,1193119,502,6198146,Alondes Williams,BOS,PG/SG,5300.0,False,True
43605192,150820,1193119,503,6198146,Alondes Williams,BOS,PG/SG,5300.0,False,True
43605193,150820,1134179,497,6198147,Blake Hinson,UTA,SG,5200.0,False,True
43605194,150820,1134179,502,6198147,Blake Hinson,UTA,SG,5200.0,False,True
43605195,150820,1134179,503,6198147,Blake Hinson,UTA,SG,5200.0,False,True
43605196,150820,1232056,497,6198148,Jamir Watkins,WAS,SG,5200.0,False,True
43605197,150820,1232056,502,6198148,Jamir Watkins,WAS,SG,5200.0,False,True
43605198,150820,1232056,503,6198148,Jamir Watkins,WAS,SG,5200.0,False,True
43605199,150820,1343050,499,6198147,Igor Milicic Jr.,SA,PF,5100.0,False,True
43605200,150820,1343050,501,6198147,Igor Milicic Jr.,SA,PF,5100.0,False,True
43605201,150820,1343050,503,6198147,Igor Milicic Jr.,SA,PF,5100.0,False,True
43605202,150820,1326079,496,6198148,Sean Pedulla,LAC,PG/SG,5100.0,False,True
43605203,150820,1326079,497,6198148,Sean Pedulla,LAC,PG/SG,5100.0,False,True
43605204,150820,1326079,502,6198148,Sean Pedulla,LAC,PG/SG,5100.0,False,True
43605205,150820,1326079,503,6198148,Sean Pedulla,LAC,PG/SG,5100.0,False,True
43605206,150820,1134766,496,6198145,Cormac Ryan,MIL,PG/SG,5000.0,False,True
43605207,150820,1134766,497,6198145,Cormac Ryan,MIL,PG/SG,5000.0,False,True
43605208,150820,1134766,502,6198145,Cormac Ryan,MIL,PG/SG,5000.0,False,True
43605209,150820,1134766,503,6198145,Cormac Ryan,MIL,PG/SG,5000.0,False,True
43605210,150820,1403617,497,6198146,Emanuel Sharp,SAC,SG,5000.0,False,True
43605211,150820,1403617,502,6198146,Emanuel Sharp,SAC,SG,5000.0,False,True
43605212,150820,1403617,503,6198146,Emanuel Sharp,SAC,SG,5000.0,False,True
43605213,150820,1231386,498,6198148,Norchad Omier,LAC,SF/PF,5000.0,False,True
43605214,150820,1231386,499,6198148,Norchad Omier,LAC,SF/PF,5000.0,False,True
43605215,150820,1231386,501,6198148,Norchad Omier,LAC,SF/PF,5000.0,False,True
43605216,150820,1231386,503,6198148,Norchad Omier,LAC,SF/PF,5000.0,False,True
43605217,150820,1408273,499,6198148,Felix Okpara,WAS,PF,4900.0,False,True
43605218,150820,1408273,501,6198148,Felix Okpara,WAS,PF,4900.0,False,True
43605219,150820,1408273,503,6198148,Felix Okpara,WAS,PF,4900.0,False,True
43605220,150820,1232447,498,6198148,Jahmyl Telfort,LAC,SF/PF,4900.0,False,True
43605221,150820,1232447,499,6198148,Jahmyl Telfort,LAC,SF/PF,4900.0,False,True
43605222,150820,1232447,501,6198148,Jahmyl Telfort,LAC,SF/PF,4900.0,False,True
43605223,150820,1232447,503,6198148,Jahmyl Telfort,LAC,SF/PF,4900.0,False,True
43605224,150820,1405037,496,6198148,Seth Trimble,WAS,PG/SG,4900.0,False,True
43605225,150820,1405037,497,6198148,Seth Trimble,WAS,PG/SG,4900.0,False,True
43605226,150820,1405037,502,6198148,Seth Trimble,WAS,PG/SG,4900.0,False,True
43605227,150820,1405037,503,6198148,Seth Trimble,WAS,PG/SG,4900.0,False,True
43605228,150820,1482267,496,6198147,Hayden Gray,UTA,PG/SG,4800.0,False,True
43605229,150820,1482267,497,6198147,Hayden Gray,UTA,PG/SG,4800.0,False,True
43605230,150820,1482267,502,6198147,Hayden Gray,UTA,PG/SG,4800.0,False,True
43605231,150820,1482267,503,6198147,Hayden Gray,UTA,PG/SG,4800.0,False,True
43605232,150820,1340218,498,6198146,Tucker DeVries,BOS,SF/PF,4800.0,False,True
43605233,150820,1340218,499,6198146,Tucker DeVries,BOS,SF/PF,4800.0,False,True
43605234,150820,1340218,501,6198146,Tucker DeVries,BOS,SF/PF,4800.0,False,True
43605235,150820,1340218,503,6198146,Tucker DeVries,BOS,SF/PF,4800.0,False,True
43605236,150820,1176770,499,6198147,Orlando Robinson,UTA,PF/C,4800.0,False,True
43605237,150820,1176770,500,6198147,Orlando Robinson,UTA,PF/C,4800.0,False,True
43605238,150820,1176770,501,6198147,Orlando Robinson,UTA,PF/C,4800.0,False,True
43605239,150820,1176770,503,6198147,Orlando Robinson,UTA,PF/C,4800.0,False,True
43605240,150820,1136581,496,6198146,Adam Flagler,SAC,PG/SG,4800.0,False,True
43605241,150820,1136581,497,6198146,Adam Flagler,SAC,PG/SG,4800.0,False,True
43605242,150820,1136581,502,6198146,Adam Flagler,SAC,PG/SG,4800.0,False,True
43605243,150820,1136581,503,6198146,Adam Flagler,SAC,PG/SG,4800.0,False,True
43605244,150820,1365403,498,6198146,Alex Karaban,SAC,SF,4700.0,False,True
43605245,150820,1365403,501,6198146,Alex Karaban,SAC,SF,4700.0,False,True
43605246,150820,1365403,503,6198146,Alex Karaban,SAC,SF,4700.0,False,True
43605247,150820,1413172,496,6198145,Kylan Boswell,CHA,PG,4700.0,False,True
43605248,150820,1413172,502,6198145,Kylan Boswell,CHA,PG,4700.0,False,True
43605249,150820,1413172,503,6198145,Kylan Boswell,CHA,PG,4700.0,False,True
43605250,150820,1327795,496,6198147,Justin Harmon,UTA,PG/SG,4700.0,False,True
43605251,150820,1327795,497,6198147,Justin Harmon,UTA,PG/SG,4700.0,False,True
43605252,150820,1327795,502,6198147,Justin Harmon,UTA,PG/SG,4700.0,False,True
43605253,150820,1327795,503,6198147,Justin Harmon,UTA,PG/SG,4700.0,False,True
43605254,150820,1134758,498,6198147,Kylor Kelley,UTA,SF/PF,4700.0,False,True
43605255,150820,1134758,499,6198147,Kylor Kelley,UTA,SF/PF,4700.0,False,True
43605256,150820,1134758,501,6198147,Kylor Kelley,UTA,SF/PF,4700.0,False,True
43605257,150820,1134758,503,6198147,Kylor Kelley,UTA,SF/PF,4700.0,False,True
43605258,150820,1253428,498,6198145,Zack Austin,MIL,SF/PF,4600.0,False,True
43605259,150820,1253428,499,6198145,Zack Austin,MIL,SF/PF,4600.0,False,True
43605260,150820,1253428,501,6198145,Zack Austin,MIL,SF/PF,4600.0,False,True
43605261,150820,1253428,503,6198145,Zack Austin,MIL,SF/PF,4600.0,False,True
43605262,150820,1502252,497,6198146,Kyle Mangas,BOS,SG,4600.0,False,True
43605263,150820,1502252,502,6198146,Kyle Mangas,BOS,SG,4600.0,False,True
43605264,150820,1502252,503,6198146,Kyle Mangas,BOS,SG,4600.0,False,True
43605265,150820,1180055,498,6198147,Hyunjung Lee,SA,SF/PF,4600.0,False,True
43605266,150820,1180055,499,6198147,Hyunjung Lee,SA,SF/PF,4600.0,False,True
43605267,150820,1180055,501,6198147,Hyunjung Lee,SA,SF/PF,4600.0,False,True
43605268,150820,1180055,503,6198147,Hyunjung Lee,SA,SF/PF,4600.0,False,True
43605269,150820,1324442,499,6198148,Julian Reese,WAS,PF,4600.0,False,True
43605270,150820,1324442,501,6198148,Julian Reese,WAS,PF,4600.0,False,True
43605271,150820,1324442,503,6198148,Julian Reese,WAS,PF,4600.0,False,True
43605272,150820,1343051,496,6198147,Bez Mbeng,UTA,PG/SG,4500.0,False,True
43605273,150820,1343051,497,6198147,Bez Mbeng,UTA,PG/SG,4500.0,False,True
43605274,150820,1343051,502,6198147,Bez Mbeng,UTA,PG/SG,4500.0,False,True
43605275,150820,1343051,503,6198147,Bez Mbeng,UTA,PG/SG,4500.0,False,True
43605276,150820,1408438,500,6198147,Harry Wessels,SA,C,4500.0,False,True
43605277,150820,1408438,503,6198147,Harry Wessels,SA,C,4500.0,False,True
43605278,150820,1326422,500,6198145,Rafael Castro,MIL,C,4500.0,False,True
43605279,150820,1326422,503,6198145,Rafael Castro,MIL,C,4500.0,False,True
43605280,150820,1231489,496,6198148,Kadary Richmond,WAS,PG/SG,4500.0,False,True
43605281,150820,1231489,497,6198148,Kadary Richmond,WAS,PG/SG,4500.0,False,True
43605282,150820,1231489,502,6198148,Kadary Richmond,WAS,PG/SG,4500.0,False,True
43605283,150820,1231489,503,6198148,Kadary Richmond,WAS,PG/SG,4500.0,False,True
43605284,150820,1405418,496,6198146,Milos Uzan,BOS,PG/SG,4400.0,False,True
43605285,150820,1405418,497,6198146,Milos Uzan,BOS,PG/SG,4400.0,False,True
43605286,150820,1405418,502,6198146,Milos Uzan,BOS,PG/SG,4400.0,False,True
43605287,150820,1405418,503,6198146,Milos Uzan,BOS,PG/SG,4400.0,False,True
43605288,150820,1176244,498,6198147,Eric Dixon,UTA,SF/PF,4400.0,False,True
43605289,150820,1176244,499,6198147,Eric Dixon,UTA,SF/PF,4400.0,False,True
43605290,150820,1176244,501,6198147,Eric Dixon,UTA,SF/PF,4400.0,False,True
43605291,150820,1176244,503,6198147,Eric Dixon,UTA,SF/PF,4400.0,False,True
43605292,150820,1507153,500,6198148,Norris Agbakoko,WAS,C,4400.0,False,True
43605293,150820,1507153,503,6198148,Norris Agbakoko,WAS,C,4400.0,False,True
43605294,150820,1324101,498,6198147,RJ Melendez,SA,SF/PF,4400.0,False,True
43605295,150820,1324101,499,6198147,RJ Melendez,SA,SF/PF,4400.0,False,True
43605296,150820,1324101,501,6198147,RJ Melendez,SA,SF/PF,4400.0,False,True
43605297,150820,1324101,503,6198147,RJ Melendez,SA,SF/PF,4400.0,False,True
43605298,150820,1541010,496,6198147,Miles Barnstable,SA,PG/SG,4400.0,False,True
43605299,150820,1541010,497,6198147,Miles Barnstable,SA,PG/SG,4400.0,False,True
43605300,150820,1541010,502,6198147,Miles Barnstable,SA,PG/SG,4400.0,False,True
43605301,150820,1541010,503,6198147,Miles Barnstable,SA,PG/SG,4400.0,False,True
43605302,150820,1236723,498,6198146,Nick Pringle,BOS,SF/PF,4300.0,False,True
43605303,150820,1236723,499,6198146,Nick Pringle,BOS,SF/PF,4300.0,False,True
43605304,150820,1236723,501,6198146,Nick Pringle,BOS,SF/PF,4300.0,False,True
43605305,150820,1236723,503,6198146,Nick Pringle,BOS,SF/PF,4300.0,False,True
43605306,150820,1145994,496,6198145,Terrell Brown Jr.,CHA,PG/SG,4300.0,False,True
43605307,150820,1145994,497,6198145,Terrell Brown Jr.,CHA,PG/SG,4300.0,False,True
43605308,150820,1145994,502,6198145,Terrell Brown Jr.,CHA,PG/SG,4300.0,False,True
43605309,150820,1145994,503,6198145,Terrell Brown Jr.,CHA,PG/SG,4300.0,False,True
43605310,150820,1232079,496,6198145,Latrell Wrightsell Jr.,CHA,PG/SG,4300.0,False,True
43605311,150820,1232079,497,6198145,Latrell Wrightsell Jr.,CHA,PG/SG,4300.0,False,True
43605312,150820,1232079,502,6198145,Latrell Wrightsell Jr.,CHA,PG/SG,4300.0,False,True
43605313,150820,1232079,503,6198145,Latrell Wrightsell Jr.,CHA,PG/SG,4300.0,False,True
43605314,150820,1193984,496,6198147,Max Abmas,UTA,PG/SG,4300.0,False,True
43605315,150820,1193984,497,6198147,Max Abmas,UTA,PG/SG,4300.0,False,True
43605316,150820,1193984,502,6198147,Max Abmas,UTA,PG/SG,4300.0,False,True
43605317,150820,1193984,503,6198147,Max Abmas,UTA,PG/SG,4300.0,False,True
43605318,150820,1401533,498,6198146,Chauncey Wiggins,BOS,SF/PF,4300.0,False,True
43605319,150820,1401533,499,6198146,Chauncey Wiggins,BOS,SF/PF,4300.0,False,True
43605320,150820,1401533,501,6198146,Chauncey Wiggins,BOS,SF/PF,4300.0,False,True
43605321,150820,1401533,503,6198146,Chauncey Wiggins,BOS,SF/PF,4300.0,False,True
43605322,150820,1448789,498,6198145,Malique Lewis,MIL,SF,4200.0,False,True
43605323,150820,1448789,501,6198145,Malique Lewis,MIL,SF,4200.0,False,True
43605324,150820,1448789,503,6198145,Malique Lewis,MIL,SF,4200.0,False,True
43605325,150820,1174826,496,6198146,Caleb Grill,BOS,PG/SG,4200.0,False,True
43605326,150820,1174826,497,6198146,Caleb Grill,BOS,PG/SG,4200.0,False,True
43605327,150820,1174826,502,6198146,Caleb Grill,BOS,PG/SG,4200.0,False,True
43605328,150820,1174826,503,6198146,Caleb Grill,BOS,PG/SG,4200.0,False,True
43605329,150820,1401767,496,6198145,Max Mackinnon,CHA,PG/SG,4200.0,False,True
43605330,150820,1401767,497,6198145,Max Mackinnon,CHA,PG/SG,4200.0,False,True
43605331,150820,1401767,502,6198145,Max Mackinnon,CHA,PG/SG,4200.0,False,True
43605332,150820,1401767,503,6198145,Max Mackinnon,CHA,PG/SG,4200.0,False,True
43605333,150820,1333783,497,6198147,Tamar Bates,UTA,SG,4200.0,False,True
43605334,150820,1333783,502,6198147,Tamar Bates,UTA,SG,4200.0,False,True
43605335,150820,1333783,503,6198147,Tamar Bates,UTA,SG,4200.0,False,True
43605336,150820,1324298,498,6198148,John Camden,WAS,SF/PF,4200.0,False,True
43605337,150820,1324298,499,6198148,John Camden,WAS,SF/PF,4200.0,False,True
43605338,150820,1324298,501,6198148,John Camden,WAS,SF/PF,4200.0,False,True
43605339,150820,1324298,503,6198148,John Camden,WAS,SF/PF,4200.0,False,True
43605340,150820,1060982,496,6198148,RJ Nembhard,WAS,PG/SG,4100.0,False,True
43605341,150820,1060982,497,6198148,RJ Nembhard,WAS,PG/SG,4100.0,False,True
43605342,150820,1060982,502,6198148,RJ Nembhard,WAS,PG/SG,4100.0,False,True
43605343,150820,1060982,503,6198148,RJ Nembhard,WAS,PG/SG,4100.0,False,True
43605344,150820,1178150,500,6198145,Jesse Edwards,MIL,C,4100.0,False,True
43605345,150820,1178150,503,6198145,Jesse Edwards,MIL,C,4100.0,False,True
43605346,150820,1657508,498,6198146,Hank Morgan,BOS,SF,4100.0,False,True
43605347,150820,1657508,501,6198146,Hank Morgan,BOS,SF,4100.0,False,True
43605348,150820,1657508,503,6198146,Hank Morgan,BOS,SF,4100.0,False,True
43605349,150820,1405367,496,6198148,Fletcher Loyer,LAC,PG/SG,4100.0,False,True
43605350,150820,1405367,497,6198148,Fletcher Loyer,LAC,PG/SG,4100.0,False,True
43605351,150820,1405367,502,6198148,Fletcher Loyer,LAC,PG/SG,4100.0,False,True
43605352,150820,1405367,503,6198148,Fletcher Loyer,LAC,PG/SG,4100.0,False,True
43605353,150820,1232533,498,6198145,Cameron Matthews,CHA,SF/PF,4100.0,False,True
43605354,150820,1232533,499,6198145,Cameron Matthews,CHA,SF/PF,4100.0,False,True
43605355,150820,1232533,501,6198145,Cameron Matthews,CHA,SF/PF,4100.0,False,True
43605356,150820,1232533,503,6198145,Cameron Matthews,CHA,SF/PF,4100.0,False,True
43605357,150820,608153,498,6198145,Aaron Williams,MIL,SF/PF,4000.0,False,True
43605358,150820,608153,499,6198145,Aaron Williams,MIL,SF/PF,4000.0,False,True
43605359,150820,608153,501,6198145,Aaron Williams,MIL,SF/PF,4000.0,False,True
43605360,150820,608153,503,6198145,Aaron Williams,MIL,SF/PF,4000.0,False,True
43605361,150820,1231377,497,6198145,Kobe Stewart,MIL,SG/SF,4000.0,False,True
43605362,150820,1231377,498,6198145,Kobe Stewart,MIL,SG/SF,4000.0,False,True
43605363,150820,1231377,502,6198145,Kobe Stewart,MIL,SG/SF,4000.0,False,True
43605364,150820,1231377,501,6198145,Kobe Stewart,MIL,SG/SF,4000.0,False,True
43605365,150820,1231377,503,6198145,Kobe Stewart,MIL,SG/SF,4000.0,False,True
43605366,150820,1340214,496,6198145,Boopie Miller,MIL,PG/SG,4000.0,False,True
43605367,150820,1340214,497,6198145,Boopie Miller,MIL,PG/SG,4000.0,False,True
43605368,150820,1340214,502,6198145,Boopie Miller,MIL,PG/SG,4000.0,False,True
43605369,150820,1340214,503,6198145,Boopie Miller,MIL,PG/SG,4000.0,False,True
43605370,150820,1176203,498,6198145,Kuany Kuany,MIL,SF/PF,4000.0,False,True
43605371,150820,1176203,499,6198145,Kuany Kuany,MIL,SF/PF,4000.0,False,True
43605372,150820,1176203,501,6198145,Kuany Kuany,MIL,SF/PF,4000.0,False,True
43605373,150820,1176203,503,6198145,Kuany Kuany,MIL,SF/PF,4000.0,False,True
43605374,150820,1340782,498,6198145,John Butler,MIL,SF/PF,4000.0,False,True
43605375,150820,1340782,499,6198145,John Butler,MIL,SF/PF,4000.0,False,True
43605376,150820,1340782,501,6198145,John Butler,MIL,SF/PF,4000.0,False,True
43605377,150820,1340782,503,6198145,John Butler,MIL,SF/PF,4000.0,False,True
43605378,150820,1134005,496,6198145,Kira Lewis Jr.,MIL,PG,4000.0,False,True
43605379,150820,1134005,502,6198145,Kira Lewis Jr.,MIL,PG,4000.0,False,True
43605380,150820,1134005,503,6198145,Kira Lewis Jr.,MIL,PG,4000.0,False,True
43605381,150820,1475191,496,6198146,Day Day Thomas,BOS,PG/SG,4000.0,False,True
43605382,150820,1475191,497,6198146,Day Day Thomas,BOS,PG/SG,4000.0,False,True
43605383,150820,1475191,502,6198146,Day Day Thomas,BOS,PG/SG,4000.0,False,True
43605384,150820,1475191,503,6198146,Day Day Thomas,BOS,PG/SG,4000.0,False,True
43605385,150820,1176278,498,6198148,Zach Freemantle,LAC,SF/PF,4000.0,False,True
43605386,150820,1176278,499,6198148,Zach Freemantle,LAC,SF/PF,4000.0,False,True
43605387,150820,1176278,501,6198148,Zach Freemantle,LAC,SF/PF,4000.0,False,True
43605388,150820,1176278,503,6198148,Zach Freemantle,LAC,SF/PF,4000.0,False,True
43605389,150820,1402285,496,6198148,Riley Kugel,LAC,PG/SG,4000.0,False,True
43605390,150820,1402285,497,6198148,Riley Kugel,LAC,PG/SG,4000.0,False,True
43605391,150820,1402285,502,6198148,Riley Kugel,LAC,PG/SG,4000.0,False,True
43605392,150820,1402285,503,6198148,Riley Kugel,LAC,PG/SG,4000.0,False,True
43605393,150820,1257476,496,6198148,Themus Fulks,LAC,PG/SG,4000.0,False,True
43605394,150820,1257476,497,6198148,Themus Fulks,LAC,PG/SG,4000.0,False,True
43605395,150820,1257476,502,6198148,Themus Fulks,LAC,PG/SG,4000.0,False,True
43605396,150820,1257476,503,6198148,Themus Fulks,LAC,PG/SG,4000.0,False,True
43605397,150820,1343680,498,6198145,Wyatt Fricks,CHA,SF/PF,4000.0,False,True
43605398,150820,1343680,499,6198145,Wyatt Fricks,CHA,SF/PF,4000.0,False,True
43605399,150820,1343680,501,6198145,Wyatt Fricks,CHA,SF/PF,4000.0,False,True
43605400,150820,1343680,503,6198145,Wyatt Fricks,CHA,SF/PF,4000.0,False,True
43605401,150820,1190373,498,6198145,Josiah Allick,CHA,SF/PF,4000.0,False,True
43605402,150820,1190373,499,6198145,Josiah Allick,CHA,SF/PF,4000.0,False,True
43605403,150820,1190373,501,6198145,Josiah Allick,CHA,SF/PF,4000.0,False,True
43605404,150820,1190373,503,6198145,Josiah Allick,CHA,SF/PF,4000.0,False,True
43605405,150820,1413220,498,6198147,Jaxon Kohler,UTA,SF/PF,4000.0,False,True
43605406,150820,1413220,499,6198147,Jaxon Kohler,UTA,SF/PF,4000.0,False,True
43605407,150820,1413220,501,6198147,Jaxon Kohler,UTA,SF/PF,4000.0,False,True
43605408,150820,1413220,503,6198147,Jaxon Kohler,UTA,SF/PF,4000.0,False,True
43605409,150820,1416410,500,6198147,Micah Handlogten,UTA,C,4000.0,False,True
43605410,150820,1416410,503,6198147,Micah Handlogten,UTA,C,4000.0,False,True
43605411,150820,1406916,499,6198147,Mohamed Wague,UTA,PF/C,4000.0,False,True
43605412,150820,1406916,500,6198147,Mohamed Wague,UTA,PF/C,4000.0,False,True
43605413,150820,1406916,501,6198147,Mohamed Wague,UTA,PF/C,4000.0,False,True
43605414,150820,1406916,503,6198147,Mohamed Wague,UTA,PF/C,4000.0,False,True
43605415,150820,1532772,496,6198146,Mitch Mascari,SAC,PG/SG,4000.0,False,True
43605416,150820,1532772,497,6198146,Mitch Mascari,SAC,PG/SG,4000.0,False,True
43605417,150820,1532772,502,6198146,Mitch Mascari,SAC,PG/SG,4000.0,False,True
43605418,150820,1532772,503,6198146,Mitch Mascari,SAC,PG/SG,4000.0,False,True
43605419,150820,1518772,496,6198146,Isaiah Stevens,SAC,PG/SG,4000.0,False,True
43605420,150820,1518772,497,6198146,Isaiah Stevens,SAC,PG/SG,4000.0,False,True
43605421,150820,1518772,502,6198146,Isaiah Stevens,SAC,PG/SG,4000.0,False,True
43605422,150820,1518772,503,6198146,Isaiah Stevens,SAC,PG/SG,4000.0,False,True
43605423,150820,1236654,500,6198146,Viktor Lakhin,SAC,C,4000.0,False,True
43605424,150820,1236654,503,6198146,Viktor Lakhin,SAC,C,4000.0,False,True
43605425,150820,1405695,496,6198146,B.J. Edwards,SAC,PG/SG,4000.0,False,True
43605426,150820,1405695,497,6198146,B.J. Edwards,SAC,PG/SG,4000.0,False,True
43605427,150820,1405695,502,6198146,B.J. Edwards,SAC,PG/SG,4000.0,False,True
43605428,150820,1405695,503,6198146,B.J. Edwards,SAC,PG/SG,4000.0,False,True
43605429,150820,1536964,498,6198146,Elias Ralph,SAC,SF/PF,4000.0,False,True
43605430,150820,1536964,499,6198146,Elias Ralph,SAC,SF/PF,4000.0,False,True
43605431,150820,1536964,501,6198146,Elias Ralph,SAC,SF/PF,4000.0,False,True
43605432,150820,1536964,503,6198146,Elias Ralph,SAC,SF/PF,4000.0,False,True
43605433,150820,1406775,498,6198146,Marquel Sutton,SAC,SF/PF,4000.0,False,True
43605434,150820,1406775,499,6198146,Marquel Sutton,SAC,SF/PF,4000.0,False,True
43605435,150820,1406775,501,6198146,Marquel Sutton,SAC,SF/PF,4000.0,False,True
43605436,150820,1406775,503,6198146,Marquel Sutton,SAC,SF/PF,4000.0,False,True
43605437,150820,1401593,496,6198146,Anthony Dell'Orso,SAC,PG/SG,4000.0,False,True
43605438,150820,1401593,497,6198146,Anthony Dell'Orso,SAC,PG/SG,4000.0,False,True
43605439,150820,1401593,502,6198146,Anthony Dell'Orso,SAC,PG/SG,4000.0,False,True
43605440,150820,1401593,503,6198146,Anthony Dell'Orso,SAC,PG/SG,4000.0,False,True
43605441,150820,1231848,496,6198147,Tyon Grant-Foster,SA,PG/SG,4000.0,False,True
43605442,150820,1231848,497,6198147,Tyon Grant-Foster,SA,PG/SG,4000.0,False,True
43605443,150820,1231848,502,6198147,Tyon Grant-Foster,SA,PG/SG,4000.0,False,True
43605444,150820,1231848,503,6198147,Tyon Grant-Foster,SA,PG/SG,4000.0,False,True
43605445,150820,1176026,500,6198147,David Muoka,SA,C,4000.0,False,True
43605446,150820,1176026,503,6198147,David Muoka,SA,C,4000.0,False,True
43605447,150820,1345427,496,6198147,Zakai Zeigler,SA,PG/SG,4000.0,False,True
43605448,150820,1345427,497,6198147,Zakai Zeigler,SA,PG/SG,4000.0,False,True
43605449,150820,1345427,502,6198147,Zakai Zeigler,SA,PG/SG,4000.0,False,True
43605450,150820,1345427,503,6198147,Zakai Zeigler,SA,PG/SG,4000.0,False,True
43605451,150820,1327839,496,6198147,Jayden Nunn,SA,PG/SG,4000.0,False,True
43605452,150820,1327839,497,6198147,Jayden Nunn,SA,PG/SG,4000.0,False,True
43605453,150820,1327839,502,6198147,Jayden Nunn,SA,PG/SG,4000.0,False,True
43605454,150820,1327839,503,6198147,Jayden Nunn,SA,PG/SG,4000.0,False,True
43605455,150820,1176723,496,6198148,Damari Monsanto,WAS,PG/SG,4000.0,False,True
43605456,150820,1176723,497,6198148,Damari Monsanto,WAS,PG/SG,4000.0,False,True
43605457,150820,1176723,502,6198148,Damari Monsanto,WAS,PG/SG,4000.0,False,True
43605458,150820,1176723,503,6198148,Damari Monsanto,WAS,PG/SG,4000.0,False,True
43605459,150820,1323921,498,6198148,Tre Carroll,WAS,SF/PF,4000.0,False,True
43605460,150820,1323921,499,6198148,Tre Carroll,WAS,SF/PF,4000.0,False,True
43605461,150820,1323921,501,6198148,Tre Carroll,WAS,SF/PF,4000.0,False,True
43605462,150820,1323921,503,6198148,Tre Carroll,WAS,SF/PF,4000.0,False,True
43605463,150820,1453956,497,6198146,Mo Amini,BOS,SG,4000.0,False,True
43605464,150820,1453956,502,6198146,Mo Amini,BOS,SG,4000.0,False,True
43605465,150820,1453956,503,6198146,Mo Amini,BOS,SG,4000.0,False,True
43605466,150821,1617074,633,6198148,AJ Dybantsa,WAS,SF,,False,False
43605467,150821,1617074,465,6198148,AJ Dybantsa,WAS,SF,,False,False
43605468,150821,1617074,636,6198148,AJ Dybantsa,WAS,SF,,False,False
43605469,150821,1326453,633,6198146,Maxime Raynaud,SAC,C,,False,False
43605470,150821,1326453,465,6198146,Maxime Raynaud,SAC,C,,False,False
43605471,150821,1326453,636,6198146,Maxime Raynaud,SAC,C,,False,False
43605472,150821,1522910,633,6198145,Liam McNeeley,CHA,SF,,False,False
43605473,150821,1522910,465,6198145,Liam McNeeley,CHA,SF,,False,False
43605474,150821,1522910,636,6198145,Liam McNeeley,CHA,SF,,False,False
43605475,150821,1520672,633,6198148,Will Riley,WAS,SF,,False,False
43605476,150821,1520672,465,6198148,Will Riley,WAS,SF,,False,False
43605477,150821,1520672,636,6198148,Will Riley,WAS,SF,,False,False
43605478,150821,1236052,633,6198145,Ryan Kalkbrenner,CHA,C,,False,False
43605479,150821,1236052,465,6198145,Ryan Kalkbrenner,CHA,C,,False,False
43605480,150821,1236052,636,6198145,Ryan Kalkbrenner,CHA,C,,False,False
43605481,150821,1610164,464,6198145,Brayden Burries,MIL,SG,,False,False
43605482,150821,1610164,465,6198145,Brayden Burries,MIL,SG,,False,False
43605483,150821,1610164,636,6198145,Brayden Burries,MIL,SG,,False,False
43605484,150821,1594900,464,6198147,Darryn Peterson,UTA,SG,,False,False
43605485,150821,1594900,465,6198147,Darryn Peterson,UTA,SG,,False,False
43605486,150821,1594900,636,6198147,Darryn Peterson,UTA,SG,,False,False
43605487,150821,1590553,633,6198146,Hugo Gonzalez,BOS,SF,,False,False
43605488,150821,1590553,465,6198146,Hugo Gonzalez,BOS,SF,,False,False
43605489,150821,1590553,636,6198146,Hugo Gonzalez,BOS,SF,,False,False
43605490,150821,1589783,464,6198148,Keaton Wagler,LAC,SG,,False,False
43605491,150821,1589783,465,6198148,Keaton Wagler,LAC,SG,,False,False
43605492,150821,1589783,636,6198148,Keaton Wagler,LAC,SG,,False,False
43605493,150821,1591016,464,6198146,Darius Acuff Jr.,SAC,PG,,False,False
43605494,150821,1591016,465,6198146,Darius Acuff Jr.,SAC,PG,,False,False
43605495,150821,1591016,636,6198146,Darius Acuff Jr.,SAC,PG,,False,False
43605496,150821,1519363,633,6198147,Ace Bailey,UTA,SF,,False,False
43605497,150821,1519363,465,6198147,Ace Bailey,UTA,SF,,False,False
43605498,150821,1519363,636,6198147,Ace Bailey,UTA,SF,,False,False
43605499,150821,1133861,633,6198145,Pete Nance,MIL,SF,,False,False
43605500,150821,1133861,465,6198145,Pete Nance,MIL,SF,,False,False
43605501,150821,1133861,636,6198145,Pete Nance,MIL,SF,,False,False
43605502,150821,1232028,633,6198146,Amari Williams,BOS,C,,False,False
43605503,150821,1232028,465,6198146,Amari Williams,BOS,C,,False,False
43605504,150821,1232028,636,6198146,Amari Williams,BOS,C,,False,False
43605505,150821,1232529,633,6198146,Nique Clifford,SAC,SF,,False,False
43605506,150821,1232529,465,6198146,Nique Clifford,SAC,SF,,False,False
43605507,150821,1232529,636,6198146,Nique Clifford,SAC,SF,,False,False
43605508,150821,1232338,464,6198145,Sion James,CHA,SG,,False,False
43605509,150821,1232338,465,6198145,Sion James,CHA,SG,,False,False
43605510,150821,1232338,636,6198145,Sion James,CHA,SG,,False,False
43605511,150821,1176674,464,6198146,John Tonje,BOS,SG,,False,False
43605512,150821,1176674,465,6198146,John Tonje,BOS,SG,,False,False
43605513,150821,1176674,636,6198146,John Tonje,BOS,SG,,False,False
43605514,150821,1231938,464,6198148,Kobe Sanders,LAC,SG,,False,False
43605515,150821,1231938,465,6198148,Kobe Sanders,LAC,SG,,False,False
43605516,150821,1231938,636,6198148,Kobe Sanders,LAC,SG,,False,False
43605517,150821,1251665,633,6198146,Dylan Cardwell,SAC,C,,False,False
43605518,150821,1251665,465,6198146,Dylan Cardwell,SAC,C,,False,False
43605519,150821,1251665,636,6198146,Dylan Cardwell,SAC,C,,False,False
43605520,150821,1328254,633,6198147,Jonas Aidoo,UTA,C,,False,False
43605521,150821,1328254,465,6198147,Jonas Aidoo,UTA,C,,False,False
43605522,150821,1328254,636,6198147,Jonas Aidoo,UTA,C,,False,False
43605523,150821,1523620,633,6198147,Jayden Quaintance,SA,PF,,False,False
43605524,150821,1523620,465,6198147,Jayden Quaintance,SA,PF,,False,False
43605525,150821,1523620,636,6198147,Jayden Quaintance,SA,PF,,False,False
43605526,150821,1402304,633,6198148,Baba Miller,LAC,PF,,False,False
43605527,150821,1402304,465,6198148,Baba Miller,LAC,PF,,False,False
43605528,150821,1402304,636,6198148,Baba Miller,LAC,PF,,False,False
43605529,150821,1195700,633,6198147,Emanuel Miller,SA,SF,,False,False
43605530,150821,1195700,465,6198147,Emanuel Miller,SA,SF,,False,False
43605531,150821,1195700,636,6198147,Emanuel Miller,SA,SF,,False,False
43605532,150821,1460155,464,6198148,Cam Christie,LAC,SG,,False,False
43605533,150821,1460155,465,6198148,Cam Christie,LAC,SG,,False,False
43605534,150821,1460155,636,6198148,Cam Christie,LAC,SG,,False,False
43605535,150821,1458830,633,6198147,Cody Williams,UTA,SF,,False,False
43605536,150821,1458830,465,6198147,Cody Williams,UTA,SF,,False,False
43605537,150821,1458830,636,6198147,Cody Williams,UTA,SF,,False,False
43605538,150821,1504463,633,6198145,Tidjane Salaun,CHA,PF,,False,False
43605539,150821,1504463,465,6198145,Tidjane Salaun,CHA,PF,,False,False
43605540,150821,1504463,636,6198145,Tidjane Salaun,CHA,PF,,False,False
43605541,150821,1538604,633,6198147,Carter Bryant,SA,SF,,False,False
43605542,150821,1538604,465,6198147,Carter Bryant,SA,SF,,False,False
43605543,150821,1538604,636,6198147,Carter Bryant,SA,SF,,False,False
43605544,150821,1448788,464,6198145,Kasparas Jakucionis,MIL,PG,,False,False
43605545,150821,1448788,465,6198145,Kasparas Jakucionis,MIL,PG,,False,False
43605546,150821,1448788,636,6198145,Kasparas Jakucionis,MIL,PG,,False,False
43605547,150821,1408158,633,6198146,Dillon Mitchell,BOS,SF,,False,False
43605548,150821,1408158,465,6198146,Dillon Mitchell,BOS,SF,,False,False
43605549,150821,1408158,636,6198146,Dillon Mitchell,BOS,SF,,False,False
43605550,150821,1593958,633,6198146,Chris Cenac Jr.,BOS,C,,False,False
43605551,150821,1593958,465,6198146,Chris Cenac Jr.,BOS,C,,False,False
43605552,150821,1593958,636,6198146,Chris Cenac Jr.,BOS,C,,False,False
43605553,150821,1408196,633,6198148,Chris Livingston,WAS,SF,,False,False
43605554,150821,1408196,465,6198148,Chris Livingston,WAS,SF,,False,False
43605555,150821,1408196,636,6198148,Chris Livingston,WAS,SF,,False,False
43605556,150821,1352114,464,6198145,Luke Travers,MIL,SG,,False,False
43605557,150821,1352114,465,6198145,Luke Travers,MIL,SG,,False,False
43605558,150821,1352114,636,6198145,Luke Travers,MIL,SG,,False,False
43605559,150821,1404902,633,6198146,Jonathan Mogbo,SAC,SF,,False,False
43605560,150821,1404902,465,6198146,Jonathan Mogbo,SAC,SF,,False,False
43605561,150821,1404902,636,6198146,Jonathan Mogbo,SAC,SF,,False,False
43605562,150821,1230369,464,6198148,Reece Beekman,WAS,PG,,False,False
43605563,150821,1230369,465,6198148,Reece Beekman,WAS,PG,,False,False
43605564,150821,1230369,636,6198148,Reece Beekman,WAS,PG,,False,False
43605565,150821,1324173,464,6198145,Kam Jones,MIL,PG,,False,False
43605566,150821,1324173,465,6198145,Kam Jones,MIL,PG,,False,False
43605567,150821,1324173,636,6198145,Kam Jones,MIL,PG,,False,False
43605568,150821,1546380,464,6198148,Tre Johnson,WAS,SG,,False,False
43605569,150821,1546380,465,6198148,Tre Johnson,WAS,SG,,False,False
43605570,150821,1546380,636,6198148,Tre Johnson,WAS,SG,,False,False
43605571,150821,1323633,464,6198147,Trey Alexander,UTA,SG,,False,False
43605572,150821,1323633,465,6198147,Trey Alexander,UTA,SG,,False,False
43605573,150821,1323633,636,6198147,Trey Alexander,UTA,SG,,False,False
43605574,150821,1593334,633,6198145,Nate Ament,MIL,PF,,False,False
43605575,150821,1593334,465,6198145,Nate Ament,MIL,PF,,False,False
43605576,150821,1593334,636,6198145,Nate Ament,MIL,PF,,False,False
43605577,150821,1323685,464,6198146,Curtis Jones,BOS,PG,,False,False
43605578,150821,1323685,465,6198146,Curtis Jones,BOS,PG,,False,False
43605579,150821,1323685,636,6198146,Curtis Jones,BOS,PG,,False,False
43605580,150821,1408135,633,6198147,Maliq Brown,SA,PF,,False,False
43605581,150821,1408135,465,6198147,Maliq Brown,SA,PF,,False,False
43605582,150821,1408135,636,6198147,Maliq Brown,SA,PF,,False,False
43605583,150821,1432129,633,6198145,Bogoljub Markovic,MIL,PF,,False,False
43605584,150821,1432129,465,6198145,Bogoljub Markovic,MIL,PF,,False,False
43605585,150821,1432129,636,6198145,Bogoljub Markovic,MIL,PF,,False,False
43605586,150821,1522597,464,6198145,Christian Anderson,CHA,PG,,False,False
43605587,150821,1522597,465,6198145,Christian Anderson,CHA,PG,,False,False
43605588,150821,1522597,636,6198145,Christian Anderson,CHA,PG,,False,False
43605589,150821,1596690,633,6198145,Hannes Steinbach,CHA,PF,,False,False
43605590,150821,1596690,465,6198145,Hannes Steinbach,CHA,PF,,False,False
43605591,150821,1596690,636,6198145,Hannes Steinbach,CHA,PF,,False,False
43605592,150821,1245906,464,6198145,Brandon Boston Jr.,MIL,SG,,False,False
43605593,150821,1245906,465,6198145,Brandon Boston Jr.,MIL,SG,,False,False
43605594,150821,1245906,636,6198145,Brandon Boston Jr.,MIL,SG,,False,False
43605595,150821,1340786,464,6198147,Matthew Cleveland,UTA,PG,,False,False
43605596,150821,1340786,465,6198147,Matthew Cleveland,UTA,PG,,False,False
43605597,150821,1340786,636,6198147,Matthew Cleveland,UTA,PG,,False,False
43605598,150821,1232539,633,6198147,Andersson Garcia,UTA,PF,,False,False
43605599,150821,1232539,465,6198147,Andersson Garcia,UTA,PF,,False,False
43605600,150821,1232539,636,6198147,Andersson Garcia,UTA,PF,,False,False
43605601,150821,1324019,464,6198147,Miles Kelly,SA,PG,,False,False
43605602,150821,1324019,465,6198147,Miles Kelly,SA,PG,,False,False
43605603,150821,1324019,636,6198147,Miles Kelly,SA,PG,,False,False
43605604,150821,1408243,633,6198147,Tarris Reed Jr.,SA,C,,False,False
43605605,150821,1408243,465,6198147,Tarris Reed Jr.,SA,C,,False,False
43605606,150821,1408243,636,6198147,Tarris Reed Jr.,SA,C,,False,False
43605607,150821,1405312,633,6198148,Nick Martinelli,LAC,SF,,False,False
43605608,150821,1405312,465,6198148,Nick Martinelli,LAC,SF,,False,False
43605609,150821,1405312,636,6198148,Nick Martinelli,LAC,SF,,False,False
43605610,150821,1243722,464,6198147,RJ Davis,SA,PG,,False,False
43605611,150821,1243722,465,6198147,RJ Davis,SA,PG,,False,False
43605612,150821,1243722,636,6198147,RJ Davis,SA,PG,,False,False
43605613,150821,1401391,464,6198147,Ja'Kobi Gillespie,SA,PG,,False,False
43605614,150821,1401391,465,6198147,Ja'Kobi Gillespie,SA,PG,,False,False
43605615,150821,1401391,636,6198147,Ja'Kobi Gillespie,SA,PG,,False,False
43605616,150821,1482051,633,6198145,Michael Ajayi,CHA,PF,,False,False
43605617,150821,1482051,465,6198145,Michael Ajayi,CHA,PF,,False,False
43605618,150821,1482051,636,6198145,Michael Ajayi,CHA,PF,,False,False
43605619,150821,1193119,464,6198146,Alondes Williams,BOS,PG,,False,False
43605620,150821,1193119,465,6198146,Alondes Williams,BOS,PG,,False,False
43605621,150821,1193119,636,6198146,Alondes Williams,BOS,PG,,False,False
43605622,150821,1134179,464,6198147,Blake Hinson,UTA,SG,,False,False
43605623,150821,1134179,465,6198147,Blake Hinson,UTA,SG,,False,False
43605624,150821,1134179,636,6198147,Blake Hinson,UTA,SG,,False,False
43605625,150821,1232056,464,6198148,Jamir Watkins,WAS,SG,,False,False
43605626,150821,1232056,465,6198148,Jamir Watkins,WAS,SG,,False,False
43605627,150821,1232056,636,6198148,Jamir Watkins,WAS,SG,,False,False
43605628,150821,1343050,633,6198147,Igor Milicic Jr.,SA,PF,,False,False
43605629,150821,1343050,465,6198147,Igor Milicic Jr.,SA,PF,,False,False
43605630,150821,1343050,636,6198147,Igor Milicic Jr.,SA,PF,,False,False
43605631,150821,1326079,464,6198148,Sean Pedulla,LAC,PG,,False,False
43605632,150821,1326079,465,6198148,Sean Pedulla,LAC,PG,,False,False
43605633,150821,1326079,636,6198148,Sean Pedulla,LAC,PG,,False,False
43605634,150821,1134766,464,6198145,Cormac Ryan,MIL,PG,,False,False
43605635,150821,1134766,465,6198145,Cormac Ryan,MIL,PG,,False,False
43605636,150821,1134766,636,6198145,Cormac Ryan,MIL,PG,,False,False
43605637,150821,1403617,464,6198146,Emanuel Sharp,SAC,SG,,False,False
43605638,150821,1403617,465,6198146,Emanuel Sharp,SAC,SG,,False,False
43605639,150821,1403617,636,6198146,Emanuel Sharp,SAC,SG,,False,False
43605640,150821,1231386,633,6198148,Norchad Omier,LAC,SF,,False,False
43605641,150821,1231386,465,6198148,Norchad Omier,LAC,SF,,False,False
43605642,150821,1231386,636,6198148,Norchad Omier,LAC,SF,,False,False
43605643,150821,1408273,633,6198148,Felix Okpara,WAS,PF,,False,False
43605644,150821,1408273,465,6198148,Felix Okpara,WAS,PF,,False,False
43605645,150821,1408273,636,6198148,Felix Okpara,WAS,PF,,False,False
43605646,150821,1232447,633,6198148,Jahmyl Telfort,LAC,SF,,False,False
43605647,150821,1232447,465,6198148,Jahmyl Telfort,LAC,SF,,False,False
43605648,150821,1232447,636,6198148,Jahmyl Telfort,LAC,SF,,False,False
43605649,150821,1405037,464,6198148,Seth Trimble,WAS,PG,,False,False
43605650,150821,1405037,465,6198148,Seth Trimble,WAS,PG,,False,False
43605651,150821,1405037,636,6198148,Seth Trimble,WAS,PG,,False,False
43605652,150821,1482267,464,6198147,Hayden Gray,UTA,PG,,False,False
43605653,150821,1482267,465,6198147,Hayden Gray,UTA,PG,,False,False
43605654,150821,1482267,636,6198147,Hayden Gray,UTA,PG,,False,False
43605655,150821,1340218,633,6198146,Tucker DeVries,BOS,SF,,False,False
43605656,150821,1340218,465,6198146,Tucker DeVries,BOS,SF,,False,False
43605657,150821,1340218,636,6198146,Tucker DeVries,BOS,SF,,False,False
43605658,150821,1176770,633,6198147,Orlando Robinson,UTA,PF,,False,False
43605659,150821,1176770,465,6198147,Orlando Robinson,UTA,PF,,False,False
43605660,150821,1176770,636,6198147,Orlando Robinson,UTA,PF,,False,False
43605661,150821,1136581,464,6198146,Adam Flagler,SAC,PG,,False,False
43605662,150821,1136581,465,6198146,Adam Flagler,SAC,PG,,False,False
43605663,150821,1136581,636,6198146,Adam Flagler,SAC,PG,,False,False
43605664,150821,1365403,633,6198146,Alex Karaban,SAC,SF,,False,False
43605665,150821,1365403,465,6198146,Alex Karaban,SAC,SF,,False,False
43605666,150821,1365403,636,6198146,Alex Karaban,SAC,SF,,False,False
43605667,150821,1413172,464,6198145,Kylan Boswell,CHA,PG,,False,False
43605668,150821,1413172,465,6198145,Kylan Boswell,CHA,PG,,False,False
43605669,150821,1413172,636,6198145,Kylan Boswell,CHA,PG,,False,False
43605670,150821,1327795,464,6198147,Justin Harmon,UTA,PG,,False,False
43605671,150821,1327795,465,6198147,Justin Harmon,UTA,PG,,False,False
43605672,150821,1327795,636,6198147,Justin Harmon,UTA,PG,,False,False
43605673,150821,1134758,633,6198147,Kylor Kelley,UTA,SF,,False,False
43605674,150821,1134758,465,6198147,Kylor Kelley,UTA,SF,,False,False
43605675,150821,1134758,636,6198147,Kylor Kelley,UTA,SF,,False,False
43605676,150821,1253428,633,6198145,Zack Austin,MIL,SF,,False,False
43605677,150821,1253428,465,6198145,Zack Austin,MIL,SF,,False,False
43605678,150821,1253428,636,6198145,Zack Austin,MIL,SF,,False,False
43605679,150821,1502252,464,6198146,Kyle Mangas,BOS,SG,,False,False
43605680,150821,1502252,465,6198146,Kyle Mangas,BOS,SG,,False,False
43605681,150821,1502252,636,6198146,Kyle Mangas,BOS,SG,,False,False
43605682,150821,1180055,633,6198147,Hyunjung Lee,SA,SF,,False,False
43605683,150821,1180055,465,6198147,Hyunjung Lee,SA,SF,,False,False
43605684,150821,1180055,636,6198147,Hyunjung Lee,SA,SF,,False,False
43605685,150821,1324442,633,6198148,Julian Reese,WAS,PF,,False,False
43605686,150821,1324442,465,6198148,Julian Reese,WAS,PF,,False,False
43605687,150821,1324442,636,6198148,Julian Reese,WAS,PF,,False,False
43605688,150821,1343051,464,6198147,Bez Mbeng,UTA,PG,,False,False
43605689,150821,1343051,465,6198147,Bez Mbeng,UTA,PG,,False,False
43605690,150821,1343051,636,6198147,Bez Mbeng,UTA,PG,,False,False
43605691,150821,1408438,633,6198147,Harry Wessels,SA,C,,False,False
43605692,150821,1408438,465,6198147,Harry Wessels,SA,C,,False,False
43605693,150821,1408438,636,6198147,Harry Wessels,SA,C,,False,False
43605694,150821,1326422,633,6198145,Rafael Castro,MIL,C,,False,False
43605695,150821,1326422,465,6198145,Rafael Castro,MIL,C,,False,False
43605696,150821,1326422,636,6198145,Rafael Castro,MIL,C,,False,False
43605697,150821,1231489,464,6198148,Kadary Richmond,WAS,PG,,False,False
43605698,150821,1231489,465,6198148,Kadary Richmond,WAS,PG,,False,False
43605699,150821,1231489,636,6198148,Kadary Richmond,WAS,PG,,False,False
43605700,150821,1405418,464,6198146,Milos Uzan,BOS,PG,,False,False
43605701,150821,1405418,465,6198146,Milos Uzan,BOS,PG,,False,False
43605702,150821,1405418,636,6198146,Milos Uzan,BOS,PG,,False,False
43605703,150821,1176244,633,6198147,Eric Dixon,UTA,SF,,False,False
43605704,150821,1176244,465,6198147,Eric Dixon,UTA,SF,,False,False
43605705,150821,1176244,636,6198147,Eric Dixon,UTA,SF,,False,False
43605706,150821,1507153,633,6198148,Norris Agbakoko,WAS,C,,False,False
43605707,150821,1507153,465,6198148,Norris Agbakoko,WAS,C,,False,False
43605708,150821,1507153,636,6198148,Norris Agbakoko,WAS,C,,False,False
43605709,150821,1324101,633,6198147,RJ Melendez,SA,SF,,False,False
43605710,150821,1324101,465,6198147,RJ Melendez,SA,SF,,False,False
43605711,150821,1324101,636,6198147,RJ Melendez,SA,SF,,False,False
43605712,150821,1541010,464,6198147,Miles Barnstable,SA,PG,,False,False
43605713,150821,1541010,465,6198147,Miles Barnstable,SA,PG,,False,False
43605714,150821,1541010,636,6198147,Miles Barnstable,SA,PG,,False,False
43605715,150821,1236723,633,6198146,Nick Pringle,BOS,SF,,False,False
43605716,150821,1236723,465,6198146,Nick Pringle,BOS,SF,,False,False
43605717,150821,1236723,636,6198146,Nick Pringle,BOS,SF,,False,False
43605718,150821,1145994,464,6198145,Terrell Brown Jr.,CHA,PG,,False,False
43605719,150821,1145994,465,6198145,Terrell Brown Jr.,CHA,PG,,False,False
43605720,150821,1145994,636,6198145,Terrell Brown Jr.,CHA,PG,,False,False
43605721,150821,1232079,464,6198145,Latrell Wrightsell Jr.,CHA,PG,,False,False
43605722,150821,1232079,465,6198145,Latrell Wrightsell Jr.,CHA,PG,,False,False
43605723,150821,1232079,636,6198145,Latrell Wrightsell Jr.,CHA,PG,,False,False
43605724,150821,1193984,464,6198147,Max Abmas,UTA,PG,,False,False
43605725,150821,1193984,465,6198147,Max Abmas,UTA,PG,,False,False
43605726,150821,1193984,636,6198147,Max Abmas,UTA,PG,,False,False
43605727,150821,1401533,633,6198146,Chauncey Wiggins,BOS,SF,,False,False
43605728,150821,1401533,465,6198146,Chauncey Wiggins,BOS,SF,,False,False
43605729,150821,1401533,636,6198146,Chauncey Wiggins,BOS,SF,,False,False
43605730,150821,1448789,633,6198145,Malique Lewis,MIL,SF,,False,False
43605731,150821,1448789,465,6198145,Malique Lewis,MIL,SF,,False,False
43605732,150821,1448789,636,6198145,Malique Lewis,MIL,SF,,False,False
43605733,150821,1174826,464,6198146,Caleb Grill,BOS,PG,,False,False
43605734,150821,1174826,465,6198146,Caleb Grill,BOS,PG,,False,False
43605735,150821,1174826,636,6198146,Caleb Grill,BOS,PG,,False,False
43605736,150821,1401767,464,6198145,Max Mackinnon,CHA,PG,,False,False
43605737,150821,1401767,465,6198145,Max Mackinnon,CHA,PG,,False,False
43605738,150821,1401767,636,6198145,Max Mackinnon,CHA,PG,,False,False
43605739,150821,1333783,464,6198147,Tamar Bates,UTA,SG,,False,False
43605740,150821,1333783,465,6198147,Tamar Bates,UTA,SG,,False,False
43605741,150821,1333783,636,6198147,Tamar Bates,UTA,SG,,False,False
43605742,150821,1324298,633,6198148,John Camden,WAS,SF,,False,False
43605743,150821,1324298,465,6198148,John Camden,WAS,SF,,False,False
43605744,150821,1324298,636,6198148,John Camden,WAS,SF,,False,False
43605745,150821,1060982,464,6198148,RJ Nembhard,WAS,PG,,False,False
43605746,150821,1060982,465,6198148,RJ Nembhard,WAS,PG,,False,False
43605747,150821,1060982,636,6198148,RJ Nembhard,WAS,PG,,False,False
43605748,150821,1178150,633,6198145,Jesse Edwards,MIL,C,,False,False
43605749,150821,1178150,465,6198145,Jesse Edwards,MIL,C,,False,False
43605750,150821,1178150,636,6198145,Jesse Edwards,MIL,C,,False,False
43605751,150821,1657508,633,6198146,Hank Morgan,BOS,SF,,False,False
43605752,150821,1657508,465,6198146,Hank Morgan,BOS,SF,,False,False
43605753,150821,1657508,636,6198146,Hank Morgan,BOS,SF,,False,False
43605754,150821,1405367,464,6198148,Fletcher Loyer,LAC,PG,,False,False
43605755,150821,1405367,465,6198148,Fletcher Loyer,LAC,PG,,False,False
43605756,150821,1405367,636,6198148,Fletcher Loyer,LAC,PG,,False,False
43605757,150821,1232533,633,6198145,Cameron Matthews,CHA,SF,,False,False
43605758,150821,1232533,465,6198145,Cameron Matthews,CHA,SF,,False,False
43605759,150821,1232533,636,6198145,Cameron Matthews,CHA,SF,,False,False
43605760,150821,608153,633,6198145,Aaron Williams,MIL,SF,,False,False
43605761,150821,608153,465,6198145,Aaron Williams,MIL,SF,,False,False
43605762,150821,608153,636,6198145,Aaron Williams,MIL,SF,,False,False
43605763,150821,1231377,633,6198145,Kobe Stewart,MIL,SF,,False,False
43605764,150821,1231377,465,6198145,Kobe Stewart,MIL,SF,,False,False
43605765,150821,1231377,636,6198145,Kobe Stewart,MIL,SF,,False,False
43605766,150821,1340214,464,6198145,Boopie Miller,MIL,PG,,False,False
43605767,150821,1340214,465,6198145,Boopie Miller,MIL,PG,,False,False
43605768,150821,1340214,636,6198145,Boopie Miller,MIL,PG,,False,False
43605769,150821,1176203,633,6198145,Kuany Kuany,MIL,SF,,False,False
43605770,150821,1176203,465,6198145,Kuany Kuany,MIL,SF,,False,False
43605771,150821,1176203,636,6198145,Kuany Kuany,MIL,SF,,False,False
43605772,150821,1340782,633,6198145,John Butler,MIL,SF,,False,False
43605773,150821,1340782,465,6198145,John Butler,MIL,SF,,False,False
43605774,150821,1340782,636,6198145,John Butler,MIL,SF,,False,False
43605775,150821,1134005,464,6198145,Kira Lewis Jr.,MIL,PG,,False,False
43605776,150821,1134005,465,6198145,Kira Lewis Jr.,MIL,PG,,False,False
43605777,150821,1134005,636,6198145,Kira Lewis Jr.,MIL,PG,,False,False
43605778,150821,1475191,464,6198146,Day Day Thomas,BOS,PG,,False,False
43605779,150821,1475191,465,6198146,Day Day Thomas,BOS,PG,,False,False
43605780,150821,1475191,636,6198146,Day Day Thomas,BOS,PG,,False,False
43605781,150821,1176278,633,6198148,Zach Freemantle,LAC,SF,,False,False
43605782,150821,1176278,465,6198148,Zach Freemantle,LAC,SF,,False,False
43605783,150821,1176278,636,6198148,Zach Freemantle,LAC,SF,,False,False
43605784,150821,1402285,464,6198148,Riley Kugel,LAC,PG,,False,False
43605785,150821,1402285,465,6198148,Riley Kugel,LAC,PG,,False,False
43605786,150821,1402285,636,6198148,Riley Kugel,LAC,PG,,False,False
43605787,150821,1257476,464,6198148,Themus Fulks,LAC,PG,,False,False
43605788,150821,1257476,465,6198148,Themus Fulks,LAC,PG,,False,False
43605789,150821,1257476,636,6198148,Themus Fulks,LAC,PG,,False,False
43605790,150821,1343680,633,6198145,Wyatt Fricks,CHA,SF,,False,False
43605791,150821,1343680,465,6198145,Wyatt Fricks,CHA,SF,,False,False
43605792,150821,1343680,636,6198145,Wyatt Fricks,CHA,SF,,False,False
43605793,150821,1190373,633,6198145,Josiah Allick,CHA,SF,,False,False
43605794,150821,1190373,465,6198145,Josiah Allick,CHA,SF,,False,False
43605795,150821,1190373,636,6198145,Josiah Allick,CHA,SF,,False,False
43605796,150821,1413220,633,6198147,Jaxon Kohler,UTA,SF,,False,False
43605797,150821,1413220,465,6198147,Jaxon Kohler,UTA,SF,,False,False
43605798,150821,1413220,636,6198147,Jaxon Kohler,UTA,SF,,False,False
43605799,150821,1416410,633,6198147,Micah Handlogten,UTA,C,,False,False
43605800,150821,1416410,465,6198147,Micah Handlogten,UTA,C,,False,False
43605801,150821,1416410,636,6198147,Micah Handlogten,UTA,C,,False,False
43605802,150821,1406916,633,6198147,Mohamed Wague,UTA,PF,,False,False
43605803,150821,1406916,465,6198147,Mohamed Wague,UTA,PF,,False,False
43605804,150821,1406916,636,6198147,Mohamed Wague,UTA,PF,,False,False
43605805,150821,1532772,464,6198146,Mitch Mascari,SAC,PG,,False,False
43605806,150821,1532772,465,6198146,Mitch Mascari,SAC,PG,,False,False
43605807,150821,1532772,636,6198146,Mitch Mascari,SAC,PG,,False,False
43605808,150821,1518772,464,6198146,Isaiah Stevens,SAC,PG,,False,False
43605809,150821,1518772,465,6198146,Isaiah Stevens,SAC,PG,,False,False
43605810,150821,1518772,636,6198146,Isaiah Stevens,SAC,PG,,False,False
43605811,150821,1236654,633,6198146,Viktor Lakhin,SAC,C,,False,False
43605812,150821,1236654,465,6198146,Viktor Lakhin,SAC,C,,False,False
43605813,150821,1236654,636,6198146,Viktor Lakhin,SAC,C,,False,False
43605814,150821,1405695,464,6198146,B.J. Edwards,SAC,PG,,False,False
43605815,150821,1405695,465,6198146,B.J. Edwards,SAC,PG,,False,False
43605816,150821,1405695,636,6198146,B.J. Edwards,SAC,PG,,False,False
43605817,150821,1536964,633,6198146,Elias Ralph,SAC,SF,,False,False
43605818,150821,1536964,465,6198146,Elias Ralph,SAC,SF,,False,False
43605819,150821,1536964,636,6198146,Elias Ralph,SAC,SF,,False,False
43605820,150821,1406775,633,6198146,Marquel Sutton,SAC,SF,,False,False
43605821,150821,1406775,465,6198146,Marquel Sutton,SAC,SF,,False,False
43605822,150821,1406775,636,6198146,Marquel Sutton,SAC,SF,,False,False
43605823,150821,1401593,464,6198146,Anthony Dell'Orso,SAC,PG,,False,False
43605824,150821,1401593,465,6198146,Anthony Dell'Orso,SAC,PG,,False,False
43605825,150821,1401593,636,6198146,Anthony Dell'Orso,SAC,PG,,False,False
43605826,150821,1231848,464,6198147,Tyon Grant-Foster,SA,PG,,False,False
43605827,150821,1231848,465,6198147,Tyon Grant-Foster,SA,PG,,False,False
43605828,150821,1231848,636,6198147,Tyon Grant-Foster,SA,PG,,False,False
43605829,150821,1176026,633,6198147,David Muoka,SA,C,,False,False
43605830,150821,1176026,465,6198147,David Muoka,SA,C,,False,False
43605831,150821,1176026,636,6198147,David Muoka,SA,C,,False,False
43605832,150821,1345427,464,6198147,Zakai Zeigler,SA,PG,,False,False
43605833,150821,1345427,465,6198147,Zakai Zeigler,SA,PG,,False,False
43605834,150821,1345427,636,6198147,Zakai Zeigler,SA,PG,,False,False
43605835,150821,1327839,464,6198147,Jayden Nunn,SA,PG,,False,False
43605836,150821,1327839,465,6198147,Jayden Nunn,SA,PG,,False,False
43605837,150821,1327839,636,6198147,Jayden Nunn,SA,PG,,False,False
43605838,150821,1176723,464,6198148,Damari Monsanto,WAS,PG,,False,False
43605839,150821,1176723,465,6198148,Damari Monsanto,WAS,PG,,False,False
43605840,150821,1176723,636,6198148,Damari Monsanto,WAS,PG,,False,False
43605841,150821,1323921,633,6198148,Tre Carroll,WAS,SF,,False,False
43605842,150821,1323921,465,6198148,Tre Carroll,WAS,SF,,False,False
43605843,150821,1323921,636,6198148,Tre Carroll,WAS,SF,,False,False
43605844,150821,1453956,464,6198146,Mo Amini,BOS,SG,,False,False
43605845,150821,1453956,465,6198146,Mo Amini,BOS,SG,,False,False
43605846,150821,1453956,636,6198146,Mo Amini,BOS,SG,,False,False
43605847,150822,1617074,498,6198148,AJ Dybantsa,WAS,SF,9500.0,False,True
43605848,150822,1617074,501,6198148,AJ Dybantsa,WAS,SF,9500.0,False,True
43605849,150822,1617074,503,6198148,AJ Dybantsa,WAS,SF,9500.0,False,True
43605850,150822,1520672,498,6198148,Will Riley,WAS,SF,8800.0,False,True
43605851,150822,1520672,501,6198148,Will Riley,WAS,SF,8800.0,False,True
43605852,150822,1520672,503,6198148,Will Riley,WAS,SF,8800.0,False,True
43605853,150822,1594900,497,6198147,Darryn Peterson,UTA,SG,8400.0,False,True
43605854,150822,1594900,502,6198147,Darryn Peterson,UTA,SG,8400.0,False,True
43605855,150822,1594900,503,6198147,Darryn Peterson,UTA,SG,8400.0,False,True
43605856,150822,1589783,497,6198148,Keaton Wagler,LAC,SG,8200.0,False,True
43605857,150822,1589783,502,6198148,Keaton Wagler,LAC,SG,8200.0,False,True
43605858,150822,1589783,503,6198148,Keaton Wagler,LAC,SG,8200.0,False,True
43605859,150822,1519363,498,6198147,Ace Bailey,UTA,SF,8000.0,False,True
43605860,150822,1519363,501,6198147,Ace Bailey,UTA,SF,8000.0,False,True
43605861,150822,1519363,503,6198147,Ace Bailey,UTA,SF,8000.0,False,True
43605862,150822,1231938,497,6198148,Kobe Sanders,LAC,SG,7200.0,False,True
43605863,150822,1231938,502,6198148,Kobe Sanders,LAC,SG,7200.0,False,True
43605864,150822,1231938,503,6198148,Kobe Sanders,LAC,SG,7200.0,False,True
43605865,150822,1328254,500,6198147,Jonas Aidoo,UTA,C,7000.0,False,True
43605866,150822,1328254,503,6198147,Jonas Aidoo,UTA,C,7000.0,False,True
43605867,150822,1523620,499,6198147,Jayden Quaintance,SA,PF,7000.0,False,True
43605868,150822,1523620,501,6198147,Jayden Quaintance,SA,PF,7000.0,False,True
43605869,150822,1523620,503,6198147,Jayden Quaintance,SA,PF,7000.0,False,True
43605870,150822,1402304,499,6198148,Baba Miller,LAC,PF,6900.0,False,True
43605871,150822,1402304,501,6198148,Baba Miller,LAC,PF,6900.0,False,True
43605872,150822,1402304,503,6198148,Baba Miller,LAC,PF,6900.0,False,True
43605873,150822,1195700,498,6198147,Emanuel Miller,SA,SF,6800.0,False,True
43605874,150822,1195700,501,6198147,Emanuel Miller,SA,SF,6800.0,False,True
43605875,150822,1195700,503,6198147,Emanuel Miller,SA,SF,6800.0,False,True
43605876,150822,1460155,497,6198148,Cam Christie,LAC,SG,6700.0,False,True
43605877,150822,1460155,502,6198148,Cam Christie,LAC,SG,6700.0,False,True
43605878,150822,1460155,503,6198148,Cam Christie,LAC,SG,6700.0,False,True
43605879,150822,1458830,498,6198147,Cody Williams,UTA,SF,6700.0,False,True
43605880,150822,1458830,501,6198147,Cody Williams,UTA,SF,6700.0,False,True
43605881,150822,1458830,503,6198147,Cody Williams,UTA,SF,6700.0,False,True
43605882,150822,1538604,498,6198147,Carter Bryant,SA,SF,6600.0,False,True
43605883,150822,1538604,501,6198147,Carter Bryant,SA,SF,6600.0,False,True
43605884,150822,1538604,503,6198147,Carter Bryant,SA,SF,6600.0,False,True
43605885,150822,1408196,498,6198148,Chris Livingston,WAS,SF/PF,6400.0,False,True
43605886,150822,1408196,499,6198148,Chris Livingston,WAS,SF/PF,6400.0,False,True
43605887,150822,1408196,501,6198148,Chris Livingston,WAS,SF/PF,6400.0,False,True
43605888,150822,1408196,503,6198148,Chris Livingston,WAS,SF/PF,6400.0,False,True
43605889,150822,1230369,496,6198148,Reece Beekman,WAS,PG,6200.0,False,True
43605890,150822,1230369,502,6198148,Reece Beekman,WAS,PG,6200.0,False,True
43605891,150822,1230369,503,6198148,Reece Beekman,WAS,PG,6200.0,False,True
43605892,150822,1546380,497,6198148,Tre Johnson,WAS,SG,6100.0,False,True
43605893,150822,1546380,502,6198148,Tre Johnson,WAS,SG,6100.0,False,True
43605894,150822,1546380,503,6198148,Tre Johnson,WAS,SG,6100.0,False,True
43605895,150822,1323633,497,6198147,Trey Alexander,UTA,SG,6100.0,False,True
43605896,150822,1323633,502,6198147,Trey Alexander,UTA,SG,6100.0,False,True
43605897,150822,1323633,503,6198147,Trey Alexander,UTA,SG,6100.0,False,True
43605898,150822,1408135,499,6198147,Maliq Brown,SA,PF,5900.0,False,True
43605899,150822,1408135,501,6198147,Maliq Brown,SA,PF,5900.0,False,True
43605900,150822,1408135,503,6198147,Maliq Brown,SA,PF,5900.0,False,True
43605901,150822,1340786,496,6198147,Matthew Cleveland,UTA,PG/SG,5700.0,False,True
43605902,150822,1340786,497,6198147,Matthew Cleveland,UTA,PG/SG,5700.0,False,True
43605903,150822,1340786,502,6198147,Matthew Cleveland,UTA,PG/SG,5700.0,False,True
43605904,150822,1340786,503,6198147,Matthew Cleveland,UTA,PG/SG,5700.0,False,True
43605905,150822,1232539,499,6198147,Andersson Garcia,UTA,PF,5600.0,False,True
43605906,150822,1232539,501,6198147,Andersson Garcia,UTA,PF,5600.0,False,True
43605907,150822,1232539,503,6198147,Andersson Garcia,UTA,PF,5600.0,False,True
43605908,150822,1324019,496,6198147,Miles Kelly,SA,PG/SG,5600.0,False,True
43605909,150822,1324019,497,6198147,Miles Kelly,SA,PG/SG,5600.0,False,True
43605910,150822,1324019,502,6198147,Miles Kelly,SA,PG/SG,5600.0,False,True
43605911,150822,1324019,503,6198147,Miles Kelly,SA,PG/SG,5600.0,False,True
43605912,150822,1408243,500,6198147,Tarris Reed Jr.,SA,C,5500.0,False,True
43605913,150822,1408243,503,6198147,Tarris Reed Jr.,SA,C,5500.0,False,True
43605914,150822,1405312,498,6198148,Nick Martinelli,LAC,SF,5500.0,False,True
43605915,150822,1405312,501,6198148,Nick Martinelli,LAC,SF,5500.0,False,True
43605916,150822,1405312,503,6198148,Nick Martinelli,LAC,SF,5500.0,False,True
43605917,150822,1243722,496,6198147,RJ Davis,SA,PG/SG,5400.0,False,True
43605918,150822,1243722,497,6198147,RJ Davis,SA,PG/SG,5400.0,False,True
43605919,150822,1243722,502,6198147,RJ Davis,SA,PG/SG,5400.0,False,True
43605920,150822,1243722,503,6198147,RJ Davis,SA,PG/SG,5400.0,False,True
43605921,150822,1401391,496,6198147,Ja'Kobi Gillespie,SA,PG,5400.0,False,True
43605922,150822,1401391,502,6198147,Ja'Kobi Gillespie,SA,PG,5400.0,False,True
43605923,150822,1401391,503,6198147,Ja'Kobi Gillespie,SA,PG,5400.0,False,True
43605924,150822,1134179,497,6198147,Blake Hinson,UTA,SG,5200.0,False,True
43605925,150822,1134179,502,6198147,Blake Hinson,UTA,SG,5200.0,False,True
43605926,150822,1134179,503,6198147,Blake Hinson,UTA,SG,5200.0,False,True
43605927,150822,1232056,497,6198148,Jamir Watkins,WAS,SG,5200.0,False,True
43605928,150822,1232056,502,6198148,Jamir Watkins,WAS,SG,5200.0,False,True
43605929,150822,1232056,503,6198148,Jamir Watkins,WAS,SG,5200.0,False,True
43605930,150822,1343050,499,6198147,Igor Milicic Jr.,SA,PF,5100.0,False,True
43605931,150822,1343050,501,6198147,Igor Milicic Jr.,SA,PF,5100.0,False,True
43605932,150822,1343050,503,6198147,Igor Milicic Jr.,SA,PF,5100.0,False,True
43605933,150822,1326079,496,6198148,Sean Pedulla,LAC,PG/SG,5100.0,False,True
43605934,150822,1326079,497,6198148,Sean Pedulla,LAC,PG/SG,5100.0,False,True
43605935,150822,1326079,502,6198148,Sean Pedulla,LAC,PG/SG,5100.0,False,True
43605936,150822,1326079,503,6198148,Sean Pedulla,LAC,PG/SG,5100.0,False,True
43605937,150822,1231386,498,6198148,Norchad Omier,LAC,SF/PF,5000.0,False,True
43605938,150822,1231386,499,6198148,Norchad Omier,LAC,SF/PF,5000.0,False,True
43605939,150822,1231386,501,6198148,Norchad Omier,LAC,SF/PF,5000.0,False,True
43605940,150822,1231386,503,6198148,Norchad Omier,LAC,SF/PF,5000.0,False,True
43605941,150822,1408273,499,6198148,Felix Okpara,WAS,PF,4900.0,False,True
43605942,150822,1408273,501,6198148,Felix Okpara,WAS,PF,4900.0,False,True
43605943,150822,1408273,503,6198148,Felix Okpara,WAS,PF,4900.0,False,True
43605944,150822,1232447,498,6198148,Jahmyl Telfort,LAC,SF/PF,4900.0,False,True
43605945,150822,1232447,499,6198148,Jahmyl Telfort,LAC,SF/PF,4900.0,False,True
43605946,150822,1232447,501,6198148,Jahmyl Telfort,LAC,SF/PF,4900.0,False,True
43605947,150822,1232447,503,6198148,Jahmyl Telfort,LAC,SF/PF,4900.0,False,True
43605948,150822,1405037,496,6198148,Seth Trimble,WAS,PG/SG,4900.0,False,True
43605949,150822,1405037,497,6198148,Seth Trimble,WAS,PG/SG,4900.0,False,True
43605950,150822,1405037,502,6198148,Seth Trimble,WAS,PG/SG,4900.0,False,True
43605951,150822,1405037,503,6198148,Seth Trimble,WAS,PG/SG,4900.0,False,True
43605952,150822,1482267,496,6198147,Hayden Gray,UTA,PG/SG,4800.0,False,True
43605953,150822,1482267,497,6198147,Hayden Gray,UTA,PG/SG,4800.0,False,True
43605954,150822,1482267,502,6198147,Hayden Gray,UTA,PG/SG,4800.0,False,True
43605955,150822,1482267,503,6198147,Hayden Gray,UTA,PG/SG,4800.0,False,True
43605956,150822,1176770,499,6198147,Orlando Robinson,UTA,PF/C,4800.0,False,True
43605957,150822,1176770,500,6198147,Orlando Robinson,UTA,PF/C,4800.0,False,True
43605958,150822,1176770,501,6198147,Orlando Robinson,UTA,PF/C,4800.0,False,True
43605959,150822,1176770,503,6198147,Orlando Robinson,UTA,PF/C,4800.0,False,True
43605960,150822,1327795,496,6198147,Justin Harmon,UTA,PG/SG,4700.0,False,True
43605961,150822,1327795,497,6198147,Justin Harmon,UTA,PG/SG,4700.0,False,True
43605962,150822,1327795,502,6198147,Justin Harmon,UTA,PG/SG,4700.0,False,True
43605963,150822,1327795,503,6198147,Justin Harmon,UTA,PG/SG,4700.0,False,True
43605964,150822,1134758,498,6198147,Kylor Kelley,UTA,SF/PF,4700.0,False,True
43605965,150822,1134758,499,6198147,Kylor Kelley,UTA,SF/PF,4700.0,False,True
43605966,150822,1134758,501,6198147,Kylor Kelley,UTA,SF/PF,4700.0,False,True
43605967,150822,1134758,503,6198147,Kylor Kelley,UTA,SF/PF,4700.0,False,True
43605968,150822,1180055,498,6198147,Hyunjung Lee,SA,SF/PF,4600.0,False,True
43605969,150822,1180055,499,6198147,Hyunjung Lee,SA,SF/PF,4600.0,False,True
43605970,150822,1180055,501,6198147,Hyunjung Lee,SA,SF/PF,4600.0,False,True
43605971,150822,1180055,503,6198147,Hyunjung Lee,SA,SF/PF,4600.0,False,True
43605972,150822,1324442,499,6198148,Julian Reese,WAS,PF,4600.0,False,True
43605973,150822,1324442,501,6198148,Julian Reese,WAS,PF,4600.0,False,True
43605974,150822,1324442,503,6198148,Julian Reese,WAS,PF,4600.0,False,True
43605975,150822,1343051,496,6198147,Bez Mbeng,UTA,PG/SG,4500.0,False,True
43605976,150822,1343051,497,6198147,Bez Mbeng,UTA,PG/SG,4500.0,False,True
43605977,150822,1343051,502,6198147,Bez Mbeng,UTA,PG/SG,4500.0,False,True
43605978,150822,1343051,503,6198147,Bez Mbeng,UTA,PG/SG,4500.0,False,True
43605979,150822,1408438,500,6198147,Harry Wessels,SA,C,4500.0,False,True
43605980,150822,1408438,503,6198147,Harry Wessels,SA,C,4500.0,False,True
43605981,150822,1231489,496,6198148,Kadary Richmond,WAS,PG/SG,4500.0,False,True
43605982,150822,1231489,497,6198148,Kadary Richmond,WAS,PG/SG,4500.0,False,True
43605983,150822,1231489,502,6198148,Kadary Richmond,WAS,PG/SG,4500.0,False,True
43605984,150822,1231489,503,6198148,Kadary Richmond,WAS,PG/SG,4500.0,False,True
43605985,150822,1176244,498,6198147,Eric Dixon,UTA,SF/PF,4400.0,False,True
43605986,150822,1176244,499,6198147,Eric Dixon,UTA,SF/PF,4400.0,False,True
43605987,150822,1176244,501,6198147,Eric Dixon,UTA,SF/PF,4400.0,False,True
43605988,150822,1176244,503,6198147,Eric Dixon,UTA,SF/PF,4400.0,False,True
43605989,150822,1507153,500,6198148,Norris Agbakoko,WAS,C,4400.0,False,True
43605990,150822,1507153,503,6198148,Norris Agbakoko,WAS,C,4400.0,False,True
43605991,150822,1324101,498,6198147,RJ Melendez,SA,SF/PF,4400.0,False,True
43605992,150822,1324101,499,6198147,RJ Melendez,SA,SF/PF,4400.0,False,True
43605993,150822,1324101,501,6198147,RJ Melendez,SA,SF/PF,4400.0,False,True
43605994,150822,1324101,503,6198147,RJ Melendez,SA,SF/PF,4400.0,False,True
43605995,150822,1541010,496,6198147,Miles Barnstable,SA,PG/SG,4400.0,False,True
43605996,150822,1541010,497,6198147,Miles Barnstable,SA,PG/SG,4400.0,False,True
43605997,150822,1541010,502,6198147,Miles Barnstable,SA,PG/SG,4400.0,False,True
43605998,150822,1541010,503,6198147,Miles Barnstable,SA,PG/SG,4400.0,False,True
43605999,150822,1193984,496,6198147,Max Abmas,UTA,PG/SG,4300.0,False,True
43606000,150822,1193984,497,6198147,Max Abmas,UTA,PG/SG,4300.0,False,True
43606001,150822,1193984,502,6198147,Max Abmas,UTA,PG/SG,4300.0,False,True
43606002,150822,1193984,503,6198147,Max Abmas,UTA,PG/SG,4300.0,False,True
43606003,150822,1333783,497,6198147,Tamar Bates,UTA,SG,4200.0,False,True
43606004,150822,1333783,502,6198147,Tamar Bates,UTA,SG,4200.0,False,True
43606005,150822,1333783,503,6198147,Tamar Bates,UTA,SG,4200.0,False,True
43606006,150822,1324298,498,6198148,John Camden,WAS,SF/PF,4200.0,False,True
43606007,150822,1324298,499,6198148,John Camden,WAS,SF/PF,4200.0,False,True
43606008,150822,1324298,501,6198148,John Camden,WAS,SF/PF,4200.0,False,True
43606009,150822,1324298,503,6198148,John Camden,WAS,SF/PF,4200.0,False,True
43606010,150822,1060982,496,6198148,RJ Nembhard,WAS,PG/SG,4100.0,False,True
43606011,150822,1060982,497,6198148,RJ Nembhard,WAS,PG/SG,4100.0,False,True
43606012,150822,1060982,502,6198148,RJ Nembhard,WAS,PG/SG,4100.0,False,True
43606013,150822,1060982,503,6198148,RJ Nembhard,WAS,PG/SG,4100.0,False,True
43606014,150822,1405367,496,6198148,Fletcher Loyer,LAC,PG/SG,4100.0,False,True
43606015,150822,1405367,497,6198148,Fletcher Loyer,LAC,PG/SG,4100.0,False,True
43606016,150822,1405367,502,6198148,Fletcher Loyer,LAC,PG/SG,4100.0,False,True
43606017,150822,1405367,503,6198148,Fletcher Loyer,LAC,PG/SG,4100.0,False,True
43606018,150822,1176278,498,6198148,Zach Freemantle,LAC,SF/PF,4000.0,False,True
43606019,150822,1176278,499,6198148,Zach Freemantle,LAC,SF/PF,4000.0,False,True
43606020,150822,1176278,501,6198148,Zach Freemantle,LAC,SF/PF,4000.0,False,True
43606021,150822,1176278,503,6198148,Zach Freemantle,LAC,SF/PF,4000.0,False,True
43606022,150822,1402285,496,6198148,Riley Kugel,LAC,PG/SG,4000.0,False,True
43606023,150822,1402285,497,6198148,Riley Kugel,LAC,PG/SG,4000.0,False,True
43606024,150822,1402285,502,6198148,Riley Kugel,LAC,PG/SG,4000.0,False,True
43606025,150822,1402285,503,6198148,Riley Kugel,LAC,PG/SG,4000.0,False,True
43606026,150822,1257476,496,6198148,Themus Fulks,LAC,PG/SG,4000.0,False,True
43606027,150822,1257476,497,6198148,Themus Fulks,LAC,PG/SG,4000.0,False,True
43606028,150822,1257476,502,6198148,Themus Fulks,LAC,PG/SG,4000.0,False,True
43606029,150822,1257476,503,6198148,Themus Fulks,LAC,PG/SG,4000.0,False,True
43606030,150822,1413220,498,6198147,Jaxon Kohler,UTA,SF/PF,4000.0,False,True
43606031,150822,1413220,499,6198147,Jaxon Kohler,UTA,SF/PF,4000.0,False,True
43606032,150822,1413220,501,6198147,Jaxon Kohler,UTA,SF/PF,4000.0,False,True
43606033,150822,1413220,503,6198147,Jaxon Kohler,UTA,SF/PF,4000.0,False,True
43606034,150822,1416410,500,6198147,Micah Handlogten,UTA,C,4000.0,False,True
43606035,150822,1416410,503,6198147,Micah Handlogten,UTA,C,4000.0,False,True
43606036,150822,1406916,499,6198147,Mohamed Wague,UTA,PF/C,4000.0,False,True
43606037,150822,1406916,500,6198147,Mohamed Wague,UTA,PF/C,4000.0,False,True
43606038,150822,1406916,501,6198147,Mohamed Wague,UTA,PF/C,4000.0,False,True
43606039,150822,1406916,503,6198147,Mohamed Wague,UTA,PF/C,4000.0,False,True
43606040,150822,1231848,496,6198147,Tyon Grant-Foster,SA,PG/SG,4000.0,False,True
43606041,150822,1231848,497,6198147,Tyon Grant-Foster,SA,PG/SG,4000.0,False,True
43606042,150822,1231848,502,6198147,Tyon Grant-Foster,SA,PG/SG,4000.0,False,True
43606043,150822,1231848,503,6198147,Tyon Grant-Foster,SA,PG/SG,4000.0,False,True
43606044,150822,1176026,500,6198147,David Muoka,SA,C,4000.0,False,True
43606045,150822,1176026,503,6198147,David Muoka,SA,C,4000.0,False,True
43606046,150822,1345427,496,6198147,Zakai Zeigler,SA,PG/SG,4000.0,False,True
43606047,150822,1345427,497,6198147,Zakai Zeigler,SA,PG/SG,4000.0,False,True
43606048,150822,1345427,502,6198147,Zakai Zeigler,SA,PG/SG,4000.0,False,True
43606049,150822,1345427,503,6198147,Zakai Zeigler,SA,PG/SG,4000.0,False,True
43606050,150822,1327839,496,6198147,Jayden Nunn,SA,PG/SG,4000.0,False,True
43606051,150822,1327839,497,6198147,Jayden Nunn,SA,PG/SG,4000.0,False,True
43606052,150822,1327839,502,6198147,Jayden Nunn,SA,PG/SG,4000.0,False,True
43606053,150822,1327839,503,6198147,Jayden Nunn,SA,PG/SG,4000.0,False,True
43606054,150822,1176723,496,6198148,Damari Monsanto,WAS,PG/SG,4000.0,False,True
43606055,150822,1176723,497,6198148,Damari Monsanto,WAS,PG/SG,4000.0,False,True
43606056,150822,1176723,502,6198148,Damari Monsanto,WAS,PG/SG,4000.0,False,True
43606057,150822,1176723,503,6198148,Damari Monsanto,WAS,PG/SG,4000.0,False,True
43606058,150822,1323921,498,6198148,Tre Carroll,WAS,SF/PF,4000.0,False,True
43606059,150822,1323921,499,6198148,Tre Carroll,WAS,SF/PF,4000.0,False,True
43606060,150822,1323921,501,6198148,Tre Carroll,WAS,SF/PF,4000.0,False,True
43606061,150822,1323921,503,6198148,Tre Carroll,WAS,SF/PF,4000.0,False,True
43606062,150823,1617074,494,6198148,AJ Dybantsa,WAS,SF,10400.0,False,True
43606063,150823,1520672,494,6198148,Will Riley,WAS,SF,9800.0,False,True
43606064,150823,1589783,494,6198148,Keaton Wagler,LAC,SG,9000.0,False,True
43606065,150823,1231938,494,6198148,Kobe Sanders,LAC,SG,8000.0,False,True
43606066,150823,1402304,494,6198148,Baba Miller,LAC,PF,7800.0,False,True
43606067,150823,1460155,494,6198148,Cam Christie,LAC,SG,7600.0,False,True
43606068,150823,1408196,494,6198148,Chris Livingston,WAS,SF/PF,7000.0,False,True
43606069,150823,1230369,494,6198148,Reece Beekman,WAS,PG,6800.0,False,True
43606070,150823,1546380,494,6198148,Tre Johnson,WAS,SG,6600.0,False,True
43606071,150823,1405312,494,6198148,Nick Martinelli,LAC,SF,6000.0,False,True
43606072,150823,1232056,494,6198148,Jamir Watkins,WAS,SG,5800.0,False,True
43606073,150823,1326079,494,6198148,Sean Pedulla,LAC,PG/SG,5600.0,False,True
43606074,150823,1231386,494,6198148,Norchad Omier,LAC,SF/PF,5400.0,False,True
43606075,150823,1408273,494,6198148,Felix Okpara,WAS,PF,5000.0,False,True
43606076,150823,1232447,494,6198148,Jahmyl Telfort,LAC,SF/PF,4800.0,False,True
43606077,150823,1405037,494,6198148,Seth Trimble,WAS,PG/SG,4400.0,False,True
43606078,150823,1324442,494,6198148,Julian Reese,WAS,PF,4000.0,False,True
43606079,150823,1231489,494,6198148,Kadary Richmond,WAS,PG/SG,3600.0,False,True
43606080,150823,1507153,494,6198148,Norris Agbakoko,WAS,C,3400.0,False,True
43606081,150823,1324298,494,6198148,John Camden,WAS,SF/PF,3000.0,False,True
43606082,150823,1060982,494,6198148,RJ Nembhard,WAS,PG/SG,2800.0,False,True
43606083,150823,1405367,494,6198148,Fletcher Loyer,LAC,PG/SG,2400.0,False,True
43606084,150823,1176278,494,6198148,Zach Freemantle,LAC,SF/PF,2000.0,False,True
43606085,150823,1402285,494,6198148,Riley Kugel,LAC,PG/SG,2000.0,False,True
43606086,150823,1257476,494,6198148,Themus Fulks,LAC,PG/SG,2000.0,False,True
43606087,150823,1176723,494,6198148,Damari Monsanto,WAS,PG/SG,2000.0,False,True
43606088,150823,1323921,494,6198148,Tre Carroll,WAS,SF/PF,2000.0,False,True
43606089,150823,1617074,495,6198148,AJ Dybantsa,WAS,SF,15600.0,False,True
43606090,150823,1520672,495,6198148,Will Riley,WAS,SF,14700.0,False,True
43606091,150823,1589783,495,6198148,Keaton Wagler,LAC,SG,13500.0,False,True
43606092,150823,1231938,495,6198148,Kobe Sanders,LAC,SG,12000.0,False,True
43606093,150823,1402304,495,6198148,Baba Miller,LAC,PF,11700.0,False,True
43606094,150823,1460155,495,6198148,Cam Christie,LAC,SG,11400.0,False,True
43606095,150823,1408196,495,6198148,Chris Livingston,WAS,SF/PF,10500.0,False,True
43606096,150823,1230369,495,6198148,Reece Beekman,WAS,PG,10200.0,False,True
43606097,150823,1546380,495,6198148,Tre Johnson,WAS,SG,9900.0,False,True
43606098,150823,1405312,495,6198148,Nick Martinelli,LAC,SF,9000.0,False,True
43606099,150823,1232056,495,6198148,Jamir Watkins,WAS,SG,8700.0,False,True
43606100,150823,1326079,495,6198148,Sean Pedulla,LAC,PG/SG,8400.0,False,True
43606101,150823,1231386,495,6198148,Norchad Omier,LAC,SF/PF,8100.0,False,True
43606102,150823,1408273,495,6198148,Felix Okpara,WAS,PF,7500.0,False,True
43606103,150823,1232447,495,6198148,Jahmyl Telfort,LAC,SF/PF,7200.0,False,True
43606104,150823,1405037,495,6198148,Seth Trimble,WAS,PG/SG,6600.0,False,True
43606105,150823,1324442,495,6198148,Julian Reese,WAS,PF,6000.0,False,True
43606106,150823,1231489,495,6198148,Kadary Richmond,WAS,PG/SG,5400.0,False,True
43606107,150823,1507153,495,6198148,Norris Agbakoko,WAS,C,5100.0,False,True
43606108,150823,1324298,495,6198148,John Camden,WAS,SF/PF,4500.0,False,True
43606109,150823,1060982,495,6198148,RJ Nembhard,WAS,PG/SG,4200.0,False,True
43606110,150823,1405367,495,6198148,Fletcher Loyer,LAC,PG/SG,3600.0,False,True
43606111,150823,1176278,495,6198148,Zach Freemantle,LAC,SF/PF,3000.0,False,True
43606112,150823,1402285,495,6198148,Riley Kugel,LAC,PG/SG,3000.0,False,True
43606113,150823,1257476,495,6198148,Themus Fulks,LAC,PG/SG,3000.0,False,True
43606114,150823,1176723,495,6198148,Damari Monsanto,WAS,PG/SG,3000.0,False,True
43606115,150823,1323921,495,6198148,Tre Carroll,WAS,SF/PF,3000.0,False,True
