draftable_id,draft_group_id,player_id,roster_slot_id,competition_id,name,team,position_name,salary,is_disabled,is_swappable
43606252,150852,1237074,225,6163191,Paige Bueckers,DAL,PG/SG,11500.0,False,True
43606253,150852,1237074,227,6163191,Paige Bueckers,DAL,PG/SG,11500.0,False,True
43606254,150852,882899,226,6163191,Jessica Shepard,DAL,SF/PF,11300.0,False,True
43606255,150852,882899,227,6163191,Jessica Shepard,DAL,SF/PF,11300.0,False,True
43606256,150852,692156,226,6163191,Breanna Stewart,NYL,SF/PF,11000.0,False,True
43606257,150852,692156,227,6163191,Breanna Stewart,NYL,SF/PF,11000.0,False,True
43606258,150852,1127121,226,6163190,Shakira Austin,WAS,SF/PF,10500.0,False,True
43606259,150852,1127121,227,6163190,Shakira Austin,WAS,SF/PF,10500.0,False,True
43606260,150852,709448,226,6163191,Jonquel Jones,NYL,SF/PF,10400.0,False,True
43606261,150852,709448,227,6163191,Jonquel Jones,NYL,SF/PF,10400.0,False,True
43606262,150852,1329912,226,6163190,Kiki Iriafen,WAS,SF/PF,10100.0,False,True
43606263,150852,1329912,227,6163190,Kiki Iriafen,WAS,SF/PF,10100.0,False,True
43606264,150852,1353845,225,6163190,Sonia Citron,WAS,PG/SG,10000.0,False,True
43606265,150852,1353845,227,6163190,Sonia Citron,WAS,PG/SG,10000.0,False,True
43606266,150852,945668,225,6163191,Sabrina Ionescu,NYL,PG/SG,9600.0,False,True
43606267,150852,945668,227,6163191,Sabrina Ionescu,NYL,PG/SG,9600.0,False,True
43606268,150852,1138402,226,6163190,Emily Engstler,PDX,SF/PF,9100.0,False,True
43606269,150852,1138402,227,6163190,Emily Engstler,PDX,SF/PF,9100.0,False,True
43606270,150852,1508685,225,6163190,Carla Leite,PDX,PG/SG,8700.0,False,True
43606271,150852,1508685,227,6163190,Carla Leite,PDX,PG/SG,8700.0,False,True
43606272,150852,882016,226,6163190,Bridget Carleton,PDX,SF/PF,8500.0,False,True
43606273,150852,882016,227,6163190,Bridget Carleton,PDX,SF/PF,8500.0,False,True
43606274,150852,1330005,225,6163191,Azzi Fudd,DAL,PG/SG,8300.0,False,True
43606275,150852,1330005,227,6163191,Azzi Fudd,DAL,PG/SG,8300.0,False,True
43606276,150852,889432,226,6163190,Megan Gustafson,PDX,SF/PF,7900.0,False,True
43606277,150852,889432,227,6163190,Megan Gustafson,PDX,SF/PF,7900.0,False,True
43606278,150852,880980,225,6163191,Arike Ogunbowale,DAL,PG/SG,7700.0,False,True
43606279,150852,880980,227,6163191,Arike Ogunbowale,DAL,PG/SG,7700.0,False,True
43606280,150852,1239742,225,6163190,Sarah Ashlee Barker,PDX,PG/SG,7500.0,False,True
43606281,150852,1239742,227,6163190,Sarah Ashlee Barker,PDX,PG/SG,7500.0,False,True
43606282,150852,1511540,226,6163191,Pauline Astier,NYL,SF/PF,7100.0,False,True
43606283,150852,1511540,227,6163191,Pauline Astier,NYL,SF/PF,7100.0,False,True
43606284,150852,1282435,226,6163191,Awak Kuier,DAL,SF/PF,6800.0,False,True
43606285,150852,1282435,227,6163191,Awak Kuier,DAL,SF/PF,6800.0,False,True
43606286,150852,1214989,226,6163191,Leonie Fiebich,NYL,SF/PF,6600.0,False,True
43606287,150852,1214989,227,6163191,Leonie Fiebich,NYL,SF/PF,6600.0,False,True
43606288,150852,1079988,226,6163190,Michaela Onyenwere,WAS,SF/PF,6200.0,False,True
43606289,150852,1079988,227,6163190,Michaela Onyenwere,WAS,SF/PF,6200.0,False,True
43606290,150852,1061712,226,6163191,Satou Sabally,NYL,SF/PF,6100.0,False,True
43606291,150852,1061712,227,6163191,Satou Sabally,NYL,SF/PF,6100.0,False,True
43606292,150852,1650029,225,6163190,Alicia Florez,WAS,PG/SG,5700.0,False,True
43606293,150852,1650029,227,6163190,Alicia Florez,WAS,PG/SG,5700.0,False,True
43606294,150852,1409996,226,6163190,Lauren Betts,WAS,SF/PF,5500.0,False,True
43606295,150852,1409996,227,6163190,Lauren Betts,WAS,SF/PF,5500.0,False,True
43606296,150852,1418182,226,6163190,Cotie McMahon,WAS,SF/PF,5400.0,False,True
43606297,150852,1418182,227,6163190,Cotie McMahon,WAS,SF/PF,5400.0,False,True
43606298,150852,1239247,225,6163190,Georgia Amoore,WAS,PG/SG,5300.0,False,True
43606299,150852,1239247,227,6163190,Georgia Amoore,WAS,PG/SG,5300.0,False,True
43606300,150852,924162,225,6163191,Marine Johannes,NYL,PG/SG,5100.0,False,True
43606301,150852,924162,227,6163191,Marine Johannes,NYL,PG/SG,5100.0,False,True
43606302,150852,1408667,226,6163190,Frieda Buhner,PDX,SF/PF,5000.0,False,True
43606303,150852,1408667,227,6163190,Frieda Buhner,PDX,SF/PF,5000.0,False,True
43606304,150852,1647057,225,6163190,Teja Oblak,PDX,PG/SG,4700.0,False,True
43606305,150852,1647057,227,6163190,Teja Oblak,PDX,PG/SG,4700.0,False,True
43606306,150852,1165550,226,6163191,Li Yueru,DAL,SF/PF,4500.0,False,True
43606307,150852,1165550,227,6163191,Li Yueru,DAL,SF/PF,4500.0,False,True
43606308,150852,1413119,226,6163190,Serah Williams,PDX,SF/PF,4100.0,False,True
43606309,150852,1413119,227,6163190,Serah Williams,PDX,SF/PF,4100.0,False,True
43606310,150852,883053,226,6163191,Alanna Smith,DAL,SF/PF,4000.0,False,True
43606311,150852,883053,227,6163191,Alanna Smith,DAL,SF/PF,4000.0,False,True
43606312,150852,1165033,226,6163191,Han Xu,NYL,SF/PF,3900.0,False,True
43606313,150852,1165033,227,6163191,Han Xu,NYL,SF/PF,3900.0,False,True
43606314,150852,785079,225,6163190,Karlie Samuelson,PDX,PG/SG,3800.0,False,True
43606315,150852,785079,227,6163190,Karlie Samuelson,PDX,PG/SG,3800.0,False,True
43606316,150852,1508688,226,6163190,Nyadiew Puoch,PDX,SF/PF,3700.0,False,True
43606317,150852,1508688,227,6163190,Nyadiew Puoch,PDX,SF/PF,3700.0,False,True
43606318,150852,620441,225,6163191,Betnijah Laney-Hamilton,NYL,PG/SG,3600.0,False,True
43606319,150852,620441,227,6163191,Betnijah Laney-Hamilton,NYL,PG/SG,3600.0,False,True
43606320,150852,569060,225,6163191,Odyssey Sims,DAL,PG/SG,3500.0,False,True
43606321,150852,569060,227,6163191,Odyssey Sims,DAL,PG/SG,3500.0,False,True
43606322,150852,1329600,225,6163191,Aziaha James,DAL,PG/SG,3400.0,False,True
43606323,150852,1329600,227,6163191,Aziaha James,DAL,PG/SG,3400.0,False,True
43606324,150852,474457,225,6163191,Rebekah Gardner,NYL,PG/SG,3400.0,False,True
43606325,150852,474457,227,6163191,Rebekah Gardner,NYL,PG/SG,3400.0,False,True
43606326,150852,1138386,226,6163191,Maddy Siegrist,DAL,SF/PF,3300.0,False,True
43606327,150852,1138386,227,6163191,Maddy Siegrist,DAL,SF/PF,3300.0,False,True
43606328,150852,1061711,226,6163191,Anneli Maley,NYL,SF/PF,3300.0,False,True
43606329,150852,1061711,227,6163191,Anneli Maley,NYL,SF/PF,3300.0,False,True
43606330,150852,1432600,225,6163190,Cassandre Prosper,WAS,PG/SG,3200.0,False,True
43606331,150852,1432600,227,6163190,Cassandre Prosper,WAS,PG/SG,3200.0,False,True
43606332,150852,1240231,226,6163190,Angela Dugalic,WAS,SF/PF,3200.0,False,True
43606333,150852,1240231,227,6163190,Angela Dugalic,WAS,SF/PF,3200.0,False,True
43606334,150852,1282440,226,6163191,Raquel Carrera,NYL,SF/PF,3100.0,False,True
43606335,150852,1282440,227,6163191,Raquel Carrera,NYL,SF/PF,3100.0,False,True
43606336,150852,303756,226,6163191,Alysha Clark,DAL,SF/PF,3100.0,False,True
43606337,150852,303756,227,6163191,Alysha Clark,DAL,SF/PF,3100.0,False,True
43606338,150852,1347014,225,6163190,Lucy Olsen,WAS,PG/SG,3000.0,False,True
43606339,150852,1347014,227,6163190,Lucy Olsen,WAS,PG/SG,3000.0,False,True
43606340,150852,1178927,225,6163190,Holly Winterburn,PDX,PG/SG,3000.0,False,True
43606341,150852,1178927,227,6163190,Holly Winterburn,PDX,PG/SG,3000.0,False,True
43606342,150852,1214990,226,6163190,Luisa Geiselsoder,PDX,SF/PF,3000.0,False,True
43606343,150852,1214990,227,6163190,Luisa Geiselsoder,PDX,SF/PF,3000.0,False,True
43606344,150852,1646925,225,6163191,Costanza Verona,DAL,PG/SG,3000.0,False,True
43606345,150852,1646925,227,6163191,Costanza Verona,DAL,PG/SG,3000.0,False,True
43606346,150852,1189694,225,6163191,Haley Jones,DAL,PG/SG,3000.0,False,True
43606347,150852,1189694,227,6163191,Haley Jones,DAL,PG/SG,3000.0,False,True
43606348,150852,1282441,225,6163191,Marine Fauthoux,NYL,PG/SG,3000.0,False,True
43606349,150852,1282441,227,6163191,Marine Fauthoux,NYL,PG/SG,3000.0,False,True
43606350,150852,1409781,226,6163190,Darianna Littlepage-Buggs,WAS,SF/PF,3000.0,False,True
43606351,150852,1409781,227,6163190,Darianna Littlepage-Buggs,WAS,SF/PF,3000.0,False,True
43606352,150852,871869,225,6163191,Rebecca Allen,NYL,PG/SG,3000.0,False,True
43606353,150852,871869,227,6163191,Rebecca Allen,NYL,PG/SG,3000.0,False,True
43606354,150852,1329933,225,6163190,Rori Harmon,WAS,PG/SG,3000.0,False,True
43606355,150852,1329933,227,6163190,Rori Harmon,WAS,PG/SG,3000.0,False,True
43606356,150852,924755,225,6163191,Sug Sutton,DAL,PG/SG,3000.0,False,True
43606357,150852,924755,227,6163191,Sug Sutton,DAL,PG/SG,3000.0,False,True
43606358,150852,1410004,225,6163190,Jordan Harrison,PDX,PG/SG,3000.0,False,True
43606359,150852,1410004,227,6163190,Jordan Harrison,PDX,PG/SG,3000.0,False,True
43606360,150852,1338490,226,6163190,Sania Feagin,PDX,SF/PF,3000.0,False,True
43606361,150852,1338490,227,6163190,Sania Feagin,PDX,SF/PF,3000.0,False,True
43606362,150854,1237074,672,6163191,Paige Bueckers,DAL,PG/SG,,False,True
43606363,150854,882899,672,6163191,Jessica Shepard,DAL,SF/PF,,False,True
43606364,150854,692156,672,6163191,Breanna Stewart,NYL,SF/PF,,False,True
43606365,150854,1127121,672,6163190,Shakira Austin,WAS,SF/PF,,False,True
43606366,150854,709448,672,6163191,Jonquel Jones,NYL,SF/PF,,False,True
43606367,150854,1329912,672,6163190,Kiki Iriafen,WAS,SF/PF,,False,True
43606368,150854,1353845,672,6163190,Sonia Citron,WAS,PG/SG,,False,True
43606369,150854,945668,672,6163191,Sabrina Ionescu,NYL,PG/SG,,False,True
43606370,150854,1138402,672,6163190,Emily Engstler,PDX,SF/PF,,False,True
43606371,150854,1508685,672,6163190,Carla Leite,PDX,PG/SG,,False,True
43606372,150854,882016,672,6163190,Bridget Carleton,PDX,SF/PF,,False,True
43606373,150854,1330005,672,6163191,Azzi Fudd,DAL,PG/SG,,False,True
43606374,150854,889432,672,6163190,Megan Gustafson,PDX,SF/PF,,False,True
43606375,150854,880980,672,6163191,Arike Ogunbowale,DAL,PG/SG,,False,True
43606376,150854,1239742,672,6163190,Sarah Ashlee Barker,PDX,PG/SG,,False,True
43606377,150854,1511540,672,6163191,Pauline Astier,NYL,SF/PF,,False,True
43606378,150854,1282435,672,6163191,Awak Kuier,DAL,SF/PF,,False,True
43606379,150854,1214989,672,6163191,Leonie Fiebich,NYL,SF/PF,,False,True
43606380,150854,1079988,672,6163190,Michaela Onyenwere,WAS,SF/PF,,False,True
43606381,150854,1061712,672,6163191,Satou Sabally,NYL,SF/PF,,False,True
43606382,150854,1650029,672,6163190,Alicia Florez,WAS,PG/SG,,False,True
43606383,150854,1409996,672,6163190,Lauren Betts,WAS,SF/PF,,False,True
43606384,150854,1418182,672,6163190,Cotie McMahon,WAS,SF/PF,,False,True
43606385,150854,1239247,672,6163190,Georgia Amoore,WAS,PG/SG,,False,True
43606386,150854,924162,672,6163191,Marine Johannes,NYL,PG/SG,,False,True
43606387,150854,1408667,672,6163190,Frieda Buhner,PDX,SF/PF,,False,True
43606388,150854,1647057,672,6163190,Teja Oblak,PDX,PG/SG,,False,True
43606389,150854,1165550,672,6163191,Li Yueru,DAL,SF/PF,,False,True
43606390,150854,1413119,672,6163190,Serah Williams,PDX,SF/PF,,False,True
43606391,150854,883053,672,6163191,Alanna Smith,DAL,SF/PF,,False,True
43606392,150854,1165033,672,6163191,Han Xu,NYL,SF/PF,,False,True
43606393,150854,785079,672,6163190,Karlie Samuelson,PDX,PG/SG,,False,True
43606394,150854,1508688,672,6163190,Nyadiew Puoch,PDX,SF/PF,,False,True
43606395,150854,620441,672,6163191,Betnijah Laney-Hamilton,NYL,PG/SG,,False,True
43606396,150854,569060,672,6163191,Odyssey Sims,DAL,PG/SG,,False,True
43606397,150854,1329600,672,6163191,Aziaha James,DAL,PG/SG,,False,True
43606398,150854,474457,672,6163191,Rebekah Gardner,NYL,PG/SG,,False,True
43606399,150854,1138386,672,6163191,Maddy Siegrist,DAL,SF/PF,,False,True
43606400,150854,1061711,672,6163191,Anneli Maley,NYL,SF/PF,,False,True
43606401,150854,1432600,672,6163190,Cassandre Prosper,WAS,PG/SG,,False,True
43606402,150854,1240231,672,6163190,Angela Dugalic,WAS,SF/PF,,False,True
43606403,150854,1282440,672,6163191,Raquel Carrera,NYL,SF/PF,,False,True
43606404,150854,303756,672,6163191,Alysha Clark,DAL,SF/PF,,False,True
43606405,150854,1347014,672,6163190,Lucy Olsen,WAS,PG/SG,,False,True
43606406,150854,1178927,672,6163190,Holly Winterburn,PDX,PG/SG,,False,True
43606407,150854,1214990,672,6163190,Luisa Geiselsoder,PDX,SF/PF,,False,True
43606408,150854,1646925,672,6163191,Costanza Verona,DAL,PG/SG,,False,True
43606409,150854,1189694,672,6163191,Haley Jones,DAL,PG/SG,,False,True
43606410,150854,1282441,672,6163191,Marine Fauthoux,NYL,PG/SG,,False,True
43606411,150854,1409781,672,6163190,Darianna Littlepage-Buggs,WAS,SF/PF,,False,True
43606412,150854,871869,672,6163191,Rebecca Allen,NYL,PG/SG,,False,True
43606413,150854,1329933,672,6163190,Rori Harmon,WAS,PG/SG,,False,True
43606414,150854,924755,672,6163191,Sug Sutton,DAL,PG/SG,,False,True
43606415,150854,1410004,672,6163190,Jordan Harrison,PDX,PG/SG,,False,True
43606416,150854,1338490,672,6163190,Sania Feagin,PDX,SF/PF,,False,True
43606417,150853,1237074,464,6163191,Paige Bueckers,DAL,PG,,False,False
43606418,150853,1237074,465,6163191,Paige Bueckers,DAL,PG,,False,False
43606419,150853,1237074,636,6163191,Paige Bueckers,DAL,PG,,False,False
43606420,150853,882899,633,6163191,Jessica Shepard,DAL,SF,,False,False
43606421,150853,882899,465,6163191,Jessica Shepard,DAL,SF,,False,False
43606422,150853,882899,636,6163191,Jessica Shepard,DAL,SF,,False,False
43606423,150853,692156,633,6163191,Breanna Stewart,NYL,SF,,False,False
43606424,150853,692156,465,6163191,Breanna Stewart,NYL,SF,,False,False
43606425,150853,692156,636,6163191,Breanna Stewart,NYL,SF,,False,False
43606426,150853,1127121,633,6163190,Shakira Austin,WAS,SF,,False,False
43606427,150853,1127121,465,6163190,Shakira Austin,WAS,SF,,False,False
43606428,150853,1127121,636,6163190,Shakira Austin,WAS,SF,,False,False
43606429,150853,709448,633,6163191,Jonquel Jones,NYL,SF,,False,False
43606430,150853,709448,465,6163191,Jonquel Jones,NYL,SF,,False,False
43606431,150853,709448,636,6163191,Jonquel Jones,NYL,SF,,False,False
43606432,150853,1329912,633,6163190,Kiki Iriafen,WAS,SF,,False,False
43606433,150853,1329912,465,6163190,Kiki Iriafen,WAS,SF,,False,False
43606434,150853,1329912,636,6163190,Kiki Iriafen,WAS,SF,,False,False
43606435,150853,1353845,464,6163190,Sonia Citron,WAS,PG,,False,False
43606436,150853,1353845,465,6163190,Sonia Citron,WAS,PG,,False,False
43606437,150853,1353845,636,6163190,Sonia Citron,WAS,PG,,False,False
43606438,150853,945668,464,6163191,Sabrina Ionescu,NYL,PG,,False,False
43606439,150853,945668,465,6163191,Sabrina Ionescu,NYL,PG,,False,False
43606440,150853,945668,636,6163191,Sabrina Ionescu,NYL,PG,,False,False
43606441,150853,1138402,633,6163190,Emily Engstler,PDX,SF,,False,False
43606442,150853,1138402,465,6163190,Emily Engstler,PDX,SF,,False,False
43606443,150853,1138402,636,6163190,Emily Engstler,PDX,SF,,False,False
43606444,150853,1508685,464,6163190,Carla Leite,PDX,PG,,False,False
43606445,150853,1508685,465,6163190,Carla Leite,PDX,PG,,False,False
43606446,150853,1508685,636,6163190,Carla Leite,PDX,PG,,False,False
43606447,150853,882016,633,6163190,Bridget Carleton,PDX,SF,,False,False
43606448,150853,882016,465,6163190,Bridget Carleton,PDX,SF,,False,False
43606449,150853,882016,636,6163190,Bridget Carleton,PDX,SF,,False,False
43606450,150853,1330005,464,6163191,Azzi Fudd,DAL,PG,,False,False
43606451,150853,1330005,465,6163191,Azzi Fudd,DAL,PG,,False,False
43606452,150853,1330005,636,6163191,Azzi Fudd,DAL,PG,,False,False
43606453,150853,889432,633,6163190,Megan Gustafson,PDX,SF,,False,False
43606454,150853,889432,465,6163190,Megan Gustafson,PDX,SF,,False,False
43606455,150853,889432,636,6163190,Megan Gustafson,PDX,SF,,False,False
43606456,150853,880980,464,6163191,Arike Ogunbowale,DAL,PG,,False,False
43606457,150853,880980,465,6163191,Arike Ogunbowale,DAL,PG,,False,False
43606458,150853,880980,636,6163191,Arike Ogunbowale,DAL,PG,,False,False
43606459,150853,1239742,464,6163190,Sarah Ashlee Barker,PDX,PG,,False,False
43606460,150853,1239742,465,6163190,Sarah Ashlee Barker,PDX,PG,,False,False
43606461,150853,1239742,636,6163190,Sarah Ashlee Barker,PDX,PG,,False,False
43606462,150853,1511540,633,6163191,Pauline Astier,NYL,SF,,False,False
43606463,150853,1511540,465,6163191,Pauline Astier,NYL,SF,,False,False
43606464,150853,1511540,636,6163191,Pauline Astier,NYL,SF,,False,False
43606465,150853,1282435,633,6163191,Awak Kuier,DAL,SF,,False,False
43606466,150853,1282435,465,6163191,Awak Kuier,DAL,SF,,False,False
43606467,150853,1282435,636,6163191,Awak Kuier,DAL,SF,,False,False
43606468,150853,1214989,633,6163191,Leonie Fiebich,NYL,SF,,False,False
43606469,150853,1214989,465,6163191,Leonie Fiebich,NYL,SF,,False,False
43606470,150853,1214989,636,6163191,Leonie Fiebich,NYL,SF,,False,False
43606471,150853,1079988,633,6163190,Michaela Onyenwere,WAS,SF,,False,False
43606472,150853,1079988,465,6163190,Michaela Onyenwere,WAS,SF,,False,False
43606473,150853,1079988,636,6163190,Michaela Onyenwere,WAS,SF,,False,False
43606474,150853,1061712,633,6163191,Satou Sabally,NYL,SF,,False,False
43606475,150853,1061712,465,6163191,Satou Sabally,NYL,SF,,False,False
43606476,150853,1061712,636,6163191,Satou Sabally,NYL,SF,,False,False
43606477,150853,1650029,464,6163190,Alicia Florez,WAS,PG,,False,False
43606478,150853,1650029,465,6163190,Alicia Florez,WAS,PG,,False,False
43606479,150853,1650029,636,6163190,Alicia Florez,WAS,PG,,False,False
43606480,150853,1409996,633,6163190,Lauren Betts,WAS,SF,,False,False
43606481,150853,1409996,465,6163190,Lauren Betts,WAS,SF,,False,False
43606482,150853,1409996,636,6163190,Lauren Betts,WAS,SF,,False,False
43606483,150853,1418182,633,6163190,Cotie McMahon,WAS,SF,,False,False
43606484,150853,1418182,465,6163190,Cotie McMahon,WAS,SF,,False,False
43606485,150853,1418182,636,6163190,Cotie McMahon,WAS,SF,,False,False
43606486,150853,1239247,464,6163190,Georgia Amoore,WAS,PG,,False,False
43606487,150853,1239247,465,6163190,Georgia Amoore,WAS,PG,,False,False
43606488,150853,1239247,636,6163190,Georgia Amoore,WAS,PG,,False,False
43606489,150853,924162,464,6163191,Marine Johannes,NYL,PG,,False,False
43606490,150853,924162,465,6163191,Marine Johannes,NYL,PG,,False,False
43606491,150853,924162,636,6163191,Marine Johannes,NYL,PG,,False,False
43606492,150853,1408667,633,6163190,Frieda Buhner,PDX,SF,,False,False
43606493,150853,1408667,465,6163190,Frieda Buhner,PDX,SF,,False,False
43606494,150853,1408667,636,6163190,Frieda Buhner,PDX,SF,,False,False
43606495,150853,1647057,464,6163190,Teja Oblak,PDX,PG,,False,False
43606496,150853,1647057,465,6163190,Teja Oblak,PDX,PG,,False,False
43606497,150853,1647057,636,6163190,Teja Oblak,PDX,PG,,False,False
43606498,150853,1165550,633,6163191,Li Yueru,DAL,SF,,False,False
43606499,150853,1165550,465,6163191,Li Yueru,DAL,SF,,False,False
43606500,150853,1165550,636,6163191,Li Yueru,DAL,SF,,False,False
43606501,150853,1413119,633,6163190,Serah Williams,PDX,SF,,False,False
43606502,150853,1413119,465,6163190,Serah Williams,PDX,SF,,False,False
43606503,150853,1413119,636,6163190,Serah Williams,PDX,SF,,False,False
43606504,150853,883053,633,6163191,Alanna Smith,DAL,SF,,False,False
43606505,150853,883053,465,6163191,Alanna Smith,DAL,SF,,False,False
43606506,150853,883053,636,6163191,Alanna Smith,DAL,SF,,False,False
43606507,150853,1165033,633,6163191,Han Xu,NYL,SF,,False,False
43606508,150853,1165033,465,6163191,Han Xu,NYL,SF,,False,False
43606509,150853,1165033,636,6163191,Han Xu,NYL,SF,,False,False
43606510,150853,785079,464,6163190,Karlie Samuelson,PDX,PG,,False,False
43606511,150853,785079,465,6163190,Karlie Samuelson,PDX,PG,,False,False
43606512,150853,785079,636,6163190,Karlie Samuelson,PDX,PG,,False,False
43606513,150853,1508688,633,6163190,Nyadiew Puoch,PDX,SF,,False,False
43606514,150853,1508688,465,6163190,Nyadiew Puoch,PDX,SF,,False,False
43606515,150853,1508688,636,6163190,Nyadiew Puoch,PDX,SF,,False,False
43606516,150853,620441,464,6163191,Betnijah Laney-Hamilton,NYL,PG,,False,False
43606517,150853,620441,465,6163191,Betnijah Laney-Hamilton,NYL,PG,,False,False
43606518,150853,620441,636,6163191,Betnijah Laney-Hamilton,NYL,PG,,False,False
43606519,150853,569060,464,6163191,Odyssey Sims,DAL,PG,,False,False
43606520,150853,569060,465,6163191,Odyssey Sims,DAL,PG,,False,False
43606521,150853,569060,636,6163191,Odyssey Sims,DAL,PG,,False,False
43606522,150853,1329600,464,6163191,Aziaha James,DAL,PG,,False,False
43606523,150853,1329600,465,6163191,Aziaha James,DAL,PG,,False,False
43606524,150853,1329600,636,6163191,Aziaha James,DAL,PG,,False,False
43606525,150853,474457,464,6163191,Rebekah Gardner,NYL,PG,,False,False
43606526,150853,474457,465,6163191,Rebekah Gardner,NYL,PG,,False,False
43606527,150853,474457,636,6163191,Rebekah Gardner,NYL,PG,,False,False
43606528,150853,1138386,633,6163191,Maddy Siegrist,DAL,SF,,False,False
43606529,150853,1138386,465,6163191,Maddy Siegrist,DAL,SF,,False,False
43606530,150853,1138386,636,6163191,Maddy Siegrist,DAL,SF,,False,False
43606531,150853,1061711,633,6163191,Anneli Maley,NYL,SF,,False,False
43606532,150853,1061711,465,6163191,Anneli Maley,NYL,SF,,False,False
43606533,150853,1061711,636,6163191,Anneli Maley,NYL,SF,,False,False
43606534,150853,1432600,464,6163190,Cassandre Prosper,WAS,PG,,False,False
43606535,150853,1432600,465,6163190,Cassandre Prosper,WAS,PG,,False,False
43606536,150853,1432600,636,6163190,Cassandre Prosper,WAS,PG,,False,False
43606537,150853,1240231,633,6163190,Angela Dugalic,WAS,SF,,False,False
43606538,150853,1240231,465,6163190,Angela Dugalic,WAS,SF,,False,False
43606539,150853,1240231,636,6163190,Angela Dugalic,WAS,SF,,False,False
43606540,150853,1282440,633,6163191,Raquel Carrera,NYL,SF,,False,False
43606541,150853,1282440,465,6163191,Raquel Carrera,NYL,SF,,False,False
43606542,150853,1282440,636,6163191,Raquel Carrera,NYL,SF,,False,False
43606543,150853,303756,633,6163191,Alysha Clark,DAL,SF,,False,False
43606544,150853,303756,465,6163191,Alysha Clark,DAL,SF,,False,False
43606545,150853,303756,636,6163191,Alysha Clark,DAL,SF,,False,False
43606546,150853,1347014,464,6163190,Lucy Olsen,WAS,PG,,False,False
43606547,150853,1347014,465,6163190,Lucy Olsen,WAS,PG,,False,False
43606548,150853,1347014,636,6163190,Lucy Olsen,WAS,PG,,False,False
43606549,150853,1178927,464,6163190,Holly Winterburn,PDX,PG,,False,False
43606550,150853,1178927,465,6163190,Holly Winterburn,PDX,PG,,False,False
43606551,150853,1178927,636,6163190,Holly Winterburn,PDX,PG,,False,False
43606552,150853,1214990,633,6163190,Luisa Geiselsoder,PDX,SF,,False,False
43606553,150853,1214990,465,6163190,Luisa Geiselsoder,PDX,SF,,False,False
43606554,150853,1214990,636,6163190,Luisa Geiselsoder,PDX,SF,,False,False
43606555,150853,1646925,464,6163191,Costanza Verona,DAL,PG,,False,False
43606556,150853,1646925,465,6163191,Costanza Verona,DAL,PG,,False,False
43606557,150853,1646925,636,6163191,Costanza Verona,DAL,PG,,False,False
43606558,150853,1189694,464,6163191,Haley Jones,DAL,PG,,False,False
43606559,150853,1189694,465,6163191,Haley Jones,DAL,PG,,False,False
43606560,150853,1189694,636,6163191,Haley Jones,DAL,PG,,False,False
43606561,150853,1282441,464,6163191,Marine Fauthoux,NYL,PG,,False,False
43606562,150853,1282441,465,6163191,Marine Fauthoux,NYL,PG,,False,False
43606563,150853,1282441,636,6163191,Marine Fauthoux,NYL,PG,,False,False
43606564,150853,1409781,633,6163190,Darianna Littlepage-Buggs,WAS,SF,,False,False
43606565,150853,1409781,465,6163190,Darianna Littlepage-Buggs,WAS,SF,,False,False
43606566,150853,1409781,636,6163190,Darianna Littlepage-Buggs,WAS,SF,,False,False
43606567,150853,871869,464,6163191,Rebecca Allen,NYL,PG,,False,False
43606568,150853,871869,465,6163191,Rebecca Allen,NYL,PG,,False,False
43606569,150853,871869,636,6163191,Rebecca Allen,NYL,PG,,False,False
43606570,150853,1329933,464,6163190,Rori Harmon,WAS,PG,,False,False
43606571,150853,1329933,465,6163190,Rori Harmon,WAS,PG,,False,False
43606572,150853,1329933,636,6163190,Rori Harmon,WAS,PG,,False,False
43606573,150853,924755,464,6163191,Sug Sutton,DAL,PG,,False,False
43606574,150853,924755,465,6163191,Sug Sutton,DAL,PG,,False,False
43606575,150853,924755,636,6163191,Sug Sutton,DAL,PG,,False,False
43606576,150853,1410004,464,6163190,Jordan Harrison,PDX,PG,,False,False
43606577,150853,1410004,465,6163190,Jordan Harrison,PDX,PG,,False,False
43606578,150853,1410004,636,6163190,Jordan Harrison,PDX,PG,,False,False
43606579,150853,1338490,633,6163190,Sania Feagin,PDX,SF,,False,False
43606580,150853,1338490,465,6163190,Sania Feagin,PDX,SF,,False,False
43606581,150853,1338490,636,6163190,Sania Feagin,PDX,SF,,False,False
43606934,150855,1127121,475,6163190,Shakira Austin,WAS,SF/PF,10800.0,False,True
43606935,150855,1329912,475,6163190,Kiki Iriafen,WAS,SF/PF,10400.0,False,True
43606936,150855,1353845,475,6163190,Sonia Citron,WAS,PG/SG,10200.0,False,True
43606937,150855,1138402,475,6163190,Emily Engstler,PDX,SF/PF,9200.0,False,True
43606938,150855,1508685,475,6163190,Carla Leite,PDX,PG/SG,8600.0,False,True
43606939,150855,882016,475,6163190,Bridget Carleton,PDX,SF/PF,8200.0,False,True
43606940,150855,889432,475,6163190,Megan Gustafson,PDX,SF/PF,7600.0,False,True
43606941,150855,1239742,475,6163190,Sarah Ashlee Barker,PDX,PG/SG,7000.0,False,True
43606942,150855,1079988,475,6163190,Michaela Onyenwere,WAS,SF/PF,5800.0,False,True
43606943,150855,1650029,475,6163190,Alicia Florez,WAS,PG/SG,5400.0,False,True
43606944,150855,1409996,475,6163190,Lauren Betts,WAS,SF/PF,5200.0,False,True
43606945,150855,1418182,475,6163190,Cotie McMahon,WAS,SF/PF,5000.0,False,True
43606946,150855,1239247,475,6163190,Georgia Amoore,WAS,PG/SG,4800.0,False,True
43606947,150855,1408667,475,6163190,Frieda Buhner,PDX,SF/PF,4400.0,False,True
43606948,150855,1647057,475,6163190,Teja Oblak,PDX,PG/SG,4000.0,False,True
43606949,150855,1413119,475,6163190,Serah Williams,PDX,SF/PF,3400.0,False,True
43606950,150855,785079,475,6163190,Karlie Samuelson,PDX,PG/SG,3200.0,False,True
43606951,150855,1508688,475,6163190,Nyadiew Puoch,PDX,SF/PF,3000.0,False,True
43606952,150855,1432600,475,6163190,Cassandre Prosper,WAS,PG/SG,2400.0,False,True
43606953,150855,1240231,475,6163190,Angela Dugalic,WAS,SF/PF,2200.0,False,True
43606954,150855,1347014,475,6163190,Lucy Olsen,WAS,PG/SG,2000.0,False,True
43606955,150855,1178927,475,6163190,Holly Winterburn,PDX,PG/SG,2000.0,False,True
43606956,150855,1214990,475,6163190,Luisa Geiselsoder,PDX,SF/PF,2000.0,False,True
43606957,150855,1329933,475,6163190,Rori Harmon,WAS,PG/SG,2000.0,False,True
43606958,150855,1409781,475,6163190,Darianna Littlepage-Buggs,WAS,SF/PF,2000.0,False,True
43606959,150855,1410004,475,6163190,Jordan Harrison,PDX,PG/SG,2000.0,False,True
43606960,150855,1338490,475,6163190,Sania Feagin,PDX,SF/PF,2000.0,False,True
43606961,150855,1127121,476,6163190,Shakira Austin,WAS,SF/PF,16200.0,False,True
43606962,150855,1329912,476,6163190,Kiki Iriafen,WAS,SF/PF,15600.0,False,True
43606963,150855,1353845,476,6163190,Sonia Citron,WAS,PG/SG,15300.0,False,True
43606964,150855,1138402,476,6163190,Emily Engstler,PDX,SF/PF,13800.0,False,True
43606965,150855,1508685,476,6163190,Carla Leite,PDX,PG/SG,12900.0,False,True
43606966,150855,882016,476,6163190,Bridget Carleton,PDX,SF/PF,12300.0,False,True
43606967,150855,889432,476,6163190,Megan Gustafson,PDX,SF/PF,11400.0,False,True
43606968,150855,1239742,476,6163190,Sarah Ashlee Barker,PDX,PG/SG,10500.0,False,True
43606969,150855,1079988,476,6163190,Michaela Onyenwere,WAS,SF/PF,8700.0,False,True
43606970,150855,1650029,476,6163190,Alicia Florez,WAS,PG/SG,8100.0,False,True
43606971,150855,1409996,476,6163190,Lauren Betts,WAS,SF/PF,7800.0,False,True
43606972,150855,1418182,476,6163190,Cotie McMahon,WAS,SF/PF,7500.0,False,True
43606973,150855,1239247,476,6163190,Georgia Amoore,WAS,PG/SG,7200.0,False,True
43606974,150855,1408667,476,6163190,Frieda Buhner,PDX,SF/PF,6600.0,False,True
43606975,150855,1647057,476,6163190,Teja Oblak,PDX,PG/SG,6000.0,False,True
43606976,150855,1413119,476,6163190,Serah Williams,PDX,SF/PF,5100.0,False,True
43606977,150855,785079,476,6163190,Karlie Samuelson,PDX,PG/SG,4800.0,False,True
43606978,150855,1508688,476,6163190,Nyadiew Puoch,PDX,SF/PF,4500.0,False,True
43606979,150855,1432600,476,6163190,Cassandre Prosper,WAS,PG/SG,3600.0,False,True
43606980,150855,1240231,476,6163190,Angela Dugalic,WAS,SF/PF,3300.0,False,True
43606981,150855,1347014,476,6163190,Lucy Olsen,WAS,PG/SG,3000.0,False,True
43606982,150855,1178927,476,6163190,Holly Winterburn,PDX,PG/SG,3000.0,False,True
43606983,150855,1214990,476,6163190,Luisa Geiselsoder,PDX,SF/PF,3000.0,False,True
43606984,150855,1329933,476,6163190,Rori Harmon,WAS,PG/SG,3000.0,False,True
43606985,150855,1409781,476,6163190,Darianna Littlepage-Buggs,WAS,SF/PF,3000.0,False,True
43606986,150855,1410004,476,6163190,Jordan Harrison,PDX,PG/SG,3000.0,False,True
43606987,150855,1338490,476,6163190,Sania Feagin,PDX,SF/PF,3000.0,False,True
43607099,150856,1237074,475,6163191,Paige Bueckers,DAL,PG/SG,11800.0,False,True
43607100,150856,882899,475,6163191,Jessica Shepard,DAL,SF/PF,11400.0,False,True
43607101,150856,692156,475,6163191,Breanna Stewart,NYL,SF/PF,11000.0,False,True
43607102,150856,709448,475,6163191,Jonquel Jones,NYL,SF/PF,10200.0,False,True
43607103,150856,945668,475,6163191,Sabrina Ionescu,NYL,PG/SG,9400.0,False,True
43607104,150856,1330005,475,6163191,Azzi Fudd,DAL,PG/SG,8200.0,False,True
43607105,150856,880980,475,6163191,Arike Ogunbowale,DAL,PG/SG,7400.0,False,True
43607106,150856,1511540,475,6163191,Pauline Astier,NYL,SF/PF,6800.0,False,True
43607107,150856,1282435,475,6163191,Awak Kuier,DAL,SF/PF,6600.0,False,True
43607108,150856,924162,475,6163191,Marine Johannes,NYL,PG/SG,5200.0,False,True
43607109,150856,1165550,475,6163191,Li Yueru,DAL,SF/PF,4600.0,False,True
43607110,150856,1165033,475,6163191,Han Xu,NYL,SF/PF,4000.0,False,True
43607111,150856,620441,475,6163191,Betnijah Laney-Hamilton,NYL,PG/SG,3600.0,False,True
43607112,150856,569060,475,6163191,Odyssey Sims,DAL,PG/SG,3400.0,False,True
43607113,150856,474457,475,6163191,Rebekah Gardner,NYL,PG/SG,3200.0,False,True
43607114,150856,1329600,475,6163191,Aziaha James,DAL,PG/SG,3000.0,False,True
43607115,150856,1138386,475,6163191,Maddy Siegrist,DAL,SF/PF,2800.0,False,True
43607116,150856,1061711,475,6163191,Anneli Maley,NYL,SF/PF,2600.0,False,True
43607117,150856,1282440,475,6163191,Raquel Carrera,NYL,SF/PF,2400.0,False,True
43607118,150856,303756,475,6163191,Alysha Clark,DAL,SF/PF,2200.0,False,True
43607119,150856,924755,475,6163191,Sug Sutton,DAL,PG/SG,2000.0,False,True
43607120,150856,871869,475,6163191,Rebecca Allen,NYL,PG/SG,2000.0,False,True
43607121,150856,1214989,475,6163191,Leonie Fiebich,NYL,SF/PF,6400.0,False,True
43607122,150856,1061712,475,6163191,Satou Sabally,NYL,SF/PF,6000.0,False,True
43607123,150856,883053,475,6163191,Alanna Smith,DAL,SF/PF,4200.0,False,True
43607124,150856,1189694,475,6163191,Haley Jones,DAL,PG/SG,2000.0,False,True
43607125,150856,1646925,475,6163191,Costanza Verona,DAL,PG/SG,2000.0,False,True
43607126,150856,1282441,475,6163191,Marine Fauthoux,NYL,PG/SG,2000.0,False,True
43607127,150856,1237074,476,6163191,Paige Bueckers,DAL,PG/SG,17700.0,False,True
43607128,150856,882899,476,6163191,Jessica Shepard,DAL,SF/PF,17100.0,False,True
43607129,150856,692156,476,6163191,Breanna Stewart,NYL,SF/PF,16500.0,False,True
43607130,150856,709448,476,6163191,Jonquel Jones,NYL,SF/PF,15300.0,False,True
43607131,150856,945668,476,6163191,Sabrina Ionescu,NYL,PG/SG,14100.0,False,True
43607132,150856,1330005,476,6163191,Azzi Fudd,DAL,PG/SG,12300.0,False,True
43607133,150856,880980,476,6163191,Arike Ogunbowale,DAL,PG/SG,11100.0,False,True
43607134,150856,1511540,476,6163191,Pauline Astier,NYL,SF/PF,10200.0,False,True
43607135,150856,1282435,476,6163191,Awak Kuier,DAL,SF/PF,9900.0,False,True
43607136,150856,924162,476,6163191,Marine Johannes,NYL,PG/SG,7800.0,False,True
43607137,150856,1165550,476,6163191,Li Yueru,DAL,SF/PF,6900.0,False,True
43607138,150856,1165033,476,6163191,Han Xu,NYL,SF/PF,6000.0,False,True
43607139,150856,620441,476,6163191,Betnijah Laney-Hamilton,NYL,PG/SG,5400.0,False,True
43607140,150856,569060,476,6163191,Odyssey Sims,DAL,PG/SG,5100.0,False,True
43607141,150856,474457,476,6163191,Rebekah Gardner,NYL,PG/SG,4800.0,False,True
43607142,150856,1329600,476,6163191,Aziaha James,DAL,PG/SG,4500.0,False,True
43607143,150856,1138386,476,6163191,Maddy Siegrist,DAL,SF/PF,4200.0,False,True
43607144,150856,1061711,476,6163191,Anneli Maley,NYL,SF/PF,3900.0,False,True
43607145,150856,1282440,476,6163191,Raquel Carrera,NYL,SF/PF,3600.0,False,True
43607146,150856,303756,476,6163191,Alysha Clark,DAL,SF/PF,3300.0,False,True
43607147,150856,924755,476,6163191,Sug Sutton,DAL,PG/SG,3000.0,False,True
43607148,150856,871869,476,6163191,Rebecca Allen,NYL,PG/SG,3000.0,False,True
43607149,150856,1214989,476,6163191,Leonie Fiebich,NYL,SF/PF,9600.0,False,True
43607150,150856,1061712,476,6163191,Satou Sabally,NYL,SF/PF,9000.0,False,True
43607151,150856,883053,476,6163191,Alanna Smith,DAL,SF/PF,6300.0,False,True
43607152,150856,1189694,476,6163191,Haley Jones,DAL,PG/SG,3000.0,False,True
43607153,150856,1646925,476,6163191,Costanza Verona,DAL,PG/SG,3000.0,False,True
43607154,150856,1282441,476,6163191,Marine Fauthoux,NYL,PG/SG,3000.0,False,True
43608057,150825,1593986,499,6198153,Cameron Boozer,MEM,PF,9400.0,False,True
43608058,150825,1593986,501,6198153,Cameron Boozer,MEM,PF,9400.0,False,True
43608059,150825,1593986,503,6198153,Cameron Boozer,MEM,PF,9400.0,False,True
43608060,150825,1482282,498,6198152,Yaxel Lendeborg,GS,SF,9100.0,False,True
43608061,150825,1482282,501,6198152,Yaxel Lendeborg,GS,SF,9100.0,False,True
43608062,150825,1482282,503,6198152,Yaxel Lendeborg,GS,SF,9100.0,False,True
43608063,150825,1465110,499,6198154,Collin Murray-Boyles,TOR,PF,8800.0,False,True
43608064,150825,1465110,501,6198154,Collin Murray-Boyles,TOR,PF,8800.0,False,True
43608065,150825,1465110,503,6198154,Collin Murray-Boyles,TOR,PF,8800.0,False,True
43608066,150825,1351367,496,6198153,Cedric Coward,MEM,PG/SG,8500.0,False,True
43608067,150825,1351367,497,6198153,Cedric Coward,MEM,PG/SG,8500.0,False,True
43608068,150825,1351367,502,6198153,Cedric Coward,MEM,PG/SG,8500.0,False,True
43608069,150825,1351367,503,6198153,Cedric Coward,MEM,PG/SG,8500.0,False,True
43608070,150825,1500956,498,6198152,Pacome Dadiet,NY,SF,8100.0,False,True
43608071,150825,1500956,501,6198152,Pacome Dadiet,NY,SF,8100.0,False,True
43608072,150825,1500956,503,6198152,Pacome Dadiet,NY,SF,8100.0,False,True
43608073,150825,1593959,496,6198153,Kingston Flemings,ATL,PG,8000.0,False,True
43608074,150825,1593959,502,6198153,Kingston Flemings,ATL,PG,8000.0,False,True
43608075,150825,1593959,503,6198153,Kingston Flemings,ATL,PG,8000.0,False,True
43608076,150825,1323636,496,6198155,KJ Simpson,DEN,PG,7900.0,False,True
43608077,150825,1323636,502,6198155,KJ Simpson,DEN,PG,7900.0,False,True
43608078,150825,1323636,503,6198155,KJ Simpson,DEN,PG,7900.0,False,True
43608079,150825,1415915,498,6198152,Lachlan Olbrich,GS,SF/PF,7800.0,False,True
43608080,150825,1415915,499,6198152,Lachlan Olbrich,GS,SF/PF,7800.0,False,True
43608081,150825,1415915,501,6198152,Lachlan Olbrich,GS,SF/PF,7800.0,False,True
43608082,150825,1415915,503,6198152,Lachlan Olbrich,GS,SF/PF,7800.0,False,True
43608083,150825,1437712,498,6198152,Mohamed Diawara,NY,SF,7700.0,False,True
43608084,150825,1437712,501,6198152,Mohamed Diawara,NY,SF,7700.0,False,True
43608085,150825,1437712,503,6198152,Mohamed Diawara,NY,SF,7700.0,False,True
43608086,150825,1524332,499,6198153,Asa Newell,ATL,PF,7600.0,False,True
43608087,150825,1524332,501,6198153,Asa Newell,ATL,PF,7600.0,False,True
43608088,150825,1524332,503,6198153,Asa Newell,ATL,PF,7600.0,False,True
43608089,150825,1338969,497,6198153,Walter Clayton Jr.,MEM,SG,7500.0,False,True
43608090,150825,1338969,502,6198153,Walter Clayton Jr.,MEM,SG,7500.0,False,True
43608091,150825,1338969,503,6198153,Walter Clayton Jr.,MEM,SG,7500.0,False,True
43608092,150825,1176741,498,6198153,Jacob Toppin,ATL,SF,7500.0,False,True
43608093,150825,1176741,501,6198153,Jacob Toppin,ATL,SF,7500.0,False,True
43608094,150825,1176741,503,6198153,Jacob Toppin,ATL,SF,7500.0,False,True
43608095,150825,1253947,496,6198155,Mark Sears,DEN,PG,7500.0,False,True
43608096,150825,1253947,502,6198155,Mark Sears,DEN,PG,7500.0,False,True
43608097,150825,1253947,503,6198155,Mark Sears,DEN,PG,7500.0,False,True
43608098,150825,1241594,500,6198154,Vladislav Goldin,MIA,C,7500.0,False,True
43608099,150825,1241594,503,6198154,Vladislav Goldin,MIA,C,7500.0,False,True
43608100,150825,1405861,498,6198153,Taylor Hendricks,MEM,SF/PF,7400.0,False,True
43608101,150825,1405861,499,6198153,Taylor Hendricks,MEM,SF/PF,7400.0,False,True
43608102,150825,1405861,501,6198153,Taylor Hendricks,MEM,SF/PF,7400.0,False,True
43608103,150825,1405861,503,6198153,Taylor Hendricks,MEM,SF/PF,7400.0,False,True
43608104,150825,1193172,498,6198155,Jalen Bridges,POR,SF/PF,7300.0,False,True
43608105,150825,1193172,499,6198155,Jalen Bridges,POR,SF/PF,7300.0,False,True
43608106,150825,1193172,501,6198155,Jalen Bridges,POR,SF/PF,7300.0,False,True
43608107,150825,1193172,503,6198155,Jalen Bridges,POR,SF/PF,7300.0,False,True
43608108,150825,1231970,497,6198152,Max Shulga,GS,SG,7000.0,False,True
43608109,150825,1231970,502,6198152,Max Shulga,GS,SG,7000.0,False,True
43608110,150825,1231970,503,6198152,Max Shulga,GS,SG,7000.0,False,True
43608111,150825,1194704,496,6198153,RayJ Dennis,ATL,PG/SG,7000.0,False,True
43608112,150825,1194704,497,6198153,RayJ Dennis,ATL,PG/SG,7000.0,False,True
43608113,150825,1194704,502,6198153,RayJ Dennis,ATL,PG/SG,7000.0,False,True
43608114,150825,1194704,503,6198153,RayJ Dennis,ATL,PG/SG,7000.0,False,True
43608115,150825,1591570,500,6198155,Hansen Yang,POR,C,7000.0,False,True
43608116,150825,1591570,503,6198155,Hansen Yang,POR,C,7000.0,False,True
43608117,150825,1324003,496,6198153,Javon Small,MEM,PG/SG,6900.0,False,True
43608118,150825,1324003,497,6198153,Javon Small,MEM,PG/SG,6900.0,False,True
43608119,150825,1324003,502,6198153,Javon Small,MEM,PG/SG,6900.0,False,True
43608120,150825,1324003,503,6198153,Javon Small,MEM,PG/SG,6900.0,False,True
43608121,150825,1175076,496,6198153,Isaiah Wong,ATL,PG/SG,6900.0,False,True
43608122,150825,1175076,497,6198153,Isaiah Wong,ATL,PG/SG,6900.0,False,True
43608123,150825,1175076,502,6198153,Isaiah Wong,ATL,PG/SG,6900.0,False,True
43608124,150825,1175076,503,6198153,Isaiah Wong,ATL,PG/SG,6900.0,False,True
43608125,150825,1538643,499,6198154,Allen Graves,TOR,PF,6900.0,False,True
43608126,150825,1538643,501,6198154,Allen Graves,TOR,PF,6900.0,False,True
43608127,150825,1538643,503,6198154,Allen Graves,TOR,PF,6900.0,False,True
43608128,150825,1232344,496,6198154,Alijah Martin,TOR,PG,6800.0,False,True
43608129,150825,1232344,502,6198154,Alijah Martin,TOR,PG,6800.0,False,True
43608130,150825,1232344,503,6198154,Alijah Martin,TOR,PG,6800.0,False,True
43608131,150825,1231442,498,6198152,Dillon Jones,NY,SF/PF,6800.0,False,True
43608132,150825,1231442,499,6198152,Dillon Jones,NY,SF/PF,6800.0,False,True
43608133,150825,1231442,501,6198152,Dillon Jones,NY,SF/PF,6800.0,False,True
43608134,150825,1231442,503,6198152,Dillon Jones,NY,SF/PF,6800.0,False,True
43608135,150825,1328248,496,6198153,Jahmai Mashack,MEM,PG/SG,6700.0,False,True
43608136,150825,1328248,497,6198153,Jahmai Mashack,MEM,PG/SG,6700.0,False,True
43608137,150825,1328248,502,6198153,Jahmai Mashack,MEM,PG/SG,6700.0,False,True
43608138,150825,1328248,503,6198153,Jahmai Mashack,MEM,PG/SG,6700.0,False,True
43608139,150825,1323578,497,6198152,Will Richard,GS,SG,6600.0,False,True
43608140,150825,1323578,502,6198152,Will Richard,GS,SG,6600.0,False,True
43608141,150825,1323578,503,6198152,Will Richard,GS,SG,6600.0,False,True
43608142,150825,1231798,497,6198152,Colby Jones,GS,SG,6500.0,False,True
43608143,150825,1231798,502,6198152,Colby Jones,GS,SG,6500.0,False,True
43608144,150825,1231798,503,6198152,Colby Jones,GS,SG,6500.0,False,True
43608145,150825,1327212,496,6198154,Chucky Hepburn,TOR,PG,6500.0,False,True
43608146,150825,1327212,502,6198154,Chucky Hepburn,TOR,PG,6500.0,False,True
43608147,150825,1327212,503,6198154,Chucky Hepburn,TOR,PG,6500.0,False,True
43608148,150825,1232483,499,6198153,Olivier-Maxence Prosper,MEM,PF,6500.0,False,True
43608149,150825,1232483,501,6198153,Olivier-Maxence Prosper,MEM,PF,6500.0,False,True
43608150,150825,1232483,503,6198153,Olivier-Maxence Prosper,MEM,PF,6500.0,False,True
43608151,150825,1502180,500,6198153,Eli Ndiaye,ATL,C,6400.0,False,True
43608152,150825,1502180,503,6198153,Eli Ndiaye,ATL,C,6400.0,False,True
43608153,150825,1429347,496,6198155,Jaylen Martin,POR,PG/SG,6400.0,False,True
43608154,150825,1429347,497,6198155,Jaylen Martin,POR,PG/SG,6400.0,False,True
43608155,150825,1429347,502,6198155,Jaylen Martin,POR,PG/SG,6400.0,False,True
43608156,150825,1429347,503,6198155,Jaylen Martin,POR,PG/SG,6400.0,False,True
43608157,150825,1340791,498,6198155,Bryce Hopkins,DEN,SF,6400.0,False,True
43608158,150825,1340791,501,6198155,Bryce Hopkins,DEN,SF,6400.0,False,True
43608159,150825,1340791,503,6198155,Bryce Hopkins,DEN,SF,6400.0,False,True
43608160,150825,1413173,500,6198153,Henri Veesaar,ATL,C,6300.0,False,True
43608161,150825,1413173,503,6198153,Henri Veesaar,ATL,C,6300.0,False,True
43608162,150825,1342729,497,6198154,Kendall Brown,MIA,SG/SF,6300.0,False,True
43608163,150825,1342729,498,6198154,Kendall Brown,MIA,SG/SF,6300.0,False,True
43608164,150825,1342729,502,6198154,Kendall Brown,MIA,SG/SF,6300.0,False,True
43608165,150825,1342729,501,6198154,Kendall Brown,MIA,SG/SF,6300.0,False,True
43608166,150825,1342729,503,6198154,Kendall Brown,MIA,SG/SF,6300.0,False,True
43608167,150825,1243685,498,6198155,Jayson Kent,POR,SF/PF,6300.0,False,True
43608168,150825,1243685,499,6198155,Jayson Kent,POR,SF/PF,6300.0,False,True
43608169,150825,1243685,501,6198155,Jayson Kent,POR,SF/PF,6300.0,False,True
43608170,150825,1243685,503,6198155,Jayson Kent,POR,SF/PF,6300.0,False,True
43608171,150825,1327829,496,6198153,Keshon Gilbert,ATL,PG/SG,6200.0,False,True
43608172,150825,1327829,497,6198153,Keshon Gilbert,ATL,PG/SG,6200.0,False,True
43608173,150825,1327829,502,6198153,Keshon Gilbert,ATL,PG/SG,6200.0,False,True
43608174,150825,1327829,503,6198153,Keshon Gilbert,ATL,PG/SG,6200.0,False,True
43608175,150825,1345014,499,6198152,Malevy Leons,GS,PF,6200.0,False,True
43608176,150825,1345014,501,6198152,Malevy Leons,GS,PF,6200.0,False,True
43608177,150825,1345014,503,6198152,Malevy Leons,GS,PF,6200.0,False,True
43608178,150825,1197462,496,6198154,Myron Gardner,MIA,PG/SG,6100.0,False,True
43608179,150825,1197462,497,6198154,Myron Gardner,MIA,PG/SG,6100.0,False,True
43608180,150825,1197462,502,6198154,Myron Gardner,MIA,PG/SG,6100.0,False,True
43608181,150825,1197462,503,6198154,Myron Gardner,MIA,PG/SG,6100.0,False,True
43608182,150825,1416382,498,6198153,Zuby Ejiofor,ATL,SF/PF,6100.0,False,True
43608183,150825,1416382,499,6198153,Zuby Ejiofor,ATL,SF/PF,6100.0,False,True
43608184,150825,1416382,501,6198153,Zuby Ejiofor,ATL,SF/PF,6100.0,False,True
43608185,150825,1416382,503,6198153,Zuby Ejiofor,ATL,SF/PF,6100.0,False,True
43608186,150825,1405046,498,6198152,Tyler Nickel,NY,SF,6100.0,False,True
43608187,150825,1405046,501,6198152,Tyler Nickel,NY,SF,6100.0,False,True
43608188,150825,1405046,503,6198152,Tyler Nickel,NY,SF,6100.0,False,True
43608189,150825,1249996,496,6198152,L.J. Cryer,GS,PG,6100.0,False,True
43608190,150825,1249996,502,6198152,L.J. Cryer,GS,PG,6100.0,False,True
43608191,150825,1249996,503,6198152,L.J. Cryer,GS,PG,6100.0,False,True
43608192,150825,1401378,497,6198154,Jaden Bradley,TOR,SG,6000.0,False,True
43608193,150825,1401378,502,6198154,Jaden Bradley,TOR,SG,6000.0,False,True
43608194,150825,1401378,503,6198154,Jaden Bradley,TOR,SG,6000.0,False,True
43608195,150825,1176274,496,6198154,Jahmir Young,MIA,PG/SG,6000.0,False,True
43608196,150825,1176274,497,6198154,Jahmir Young,MIA,PG/SG,6000.0,False,True
43608197,150825,1176274,502,6198154,Jahmir Young,MIA,PG/SG,6000.0,False,True
43608198,150825,1176274,503,6198154,Jahmir Young,MIA,PG/SG,6000.0,False,True
43608199,150825,1324309,499,6198155,Trevon Brazile,DEN,PF,6000.0,False,True
43608200,150825,1324309,501,6198155,Trevon Brazile,DEN,PF,6000.0,False,True
43608201,150825,1324309,503,6198155,Trevon Brazile,DEN,PF,6000.0,False,True
43608202,150825,1323990,496,6198154,Trevor Keels,MIA,PG/SG,5900.0,False,True
43608203,150825,1323990,497,6198154,Trevor Keels,MIA,PG/SG,5900.0,False,True
43608204,150825,1323990,502,6198154,Trevor Keels,MIA,PG/SG,5900.0,False,True
43608205,150825,1323990,503,6198154,Trevor Keels,MIA,PG/SG,5900.0,False,True
43608206,150825,1189241,497,6198154,Seth Lundy,TOR,SG/SF,5900.0,False,True
43608207,150825,1189241,498,6198154,Seth Lundy,TOR,SG/SF,5900.0,False,True
43608208,150825,1189241,502,6198154,Seth Lundy,TOR,SG/SF,5900.0,False,True
43608209,150825,1189241,501,6198154,Seth Lundy,TOR,SG/SF,5900.0,False,True
43608210,150825,1189241,503,6198154,Seth Lundy,TOR,SG/SF,5900.0,False,True
43608211,150825,1405618,497,6198154,Ryan Conwell,MIA,SG,5800.0,False,True
43608212,150825,1405618,502,6198154,Ryan Conwell,MIA,SG,5800.0,False,True
43608213,150825,1405618,503,6198154,Ryan Conwell,MIA,SG,5800.0,False,True
43608214,150825,1135193,498,6198152,Liam Robbins,NY,SF/PF,5800.0,False,True
43608215,150825,1135193,499,6198152,Liam Robbins,NY,SF/PF,5800.0,False,True
43608216,150825,1135193,501,6198152,Liam Robbins,NY,SF/PF,5800.0,False,True
43608217,150825,1135193,503,6198152,Liam Robbins,NY,SF/PF,5800.0,False,True
43608218,150825,1654519,496,6198152,Jack Kayil,NY,PG,5800.0,False,True
43608219,150825,1654519,502,6198152,Jack Kayil,NY,PG,5800.0,False,True
43608220,150825,1654519,503,6198152,Jack Kayil,NY,PG,5800.0,False,True
43608221,150825,1235208,496,6198153,Gabe Madsen,ATL,PG/SG,5500.0,False,True
43608222,150825,1235208,497,6198153,Gabe Madsen,ATL,PG/SG,5500.0,False,True
43608223,150825,1235208,502,6198153,Gabe Madsen,ATL,PG/SG,5500.0,False,True
43608224,150825,1235208,503,6198153,Gabe Madsen,ATL,PG/SG,5500.0,False,True
43608225,150825,1234814,496,6198155,Chris Youngblood,POR,PG/SG,5400.0,False,True
43608226,150825,1234814,497,6198155,Chris Youngblood,POR,PG/SG,5400.0,False,True
43608227,150825,1234814,502,6198155,Chris Youngblood,POR,PG/SG,5400.0,False,True
43608228,150825,1234814,503,6198155,Chris Youngblood,POR,PG/SG,5400.0,False,True
43608229,150825,1326876,500,6198154,Nate Bittle,TOR,C,5400.0,False,True
43608230,150825,1326876,503,6198154,Nate Bittle,TOR,C,5400.0,False,True
43608231,150825,1348259,496,6198153,Kobe Johnson,ATL,PG/SG,5400.0,False,True
43608232,150825,1348259,497,6198153,Kobe Johnson,ATL,PG/SG,5400.0,False,True
43608233,150825,1348259,502,6198153,Kobe Johnson,ATL,PG/SG,5400.0,False,True
43608234,150825,1348259,503,6198153,Kobe Johnson,ATL,PG/SG,5400.0,False,True
43608235,150825,1420535,498,6198152,Lajae Jones,GS,SF,5300.0,False,True
43608236,150825,1420535,501,6198152,Lajae Jones,GS,SF,5300.0,False,True
43608237,150825,1420535,503,6198152,Lajae Jones,GS,SF,5300.0,False,True
43608238,150825,1231638,498,6198152,Graham Ike,GS,SF/PF,5300.0,False,True
43608239,150825,1231638,499,6198152,Graham Ike,GS,SF/PF,5300.0,False,True
43608240,150825,1231638,501,6198152,Graham Ike,GS,SF/PF,5300.0,False,True
43608241,150825,1231638,503,6198152,Graham Ike,GS,SF/PF,5300.0,False,True
43608242,150825,1232503,496,6198152,Toby Okani,NY,PG/SG,5200.0,False,True
43608243,150825,1232503,497,6198152,Toby Okani,NY,PG/SG,5200.0,False,True
43608244,150825,1232503,502,6198152,Toby Okani,NY,PG/SG,5200.0,False,True
43608245,150825,1232503,503,6198152,Toby Okani,NY,PG/SG,5200.0,False,True
43608246,150825,950903,496,6198155,DeJon Jarreau,DEN,PG/SG,5200.0,False,True
43608247,150825,950903,497,6198155,DeJon Jarreau,DEN,PG/SG,5200.0,False,True
43608248,150825,950903,502,6198155,DeJon Jarreau,DEN,PG/SG,5200.0,False,True
43608249,150825,950903,503,6198155,DeJon Jarreau,DEN,PG/SG,5200.0,False,True
43608250,150825,1345658,498,6198154,Jamarion Sharp,TOR,SF/PF,5200.0,False,True
43608251,150825,1345658,499,6198154,Jamarion Sharp,TOR,SF/PF,5200.0,False,True
43608252,150825,1345658,501,6198154,Jamarion Sharp,TOR,SF/PF,5200.0,False,True
43608253,150825,1345658,503,6198154,Jamarion Sharp,TOR,SF/PF,5200.0,False,True
43608254,150825,1401394,496,6198154,Tre Donaldson,MIA,PG,5200.0,False,True
43608255,150825,1401394,502,6198154,Tre Donaldson,MIA,PG,5200.0,False,True
43608256,150825,1401394,503,6198154,Tre Donaldson,MIA,PG,5200.0,False,True
43608257,150825,1324023,496,6198153,Kobe Knox,ATL,PG/SG,5200.0,False,True
43608258,150825,1324023,497,6198153,Kobe Knox,ATL,PG/SG,5200.0,False,True
43608259,150825,1324023,502,6198153,Kobe Knox,ATL,PG/SG,5200.0,False,True
43608260,150825,1324023,503,6198153,Kobe Knox,ATL,PG/SG,5200.0,False,True
43608261,150825,1132913,496,6198155,Erik Stevenson,DEN,PG/SG,5100.0,False,True
43608262,150825,1132913,497,6198155,Erik Stevenson,DEN,PG/SG,5100.0,False,True
43608263,150825,1132913,502,6198155,Erik Stevenson,DEN,PG/SG,5100.0,False,True
43608264,150825,1132913,503,6198155,Erik Stevenson,DEN,PG/SG,5100.0,False,True
43608265,150825,1528636,496,6198154,Nate Kingz,MIA,PG/SG,5000.0,False,True
43608266,150825,1528636,497,6198154,Nate Kingz,MIA,PG/SG,5000.0,False,True
43608267,150825,1528636,502,6198154,Nate Kingz,MIA,PG/SG,5000.0,False,True
43608268,150825,1528636,503,6198154,Nate Kingz,MIA,PG/SG,5000.0,False,True
43608269,150825,1231627,497,6198155,Matthew Murrell,DEN,SG,5000.0,False,True
43608270,150825,1231627,502,6198155,Matthew Murrell,DEN,SG,5000.0,False,True
43608271,150825,1231627,503,6198155,Matthew Murrell,DEN,SG,5000.0,False,True
43608272,150825,1402299,498,6198153,Cameron Corhen,ATL,SF/PF,5000.0,False,True
43608273,150825,1402299,499,6198153,Cameron Corhen,ATL,SF/PF,5000.0,False,True
43608274,150825,1402299,501,6198153,Cameron Corhen,ATL,SF/PF,5000.0,False,True
43608275,150825,1402299,503,6198153,Cameron Corhen,ATL,SF/PF,5000.0,False,True
43608276,150825,1403876,498,6198153,Zach Cleveland,MEM,SF/PF,5000.0,False,True
43608277,150825,1403876,499,6198153,Zach Cleveland,MEM,SF/PF,5000.0,False,True
43608278,150825,1403876,501,6198153,Zach Cleveland,MEM,SF/PF,5000.0,False,True
43608279,150825,1403876,503,6198153,Zach Cleveland,MEM,SF/PF,5000.0,False,True
43608280,150825,1182151,497,6198155,Jahmi'us Ramsey,DEN,SG,4900.0,False,True
43608281,150825,1182151,502,6198155,Jahmi'us Ramsey,DEN,SG,4900.0,False,True
43608282,150825,1182151,503,6198155,Jahmi'us Ramsey,DEN,SG,4900.0,False,True
43608283,150825,1232336,496,6198152,Nick Boyd,GS,PG/SG,4900.0,False,True
43608284,150825,1232336,497,6198152,Nick Boyd,GS,PG/SG,4900.0,False,True
43608285,150825,1232336,502,6198152,Nick Boyd,GS,PG/SG,4900.0,False,True
43608286,150825,1232336,503,6198152,Nick Boyd,GS,PG/SG,4900.0,False,True
43608287,150825,1413222,500,6198153,Carson Cooper,MEM,C,4900.0,False,True
43608288,150825,1413222,503,6198153,Carson Cooper,MEM,C,4900.0,False,True
43608289,150825,1405899,496,6198152,Oziyah Sellers,NY,PG/SG,4900.0,False,True
43608290,150825,1405899,497,6198152,Oziyah Sellers,NY,PG/SG,4900.0,False,True
43608291,150825,1405899,502,6198152,Oziyah Sellers,NY,PG/SG,4900.0,False,True
43608292,150825,1405899,503,6198152,Oziyah Sellers,NY,PG/SG,4900.0,False,True
43608293,150825,1654517,498,6198153,Karim Lopez,MEM,SF,4800.0,False,True
43608294,150825,1654517,501,6198153,Karim Lopez,MEM,SF,4800.0,False,True
43608295,150825,1654517,503,6198153,Karim Lopez,MEM,SF,4800.0,False,True
43608296,150825,1408200,496,6198152,Treysen Eaglestaff,NY,PG/SG,4800.0,False,True
43608297,150825,1408200,497,6198152,Treysen Eaglestaff,NY,PG/SG,4800.0,False,True
43608298,150825,1408200,502,6198152,Treysen Eaglestaff,NY,PG/SG,4800.0,False,True
43608299,150825,1408200,503,6198152,Treysen Eaglestaff,NY,PG/SG,4800.0,False,True
43608300,150825,1408465,498,6198154,Keyshawn Hall,MIA,SF/PF,4800.0,False,True
43608301,150825,1408465,499,6198154,Keyshawn Hall,MIA,SF/PF,4800.0,False,True
43608302,150825,1408465,501,6198154,Keyshawn Hall,MIA,SF/PF,4800.0,False,True
43608303,150825,1408465,503,6198154,Keyshawn Hall,MIA,SF/PF,4800.0,False,True
43608304,150825,1179796,496,6198155,Quincy Olivari,POR,PG/SG,4800.0,False,True
43608305,150825,1179796,497,6198155,Quincy Olivari,POR,PG/SG,4800.0,False,True
43608306,150825,1179796,502,6198155,Quincy Olivari,POR,PG/SG,4800.0,False,True
43608307,150825,1179796,503,6198155,Quincy Olivari,POR,PG/SG,4800.0,False,True
43608308,150825,1427204,499,6198152,Alex Toohey,GS,PF,4800.0,False,True
43608309,150825,1427204,501,6198152,Alex Toohey,GS,PF,4800.0,False,True
43608310,150825,1427204,503,6198152,Alex Toohey,GS,PF,4800.0,False,True
43608311,150825,1406026,496,6198153,Isaac McKneely,ATL,PG/SG,4800.0,False,True
43608312,150825,1406026,497,6198153,Isaac McKneely,ATL,PG/SG,4800.0,False,True
43608313,150825,1406026,502,6198153,Isaac McKneely,ATL,PG/SG,4800.0,False,True
43608314,150825,1406026,503,6198153,Isaac McKneely,ATL,PG/SG,4800.0,False,True
43608315,150825,1147319,496,6198153,Devon Higgs,ATL,PG/SG,4800.0,False,True
43608316,150825,1147319,497,6198153,Devon Higgs,ATL,PG/SG,4800.0,False,True
43608317,150825,1147319,502,6198153,Devon Higgs,ATL,PG/SG,4800.0,False,True
43608318,150825,1147319,503,6198153,Devon Higgs,ATL,PG/SG,4800.0,False,True
43608319,150825,1232444,496,6198154,J'Vonne Hadley,MIA,PG/SG,4800.0,False,True
43608320,150825,1232444,497,6198154,J'Vonne Hadley,MIA,PG/SG,4800.0,False,True
43608321,150825,1232444,502,6198154,J'Vonne Hadley,MIA,PG/SG,4800.0,False,True
43608322,150825,1232444,503,6198154,J'Vonne Hadley,MIA,PG/SG,4800.0,False,True
43608323,150825,1231852,498,6198155,Andrew Carr,POR,SF/PF,4800.0,False,True
43608324,150825,1231852,499,6198155,Andrew Carr,POR,SF/PF,4800.0,False,True
43608325,150825,1231852,501,6198155,Andrew Carr,POR,SF/PF,4800.0,False,True
43608326,150825,1231852,503,6198155,Andrew Carr,POR,SF/PF,4800.0,False,True
43608327,150825,1251745,498,6198152,Nick Jourdain,NY,SF/PF,4800.0,False,True
43608328,150825,1251745,499,6198152,Nick Jourdain,NY,SF/PF,4800.0,False,True
43608329,150825,1251745,501,6198152,Nick Jourdain,NY,SF/PF,4800.0,False,True
43608330,150825,1251745,503,6198152,Nick Jourdain,NY,SF/PF,4800.0,False,True
43608331,150825,1230357,496,6198155,DJ Steward,POR,PG/SG,4700.0,False,True
43608332,150825,1230357,497,6198155,DJ Steward,POR,PG/SG,4700.0,False,True
43608333,150825,1230357,502,6198155,DJ Steward,POR,PG/SG,4700.0,False,True
43608334,150825,1230357,503,6198155,DJ Steward,POR,PG/SG,4700.0,False,True
43608335,150825,1345648,496,6198152,Langston Wilson,NY,PG/SG,4700.0,False,True
43608336,150825,1345648,497,6198152,Langston Wilson,NY,PG/SG,4700.0,False,True
43608337,150825,1345648,502,6198152,Langston Wilson,NY,PG/SG,4700.0,False,True
43608338,150825,1345648,503,6198152,Langston Wilson,NY,PG/SG,4700.0,False,True
43608339,150825,1405903,496,6198154,Tre White,MIA,PG/SG,4700.0,False,True
43608340,150825,1405903,497,6198154,Tre White,MIA,PG/SG,4700.0,False,True
43608341,150825,1405903,502,6198154,Tre White,MIA,PG/SG,4700.0,False,True
43608342,150825,1405903,503,6198154,Tre White,MIA,PG/SG,4700.0,False,True
43608343,150825,1175025,498,6198153,Tyler Burton,MEM,SF/PF,4600.0,False,True
43608344,150825,1175025,499,6198153,Tyler Burton,MEM,SF/PF,4600.0,False,True
43608345,150825,1175025,501,6198153,Tyler Burton,MEM,SF/PF,4600.0,False,True
43608346,150825,1175025,503,6198153,Tyler Burton,MEM,SF/PF,4600.0,False,True
43608347,150825,1657336,497,6198152,Akoi Yuot,NY,SG,4600.0,False,True
43608348,150825,1657336,502,6198152,Akoi Yuot,NY,SG,4600.0,False,True
43608349,150825,1657336,503,6198152,Akoi Yuot,NY,SG,4600.0,False,True
43608350,150825,1348260,496,6198154,Malik Thomas,TOR,PG/SG,4600.0,False,True
43608351,150825,1348260,497,6198154,Malik Thomas,TOR,PG/SG,4600.0,False,True
43608352,150825,1348260,502,6198154,Malik Thomas,TOR,PG/SG,4600.0,False,True
43608353,150825,1348260,503,6198154,Malik Thomas,TOR,PG/SG,4600.0,False,True
43608354,150825,1323682,498,6198154,Ian Schieffelin,MIA,SF/PF,4600.0,False,True
43608355,150825,1323682,499,6198154,Ian Schieffelin,MIA,SF/PF,4600.0,False,True
43608356,150825,1323682,501,6198154,Ian Schieffelin,MIA,SF/PF,4600.0,False,True
43608357,150825,1323682,503,6198154,Ian Schieffelin,MIA,SF/PF,4600.0,False,True
43608358,150825,1241593,496,6198154,Nimari Burnett,TOR,PG/SG,4600.0,False,True
43608359,150825,1241593,497,6198154,Nimari Burnett,TOR,PG/SG,4600.0,False,True
43608360,150825,1241593,502,6198154,Nimari Burnett,TOR,PG/SG,4600.0,False,True
43608361,150825,1241593,503,6198154,Nimari Burnett,TOR,PG/SG,4600.0,False,True
43608362,150825,1232441,498,6198155,Osayi Osifo,DEN,SF/PF,4600.0,False,True
43608363,150825,1232441,499,6198155,Osayi Osifo,DEN,SF/PF,4600.0,False,True
43608364,150825,1232441,501,6198155,Osayi Osifo,DEN,SF/PF,4600.0,False,True
43608365,150825,1232441,503,6198155,Osayi Osifo,DEN,SF/PF,4600.0,False,True
43608366,150825,1323643,500,6198153,Lawson Lovering,MEM,C,4500.0,False,True
43608367,150825,1323643,503,6198153,Lawson Lovering,MEM,C,4500.0,False,True
43608368,150825,1357735,498,6198152,Keith Palek III,NY,SF/PF,4500.0,False,True
43608369,150825,1357735,499,6198152,Keith Palek III,NY,SF/PF,4500.0,False,True
43608370,150825,1357735,501,6198152,Keith Palek III,NY,SF/PF,4500.0,False,True
43608371,150825,1357735,503,6198152,Keith Palek III,NY,SF/PF,4500.0,False,True
43608372,150825,1324182,498,6198152,KJ Adams,GS,SF/PF,4500.0,False,True
43608373,150825,1324182,499,6198152,KJ Adams,GS,SF/PF,4500.0,False,True
43608374,150825,1324182,501,6198152,KJ Adams,GS,SF/PF,4500.0,False,True
43608375,150825,1324182,503,6198152,KJ Adams,GS,SF/PF,4500.0,False,True
43608376,150825,1403632,498,6198154,Ezra Ausar,MIA,SF/PF,4500.0,False,True
43608377,150825,1403632,499,6198154,Ezra Ausar,MIA,SF/PF,4500.0,False,True
43608378,150825,1403632,501,6198154,Ezra Ausar,MIA,SF/PF,4500.0,False,True
43608379,150825,1403632,503,6198154,Ezra Ausar,MIA,SF/PF,4500.0,False,True
43608380,150825,1453380,498,6198155,Aliou Diarra,POR,SF/PF,4500.0,False,True
43608381,150825,1453380,499,6198155,Aliou Diarra,POR,SF/PF,4500.0,False,True
43608382,150825,1453380,501,6198155,Aliou Diarra,POR,SF/PF,4500.0,False,True
43608383,150825,1453380,503,6198155,Aliou Diarra,POR,SF/PF,4500.0,False,True
43608384,150825,1245938,498,6198152,Lance Ware,NY,SF/PF,4500.0,False,True
43608385,150825,1245938,499,6198152,Lance Ware,NY,SF/PF,4500.0,False,True
43608386,150825,1245938,501,6198152,Lance Ware,NY,SF/PF,4500.0,False,True
43608387,150825,1245938,503,6198152,Lance Ware,NY,SF/PF,4500.0,False,True
43608388,150825,1088723,496,6198154,Tyreke Key,TOR,PG/SG,4500.0,False,True
43608389,150825,1088723,497,6198154,Tyreke Key,TOR,PG/SG,4500.0,False,True
43608390,150825,1088723,502,6198154,Tyreke Key,TOR,PG/SG,4500.0,False,True
43608391,150825,1088723,503,6198154,Tyreke Key,TOR,PG/SG,4500.0,False,True
43608392,150825,1231237,496,6198152,Chance McMillian,GS,PG/SG,4500.0,False,True
43608393,150825,1231237,497,6198152,Chance McMillian,GS,PG/SG,4500.0,False,True
43608394,150825,1231237,502,6198152,Chance McMillian,GS,PG/SG,4500.0,False,True
43608395,150825,1231237,503,6198152,Chance McMillian,GS,PG/SG,4500.0,False,True
43608396,150825,1325115,498,6198155,Frankie Fidler,POR,SF/PF,4500.0,False,True
43608397,150825,1325115,499,6198155,Frankie Fidler,POR,SF/PF,4500.0,False,True
43608398,150825,1325115,501,6198155,Frankie Fidler,POR,SF/PF,4500.0,False,True
43608399,150825,1325115,503,6198155,Frankie Fidler,POR,SF/PF,4500.0,False,True
43608400,150825,1231389,496,6198155,TJ Bamba,DEN,PG/SG,4500.0,False,True
43608401,150825,1231389,497,6198155,TJ Bamba,DEN,PG/SG,4500.0,False,True
43608402,150825,1231389,502,6198155,TJ Bamba,DEN,PG/SG,4500.0,False,True
43608403,150825,1231389,503,6198155,TJ Bamba,DEN,PG/SG,4500.0,False,True
43608404,150825,1243566,498,6198154,Aziz Bandaogo,TOR,SF/PF,4400.0,False,True
43608405,150825,1243566,499,6198154,Aziz Bandaogo,TOR,SF/PF,4400.0,False,True
43608406,150825,1243566,501,6198154,Aziz Bandaogo,TOR,SF/PF,4400.0,False,True
43608407,150825,1243566,503,6198154,Aziz Bandaogo,TOR,SF/PF,4400.0,False,True
43608408,150825,1401387,497,6198155,Barry Dunning Jr.,POR,SG/SF,4400.0,False,True
43608409,150825,1401387,498,6198155,Barry Dunning Jr.,POR,SG/SF,4400.0,False,True
43608410,150825,1401387,502,6198155,Barry Dunning Jr.,POR,SG/SF,4400.0,False,True
43608411,150825,1401387,501,6198155,Barry Dunning Jr.,POR,SG/SF,4400.0,False,True
43608412,150825,1401387,503,6198155,Barry Dunning Jr.,POR,SG/SF,4400.0,False,True
43608413,150825,1403601,497,6198155,Mark Mitchell,DEN,SG/SF,4400.0,False,True
43608414,150825,1403601,498,6198155,Mark Mitchell,DEN,SG/SF,4400.0,False,True
43608415,150825,1403601,502,6198155,Mark Mitchell,DEN,SG/SF,4400.0,False,True
43608416,150825,1403601,501,6198155,Mark Mitchell,DEN,SG/SF,4400.0,False,True
43608417,150825,1403601,503,6198155,Mark Mitchell,DEN,SG/SF,4400.0,False,True
43608418,150825,1487427,496,6198155,Aaron Nkrumah,DEN,PG/SG,4300.0,False,True
43608419,150825,1487427,497,6198155,Aaron Nkrumah,DEN,PG/SG,4300.0,False,True
43608420,150825,1487427,502,6198155,Aaron Nkrumah,DEN,PG/SG,4300.0,False,True
43608421,150825,1487427,503,6198155,Aaron Nkrumah,DEN,PG/SG,4300.0,False,True
43608422,150825,1327770,500,6198155,Giovanni Emejuru,DEN,C,4300.0,False,True
43608423,150825,1327770,503,6198155,Giovanni Emejuru,DEN,C,4300.0,False,True
43608424,150825,1171589,496,6198152,Chase Hunter,GS,PG/SG,4300.0,False,True
43608425,150825,1171589,497,6198152,Chase Hunter,GS,PG/SG,4300.0,False,True
43608426,150825,1171589,502,6198152,Chase Hunter,GS,PG/SG,4300.0,False,True
43608427,150825,1171589,503,6198152,Chase Hunter,GS,PG/SG,4300.0,False,True
43608428,150825,1231293,498,6198154,Brandon Angel,TOR,SF/PF,4300.0,False,True
43608429,150825,1231293,499,6198154,Brandon Angel,TOR,SF/PF,4300.0,False,True
43608430,150825,1231293,501,6198154,Brandon Angel,TOR,SF/PF,4300.0,False,True
43608431,150825,1231293,503,6198154,Brandon Angel,TOR,SF/PF,4300.0,False,True
43608432,150825,1094731,496,6198155,Flynn Cameron,POR,PG/SG,4300.0,False,True
43608433,150825,1094731,497,6198155,Flynn Cameron,POR,PG/SG,4300.0,False,True
43608434,150825,1094731,502,6198155,Flynn Cameron,POR,PG/SG,4300.0,False,True
43608435,150825,1094731,503,6198155,Flynn Cameron,POR,PG/SG,4300.0,False,True
43608436,150825,1326491,496,6198153,Zeke Mayo,ATL,PG/SG,4300.0,False,True
43608437,150825,1326491,497,6198153,Zeke Mayo,ATL,PG/SG,4300.0,False,True
43608438,150825,1326491,502,6198153,Zeke Mayo,ATL,PG/SG,4300.0,False,True
43608439,150825,1326491,503,6198153,Zeke Mayo,ATL,PG/SG,4300.0,False,True
43608440,150825,1089686,498,6198155,E.J. Anosike,DEN,SF/PF,4200.0,False,True
43608441,150825,1089686,499,6198155,E.J. Anosike,DEN,SF/PF,4200.0,False,True
43608442,150825,1089686,501,6198155,E.J. Anosike,DEN,SF/PF,4200.0,False,True
43608443,150825,1089686,503,6198155,E.J. Anosike,DEN,SF/PF,4200.0,False,True
43608444,150825,1406922,496,6198152,Will Johnston,NY,PG/SG,4200.0,False,True
43608445,150825,1406922,497,6198152,Will Johnston,NY,PG/SG,4200.0,False,True
43608446,150825,1406922,502,6198152,Will Johnston,NY,PG/SG,4200.0,False,True
43608447,150825,1406922,503,6198152,Will Johnston,NY,PG/SG,4200.0,False,True
43608448,150825,1232142,496,6198154,Jalen Celestine,TOR,PG/SG,4200.0,False,True
43608449,150825,1232142,497,6198154,Jalen Celestine,TOR,PG/SG,4200.0,False,True
43608450,150825,1232142,502,6198154,Jalen Celestine,TOR,PG/SG,4200.0,False,True
43608451,150825,1232142,503,6198154,Jalen Celestine,TOR,PG/SG,4200.0,False,True
43608452,150825,1420755,500,6198154,Arnas Sakenis,MIA,C,4200.0,False,True
43608453,150825,1420755,503,6198154,Arnas Sakenis,MIA,C,4200.0,False,True
43608454,150825,1536467,498,6198152,Jacksen Moni,GS,SF/PF,4200.0,False,True
43608455,150825,1536467,499,6198152,Jacksen Moni,GS,SF/PF,4200.0,False,True
43608456,150825,1536467,501,6198152,Jacksen Moni,GS,SF/PF,4200.0,False,True
43608457,150825,1536467,503,6198152,Jacksen Moni,GS,SF/PF,4200.0,False,True
43608458,150825,1326890,496,6198152,Erik Reynolds II,NY,PG/SG,4100.0,False,True
43608459,150825,1326890,497,6198152,Erik Reynolds II,NY,PG/SG,4100.0,False,True
43608460,150825,1326890,502,6198152,Erik Reynolds II,NY,PG/SG,4100.0,False,True
43608461,150825,1326890,503,6198152,Erik Reynolds II,NY,PG/SG,4100.0,False,True
43608462,150825,1406915,496,6198153,Jestin Porter,MEM,PG/SG,4100.0,False,True
43608463,150825,1406915,497,6198153,Jestin Porter,MEM,PG/SG,4100.0,False,True
43608464,150825,1406915,502,6198153,Jestin Porter,MEM,PG/SG,4100.0,False,True
43608465,150825,1406915,503,6198153,Jestin Porter,MEM,PG/SG,4100.0,False,True
43608466,150825,1138636,498,6198152,Jack Clark,GS,SF/PF,4100.0,False,True
43608467,150825,1138636,499,6198152,Jack Clark,GS,SF/PF,4100.0,False,True
43608468,150825,1138636,501,6198152,Jack Clark,GS,SF/PF,4100.0,False,True
43608469,150825,1138636,503,6198152,Jack Clark,GS,SF/PF,4100.0,False,True
43608470,150825,1241397,496,6198154,A.J. Hoggard,TOR,PG/SG,4100.0,False,True
43608471,150825,1241397,497,6198154,A.J. Hoggard,TOR,PG/SG,4100.0,False,True
43608472,150825,1241397,502,6198154,A.J. Hoggard,TOR,PG/SG,4100.0,False,True
43608473,150825,1241397,503,6198154,A.J. Hoggard,TOR,PG/SG,4100.0,False,True
43608474,150825,1326046,498,6198154,Tyson Degenhart,TOR,SF/PF,4000.0,False,True
43608475,150825,1326046,499,6198154,Tyson Degenhart,TOR,SF/PF,4000.0,False,True
43608476,150825,1326046,501,6198154,Tyson Degenhart,TOR,SF/PF,4000.0,False,True
43608477,150825,1326046,503,6198154,Tyson Degenhart,TOR,SF/PF,4000.0,False,True
43608478,150825,1340701,496,6198152,Jaden Akins,NY,PG/SG,4000.0,False,True
43608479,150825,1340701,497,6198152,Jaden Akins,NY,PG/SG,4000.0,False,True
43608480,150825,1340701,502,6198152,Jaden Akins,NY,PG/SG,4000.0,False,True
43608481,150825,1340701,503,6198152,Jaden Akins,NY,PG/SG,4000.0,False,True
43608482,150825,1405317,498,6198153,Jevon Porter,MEM,SF/PF,4000.0,False,True
43608483,150825,1405317,499,6198153,Jevon Porter,MEM,SF/PF,4000.0,False,True
43608484,150825,1405317,501,6198153,Jevon Porter,MEM,SF/PF,4000.0,False,True
43608485,150825,1405317,503,6198153,Jevon Porter,MEM,SF/PF,4000.0,False,True
43608486,150825,1232534,496,6198152,Deivon Smith,GS,PG/SG,4000.0,False,True
43608487,150825,1232534,497,6198152,Deivon Smith,GS,PG/SG,4000.0,False,True
43608488,150825,1232534,502,6198152,Deivon Smith,GS,PG/SG,4000.0,False,True
43608489,150825,1232534,503,6198152,Deivon Smith,GS,PG/SG,4000.0,False,True
43608490,150825,1266174,496,6198154,Meechie Johnson,MIA,PG/SG,4000.0,False,True
43608491,150825,1266174,497,6198154,Meechie Johnson,MIA,PG/SG,4000.0,False,True
43608492,150825,1266174,502,6198154,Meechie Johnson,MIA,PG/SG,4000.0,False,True
43608493,150825,1266174,503,6198154,Meechie Johnson,MIA,PG/SG,4000.0,False,True
43608494,150825,1231921,497,6198155,Coleman Hawkins,DEN,SG/SF,4000.0,False,True
43608495,150825,1231921,498,6198155,Coleman Hawkins,DEN,SG/SF,4000.0,False,True
43608496,150825,1231921,502,6198155,Coleman Hawkins,DEN,SG/SF,4000.0,False,True
43608497,150825,1231921,501,6198155,Coleman Hawkins,DEN,SG/SF,4000.0,False,True
43608498,150825,1231921,503,6198155,Coleman Hawkins,DEN,SG/SF,4000.0,False,True
43608499,150825,1401379,496,6198155,Rylan Griffen,DEN,PG/SG,4000.0,False,True
43608500,150825,1401379,497,6198155,Rylan Griffen,DEN,PG/SG,4000.0,False,True
43608501,150825,1401379,502,6198155,Rylan Griffen,DEN,PG/SG,4000.0,False,True
43608502,150825,1401379,503,6198155,Rylan Griffen,DEN,PG/SG,4000.0,False,True
43608503,150825,1231378,498,6198155,Efe Abogidi,DEN,SF/PF,4000.0,False,True
43608504,150825,1231378,499,6198155,Efe Abogidi,DEN,SF/PF,4000.0,False,True
43608505,150825,1231378,501,6198155,Efe Abogidi,DEN,SF/PF,4000.0,False,True
43608506,150825,1231378,503,6198155,Efe Abogidi,DEN,SF/PF,4000.0,False,True
43608507,150825,1408223,496,6198153,Brendan Hausen,MEM,PG/SG,4000.0,False,True
43608508,150825,1408223,497,6198153,Brendan Hausen,MEM,PG/SG,4000.0,False,True
43608509,150825,1408223,502,6198153,Brendan Hausen,MEM,PG/SG,4000.0,False,True
43608510,150825,1408223,503,6198153,Brendan Hausen,MEM,PG/SG,4000.0,False,True
43608511,150825,1351088,496,6198154,Cam Carter,MIA,PG/SG,4000.0,False,True
43608512,150825,1351088,497,6198154,Cam Carter,MIA,PG/SG,4000.0,False,True
43608513,150825,1351088,502,6198154,Cam Carter,MIA,PG/SG,4000.0,False,True
43608514,150825,1351088,503,6198154,Cam Carter,MIA,PG/SG,4000.0,False,True
43608515,150824,1605148,498,6198151,Caleb Wilson,CHI,SF,9300.0,False,True
43608516,150824,1605148,501,6198151,Caleb Wilson,CHI,SF,9300.0,False,True
43608517,150824,1605148,503,6198151,Caleb Wilson,CHI,SF,9300.0,False,True
43608518,150824,1523978,496,6198150,Egor Demin,BKN,PG,8900.0,False,True
43608519,150824,1523978,502,6198150,Egor Demin,BKN,PG,8900.0,False,True
43608520,150824,1523978,503,6198150,Egor Demin,BKN,PG,8900.0,False,True
43608521,150824,1480184,500,6198149,Aday Mara,OKC,C,8700.0,False,True
43608522,150824,1480184,503,6198149,Aday Mara,OKC,C,8700.0,False,True
43608523,150824,1415928,499,6198150,Danny Wolf,BKN,PF,8600.0,False,True
43608524,150824,1415928,501,6198150,Danny Wolf,BKN,PF,8600.0,False,True
43608525,150824,1415928,503,6198150,Danny Wolf,BKN,PF,8600.0,False,True
43608526,150824,1593658,496,6198150,Mikel Brown Jr.,BKN,PG,8500.0,False,True
43608527,150824,1593658,502,6198150,Mikel Brown Jr.,BKN,PG,8500.0,False,True
43608528,150824,1593658,503,6198150,Mikel Brown Jr.,BKN,PG,8500.0,False,True
43608529,150824,1176631,498,6198150,Isaiah Crawford,HOU,SF/PF,8000.0,False,True
43608530,150824,1176631,499,6198150,Isaiah Crawford,HOU,SF/PF,8000.0,False,True
43608531,150824,1176631,501,6198150,Isaiah Crawford,HOU,SF/PF,8000.0,False,True
43608532,150824,1176631,503,6198150,Isaiah Crawford,HOU,SF/PF,8000.0,False,True
43608533,150824,1520671,499,6198149,Morez Johnson,DAL,PF,7900.0,False,True
43608534,150824,1520671,501,6198149,Morez Johnson,DAL,PF,7900.0,False,True
43608535,150824,1520671,503,6198149,Morez Johnson,DAL,PF,7900.0,False,True
43608536,150824,1500958,499,6198151,Noa Essengue,CHI,PF,7800.0,False,True
43608537,150824,1500958,501,6198151,Noa Essengue,CHI,PF,7800.0,False,True
43608538,150824,1500958,503,6198151,Noa Essengue,CHI,PF,7800.0,False,True
43608539,150824,1532771,496,6198149,Bennett Stirtz,OKC,PG,7700.0,False,True
43608540,150824,1532771,502,6198149,Bennett Stirtz,OKC,PG,7700.0,False,True
43608541,150824,1532771,503,6198149,Bennett Stirtz,OKC,PG,7700.0,False,True
43608542,150824,1343005,496,6198150,Hunter Sallis,BKN,PG/SG,7600.0,False,True
43608543,150824,1343005,497,6198150,Hunter Sallis,BKN,PG/SG,7600.0,False,True
43608544,150824,1343005,502,6198150,Hunter Sallis,BKN,PG/SG,7600.0,False,True
43608545,150824,1343005,503,6198150,Hunter Sallis,BKN,PG/SG,7600.0,False,True
43608546,150824,1460958,497,6198151,Cameron Carr,LAL,SG,7500.0,False,True
43608547,150824,1460958,502,6198151,Cameron Carr,LAL,SG,7500.0,False,True
43608548,150824,1460958,503,6198151,Cameron Carr,LAL,SG,7500.0,False,True
43608549,150824,1590554,497,6198150,Ben Saraf,BKN,SG,7400.0,False,True
43608550,150824,1590554,502,6198150,Ben Saraf,BKN,SG,7400.0,False,True
43608551,150824,1590554,503,6198150,Ben Saraf,BKN,SG,7400.0,False,True
43608552,150824,1461413,498,6198151,Dailyn Swain,CHI,SF,7300.0,False,True
43608553,150824,1461413,501,6198151,Dailyn Swain,CHI,SF,7300.0,False,True
43608554,150824,1461413,503,6198151,Dailyn Swain,CHI,SF,7300.0,False,True
43608555,150824,1408255,496,6198150,Bruce Thornton,HOU,PG,7200.0,False,True
43608556,150824,1408255,502,6198150,Bruce Thornton,HOU,PG,7200.0,False,True
43608557,150824,1408255,503,6198150,Bruce Thornton,HOU,PG,7200.0,False,True
43608558,150824,1231665,496,6198149,Jaden Springer,DAL,PG/SG,7200.0,False,True
43608559,150824,1231665,497,6198149,Jaden Springer,DAL,PG/SG,7200.0,False,True
43608560,150824,1231665,502,6198149,Jaden Springer,DAL,PG/SG,7200.0,False,True
43608561,150824,1231665,503,6198149,Jaden Springer,DAL,PG/SG,7200.0,False,True
43608562,150824,1542179,498,6198150,Drake Powell,BKN,SF,7100.0,False,True
43608563,150824,1542179,501,6198150,Drake Powell,BKN,SF,7100.0,False,True
43608564,150824,1542179,503,6198150,Drake Powell,BKN,SF,7100.0,False,True
43608565,150824,1174846,497,6198150,Tristen Newton,HOU,SG,7100.0,False,True
43608566,150824,1174846,502,6198150,Tristen Newton,HOU,SG,7100.0,False,True
43608567,150824,1174846,503,6198150,Tristen Newton,HOU,SG,7100.0,False,True
43608568,150824,1191196,498,6198151,Anton Watson,LAL,SF/PF,7000.0,False,True
43608569,150824,1191196,499,6198151,Anton Watson,LAL,SF/PF,7000.0,False,True
43608570,150824,1191196,501,6198151,Anton Watson,LAL,SF/PF,7000.0,False,True
43608571,150824,1191196,503,6198151,Anton Watson,LAL,SF/PF,7000.0,False,True
43608572,150824,1324660,497,6198149,Brooks Barnhizer,OKC,SG,7000.0,False,True
43608573,150824,1324660,502,6198149,Brooks Barnhizer,OKC,SG,7000.0,False,True
43608574,150824,1324660,503,6198149,Brooks Barnhizer,OKC,SG,7000.0,False,True
43608575,150824,1193678,496,6198151,Antonio Reeves,CHI,PG/SG,6500.0,False,True
43608576,150824,1193678,497,6198151,Antonio Reeves,CHI,PG/SG,6500.0,False,True
43608577,150824,1193678,502,6198151,Antonio Reeves,CHI,PG/SG,6500.0,False,True
43608578,150824,1193678,503,6198151,Antonio Reeves,CHI,PG/SG,6500.0,False,True
43608579,150824,1271709,497,6198150,Daishen Nix,HOU,SG,6500.0,False,True
43608580,150824,1271709,502,6198150,Daishen Nix,HOU,SG,6500.0,False,True
43608581,150824,1271709,503,6198150,Daishen Nix,HOU,SG,6500.0,False,True
43608582,150824,1408189,498,6198151,Adou Thiero,LAL,SF,6400.0,False,True
43608583,150824,1408189,501,6198151,Adou Thiero,LAL,SF,6400.0,False,True
43608584,150824,1408189,503,6198151,Adou Thiero,LAL,SF,6400.0,False,True
43608585,150824,1475170,498,6198150,Chaney Johnson,BKN,SF,6100.0,False,True
43608586,150824,1475170,501,6198150,Chaney Johnson,BKN,SF,6100.0,False,True
43608587,150824,1475170,503,6198150,Chaney Johnson,BKN,SF,6100.0,False,True
43608588,150824,1323635,498,6198151,Arthur Kaluma,LAL,SF/PF,6100.0,False,True
43608589,150824,1323635,499,6198151,Arthur Kaluma,LAL,SF/PF,6100.0,False,True
43608590,150824,1323635,501,6198151,Arthur Kaluma,LAL,SF/PF,6100.0,False,True
43608591,150824,1323635,503,6198151,Arthur Kaluma,LAL,SF/PF,6100.0,False,True
43608592,150824,1405416,497,6198149,Otega Oweh,OKC,SG,6000.0,False,True
43608593,150824,1405416,502,6198149,Otega Oweh,OKC,SG,6000.0,False,True
43608594,150824,1405416,503,6198149,Otega Oweh,OKC,SG,6000.0,False,True
43608595,150824,1175300,496,6198149,Darin Green Jr.,DAL,PG/SG,5900.0,False,True
43608596,150824,1175300,497,6198149,Darin Green Jr.,DAL,PG/SG,5900.0,False,True
43608597,150824,1175300,502,6198149,Darin Green Jr.,DAL,PG/SG,5900.0,False,True
43608598,150824,1175300,503,6198149,Darin Green Jr.,DAL,PG/SG,5900.0,False,True
43608599,150824,1324180,498,6198149,Payton Sandfort,OKC,SF/PF,5800.0,False,True
43608600,150824,1324180,499,6198149,Payton Sandfort,OKC,SF/PF,5800.0,False,True
43608601,150824,1324180,501,6198149,Payton Sandfort,OKC,SF/PF,5800.0,False,True
43608602,150824,1324180,503,6198149,Payton Sandfort,OKC,SF/PF,5800.0,False,True
43608603,150824,1323621,496,6198149,Ryan Nembhard,DAL,PG/SG,5800.0,False,True
43608604,150824,1323621,497,6198149,Ryan Nembhard,DAL,PG/SG,5800.0,False,True
43608605,150824,1323621,502,6198149,Ryan Nembhard,DAL,PG/SG,5800.0,False,True
43608606,150824,1323621,503,6198149,Ryan Nembhard,DAL,PG/SG,5800.0,False,True
43608607,150824,851888,496,6198151,Jon Elmore,LAL,PG,5800.0,False,True
43608608,150824,851888,502,6198151,Jon Elmore,LAL,PG,5800.0,False,True
43608609,150824,851888,503,6198151,Jon Elmore,LAL,PG,5800.0,False,True
43608610,150824,1232601,497,6198151,Chris Manon,LAL,SG,5700.0,False,True
43608611,150824,1232601,502,6198151,Chris Manon,LAL,SG,5700.0,False,True
43608612,150824,1232601,503,6198151,Chris Manon,LAL,SG,5700.0,False,True
43608613,150824,1405461,499,6198150,Tyler Bilodeau,BKN,PF,5600.0,False,True
43608614,150824,1405461,501,6198150,Tyler Bilodeau,BKN,PF,5600.0,False,True
43608615,150824,1405461,503,6198150,Tyler Bilodeau,BKN,PF,5600.0,False,True
43608616,150824,1654816,497,6198149,Vsevolod Ishchenko,DAL,SG,5600.0,False,True
43608617,150824,1654816,502,6198149,Vsevolod Ishchenko,DAL,SG,5600.0,False,True
43608618,150824,1654816,503,6198149,Vsevolod Ishchenko,DAL,SG,5600.0,False,True
43608619,150824,1654518,497,6198149,Sergio de Larrea,DAL,SG,5400.0,False,True
43608620,150824,1654518,502,6198149,Sergio de Larrea,DAL,SG,5400.0,False,True
43608621,150824,1654518,503,6198149,Sergio de Larrea,DAL,SG,5400.0,False,True
43608622,150824,1340732,497,6198151,Jaylin Sellers,CHI,SG,5300.0,False,True
43608623,150824,1340732,502,6198151,Jaylin Sellers,CHI,SG,5300.0,False,True
43608624,150824,1340732,503,6198151,Jaylin Sellers,CHI,SG,5300.0,False,True
43608625,150824,1408263,498,6198149,Tobi Lawal,DAL,SF,5200.0,False,True
43608626,150824,1408263,501,6198149,Tobi Lawal,DAL,SF,5200.0,False,True
43608627,150824,1408263,503,6198149,Tobi Lawal,DAL,SF,5200.0,False,True
43608628,150824,1402843,497,6198149,Josh Dix,OKC,SG,5200.0,False,True
43608629,150824,1402843,502,6198149,Josh Dix,OKC,SG,5200.0,False,True
43608630,150824,1402843,503,6198149,Josh Dix,OKC,SG,5200.0,False,True
43608631,150824,1401446,497,6198151,Peter Suder,LAL,SG,5200.0,False,True
43608632,150824,1401446,502,6198151,Peter Suder,LAL,SG,5200.0,False,True
43608633,150824,1401446,503,6198151,Peter Suder,LAL,SG,5200.0,False,True
43608634,150824,1408145,496,6198150,Quadir Copeland,HOU,PG/SG,5200.0,False,True
43608635,150824,1408145,497,6198150,Quadir Copeland,HOU,PG/SG,5200.0,False,True
43608636,150824,1408145,502,6198150,Quadir Copeland,HOU,PG/SG,5200.0,False,True
43608637,150824,1408145,503,6198150,Quadir Copeland,HOU,PG/SG,5200.0,False,True
43608638,150824,1140338,496,6198149,Buddy Boeheim,OKC,PG/SG,5100.0,False,True
43608639,150824,1140338,497,6198149,Buddy Boeheim,OKC,PG/SG,5100.0,False,True
43608640,150824,1140338,502,6198149,Buddy Boeheim,OKC,PG/SG,5100.0,False,True
43608641,150824,1140338,503,6198149,Buddy Boeheim,OKC,PG/SG,5100.0,False,True
43608642,150824,1427004,498,6198151,AK Okereke,LAL,SF,5100.0,False,True
43608643,150824,1427004,501,6198151,AK Okereke,LAL,SF,5100.0,False,True
43608644,150824,1427004,503,6198151,AK Okereke,LAL,SF,5100.0,False,True
43608645,150824,1328253,496,6198151,Kennedy Chandler,CHI,PG/SG,5100.0,False,True
43608646,150824,1328253,497,6198151,Kennedy Chandler,CHI,PG/SG,5100.0,False,True
43608647,150824,1328253,502,6198151,Kennedy Chandler,CHI,PG/SG,5100.0,False,True
43608648,150824,1328253,503,6198151,Kennedy Chandler,CHI,PG/SG,5100.0,False,True
43608649,150824,1324093,496,6198149,Bryce Harris,OKC,PG/SG,5100.0,False,True
43608650,150824,1324093,497,6198149,Bryce Harris,OKC,PG/SG,5100.0,False,True
43608651,150824,1324093,502,6198149,Bryce Harris,OKC,PG/SG,5100.0,False,True
43608652,150824,1324093,503,6198149,Bryce Harris,OKC,PG/SG,5100.0,False,True
43608653,150824,1429357,499,6198149,Tyler Smith,DAL,PF,5000.0,False,True
43608654,150824,1429357,501,6198149,Tyler Smith,DAL,PF,5000.0,False,True
43608655,150824,1429357,503,6198149,Tyler Smith,DAL,PF,5000.0,False,True
43608656,150824,1343052,496,6198149,John Poulakidas,DAL,PG/SG,5000.0,False,True
43608657,150824,1343052,497,6198149,John Poulakidas,DAL,PG/SG,5000.0,False,True
43608658,150824,1343052,502,6198149,John Poulakidas,DAL,PG/SG,5000.0,False,True
43608659,150824,1343052,503,6198149,John Poulakidas,DAL,PG/SG,5000.0,False,True
43608660,150824,1078666,498,6198151,Zhaire Smith,LAL,SF,5000.0,False,True
43608661,150824,1078666,501,6198151,Zhaire Smith,LAL,SF,5000.0,False,True
43608662,150824,1078666,503,6198151,Zhaire Smith,LAL,SF,5000.0,False,True
43608663,150824,1405698,499,6198151,Tobe Awaka,CHI,PF,5000.0,False,True
43608664,150824,1405698,501,6198151,Tobe Awaka,CHI,PF,5000.0,False,True
43608665,150824,1405698,503,6198151,Tobe Awaka,CHI,PF,5000.0,False,True
43608666,150824,1408439,498,6198150,Joshua Jefferson,BKN,SF,5000.0,False,True
43608667,150824,1408439,501,6198150,Joshua Jefferson,BKN,SF,5000.0,False,True
43608668,150824,1408439,503,6198150,Joshua Jefferson,BKN,SF,5000.0,False,True
43608669,150824,1538641,498,6198149,Elijah Mahi,OKC,SF/PF,4900.0,False,True
43608670,150824,1538641,499,6198149,Elijah Mahi,OKC,SF/PF,4900.0,False,True
43608671,150824,1538641,501,6198149,Elijah Mahi,OKC,SF/PF,4900.0,False,True
43608672,150824,1538641,503,6198149,Elijah Mahi,OKC,SF/PF,4900.0,False,True
43608673,150824,1145246,498,6198149,Kaodirichi Akobundu-Ehiogu,DAL,SF/PF,4900.0,False,True
43608674,150824,1145246,499,6198149,Kaodirichi Akobundu-Ehiogu,DAL,SF/PF,4900.0,False,True
43608675,150824,1145246,501,6198149,Kaodirichi Akobundu-Ehiogu,DAL,SF/PF,4900.0,False,True
43608676,150824,1145246,503,6198149,Kaodirichi Akobundu-Ehiogu,DAL,SF/PF,4900.0,False,True
43608677,150824,1232497,498,6198150,Grant Nelson,BKN,SF/PF,4800.0,False,True
43608678,150824,1232497,499,6198150,Grant Nelson,BKN,SF/PF,4800.0,False,True
43608679,150824,1232497,501,6198150,Grant Nelson,BKN,SF/PF,4800.0,False,True
43608680,150824,1232497,503,6198150,Grant Nelson,BKN,SF/PF,4800.0,False,True
43608681,150824,1357746,499,6198150,Michael Foster,HOU,PF,4800.0,False,True
43608682,150824,1357746,501,6198150,Michael Foster,HOU,PF,4800.0,False,True
43608683,150824,1357746,503,6198150,Michael Foster,HOU,PF,4800.0,False,True
43608684,150824,1401454,498,6198149,Sam Alexis,OKC,SF/PF,4800.0,False,True
43608685,150824,1401454,499,6198149,Sam Alexis,OKC,SF/PF,4800.0,False,True
43608686,150824,1401454,501,6198149,Sam Alexis,OKC,SF/PF,4800.0,False,True
43608687,150824,1401454,503,6198149,Sam Alexis,OKC,SF/PF,4800.0,False,True
43608688,150824,1076185,500,6198151,Malik Williams,CHI,C,4800.0,False,True
43608689,150824,1076185,503,6198151,Malik Williams,CHI,C,4800.0,False,True
43608690,150824,1405326,498,6198149,Jorge Diaz Graham,DAL,SF/PF,4800.0,False,True
43608691,150824,1405326,499,6198149,Jorge Diaz Graham,DAL,SF/PF,4800.0,False,True
43608692,150824,1405326,501,6198149,Jorge Diaz Graham,DAL,SF/PF,4800.0,False,True
43608693,150824,1405326,503,6198149,Jorge Diaz Graham,DAL,SF/PF,4800.0,False,True
43608694,150824,1133857,498,6198150,Miller Kopp,HOU,SF/PF,4700.0,False,True
43608695,150824,1133857,499,6198150,Miller Kopp,HOU,SF/PF,4700.0,False,True
43608696,150824,1133857,501,6198150,Miller Kopp,HOU,SF/PF,4700.0,False,True
43608697,150824,1133857,503,6198150,Miller Kopp,HOU,SF/PF,4700.0,False,True
43608698,150824,1176113,496,6198151,Boo Buie,CHI,PG/SG,4700.0,False,True
43608699,150824,1176113,497,6198151,Boo Buie,CHI,PG/SG,4700.0,False,True
43608700,150824,1176113,502,6198151,Boo Buie,CHI,PG/SG,4700.0,False,True
43608701,150824,1176113,503,6198151,Boo Buie,CHI,PG/SG,4700.0,False,True
43608702,150824,1406785,496,6198149,Lamar Wilkerson,OKC,PG/SG,4700.0,False,True
43608703,150824,1406785,497,6198149,Lamar Wilkerson,OKC,PG/SG,4700.0,False,True
43608704,150824,1406785,502,6198149,Lamar Wilkerson,OKC,PG/SG,4700.0,False,True
43608705,150824,1406785,503,6198149,Lamar Wilkerson,OKC,PG/SG,4700.0,False,True
43608706,150824,1352160,496,6198151,William Hickey,LAL,PG/SG,4700.0,False,True
43608707,150824,1352160,497,6198151,William Hickey,LAL,PG/SG,4700.0,False,True
43608708,150824,1352160,502,6198151,William Hickey,LAL,PG/SG,4700.0,False,True
43608709,150824,1352160,503,6198151,William Hickey,LAL,PG/SG,4700.0,False,True
43608710,150824,1323513,500,6198151,Charles Bediako,CHI,C,4600.0,False,True
43608711,150824,1323513,503,6198151,Charles Bediako,CHI,C,4600.0,False,True
43608712,150824,1328220,496,6198149,Anthony Pritchard,OKC,PG/SG,4600.0,False,True
43608713,150824,1328220,497,6198149,Anthony Pritchard,OKC,PG/SG,4600.0,False,True
43608714,150824,1328220,502,6198149,Anthony Pritchard,OKC,PG/SG,4600.0,False,True
43608715,150824,1328220,503,6198149,Anthony Pritchard,OKC,PG/SG,4600.0,False,True
43608716,150824,1482307,500,6198150,Oscar Cluff,HOU,C,4600.0,False,True
43608717,150824,1482307,503,6198150,Oscar Cluff,HOU,C,4600.0,False,True
43608718,150824,1324092,498,6198151,Luke Goode,LAL,SF/PF,4500.0,False,True
43608719,150824,1324092,499,6198151,Luke Goode,LAL,SF/PF,4500.0,False,True
43608720,150824,1324092,501,6198151,Luke Goode,LAL,SF/PF,4500.0,False,True
43608721,150824,1324092,503,6198151,Luke Goode,LAL,SF/PF,4500.0,False,True
43608722,150824,1324084,498,6198149,Ja'Vier Francis,DAL,SF/PF,4500.0,False,True
43608723,150824,1324084,499,6198149,Ja'Vier Francis,DAL,SF/PF,4500.0,False,True
43608724,150824,1324084,501,6198149,Ja'Vier Francis,DAL,SF/PF,4500.0,False,True
43608725,150824,1324084,503,6198149,Ja'Vier Francis,DAL,SF/PF,4500.0,False,True
43608726,150824,1413202,500,6198149,Christoph Tilly,OKC,C,4500.0,False,True
43608727,150824,1413202,503,6198149,Christoph Tilly,OKC,C,4500.0,False,True
43608728,150824,1417207,496,6198151,Donovan Atwell,CHI,PG/SG,4500.0,False,True
43608729,150824,1417207,497,6198151,Donovan Atwell,CHI,PG/SG,4500.0,False,True
43608730,150824,1417207,502,6198151,Donovan Atwell,CHI,PG/SG,4500.0,False,True
43608731,150824,1417207,503,6198151,Donovan Atwell,CHI,PG/SG,4500.0,False,True
43608732,150824,1250004,500,6198150,Dain Dainja,BKN,C,4500.0,False,True
43608733,150824,1250004,503,6198150,Dain Dainja,BKN,C,4500.0,False,True
43608734,150824,1350609,497,6198150,Davide Casarin,HOU,SG,4500.0,False,True
43608735,150824,1350609,502,6198150,Davide Casarin,HOU,SG,4500.0,False,True
43608736,150824,1350609,503,6198150,Davide Casarin,HOU,SG,4500.0,False,True
43608737,150824,1231959,496,6198149,Steven Ashworth,OKC,PG/SG,4500.0,False,True
43608738,150824,1231959,497,6198149,Steven Ashworth,OKC,PG/SG,4500.0,False,True
43608739,150824,1231959,502,6198149,Steven Ashworth,OKC,PG/SG,4500.0,False,True
43608740,150824,1231959,503,6198149,Steven Ashworth,OKC,PG/SG,4500.0,False,True
43608741,150824,1427778,498,6198149,Andrew Holifield,OKC,SF/PF,4400.0,False,True
43608742,150824,1427778,499,6198149,Andrew Holifield,OKC,SF/PF,4400.0,False,True
43608743,150824,1427778,501,6198149,Andrew Holifield,OKC,SF/PF,4400.0,False,True
43608744,150824,1427778,503,6198149,Andrew Holifield,OKC,SF/PF,4400.0,False,True
43608745,150824,1138202,496,6198150,Dwight Murray Jr.,BKN,PG/SG,4400.0,False,True
43608746,150824,1138202,497,6198150,Dwight Murray Jr.,BKN,PG/SG,4400.0,False,True
43608747,150824,1138202,502,6198150,Dwight Murray Jr.,BKN,PG/SG,4400.0,False,True
43608748,150824,1138202,503,6198150,Dwight Murray Jr.,BKN,PG/SG,4400.0,False,True
43608749,150824,1324179,496,6198150,Stevie Mitchell,HOU,PG/SG,4400.0,False,True
43608750,150824,1324179,497,6198150,Stevie Mitchell,HOU,PG/SG,4400.0,False,True
43608751,150824,1324179,502,6198150,Stevie Mitchell,HOU,PG/SG,4400.0,False,True
43608752,150824,1324179,503,6198150,Stevie Mitchell,HOU,PG/SG,4400.0,False,True
43608753,150824,1403951,496,6198151,Chase Ross,LAL,PG/SG,4300.0,False,True
43608754,150824,1403951,497,6198151,Chase Ross,LAL,PG/SG,4300.0,False,True
43608755,150824,1403951,502,6198151,Chase Ross,LAL,PG/SG,4300.0,False,True
43608756,150824,1403951,503,6198151,Chase Ross,LAL,PG/SG,4300.0,False,True
43608757,150824,1402824,500,6198151,Robbie Avila,LAL,C,4300.0,False,True
43608758,150824,1402824,503,6198151,Robbie Avila,LAL,C,4300.0,False,True
43608759,150824,1418010,498,6198150,John Ukomadu,BKN,SF/PF,4300.0,False,True
43608760,150824,1418010,499,6198150,John Ukomadu,BKN,SF/PF,4300.0,False,True
43608761,150824,1418010,501,6198150,John Ukomadu,BKN,SF/PF,4300.0,False,True
43608762,150824,1418010,503,6198150,John Ukomadu,BKN,SF/PF,4300.0,False,True
43608763,150824,1328242,496,6198151,Robert McCray V,LAL,PG/SG,4200.0,False,True
43608764,150824,1328242,497,6198151,Robert McCray V,LAL,PG/SG,4200.0,False,True
43608765,150824,1328242,502,6198151,Robert McCray V,LAL,PG/SG,4200.0,False,True
43608766,150824,1328242,503,6198151,Robert McCray V,LAL,PG/SG,4200.0,False,True
43608767,150824,1231856,496,6198149,Bryce Thompson,OKC,PG/SG,4200.0,False,True
43608768,150824,1231856,497,6198149,Bryce Thompson,OKC,PG/SG,4200.0,False,True
43608769,150824,1231856,502,6198149,Bryce Thompson,OKC,PG/SG,4200.0,False,True
43608770,150824,1231856,503,6198149,Bryce Thompson,OKC,PG/SG,4200.0,False,True
43608771,150824,1176528,498,6198150,Chris Ledlum,HOU,SF/PF,4200.0,False,True
43608772,150824,1176528,499,6198150,Chris Ledlum,HOU,SF/PF,4200.0,False,True
43608773,150824,1176528,501,6198150,Chris Ledlum,HOU,SF/PF,4200.0,False,True
43608774,150824,1176528,503,6198150,Chris Ledlum,HOU,SF/PF,4200.0,False,True
43608775,150824,1481728,498,6198150,Ben Humrichous,BKN,SF/PF,4200.0,False,True
43608776,150824,1481728,499,6198150,Ben Humrichous,BKN,SF/PF,4200.0,False,True
43608777,150824,1481728,501,6198150,Ben Humrichous,BKN,SF/PF,4200.0,False,True
43608778,150824,1481728,503,6198150,Ben Humrichous,BKN,SF/PF,4200.0,False,True
43608779,150824,1345138,497,6198150,Aaron Scott,BKN,SG/SF,4200.0,False,True
43608780,150824,1345138,498,6198150,Aaron Scott,BKN,SG/SF,4200.0,False,True
43608781,150824,1345138,502,6198150,Aaron Scott,BKN,SG/SF,4200.0,False,True
43608782,150824,1345138,501,6198150,Aaron Scott,BKN,SG/SF,4200.0,False,True
43608783,150824,1345138,503,6198150,Aaron Scott,BKN,SG/SF,4200.0,False,True
43608784,150824,1405617,498,6198151,William Kyle,LAL,SF/PF,4100.0,False,True
43608785,150824,1405617,499,6198151,William Kyle,LAL,SF/PF,4100.0,False,True
43608786,150824,1405617,501,6198151,William Kyle,LAL,SF/PF,4100.0,False,True
43608787,150824,1405617,503,6198151,William Kyle,LAL,SF/PF,4100.0,False,True
43608788,150824,1343026,496,6198151,Houston Mallette,CHI,PG/SG,4100.0,False,True
43608789,150824,1343026,497,6198151,Houston Mallette,CHI,PG/SG,4100.0,False,True
43608790,150824,1343026,502,6198151,Houston Mallette,CHI,PG/SG,4100.0,False,True
43608791,150824,1343026,503,6198151,Houston Mallette,CHI,PG/SG,4100.0,False,True
43608792,150824,1230368,498,6198149,Jabri Abdur-Rahim,OKC,SF/PF,4100.0,False,True
43608793,150824,1230368,499,6198149,Jabri Abdur-Rahim,OKC,SF/PF,4100.0,False,True
43608794,150824,1230368,501,6198149,Jabri Abdur-Rahim,OKC,SF/PF,4100.0,False,True
43608795,150824,1230368,503,6198149,Jabri Abdur-Rahim,OKC,SF/PF,4100.0,False,True
43608796,150824,1405959,496,6198150,Dion Brown,BKN,PG/SG,4100.0,False,True
43608797,150824,1405959,497,6198150,Dion Brown,BKN,PG/SG,4100.0,False,True
43608798,150824,1405959,502,6198150,Dion Brown,BKN,PG/SG,4100.0,False,True
43608799,150824,1405959,503,6198150,Dion Brown,BKN,PG/SG,4100.0,False,True
43608800,150824,1408109,498,6198150,Duke Brennan,BKN,SF/PF,4000.0,False,True
43608801,150824,1408109,499,6198150,Duke Brennan,BKN,SF/PF,4000.0,False,True
43608802,150824,1408109,501,6198150,Duke Brennan,BKN,SF/PF,4000.0,False,True
43608803,150824,1408109,503,6198150,Duke Brennan,BKN,SF/PF,4000.0,False,True
43608804,150824,1406752,496,6198151,Jacari White,LAL,PG/SG,4000.0,False,True
43608805,150824,1406752,497,6198151,Jacari White,LAL,PG/SG,4000.0,False,True
43608806,150824,1406752,502,6198151,Jacari White,LAL,PG/SG,4000.0,False,True
43608807,150824,1406752,503,6198151,Jacari White,LAL,PG/SG,4000.0,False,True
43608808,150824,1137221,498,6198151,Keyshawn Bryant,CHI,SF/PF,4000.0,False,True
43608809,150824,1137221,499,6198151,Keyshawn Bryant,CHI,SF/PF,4000.0,False,True
43608810,150824,1137221,501,6198151,Keyshawn Bryant,CHI,SF/PF,4000.0,False,True
43608811,150824,1137221,503,6198151,Keyshawn Bryant,CHI,SF/PF,4000.0,False,True
43608812,150824,1340195,496,6198149,Nate Johnson,OKC,PG/SG,4000.0,False,True
43608813,150824,1340195,497,6198149,Nate Johnson,OKC,PG/SG,4000.0,False,True
43608814,150824,1340195,502,6198149,Nate Johnson,OKC,PG/SG,4000.0,False,True
43608815,150824,1340195,503,6198149,Nate Johnson,OKC,PG/SG,4000.0,False,True
43608816,150824,1405042,498,6198151,Jalen Washington,CHI,SF/PF,4000.0,False,True
43608817,150824,1405042,499,6198151,Jalen Washington,CHI,SF/PF,4000.0,False,True
43608818,150824,1405042,501,6198151,Jalen Washington,CHI,SF/PF,4000.0,False,True
43608819,150824,1405042,503,6198151,Jalen Washington,CHI,SF/PF,4000.0,False,True
43608820,150824,1405328,498,6198149,Guillermo Diaz Graham,DAL,SF/PF,4000.0,False,True
43608821,150824,1405328,499,6198149,Guillermo Diaz Graham,DAL,SF/PF,4000.0,False,True
43608822,150824,1405328,501,6198149,Guillermo Diaz Graham,DAL,SF/PF,4000.0,False,True
43608823,150824,1405328,503,6198149,Guillermo Diaz Graham,DAL,SF/PF,4000.0,False,True
43608824,150824,1334229,498,6198150,Ben Middlebrooks,HOU,SF/PF,4000.0,False,True
43608825,150824,1334229,499,6198150,Ben Middlebrooks,HOU,SF/PF,4000.0,False,True
43608826,150824,1334229,501,6198150,Ben Middlebrooks,HOU,SF/PF,4000.0,False,True
43608827,150824,1334229,503,6198150,Ben Middlebrooks,HOU,SF/PF,4000.0,False,True
43608828,150824,1401585,498,6198151,Grant Newell,CHI,SF/PF,4000.0,False,True
43608829,150824,1401585,499,6198151,Grant Newell,CHI,SF/PF,4000.0,False,True
43608830,150824,1401585,501,6198151,Grant Newell,CHI,SF/PF,4000.0,False,True
43608831,150824,1401585,503,6198151,Grant Newell,CHI,SF/PF,4000.0,False,True
43608832,150826,1593986,633,6198153,Cameron Boozer,MEM,PF,,False,False
43608833,150826,1593986,465,6198153,Cameron Boozer,MEM,PF,,False,False
43608834,150826,1593986,636,6198153,Cameron Boozer,MEM,PF,,False,False
43608835,150826,1482282,633,6198152,Yaxel Lendeborg,GS,SF,,False,False
43608836,150826,1482282,465,6198152,Yaxel Lendeborg,GS,SF,,False,False
43608837,150826,1482282,636,6198152,Yaxel Lendeborg,GS,SF,,False,False
43608838,150826,1465110,633,6198154,Collin Murray-Boyles,TOR,PF,,False,False
43608839,150826,1465110,465,6198154,Collin Murray-Boyles,TOR,PF,,False,False
43608840,150826,1465110,636,6198154,Collin Murray-Boyles,TOR,PF,,False,False
43608841,150826,1351367,464,6198153,Cedric Coward,MEM,PG,,False,False
43608842,150826,1351367,465,6198153,Cedric Coward,MEM,PG,,False,False
43608843,150826,1351367,636,6198153,Cedric Coward,MEM,PG,,False,False
43608844,150826,1500956,633,6198152,Pacome Dadiet,NY,SF,,False,False
43608845,150826,1500956,465,6198152,Pacome Dadiet,NY,SF,,False,False
43608846,150826,1500956,636,6198152,Pacome Dadiet,NY,SF,,False,False
43608847,150826,1593959,464,6198153,Kingston Flemings,ATL,PG,,False,False
43608848,150826,1593959,465,6198153,Kingston Flemings,ATL,PG,,False,False
43608849,150826,1593959,636,6198153,Kingston Flemings,ATL,PG,,False,False
43608850,150826,1323636,464,6198155,KJ Simpson,DEN,PG,,False,False
43608851,150826,1323636,465,6198155,KJ Simpson,DEN,PG,,False,False
43608852,150826,1323636,636,6198155,KJ Simpson,DEN,PG,,False,False
43608853,150826,1415915,633,6198152,Lachlan Olbrich,GS,SF,,False,False
43608854,150826,1415915,465,6198152,Lachlan Olbrich,GS,SF,,False,False
43608855,150826,1415915,636,6198152,Lachlan Olbrich,GS,SF,,False,False
43608856,150826,1437712,633,6198152,Mohamed Diawara,NY,SF,,False,False
43608857,150826,1437712,465,6198152,Mohamed Diawara,NY,SF,,False,False
43608858,150826,1437712,636,6198152,Mohamed Diawara,NY,SF,,False,False
43608859,150826,1524332,633,6198153,Asa Newell,ATL,PF,,False,False
43608860,150826,1524332,465,6198153,Asa Newell,ATL,PF,,False,False
43608861,150826,1524332,636,6198153,Asa Newell,ATL,PF,,False,False
43608862,150826,1338969,464,6198153,Walter Clayton Jr.,MEM,SG,,False,False
43608863,150826,1338969,465,6198153,Walter Clayton Jr.,MEM,SG,,False,False
43608864,150826,1338969,636,6198153,Walter Clayton Jr.,MEM,SG,,False,False
43608865,150826,1176741,633,6198153,Jacob Toppin,ATL,SF,,False,False
43608866,150826,1176741,465,6198153,Jacob Toppin,ATL,SF,,False,False
43608867,150826,1176741,636,6198153,Jacob Toppin,ATL,SF,,False,False
43608868,150826,1253947,464,6198155,Mark Sears,DEN,PG,,False,False
43608869,150826,1253947,465,6198155,Mark Sears,DEN,PG,,False,False
43608870,150826,1253947,636,6198155,Mark Sears,DEN,PG,,False,False
43608871,150826,1241594,633,6198154,Vladislav Goldin,MIA,C,,False,False
43608872,150826,1241594,465,6198154,Vladislav Goldin,MIA,C,,False,False
43608873,150826,1241594,636,6198154,Vladislav Goldin,MIA,C,,False,False
43608874,150826,1405861,633,6198153,Taylor Hendricks,MEM,SF,,False,False
43608875,150826,1405861,465,6198153,Taylor Hendricks,MEM,SF,,False,False
43608876,150826,1405861,636,6198153,Taylor Hendricks,MEM,SF,,False,False
43608877,150826,1193172,633,6198155,Jalen Bridges,POR,SF,,False,False
43608878,150826,1193172,465,6198155,Jalen Bridges,POR,SF,,False,False
43608879,150826,1193172,636,6198155,Jalen Bridges,POR,SF,,False,False
43608880,150826,1231970,464,6198152,Max Shulga,GS,SG,,False,False
43608881,150826,1231970,465,6198152,Max Shulga,GS,SG,,False,False
43608882,150826,1231970,636,6198152,Max Shulga,GS,SG,,False,False
43608883,150826,1194704,464,6198153,RayJ Dennis,ATL,PG,,False,False
43608884,150826,1194704,465,6198153,RayJ Dennis,ATL,PG,,False,False
43608885,150826,1194704,636,6198153,RayJ Dennis,ATL,PG,,False,False
43608886,150826,1591570,633,6198155,Hansen Yang,POR,C,,False,False
43608887,150826,1591570,465,6198155,Hansen Yang,POR,C,,False,False
43608888,150826,1591570,636,6198155,Hansen Yang,POR,C,,False,False
43608889,150826,1324003,464,6198153,Javon Small,MEM,PG,,False,False
43608890,150826,1324003,465,6198153,Javon Small,MEM,PG,,False,False
43608891,150826,1324003,636,6198153,Javon Small,MEM,PG,,False,False
43608892,150826,1175076,464,6198153,Isaiah Wong,ATL,PG,,False,False
43608893,150826,1175076,465,6198153,Isaiah Wong,ATL,PG,,False,False
43608894,150826,1175076,636,6198153,Isaiah Wong,ATL,PG,,False,False
43608895,150826,1538643,633,6198154,Allen Graves,TOR,PF,,False,False
43608896,150826,1538643,465,6198154,Allen Graves,TOR,PF,,False,False
43608897,150826,1538643,636,6198154,Allen Graves,TOR,PF,,False,False
43608898,150826,1232344,464,6198154,Alijah Martin,TOR,PG,,False,False
43608899,150826,1232344,465,6198154,Alijah Martin,TOR,PG,,False,False
43608900,150826,1232344,636,6198154,Alijah Martin,TOR,PG,,False,False
43608901,150826,1231442,633,6198152,Dillon Jones,NY,SF,,False,False
43608902,150826,1231442,465,6198152,Dillon Jones,NY,SF,,False,False
43608903,150826,1231442,636,6198152,Dillon Jones,NY,SF,,False,False
43608904,150826,1328248,464,6198153,Jahmai Mashack,MEM,PG,,False,False
43608905,150826,1328248,465,6198153,Jahmai Mashack,MEM,PG,,False,False
43608906,150826,1328248,636,6198153,Jahmai Mashack,MEM,PG,,False,False
43608907,150826,1323578,464,6198152,Will Richard,GS,SG,,False,False
43608908,150826,1323578,465,6198152,Will Richard,GS,SG,,False,False
43608909,150826,1323578,636,6198152,Will Richard,GS,SG,,False,False
43608910,150826,1231798,464,6198152,Colby Jones,GS,SG,,False,False
43608911,150826,1231798,465,6198152,Colby Jones,GS,SG,,False,False
43608912,150826,1231798,636,6198152,Colby Jones,GS,SG,,False,False
43608913,150826,1327212,464,6198154,Chucky Hepburn,TOR,PG,,False,False
43608914,150826,1327212,465,6198154,Chucky Hepburn,TOR,PG,,False,False
43608915,150826,1327212,636,6198154,Chucky Hepburn,TOR,PG,,False,False
43608916,150826,1232483,633,6198153,Olivier-Maxence Prosper,MEM,PF,,False,False
43608917,150826,1232483,465,6198153,Olivier-Maxence Prosper,MEM,PF,,False,False
43608918,150826,1232483,636,6198153,Olivier-Maxence Prosper,MEM,PF,,False,False
43608919,150826,1502180,633,6198153,Eli Ndiaye,ATL,C,,False,False
43608920,150826,1502180,465,6198153,Eli Ndiaye,ATL,C,,False,False
43608921,150826,1502180,636,6198153,Eli Ndiaye,ATL,C,,False,False
43608922,150826,1429347,464,6198155,Jaylen Martin,POR,PG,,False,False
43608923,150826,1429347,465,6198155,Jaylen Martin,POR,PG,,False,False
43608924,150826,1429347,636,6198155,Jaylen Martin,POR,PG,,False,False
43608925,150826,1340791,633,6198155,Bryce Hopkins,DEN,SF,,False,False
43608926,150826,1340791,465,6198155,Bryce Hopkins,DEN,SF,,False,False
43608927,150826,1340791,636,6198155,Bryce Hopkins,DEN,SF,,False,False
43608928,150826,1413173,633,6198153,Henri Veesaar,ATL,C,,False,False
43608929,150826,1413173,465,6198153,Henri Veesaar,ATL,C,,False,False
43608930,150826,1413173,636,6198153,Henri Veesaar,ATL,C,,False,False
43608931,150826,1342729,633,6198154,Kendall Brown,MIA,SF,,False,False
43608932,150826,1342729,465,6198154,Kendall Brown,MIA,SF,,False,False
43608933,150826,1342729,636,6198154,Kendall Brown,MIA,SF,,False,False
43608934,150826,1243685,633,6198155,Jayson Kent,POR,SF,,False,False
43608935,150826,1243685,465,6198155,Jayson Kent,POR,SF,,False,False
43608936,150826,1243685,636,6198155,Jayson Kent,POR,SF,,False,False
43608937,150826,1327829,464,6198153,Keshon Gilbert,ATL,PG,,False,False
43608938,150826,1327829,465,6198153,Keshon Gilbert,ATL,PG,,False,False
43608939,150826,1327829,636,6198153,Keshon Gilbert,ATL,PG,,False,False
43608940,150826,1345014,633,6198152,Malevy Leons,GS,PF,,False,False
43608941,150826,1345014,465,6198152,Malevy Leons,GS,PF,,False,False
43608942,150826,1345014,636,6198152,Malevy Leons,GS,PF,,False,False
43608943,150826,1197462,464,6198154,Myron Gardner,MIA,PG,,False,False
43608944,150826,1197462,465,6198154,Myron Gardner,MIA,PG,,False,False
43608945,150826,1197462,636,6198154,Myron Gardner,MIA,PG,,False,False
43608946,150826,1416382,633,6198153,Zuby Ejiofor,ATL,SF,,False,False
43608947,150826,1416382,465,6198153,Zuby Ejiofor,ATL,SF,,False,False
43608948,150826,1416382,636,6198153,Zuby Ejiofor,ATL,SF,,False,False
43608949,150826,1405046,633,6198152,Tyler Nickel,NY,SF,,False,False
43608950,150826,1405046,465,6198152,Tyler Nickel,NY,SF,,False,False
43608951,150826,1405046,636,6198152,Tyler Nickel,NY,SF,,False,False
43608952,150826,1249996,464,6198152,L.J. Cryer,GS,PG,,False,False
43608953,150826,1249996,465,6198152,L.J. Cryer,GS,PG,,False,False
43608954,150826,1249996,636,6198152,L.J. Cryer,GS,PG,,False,False
43608955,150826,1401378,464,6198154,Jaden Bradley,TOR,SG,,False,False
43608956,150826,1401378,465,6198154,Jaden Bradley,TOR,SG,,False,False
43608957,150826,1401378,636,6198154,Jaden Bradley,TOR,SG,,False,False
43608958,150826,1176274,464,6198154,Jahmir Young,MIA,PG,,False,False
43608959,150826,1176274,465,6198154,Jahmir Young,MIA,PG,,False,False
43608960,150826,1176274,636,6198154,Jahmir Young,MIA,PG,,False,False
43608961,150826,1324309,633,6198155,Trevon Brazile,DEN,PF,,False,False
43608962,150826,1324309,465,6198155,Trevon Brazile,DEN,PF,,False,False
43608963,150826,1324309,636,6198155,Trevon Brazile,DEN,PF,,False,False
43608964,150826,1323990,464,6198154,Trevor Keels,MIA,PG,,False,False
43608965,150826,1323990,465,6198154,Trevor Keels,MIA,PG,,False,False
43608966,150826,1323990,636,6198154,Trevor Keels,MIA,PG,,False,False
43608967,150826,1189241,633,6198154,Seth Lundy,TOR,SF,,False,False
43608968,150826,1189241,465,6198154,Seth Lundy,TOR,SF,,False,False
43608969,150826,1189241,636,6198154,Seth Lundy,TOR,SF,,False,False
43608970,150826,1405618,464,6198154,Ryan Conwell,MIA,SG,,False,False
43608971,150826,1405618,465,6198154,Ryan Conwell,MIA,SG,,False,False
43608972,150826,1405618,636,6198154,Ryan Conwell,MIA,SG,,False,False
43608973,150826,1135193,633,6198152,Liam Robbins,NY,SF,,False,False
43608974,150826,1135193,465,6198152,Liam Robbins,NY,SF,,False,False
43608975,150826,1135193,636,6198152,Liam Robbins,NY,SF,,False,False
43608976,150826,1654519,464,6198152,Jack Kayil,NY,PG,,False,False
43608977,150826,1654519,465,6198152,Jack Kayil,NY,PG,,False,False
43608978,150826,1654519,636,6198152,Jack Kayil,NY,PG,,False,False
43608979,150826,1235208,464,6198153,Gabe Madsen,ATL,PG,,False,False
43608980,150826,1235208,465,6198153,Gabe Madsen,ATL,PG,,False,False
43608981,150826,1235208,636,6198153,Gabe Madsen,ATL,PG,,False,False
43608982,150826,1234814,464,6198155,Chris Youngblood,POR,PG,,False,False
43608983,150826,1234814,465,6198155,Chris Youngblood,POR,PG,,False,False
43608984,150826,1234814,636,6198155,Chris Youngblood,POR,PG,,False,False
43608985,150826,1326876,633,6198154,Nate Bittle,TOR,C,,False,False
43608986,150826,1326876,465,6198154,Nate Bittle,TOR,C,,False,False
43608987,150826,1326876,636,6198154,Nate Bittle,TOR,C,,False,False
43608988,150826,1348259,464,6198153,Kobe Johnson,ATL,PG,,False,False
43608989,150826,1348259,465,6198153,Kobe Johnson,ATL,PG,,False,False
43608990,150826,1348259,636,6198153,Kobe Johnson,ATL,PG,,False,False
43608991,150826,1420535,633,6198152,Lajae Jones,GS,SF,,False,False
43608992,150826,1420535,465,6198152,Lajae Jones,GS,SF,,False,False
43608993,150826,1420535,636,6198152,Lajae Jones,GS,SF,,False,False
43608994,150826,1231638,633,6198152,Graham Ike,GS,SF,,False,False
43608995,150826,1231638,465,6198152,Graham Ike,GS,SF,,False,False
43608996,150826,1231638,636,6198152,Graham Ike,GS,SF,,False,False
43608997,150826,1232503,464,6198152,Toby Okani,NY,PG,,False,False
43608998,150826,1232503,465,6198152,Toby Okani,NY,PG,,False,False
43608999,150826,1232503,636,6198152,Toby Okani,NY,PG,,False,False
43609000,150826,950903,464,6198155,DeJon Jarreau,DEN,PG,,False,False
43609001,150826,950903,465,6198155,DeJon Jarreau,DEN,PG,,False,False
43609002,150826,950903,636,6198155,DeJon Jarreau,DEN,PG,,False,False
43609003,150826,1345658,633,6198154,Jamarion Sharp,TOR,SF,,False,False
43609004,150826,1345658,465,6198154,Jamarion Sharp,TOR,SF,,False,False
43609005,150826,1345658,636,6198154,Jamarion Sharp,TOR,SF,,False,False
43609006,150826,1401394,464,6198154,Tre Donaldson,MIA,PG,,False,False
43609007,150826,1401394,465,6198154,Tre Donaldson,MIA,PG,,False,False
43609008,150826,1401394,636,6198154,Tre Donaldson,MIA,PG,,False,False
43609009,150826,1324023,464,6198153,Kobe Knox,ATL,PG,,False,False
43609010,150826,1324023,465,6198153,Kobe Knox,ATL,PG,,False,False
43609011,150826,1324023,636,6198153,Kobe Knox,ATL,PG,,False,False
43609012,150826,1132913,464,6198155,Erik Stevenson,DEN,PG,,False,False
43609013,150826,1132913,465,6198155,Erik Stevenson,DEN,PG,,False,False
43609014,150826,1132913,636,6198155,Erik Stevenson,DEN,PG,,False,False
43609015,150826,1528636,464,6198154,Nate Kingz,MIA,PG,,False,False
43609016,150826,1528636,465,6198154,Nate Kingz,MIA,PG,,False,False
43609017,150826,1528636,636,6198154,Nate Kingz,MIA,PG,,False,False
43609018,150826,1231627,464,6198155,Matthew Murrell,DEN,SG,,False,False
43609019,150826,1231627,465,6198155,Matthew Murrell,DEN,SG,,False,False
43609020,150826,1231627,636,6198155,Matthew Murrell,DEN,SG,,False,False
43609021,150826,1402299,633,6198153,Cameron Corhen,ATL,SF,,False,False
43609022,150826,1402299,465,6198153,Cameron Corhen,ATL,SF,,False,False
43609023,150826,1402299,636,6198153,Cameron Corhen,ATL,SF,,False,False
43609024,150826,1403876,633,6198153,Zach Cleveland,MEM,SF,,False,False
43609025,150826,1403876,465,6198153,Zach Cleveland,MEM,SF,,False,False
43609026,150826,1403876,636,6198153,Zach Cleveland,MEM,SF,,False,False
43609027,150826,1182151,464,6198155,Jahmi'us Ramsey,DEN,SG,,False,False
43609028,150826,1182151,465,6198155,Jahmi'us Ramsey,DEN,SG,,False,False
43609029,150826,1182151,636,6198155,Jahmi'us Ramsey,DEN,SG,,False,False
43609030,150826,1232336,464,6198152,Nick Boyd,GS,PG,,False,False
43609031,150826,1232336,465,6198152,Nick Boyd,GS,PG,,False,False
43609032,150826,1232336,636,6198152,Nick Boyd,GS,PG,,False,False
43609033,150826,1413222,633,6198153,Carson Cooper,MEM,C,,False,False
43609034,150826,1413222,465,6198153,Carson Cooper,MEM,C,,False,False
43609035,150826,1413222,636,6198153,Carson Cooper,MEM,C,,False,False
43609036,150826,1405899,464,6198152,Oziyah Sellers,NY,PG,,False,False
43609037,150826,1405899,465,6198152,Oziyah Sellers,NY,PG,,False,False
43609038,150826,1405899,636,6198152,Oziyah Sellers,NY,PG,,False,False
43609039,150826,1654517,633,6198153,Karim Lopez,MEM,SF,,False,False
43609040,150826,1654517,465,6198153,Karim Lopez,MEM,SF,,False,False
43609041,150826,1654517,636,6198153,Karim Lopez,MEM,SF,,False,False
43609042,150826,1408200,464,6198152,Treysen Eaglestaff,NY,PG,,False,False
43609043,150826,1408200,465,6198152,Treysen Eaglestaff,NY,PG,,False,False
43609044,150826,1408200,636,6198152,Treysen Eaglestaff,NY,PG,,False,False
43609045,150826,1408465,633,6198154,Keyshawn Hall,MIA,SF,,False,False
43609046,150826,1408465,465,6198154,Keyshawn Hall,MIA,SF,,False,False
43609047,150826,1408465,636,6198154,Keyshawn Hall,MIA,SF,,False,False
43609048,150826,1179796,464,6198155,Quincy Olivari,POR,PG,,False,False
43609049,150826,1179796,465,6198155,Quincy Olivari,POR,PG,,False,False
43609050,150826,1179796,636,6198155,Quincy Olivari,POR,PG,,False,False
43609051,150826,1427204,633,6198152,Alex Toohey,GS,PF,,False,False
43609052,150826,1427204,465,6198152,Alex Toohey,GS,PF,,False,False
43609053,150826,1427204,636,6198152,Alex Toohey,GS,PF,,False,False
43609054,150826,1406026,464,6198153,Isaac McKneely,ATL,PG,,False,False
43609055,150826,1406026,465,6198153,Isaac McKneely,ATL,PG,,False,False
43609056,150826,1406026,636,6198153,Isaac McKneely,ATL,PG,,False,False
43609057,150826,1147319,464,6198153,Devon Higgs,ATL,PG,,False,False
43609058,150826,1147319,465,6198153,Devon Higgs,ATL,PG,,False,False
43609059,150826,1147319,636,6198153,Devon Higgs,ATL,PG,,False,False
43609060,150826,1232444,464,6198154,J'Vonne Hadley,MIA,PG,,False,False
43609061,150826,1232444,465,6198154,J'Vonne Hadley,MIA,PG,,False,False
43609062,150826,1232444,636,6198154,J'Vonne Hadley,MIA,PG,,False,False
43609063,150826,1231852,633,6198155,Andrew Carr,POR,SF,,False,False
43609064,150826,1231852,465,6198155,Andrew Carr,POR,SF,,False,False
43609065,150826,1231852,636,6198155,Andrew Carr,POR,SF,,False,False
43609066,150826,1251745,633,6198152,Nick Jourdain,NY,SF,,False,False
43609067,150826,1251745,465,6198152,Nick Jourdain,NY,SF,,False,False
43609068,150826,1251745,636,6198152,Nick Jourdain,NY,SF,,False,False
43609069,150826,1230357,464,6198155,DJ Steward,POR,PG,,False,False
43609070,150826,1230357,465,6198155,DJ Steward,POR,PG,,False,False
43609071,150826,1230357,636,6198155,DJ Steward,POR,PG,,False,False
43609072,150826,1345648,464,6198152,Langston Wilson,NY,PG,,False,False
43609073,150826,1345648,465,6198152,Langston Wilson,NY,PG,,False,False
43609074,150826,1345648,636,6198152,Langston Wilson,NY,PG,,False,False
43609075,150826,1405903,464,6198154,Tre White,MIA,PG,,False,False
43609076,150826,1405903,465,6198154,Tre White,MIA,PG,,False,False
43609077,150826,1405903,636,6198154,Tre White,MIA,PG,,False,False
43609078,150826,1175025,633,6198153,Tyler Burton,MEM,SF,,False,False
43609079,150826,1175025,465,6198153,Tyler Burton,MEM,SF,,False,False
43609080,150826,1175025,636,6198153,Tyler Burton,MEM,SF,,False,False
43609081,150826,1657336,464,6198152,Akoi Yuot,NY,SG,,False,False
43609082,150826,1657336,465,6198152,Akoi Yuot,NY,SG,,False,False
43609083,150826,1657336,636,6198152,Akoi Yuot,NY,SG,,False,False
43609084,150826,1348260,464,6198154,Malik Thomas,TOR,PG,,False,False
43609085,150826,1348260,465,6198154,Malik Thomas,TOR,PG,,False,False
43609086,150826,1348260,636,6198154,Malik Thomas,TOR,PG,,False,False
43609087,150826,1323682,633,6198154,Ian Schieffelin,MIA,SF,,False,False
43609088,150826,1323682,465,6198154,Ian Schieffelin,MIA,SF,,False,False
43609089,150826,1323682,636,6198154,Ian Schieffelin,MIA,SF,,False,False
43609090,150826,1241593,464,6198154,Nimari Burnett,TOR,PG,,False,False
43609091,150826,1241593,465,6198154,Nimari Burnett,TOR,PG,,False,False
43609092,150826,1241593,636,6198154,Nimari Burnett,TOR,PG,,False,False
43609093,150826,1232441,633,6198155,Osayi Osifo,DEN,SF,,False,False
43609094,150826,1232441,465,6198155,Osayi Osifo,DEN,SF,,False,False
43609095,150826,1232441,636,6198155,Osayi Osifo,DEN,SF,,False,False
43609096,150826,1323643,633,6198153,Lawson Lovering,MEM,C,,False,False
43609097,150826,1323643,465,6198153,Lawson Lovering,MEM,C,,False,False
43609098,150826,1323643,636,6198153,Lawson Lovering,MEM,C,,False,False
43609099,150826,1357735,633,6198152,Keith Palek III,NY,SF,,False,False
43609100,150826,1357735,465,6198152,Keith Palek III,NY,SF,,False,False
43609101,150826,1357735,636,6198152,Keith Palek III,NY,SF,,False,False
43609102,150826,1324182,633,6198152,KJ Adams,GS,SF,,False,False
43609103,150826,1324182,465,6198152,KJ Adams,GS,SF,,False,False
43609104,150826,1324182,636,6198152,KJ Adams,GS,SF,,False,False
43609105,150826,1403632,633,6198154,Ezra Ausar,MIA,SF,,False,False
43609106,150826,1403632,465,6198154,Ezra Ausar,MIA,SF,,False,False
43609107,150826,1403632,636,6198154,Ezra Ausar,MIA,SF,,False,False
43609108,150826,1453380,633,6198155,Aliou Diarra,POR,SF,,False,False
43609109,150826,1453380,465,6198155,Aliou Diarra,POR,SF,,False,False
43609110,150826,1453380,636,6198155,Aliou Diarra,POR,SF,,False,False
43609111,150826,1245938,633,6198152,Lance Ware,NY,SF,,False,False
43609112,150826,1245938,465,6198152,Lance Ware,NY,SF,,False,False
43609113,150826,1245938,636,6198152,Lance Ware,NY,SF,,False,False
43609114,150826,1088723,464,6198154,Tyreke Key,TOR,PG,,False,False
43609115,150826,1088723,465,6198154,Tyreke Key,TOR,PG,,False,False
43609116,150826,1088723,636,6198154,Tyreke Key,TOR,PG,,False,False
43609117,150826,1231237,464,6198152,Chance McMillian,GS,PG,,False,False
43609118,150826,1231237,465,6198152,Chance McMillian,GS,PG,,False,False
43609119,150826,1231237,636,6198152,Chance McMillian,GS,PG,,False,False
43609120,150826,1325115,633,6198155,Frankie Fidler,POR,SF,,False,False
43609121,150826,1325115,465,6198155,Frankie Fidler,POR,SF,,False,False
43609122,150826,1325115,636,6198155,Frankie Fidler,POR,SF,,False,False
43609123,150826,1231389,464,6198155,TJ Bamba,DEN,PG,,False,False
43609124,150826,1231389,465,6198155,TJ Bamba,DEN,PG,,False,False
43609125,150826,1231389,636,6198155,TJ Bamba,DEN,PG,,False,False
43609126,150826,1243566,633,6198154,Aziz Bandaogo,TOR,SF,,False,False
43609127,150826,1243566,465,6198154,Aziz Bandaogo,TOR,SF,,False,False
43609128,150826,1243566,636,6198154,Aziz Bandaogo,TOR,SF,,False,False
43609129,150826,1401387,633,6198155,Barry Dunning Jr.,POR,SF,,False,False
43609130,150826,1401387,465,6198155,Barry Dunning Jr.,POR,SF,,False,False
43609131,150826,1401387,636,6198155,Barry Dunning Jr.,POR,SF,,False,False
43609132,150826,1403601,633,6198155,Mark Mitchell,DEN,SF,,False,False
43609133,150826,1403601,465,6198155,Mark Mitchell,DEN,SF,,False,False
43609134,150826,1403601,636,6198155,Mark Mitchell,DEN,SF,,False,False
43609135,150826,1487427,464,6198155,Aaron Nkrumah,DEN,PG,,False,False
43609136,150826,1487427,465,6198155,Aaron Nkrumah,DEN,PG,,False,False
43609137,150826,1487427,636,6198155,Aaron Nkrumah,DEN,PG,,False,False
43609138,150826,1327770,633,6198155,Giovanni Emejuru,DEN,C,,False,False
43609139,150826,1327770,465,6198155,Giovanni Emejuru,DEN,C,,False,False
43609140,150826,1327770,636,6198155,Giovanni Emejuru,DEN,C,,False,False
43609141,150826,1171589,464,6198152,Chase Hunter,GS,PG,,False,False
43609142,150826,1171589,465,6198152,Chase Hunter,GS,PG,,False,False
43609143,150826,1171589,636,6198152,Chase Hunter,GS,PG,,False,False
43609144,150826,1231293,633,6198154,Brandon Angel,TOR,SF,,False,False
43609145,150826,1231293,465,6198154,Brandon Angel,TOR,SF,,False,False
43609146,150826,1231293,636,6198154,Brandon Angel,TOR,SF,,False,False
43609147,150826,1094731,464,6198155,Flynn Cameron,POR,PG,,False,False
43609148,150826,1094731,465,6198155,Flynn Cameron,POR,PG,,False,False
43609149,150826,1094731,636,6198155,Flynn Cameron,POR,PG,,False,False
43609150,150826,1326491,464,6198153,Zeke Mayo,ATL,PG,,False,False
43609151,150826,1326491,465,6198153,Zeke Mayo,ATL,PG,,False,False
43609152,150826,1326491,636,6198153,Zeke Mayo,ATL,PG,,False,False
43609153,150826,1089686,633,6198155,E.J. Anosike,DEN,SF,,False,False
43609154,150826,1089686,465,6198155,E.J. Anosike,DEN,SF,,False,False
43609155,150826,1089686,636,6198155,E.J. Anosike,DEN,SF,,False,False
43609156,150826,1406922,464,6198152,Will Johnston,NY,PG,,False,False
43609157,150826,1406922,465,6198152,Will Johnston,NY,PG,,False,False
43609158,150826,1406922,636,6198152,Will Johnston,NY,PG,,False,False
43609159,150826,1232142,464,6198154,Jalen Celestine,TOR,PG,,False,False
43609160,150826,1232142,465,6198154,Jalen Celestine,TOR,PG,,False,False
43609161,150826,1232142,636,6198154,Jalen Celestine,TOR,PG,,False,False
43609162,150826,1420755,633,6198154,Arnas Sakenis,MIA,C,,False,False
43609163,150826,1420755,465,6198154,Arnas Sakenis,MIA,C,,False,False
43609164,150826,1420755,636,6198154,Arnas Sakenis,MIA,C,,False,False
43609165,150826,1536467,633,6198152,Jacksen Moni,GS,SF,,False,False
43609166,150826,1536467,465,6198152,Jacksen Moni,GS,SF,,False,False
43609167,150826,1536467,636,6198152,Jacksen Moni,GS,SF,,False,False
43609168,150826,1326890,464,6198152,Erik Reynolds II,NY,PG,,False,False
43609169,150826,1326890,465,6198152,Erik Reynolds II,NY,PG,,False,False
43609170,150826,1326890,636,6198152,Erik Reynolds II,NY,PG,,False,False
43609171,150826,1406915,464,6198153,Jestin Porter,MEM,PG,,False,False
43609172,150826,1406915,465,6198153,Jestin Porter,MEM,PG,,False,False
43609173,150826,1406915,636,6198153,Jestin Porter,MEM,PG,,False,False
43609174,150826,1138636,633,6198152,Jack Clark,GS,SF,,False,False
43609175,150826,1138636,465,6198152,Jack Clark,GS,SF,,False,False
43609176,150826,1138636,636,6198152,Jack Clark,GS,SF,,False,False
43609177,150826,1241397,464,6198154,A.J. Hoggard,TOR,PG,,False,False
43609178,150826,1241397,465,6198154,A.J. Hoggard,TOR,PG,,False,False
43609179,150826,1241397,636,6198154,A.J. Hoggard,TOR,PG,,False,False
43609180,150826,1326046,633,6198154,Tyson Degenhart,TOR,SF,,False,False
43609181,150826,1326046,465,6198154,Tyson Degenhart,TOR,SF,,False,False
43609182,150826,1326046,636,6198154,Tyson Degenhart,TOR,SF,,False,False
43609183,150826,1340701,464,6198152,Jaden Akins,NY,PG,,False,False
43609184,150826,1340701,465,6198152,Jaden Akins,NY,PG,,False,False
43609185,150826,1340701,636,6198152,Jaden Akins,NY,PG,,False,False
43609186,150826,1405317,633,6198153,Jevon Porter,MEM,SF,,False,False
43609187,150826,1405317,465,6198153,Jevon Porter,MEM,SF,,False,False
43609188,150826,1405317,636,6198153,Jevon Porter,MEM,SF,,False,False
43609189,150826,1232534,464,6198152,Deivon Smith,GS,PG,,False,False
43609190,150826,1232534,465,6198152,Deivon Smith,GS,PG,,False,False
43609191,150826,1232534,636,6198152,Deivon Smith,GS,PG,,False,False
43609192,150826,1266174,464,6198154,Meechie Johnson,MIA,PG,,False,False
43609193,150826,1266174,465,6198154,Meechie Johnson,MIA,PG,,False,False
43609194,150826,1266174,636,6198154,Meechie Johnson,MIA,PG,,False,False
43609195,150826,1231921,633,6198155,Coleman Hawkins,DEN,SF,,False,False
43609196,150826,1231921,465,6198155,Coleman Hawkins,DEN,SF,,False,False
43609197,150826,1231921,636,6198155,Coleman Hawkins,DEN,SF,,False,False
43609198,150826,1401379,464,6198155,Rylan Griffen,DEN,PG,,False,False
43609199,150826,1401379,465,6198155,Rylan Griffen,DEN,PG,,False,False
43609200,150826,1401379,636,6198155,Rylan Griffen,DEN,PG,,False,False
43609201,150826,1231378,633,6198155,Efe Abogidi,DEN,SF,,False,False
43609202,150826,1231378,465,6198155,Efe Abogidi,DEN,SF,,False,False
43609203,150826,1231378,636,6198155,Efe Abogidi,DEN,SF,,False,False
43609204,150826,1408223,464,6198153,Brendan Hausen,MEM,PG,,False,False
43609205,150826,1408223,465,6198153,Brendan Hausen,MEM,PG,,False,False
43609206,150826,1408223,636,6198153,Brendan Hausen,MEM,PG,,False,False
43609207,150826,1351088,464,6198154,Cam Carter,MIA,PG,,False,False
43609208,150826,1351088,465,6198154,Cam Carter,MIA,PG,,False,False
43609209,150826,1351088,636,6198154,Cam Carter,MIA,PG,,False,False
43609210,150827,1465110,499,6198154,Collin Murray-Boyles,TOR,PF,8800.0,False,True
43609211,150827,1465110,501,6198154,Collin Murray-Boyles,TOR,PF,8800.0,False,True
43609212,150827,1465110,503,6198154,Collin Murray-Boyles,TOR,PF,8800.0,False,True
43609213,150827,1323636,496,6198155,KJ Simpson,DEN,PG,7900.0,False,True
43609214,150827,1323636,502,6198155,KJ Simpson,DEN,PG,7900.0,False,True
43609215,150827,1323636,503,6198155,KJ Simpson,DEN,PG,7900.0,False,True
43609216,150827,1253947,496,6198155,Mark Sears,DEN,PG,7500.0,False,True
43609217,150827,1253947,502,6198155,Mark Sears,DEN,PG,7500.0,False,True
43609218,150827,1253947,503,6198155,Mark Sears,DEN,PG,7500.0,False,True
43609219,150827,1241594,500,6198154,Vladislav Goldin,MIA,C,7500.0,False,True
43609220,150827,1241594,503,6198154,Vladislav Goldin,MIA,C,7500.0,False,True
43609221,150827,1193172,498,6198155,Jalen Bridges,POR,SF/PF,7300.0,False,True
43609222,150827,1193172,499,6198155,Jalen Bridges,POR,SF/PF,7300.0,False,True
43609223,150827,1193172,501,6198155,Jalen Bridges,POR,SF/PF,7300.0,False,True
43609224,150827,1193172,503,6198155,Jalen Bridges,POR,SF/PF,7300.0,False,True
43609225,150827,1591570,500,6198155,Hansen Yang,POR,C,7000.0,False,True
43609226,150827,1591570,503,6198155,Hansen Yang,POR,C,7000.0,False,True
43609227,150827,1538643,499,6198154,Allen Graves,TOR,PF,6900.0,False,True
43609228,150827,1538643,501,6198154,Allen Graves,TOR,PF,6900.0,False,True
43609229,150827,1538643,503,6198154,Allen Graves,TOR,PF,6900.0,False,True
43609230,150827,1232344,496,6198154,Alijah Martin,TOR,PG,6800.0,False,True
43609231,150827,1232344,502,6198154,Alijah Martin,TOR,PG,6800.0,False,True
43609232,150827,1232344,503,6198154,Alijah Martin,TOR,PG,6800.0,False,True
43609233,150827,1327212,496,6198154,Chucky Hepburn,TOR,PG,6500.0,False,True
43609234,150827,1327212,502,6198154,Chucky Hepburn,TOR,PG,6500.0,False,True
43609235,150827,1327212,503,6198154,Chucky Hepburn,TOR,PG,6500.0,False,True
43609236,150827,1429347,496,6198155,Jaylen Martin,POR,PG/SG,6400.0,False,True
43609237,150827,1429347,497,6198155,Jaylen Martin,POR,PG/SG,6400.0,False,True
43609238,150827,1429347,502,6198155,Jaylen Martin,POR,PG/SG,6400.0,False,True
43609239,150827,1429347,503,6198155,Jaylen Martin,POR,PG/SG,6400.0,False,True
43609240,150827,1340791,498,6198155,Bryce Hopkins,DEN,SF,6400.0,False,True
43609241,150827,1340791,501,6198155,Bryce Hopkins,DEN,SF,6400.0,False,True
43609242,150827,1340791,503,6198155,Bryce Hopkins,DEN,SF,6400.0,False,True
43609243,150827,1342729,497,6198154,Kendall Brown,MIA,SG/SF,6300.0,False,True
43609244,150827,1342729,498,6198154,Kendall Brown,MIA,SG/SF,6300.0,False,True
43609245,150827,1342729,502,6198154,Kendall Brown,MIA,SG/SF,6300.0,False,True
43609246,150827,1342729,501,6198154,Kendall Brown,MIA,SG/SF,6300.0,False,True
43609247,150827,1342729,503,6198154,Kendall Brown,MIA,SG/SF,6300.0,False,True
43609248,150827,1243685,498,6198155,Jayson Kent,POR,SF/PF,6300.0,False,True
43609249,150827,1243685,499,6198155,Jayson Kent,POR,SF/PF,6300.0,False,True
43609250,150827,1243685,501,6198155,Jayson Kent,POR,SF/PF,6300.0,False,True
43609251,150827,1243685,503,6198155,Jayson Kent,POR,SF/PF,6300.0,False,True
43609252,150827,1197462,496,6198154,Myron Gardner,MIA,PG/SG,6100.0,False,True
43609253,150827,1197462,497,6198154,Myron Gardner,MIA,PG/SG,6100.0,False,True
43609254,150827,1197462,502,6198154,Myron Gardner,MIA,PG/SG,6100.0,False,True
43609255,150827,1197462,503,6198154,Myron Gardner,MIA,PG/SG,6100.0,False,True
43609256,150827,1401378,497,6198154,Jaden Bradley,TOR,SG,6000.0,False,True
43609257,150827,1401378,502,6198154,Jaden Bradley,TOR,SG,6000.0,False,True
43609258,150827,1401378,503,6198154,Jaden Bradley,TOR,SG,6000.0,False,True
43609259,150827,1176274,496,6198154,Jahmir Young,MIA,PG/SG,6000.0,False,True
43609260,150827,1176274,497,6198154,Jahmir Young,MIA,PG/SG,6000.0,False,True
43609261,150827,1176274,502,6198154,Jahmir Young,MIA,PG/SG,6000.0,False,True
43609262,150827,1176274,503,6198154,Jahmir Young,MIA,PG/SG,6000.0,False,True
43609263,150827,1324309,499,6198155,Trevon Brazile,DEN,PF,6000.0,False,True
43609264,150827,1324309,501,6198155,Trevon Brazile,DEN,PF,6000.0,False,True
43609265,150827,1324309,503,6198155,Trevon Brazile,DEN,PF,6000.0,False,True
43609266,150827,1323990,496,6198154,Trevor Keels,MIA,PG/SG,5900.0,False,True
43609267,150827,1323990,497,6198154,Trevor Keels,MIA,PG/SG,5900.0,False,True
43609268,150827,1323990,502,6198154,Trevor Keels,MIA,PG/SG,5900.0,False,True
43609269,150827,1323990,503,6198154,Trevor Keels,MIA,PG/SG,5900.0,False,True
43609270,150827,1189241,497,6198154,Seth Lundy,TOR,SG/SF,5900.0,False,True
43609271,150827,1189241,498,6198154,Seth Lundy,TOR,SG/SF,5900.0,False,True
43609272,150827,1189241,502,6198154,Seth Lundy,TOR,SG/SF,5900.0,False,True
43609273,150827,1189241,501,6198154,Seth Lundy,TOR,SG/SF,5900.0,False,True
43609274,150827,1189241,503,6198154,Seth Lundy,TOR,SG/SF,5900.0,False,True
43609275,150827,1405618,497,6198154,Ryan Conwell,MIA,SG,5800.0,False,True
43609276,150827,1405618,502,6198154,Ryan Conwell,MIA,SG,5800.0,False,True
43609277,150827,1405618,503,6198154,Ryan Conwell,MIA,SG,5800.0,False,True
43609278,150827,1234814,496,6198155,Chris Youngblood,POR,PG/SG,5400.0,False,True
43609279,150827,1234814,497,6198155,Chris Youngblood,POR,PG/SG,5400.0,False,True
43609280,150827,1234814,502,6198155,Chris Youngblood,POR,PG/SG,5400.0,False,True
43609281,150827,1234814,503,6198155,Chris Youngblood,POR,PG/SG,5400.0,False,True
43609282,150827,1326876,500,6198154,Nate Bittle,TOR,C,5400.0,False,True
43609283,150827,1326876,503,6198154,Nate Bittle,TOR,C,5400.0,False,True
43609284,150827,950903,496,6198155,DeJon Jarreau,DEN,PG/SG,5200.0,False,True
43609285,150827,950903,497,6198155,DeJon Jarreau,DEN,PG/SG,5200.0,False,True
43609286,150827,950903,502,6198155,DeJon Jarreau,DEN,PG/SG,5200.0,False,True
43609287,150827,950903,503,6198155,DeJon Jarreau,DEN,PG/SG,5200.0,False,True
43609288,150827,1345658,498,6198154,Jamarion Sharp,TOR,SF/PF,5200.0,False,True
43609289,150827,1345658,499,6198154,Jamarion Sharp,TOR,SF/PF,5200.0,False,True
43609290,150827,1345658,501,6198154,Jamarion Sharp,TOR,SF/PF,5200.0,False,True
43609291,150827,1345658,503,6198154,Jamarion Sharp,TOR,SF/PF,5200.0,False,True
43609292,150827,1401394,496,6198154,Tre Donaldson,MIA,PG,5200.0,False,True
43609293,150827,1401394,502,6198154,Tre Donaldson,MIA,PG,5200.0,False,True
43609294,150827,1401394,503,6198154,Tre Donaldson,MIA,PG,5200.0,False,True
43609295,150827,1132913,496,6198155,Erik Stevenson,DEN,PG/SG,5100.0,False,True
43609296,150827,1132913,497,6198155,Erik Stevenson,DEN,PG/SG,5100.0,False,True
43609297,150827,1132913,502,6198155,Erik Stevenson,DEN,PG/SG,5100.0,False,True
43609298,150827,1132913,503,6198155,Erik Stevenson,DEN,PG/SG,5100.0,False,True
43609299,150827,1528636,496,6198154,Nate Kingz,MIA,PG/SG,5000.0,False,True
43609300,150827,1528636,497,6198154,Nate Kingz,MIA,PG/SG,5000.0,False,True
43609301,150827,1528636,502,6198154,Nate Kingz,MIA,PG/SG,5000.0,False,True
43609302,150827,1528636,503,6198154,Nate Kingz,MIA,PG/SG,5000.0,False,True
43609303,150827,1231627,497,6198155,Matthew Murrell,DEN,SG,5000.0,False,True
43609304,150827,1231627,502,6198155,Matthew Murrell,DEN,SG,5000.0,False,True
43609305,150827,1231627,503,6198155,Matthew Murrell,DEN,SG,5000.0,False,True
43609306,150827,1182151,497,6198155,Jahmi'us Ramsey,DEN,SG,4900.0,False,True
43609307,150827,1182151,502,6198155,Jahmi'us Ramsey,DEN,SG,4900.0,False,True
43609308,150827,1182151,503,6198155,Jahmi'us Ramsey,DEN,SG,4900.0,False,True
43609309,150827,1408465,498,6198154,Keyshawn Hall,MIA,SF/PF,4800.0,False,True
43609310,150827,1408465,499,6198154,Keyshawn Hall,MIA,SF/PF,4800.0,False,True
43609311,150827,1408465,501,6198154,Keyshawn Hall,MIA,SF/PF,4800.0,False,True
43609312,150827,1408465,503,6198154,Keyshawn Hall,MIA,SF/PF,4800.0,False,True
43609313,150827,1179796,496,6198155,Quincy Olivari,POR,PG/SG,4800.0,False,True
43609314,150827,1179796,497,6198155,Quincy Olivari,POR,PG/SG,4800.0,False,True
43609315,150827,1179796,502,6198155,Quincy Olivari,POR,PG/SG,4800.0,False,True
43609316,150827,1179796,503,6198155,Quincy Olivari,POR,PG/SG,4800.0,False,True
43609317,150827,1232444,496,6198154,J'Vonne Hadley,MIA,PG/SG,4800.0,False,True
43609318,150827,1232444,497,6198154,J'Vonne Hadley,MIA,PG/SG,4800.0,False,True
43609319,150827,1232444,502,6198154,J'Vonne Hadley,MIA,PG/SG,4800.0,False,True
43609320,150827,1232444,503,6198154,J'Vonne Hadley,MIA,PG/SG,4800.0,False,True
43609321,150827,1231852,498,6198155,Andrew Carr,POR,SF/PF,4800.0,False,True
43609322,150827,1231852,499,6198155,Andrew Carr,POR,SF/PF,4800.0,False,True
43609323,150827,1231852,501,6198155,Andrew Carr,POR,SF/PF,4800.0,False,True
43609324,150827,1231852,503,6198155,Andrew Carr,POR,SF/PF,4800.0,False,True
43609325,150827,1230357,496,6198155,DJ Steward,POR,PG/SG,4700.0,False,True
43609326,150827,1230357,497,6198155,DJ Steward,POR,PG/SG,4700.0,False,True
43609327,150827,1230357,502,6198155,DJ Steward,POR,PG/SG,4700.0,False,True
43609328,150827,1230357,503,6198155,DJ Steward,POR,PG/SG,4700.0,False,True
43609329,150827,1405903,496,6198154,Tre White,MIA,PG/SG,4700.0,False,True
43609330,150827,1405903,497,6198154,Tre White,MIA,PG/SG,4700.0,False,True
43609331,150827,1405903,502,6198154,Tre White,MIA,PG/SG,4700.0,False,True
43609332,150827,1405903,503,6198154,Tre White,MIA,PG/SG,4700.0,False,True
43609333,150827,1348260,496,6198154,Malik Thomas,TOR,PG/SG,4600.0,False,True
43609334,150827,1348260,497,6198154,Malik Thomas,TOR,PG/SG,4600.0,False,True
43609335,150827,1348260,502,6198154,Malik Thomas,TOR,PG/SG,4600.0,False,True
43609336,150827,1348260,503,6198154,Malik Thomas,TOR,PG/SG,4600.0,False,True
43609337,150827,1323682,498,6198154,Ian Schieffelin,MIA,SF/PF,4600.0,False,True
43609338,150827,1323682,499,6198154,Ian Schieffelin,MIA,SF/PF,4600.0,False,True
43609339,150827,1323682,501,6198154,Ian Schieffelin,MIA,SF/PF,4600.0,False,True
43609340,150827,1323682,503,6198154,Ian Schieffelin,MIA,SF/PF,4600.0,False,True
43609341,150827,1241593,496,6198154,Nimari Burnett,TOR,PG/SG,4600.0,False,True
43609342,150827,1241593,497,6198154,Nimari Burnett,TOR,PG/SG,4600.0,False,True
43609343,150827,1241593,502,6198154,Nimari Burnett,TOR,PG/SG,4600.0,False,True
43609344,150827,1241593,503,6198154,Nimari Burnett,TOR,PG/SG,4600.0,False,True
43609345,150827,1232441,498,6198155,Osayi Osifo,DEN,SF/PF,4600.0,False,True
43609346,150827,1232441,499,6198155,Osayi Osifo,DEN,SF/PF,4600.0,False,True
43609347,150827,1232441,501,6198155,Osayi Osifo,DEN,SF/PF,4600.0,False,True
43609348,150827,1232441,503,6198155,Osayi Osifo,DEN,SF/PF,4600.0,False,True
43609349,150827,1403632,498,6198154,Ezra Ausar,MIA,SF/PF,4500.0,False,True
43609350,150827,1403632,499,6198154,Ezra Ausar,MIA,SF/PF,4500.0,False,True
43609351,150827,1403632,501,6198154,Ezra Ausar,MIA,SF/PF,4500.0,False,True
43609352,150827,1403632,503,6198154,Ezra Ausar,MIA,SF/PF,4500.0,False,True
43609353,150827,1453380,498,6198155,Aliou Diarra,POR,SF/PF,4500.0,False,True
43609354,150827,1453380,499,6198155,Aliou Diarra,POR,SF/PF,4500.0,False,True
43609355,150827,1453380,501,6198155,Aliou Diarra,POR,SF/PF,4500.0,False,True
43609356,150827,1453380,503,6198155,Aliou Diarra,POR,SF/PF,4500.0,False,True
43609357,150827,1088723,496,6198154,Tyreke Key,TOR,PG/SG,4500.0,False,True
43609358,150827,1088723,497,6198154,Tyreke Key,TOR,PG/SG,4500.0,False,True
43609359,150827,1088723,502,6198154,Tyreke Key,TOR,PG/SG,4500.0,False,True
43609360,150827,1088723,503,6198154,Tyreke Key,TOR,PG/SG,4500.0,False,True
43609361,150827,1325115,498,6198155,Frankie Fidler,POR,SF/PF,4500.0,False,True
43609362,150827,1325115,499,6198155,Frankie Fidler,POR,SF/PF,4500.0,False,True
43609363,150827,1325115,501,6198155,Frankie Fidler,POR,SF/PF,4500.0,False,True
43609364,150827,1325115,503,6198155,Frankie Fidler,POR,SF/PF,4500.0,False,True
43609365,150827,1231389,496,6198155,TJ Bamba,DEN,PG/SG,4500.0,False,True
43609366,150827,1231389,497,6198155,TJ Bamba,DEN,PG/SG,4500.0,False,True
43609367,150827,1231389,502,6198155,TJ Bamba,DEN,PG/SG,4500.0,False,True
43609368,150827,1231389,503,6198155,TJ Bamba,DEN,PG/SG,4500.0,False,True
43609369,150827,1243566,498,6198154,Aziz Bandaogo,TOR,SF/PF,4400.0,False,True
43609370,150827,1243566,499,6198154,Aziz Bandaogo,TOR,SF/PF,4400.0,False,True
43609371,150827,1243566,501,6198154,Aziz Bandaogo,TOR,SF/PF,4400.0,False,True
43609372,150827,1243566,503,6198154,Aziz Bandaogo,TOR,SF/PF,4400.0,False,True
43609373,150827,1401387,497,6198155,Barry Dunning Jr.,POR,SG/SF,4400.0,False,True
43609374,150827,1401387,498,6198155,Barry Dunning Jr.,POR,SG/SF,4400.0,False,True
43609375,150827,1401387,502,6198155,Barry Dunning Jr.,POR,SG/SF,4400.0,False,True
43609376,150827,1401387,501,6198155,Barry Dunning Jr.,POR,SG/SF,4400.0,False,True
43609377,150827,1401387,503,6198155,Barry Dunning Jr.,POR,SG/SF,4400.0,False,True
43609378,150827,1403601,497,6198155,Mark Mitchell,DEN,SG/SF,4400.0,False,True
43609379,150827,1403601,498,6198155,Mark Mitchell,DEN,SG/SF,4400.0,False,True
43609380,150827,1403601,502,6198155,Mark Mitchell,DEN,SG/SF,4400.0,False,True
43609381,150827,1403601,501,6198155,Mark Mitchell,DEN,SG/SF,4400.0,False,True
43609382,150827,1403601,503,6198155,Mark Mitchell,DEN,SG/SF,4400.0,False,True
43609383,150827,1487427,496,6198155,Aaron Nkrumah,DEN,PG/SG,4300.0,False,True
43609384,150827,1487427,497,6198155,Aaron Nkrumah,DEN,PG/SG,4300.0,False,True
43609385,150827,1487427,502,6198155,Aaron Nkrumah,DEN,PG/SG,4300.0,False,True
43609386,150827,1487427,503,6198155,Aaron Nkrumah,DEN,PG/SG,4300.0,False,True
43609387,150827,1327770,500,6198155,Giovanni Emejuru,DEN,C,4300.0,False,True
43609388,150827,1327770,503,6198155,Giovanni Emejuru,DEN,C,4300.0,False,True
43609389,150827,1231293,498,6198154,Brandon Angel,TOR,SF/PF,4300.0,False,True
43609390,150827,1231293,499,6198154,Brandon Angel,TOR,SF/PF,4300.0,False,True
43609391,150827,1231293,501,6198154,Brandon Angel,TOR,SF/PF,4300.0,False,True
43609392,150827,1231293,503,6198154,Brandon Angel,TOR,SF/PF,4300.0,False,True
43609393,150827,1094731,496,6198155,Flynn Cameron,POR,PG/SG,4300.0,False,True
43609394,150827,1094731,497,6198155,Flynn Cameron,POR,PG/SG,4300.0,False,True
43609395,150827,1094731,502,6198155,Flynn Cameron,POR,PG/SG,4300.0,False,True
43609396,150827,1094731,503,6198155,Flynn Cameron,POR,PG/SG,4300.0,False,True
43609397,150827,1089686,498,6198155,E.J. Anosike,DEN,SF/PF,4200.0,False,True
43609398,150827,1089686,499,6198155,E.J. Anosike,DEN,SF/PF,4200.0,False,True
43609399,150827,1089686,501,6198155,E.J. Anosike,DEN,SF/PF,4200.0,False,True
43609400,150827,1089686,503,6198155,E.J. Anosike,DEN,SF/PF,4200.0,False,True
43609401,150827,1232142,496,6198154,Jalen Celestine,TOR,PG/SG,4200.0,False,True
43609402,150827,1232142,497,6198154,Jalen Celestine,TOR,PG/SG,4200.0,False,True
43609403,150827,1232142,502,6198154,Jalen Celestine,TOR,PG/SG,4200.0,False,True
43609404,150827,1232142,503,6198154,Jalen Celestine,TOR,PG/SG,4200.0,False,True
43609405,150827,1420755,500,6198154,Arnas Sakenis,MIA,C,4200.0,False,True
43609406,150827,1420755,503,6198154,Arnas Sakenis,MIA,C,4200.0,False,True
43609407,150827,1241397,496,6198154,A.J. Hoggard,TOR,PG/SG,4100.0,False,True
43609408,150827,1241397,497,6198154,A.J. Hoggard,TOR,PG/SG,4100.0,False,True
43609409,150827,1241397,502,6198154,A.J. Hoggard,TOR,PG/SG,4100.0,False,True
43609410,150827,1241397,503,6198154,A.J. Hoggard,TOR,PG/SG,4100.0,False,True
43609411,150827,1326046,498,6198154,Tyson Degenhart,TOR,SF/PF,4000.0,False,True
43609412,150827,1326046,499,6198154,Tyson Degenhart,TOR,SF/PF,4000.0,False,True
43609413,150827,1326046,501,6198154,Tyson Degenhart,TOR,SF/PF,4000.0,False,True
43609414,150827,1326046,503,6198154,Tyson Degenhart,TOR,SF/PF,4000.0,False,True
43609415,150827,1266174,496,6198154,Meechie Johnson,MIA,PG/SG,4000.0,False,True
43609416,150827,1266174,497,6198154,Meechie Johnson,MIA,PG/SG,4000.0,False,True
43609417,150827,1266174,502,6198154,Meechie Johnson,MIA,PG/SG,4000.0,False,True
43609418,150827,1266174,503,6198154,Meechie Johnson,MIA,PG/SG,4000.0,False,True
43609419,150827,1231921,497,6198155,Coleman Hawkins,DEN,SG/SF,4000.0,False,True
43609420,150827,1231921,498,6198155,Coleman Hawkins,DEN,SG/SF,4000.0,False,True
43609421,150827,1231921,502,6198155,Coleman Hawkins,DEN,SG/SF,4000.0,False,True
43609422,150827,1231921,501,6198155,Coleman Hawkins,DEN,SG/SF,4000.0,False,True
43609423,150827,1231921,503,6198155,Coleman Hawkins,DEN,SG/SF,4000.0,False,True
43609424,150827,1401379,496,6198155,Rylan Griffen,DEN,PG/SG,4000.0,False,True
43609425,150827,1401379,497,6198155,Rylan Griffen,DEN,PG/SG,4000.0,False,True
43609426,150827,1401379,502,6198155,Rylan Griffen,DEN,PG/SG,4000.0,False,True
43609427,150827,1401379,503,6198155,Rylan Griffen,DEN,PG/SG,4000.0,False,True
43609428,150827,1231378,498,6198155,Efe Abogidi,DEN,SF/PF,4000.0,False,True
43609429,150827,1231378,499,6198155,Efe Abogidi,DEN,SF/PF,4000.0,False,True
43609430,150827,1231378,501,6198155,Efe Abogidi,DEN,SF/PF,4000.0,False,True
43609431,150827,1231378,503,6198155,Efe Abogidi,DEN,SF/PF,4000.0,False,True
43609432,150827,1351088,496,6198154,Cam Carter,MIA,PG/SG,4000.0,False,True
43609433,150827,1351088,497,6198154,Cam Carter,MIA,PG/SG,4000.0,False,True
43609434,150827,1351088,502,6198154,Cam Carter,MIA,PG/SG,4000.0,False,True
43609435,150827,1351088,503,6198154,Cam Carter,MIA,PG/SG,4000.0,False,True
43609436,150828,1323636,494,6198155,KJ Simpson,DEN,PG,10200.0,False,True
43609437,150828,1253947,494,6198155,Mark Sears,DEN,PG,9800.0,False,True
43609438,150828,1193172,494,6198155,Jalen Bridges,POR,SF/PF,9200.0,False,True
43609439,150828,1591570,494,6198155,Hansen Yang,POR,C,8600.0,False,True
43609440,150828,1429347,494,6198155,Jaylen Martin,POR,PG/SG,8000.0,False,True
43609441,150828,1340791,494,6198155,Bryce Hopkins,DEN,SF,7600.0,False,True
43609442,150828,1243685,494,6198155,Jayson Kent,POR,SF/PF,7200.0,False,True
43609443,150828,1324309,494,6198155,Trevon Brazile,DEN,PF,7000.0,False,True
43609444,150828,1234814,494,6198155,Chris Youngblood,POR,PG/SG,6400.0,False,True
43609445,150828,950903,494,6198155,DeJon Jarreau,DEN,PG/SG,6000.0,False,True
43609446,150828,1132913,494,6198155,Erik Stevenson,DEN,PG/SG,5600.0,False,True
43609447,150828,1231627,494,6198155,Matthew Murrell,DEN,SG,5400.0,False,True
43609448,150828,1182151,494,6198155,Jahmi'us Ramsey,DEN,SG,5000.0,False,True
43609449,150828,1179796,494,6198155,Quincy Olivari,POR,PG/SG,4800.0,False,True
43609450,150828,1231852,494,6198155,Andrew Carr,POR,SF/PF,4400.0,False,True
43609451,150828,1230357,494,6198155,DJ Steward,POR,PG/SG,4000.0,False,True
43609452,150828,1232441,494,6198155,Osayi Osifo,DEN,SF/PF,3600.0,False,True
43609453,150828,1453380,494,6198155,Aliou Diarra,POR,SF/PF,3200.0,False,True
43609454,150828,1325115,494,6198155,Frankie Fidler,POR,SF/PF,2400.0,False,True
43609455,150828,1231389,494,6198155,TJ Bamba,DEN,PG/SG,2000.0,False,True
43609456,150828,1401387,494,6198155,Barry Dunning Jr.,POR,SG/SF,2000.0,False,True
43609457,150828,1403601,494,6198155,Mark Mitchell,DEN,SG/SF,2000.0,False,True
43609458,150828,1487427,494,6198155,Aaron Nkrumah,DEN,PG/SG,2000.0,False,True
43609459,150828,1327770,494,6198155,Giovanni Emejuru,DEN,C,2000.0,False,True
43609460,150828,1094731,494,6198155,Flynn Cameron,POR,PG/SG,2000.0,False,True
43609461,150828,1089686,494,6198155,E.J. Anosike,DEN,SF/PF,2000.0,False,True
43609462,150828,1231921,494,6198155,Coleman Hawkins,DEN,SG/SF,2000.0,False,True
43609463,150828,1401379,494,6198155,Rylan Griffen,DEN,PG/SG,2000.0,False,True
43609464,150828,1231378,494,6198155,Efe Abogidi,DEN,SF/PF,2000.0,False,True
43609465,150828,1323636,495,6198155,KJ Simpson,DEN,PG,15300.0,False,True
43609466,150828,1253947,495,6198155,Mark Sears,DEN,PG,14700.0,False,True
43609467,150828,1193172,495,6198155,Jalen Bridges,POR,SF/PF,13800.0,False,True
43609468,150828,1591570,495,6198155,Hansen Yang,POR,C,12900.0,False,True
43609469,150828,1429347,495,6198155,Jaylen Martin,POR,PG/SG,12000.0,False,True
43609470,150828,1340791,495,6198155,Bryce Hopkins,DEN,SF,11400.0,False,True
43609471,150828,1243685,495,6198155,Jayson Kent,POR,SF/PF,10800.0,False,True
43609472,150828,1324309,495,6198155,Trevon Brazile,DEN,PF,10500.0,False,True
43609473,150828,1234814,495,6198155,Chris Youngblood,POR,PG/SG,9600.0,False,True
43609474,150828,950903,495,6198155,DeJon Jarreau,DEN,PG/SG,9000.0,False,True
43609475,150828,1132913,495,6198155,Erik Stevenson,DEN,PG/SG,8400.0,False,True
43609476,150828,1231627,495,6198155,Matthew Murrell,DEN,SG,8100.0,False,True
43609477,150828,1182151,495,6198155,Jahmi'us Ramsey,DEN,SG,7500.0,False,True
43609478,150828,1179796,495,6198155,Quincy Olivari,POR,PG/SG,7200.0,False,True
43609479,150828,1231852,495,6198155,Andrew Carr,POR,SF/PF,6600.0,False,True
43609480,150828,1230357,495,6198155,DJ Steward,POR,PG/SG,6000.0,False,True
43609481,150828,1232441,495,6198155,Osayi Osifo,DEN,SF/PF,5400.0,False,True
43609482,150828,1453380,495,6198155,Aliou Diarra,POR,SF/PF,4800.0,False,True
43609483,150828,1325115,495,6198155,Frankie Fidler,POR,SF/PF,3600.0,False,True
43609484,150828,1231389,495,6198155,TJ Bamba,DEN,PG/SG,3000.0,False,True
43609485,150828,1401387,495,6198155,Barry Dunning Jr.,POR,SG/SF,3000.0,False,True
43609486,150828,1403601,495,6198155,Mark Mitchell,DEN,SG/SF,3000.0,False,True
43609487,150828,1487427,495,6198155,Aaron Nkrumah,DEN,PG/SG,3000.0,False,True
43609488,150828,1327770,495,6198155,Giovanni Emejuru,DEN,C,3000.0,False,True
43609489,150828,1094731,495,6198155,Flynn Cameron,POR,PG/SG,3000.0,False,True
43609490,150828,1089686,495,6198155,E.J. Anosike,DEN,SF/PF,3000.0,False,True
43609491,150828,1231921,495,6198155,Coleman Hawkins,DEN,SG/SF,3000.0,False,True
43609492,150828,1401379,495,6198155,Rylan Griffen,DEN,PG/SG,3000.0,False,True
43609493,150828,1231378,495,6198155,Efe Abogidi,DEN,SF/PF,3000.0,False,True
