draftable_id,draft_group_id,player_id,roster_slot_id,competition_id,name,team,position_name,salary,is_disabled,is_swappable
43600452,150663,1519152,496,6198135,Labaron Philon Jr.,PHI,PG,9000.0,False,True
43600453,150663,1519152,502,6198135,Labaron Philon Jr.,PHI,PG,9000.0,False,True
43600454,150663,1519152,503,6198135,Labaron Philon Jr.,PHI,PG,9000.0,False,True
43600455,150663,1231975,500,6198135,Johni Broome,PHI,C,8900.0,False,True
43600456,150663,1231975,503,6198135,Johni Broome,PHI,C,8900.0,False,True
43600457,150663,1523978,496,6198136,Egor Demin,BKN,PG,8700.0,False,True
43600458,150663,1523978,502,6198136,Egor Demin,BKN,PG,8700.0,False,True
43600459,150663,1523978,503,6198136,Egor Demin,BKN,PG,8700.0,False,True
43600460,150663,1415928,499,6198136,Danny Wolf,BKN,PF,8600.0,False,True
43600461,150663,1415928,501,6198136,Danny Wolf,BKN,PF,8600.0,False,True
43600462,150663,1415928,503,6198136,Danny Wolf,BKN,PF,8600.0,False,True
43600463,150663,1326453,500,6198136,Maxime Raynaud,SAC,C,8400.0,False,True
43600464,150663,1326453,503,6198136,Maxime Raynaud,SAC,C,8400.0,False,True
43600465,150663,1176631,498,6198135,Isaiah Crawford,HOU,SF/PF,8200.0,False,True
43600466,150663,1176631,499,6198135,Isaiah Crawford,HOU,SF/PF,8200.0,False,True
43600467,150663,1176631,501,6198135,Isaiah Crawford,HOU,SF/PF,8200.0,False,True
43600468,150663,1176631,503,6198135,Isaiah Crawford,HOU,SF/PF,8200.0,False,True
43600469,150663,1591016,496,6198136,Darius Acuff Jr.,SAC,PG,8100.0,False,True
43600470,150663,1591016,502,6198136,Darius Acuff Jr.,SAC,PG,8100.0,False,True
43600471,150663,1591016,503,6198136,Darius Acuff Jr.,SAC,PG,8100.0,False,True
43600472,150663,1232529,497,6198136,Nique Clifford,SAC,SG/SF,7900.0,False,True
43600473,150663,1232529,498,6198136,Nique Clifford,SAC,SG/SF,7900.0,False,True
43600474,150663,1232529,502,6198136,Nique Clifford,SAC,SG/SF,7900.0,False,True
43600475,150663,1232529,501,6198136,Nique Clifford,SAC,SG/SF,7900.0,False,True
43600476,150663,1232529,503,6198136,Nique Clifford,SAC,SG/SF,7900.0,False,True
43600477,150663,1593658,496,6198136,Mikel Brown Jr.,BKN,PG,7600.0,False,True
43600478,150663,1593658,502,6198136,Mikel Brown Jr.,BKN,PG,7600.0,False,True
43600479,150663,1593658,503,6198136,Mikel Brown Jr.,BKN,PG,7600.0,False,True
43600480,150663,1408255,496,6198135,Bruce Thornton,HOU,PG,7300.0,False,True
43600481,150663,1408255,502,6198135,Bruce Thornton,HOU,PG,7300.0,False,True
43600482,150663,1408255,503,6198135,Bruce Thornton,HOU,PG,7300.0,False,True
43600483,150663,1475170,498,6198136,Chaney Johnson,BKN,SF,7200.0,False,True
43600484,150663,1475170,501,6198136,Chaney Johnson,BKN,SF,7200.0,False,True
43600485,150663,1475170,503,6198136,Chaney Johnson,BKN,SF,7200.0,False,True
43600486,150663,1174846,497,6198135,Tristen Newton,HOU,SG,6900.0,False,True
43600487,150663,1174846,502,6198135,Tristen Newton,HOU,SG,6900.0,False,True
43600488,150663,1174846,503,6198135,Tristen Newton,HOU,SG,6900.0,False,True
43600489,150663,1590554,497,6198136,Ben Saraf,BKN,SG,6800.0,False,True
43600490,150663,1590554,502,6198136,Ben Saraf,BKN,SG,6800.0,False,True
43600491,150663,1590554,503,6198136,Ben Saraf,BKN,SG,6800.0,False,True
43600492,150663,1271709,497,6198135,Daishen Nix,HOU,SG,6700.0,False,True
43600493,150663,1271709,502,6198135,Daishen Nix,HOU,SG,6700.0,False,True
43600494,150663,1271709,503,6198135,Daishen Nix,HOU,SG,6700.0,False,True
43600495,150663,1251665,500,6198136,Dylan Cardwell,SAC,C,6600.0,False,True
43600496,150663,1251665,503,6198136,Dylan Cardwell,SAC,C,6600.0,False,True
43600497,150663,1404902,498,6198136,Jonathan Mogbo,SAC,SF/PF,6500.0,False,True
43600498,150663,1404902,499,6198136,Jonathan Mogbo,SAC,SF/PF,6500.0,False,True
43600499,150663,1404902,501,6198136,Jonathan Mogbo,SAC,SF/PF,6500.0,False,True
43600500,150663,1404902,503,6198136,Jonathan Mogbo,SAC,SF/PF,6500.0,False,True
43600501,150663,1542179,498,6198136,Drake Powell,BKN,SF,6300.0,False,True
43600502,150663,1542179,501,6198136,Drake Powell,BKN,SF,6300.0,False,True
43600503,150663,1542179,503,6198136,Drake Powell,BKN,SF,6300.0,False,True
43600504,150663,1343005,496,6198136,Hunter Sallis,BKN,PG/SG,5900.0,False,True
43600505,150663,1343005,497,6198136,Hunter Sallis,BKN,PG/SG,5900.0,False,True
43600506,150663,1343005,502,6198136,Hunter Sallis,BKN,PG/SG,5900.0,False,True
43600507,150663,1343005,503,6198136,Hunter Sallis,BKN,PG/SG,5900.0,False,True
43600508,150663,1408145,496,6198135,Quadir Copeland,HOU,PG/SG,5700.0,False,True
43600509,150663,1408145,497,6198135,Quadir Copeland,HOU,PG/SG,5700.0,False,True
43600510,150663,1408145,502,6198135,Quadir Copeland,HOU,PG/SG,5700.0,False,True
43600511,150663,1408145,503,6198135,Quadir Copeland,HOU,PG/SG,5700.0,False,True
43600512,150663,1324081,498,6198135,Saint Thomas,PHI,SF/PF,5500.0,False,True
43600513,150663,1324081,499,6198135,Saint Thomas,PHI,SF/PF,5500.0,False,True
43600514,150663,1324081,501,6198135,Saint Thomas,PHI,SF/PF,5500.0,False,True
43600515,150663,1324081,503,6198135,Saint Thomas,PHI,SF/PF,5500.0,False,True
43600516,150663,1234923,498,6198135,Matt Rogers,PHI,SF/PF,5300.0,False,True
43600517,150663,1234923,499,6198135,Matt Rogers,PHI,SF/PF,5300.0,False,True
43600518,150663,1234923,501,6198135,Matt Rogers,PHI,SF/PF,5300.0,False,True
43600519,150663,1234923,503,6198135,Matt Rogers,PHI,SF/PF,5300.0,False,True
43600520,150663,1232029,496,6198135,Dante Maddox Jr.,PHI,PG/SG,5200.0,False,True
43600521,150663,1232029,497,6198135,Dante Maddox Jr.,PHI,PG/SG,5200.0,False,True
43600522,150663,1232029,502,6198135,Dante Maddox Jr.,PHI,PG/SG,5200.0,False,True
43600523,150663,1232029,503,6198135,Dante Maddox Jr.,PHI,PG/SG,5200.0,False,True
43600524,150663,1403617,497,6198136,Emanuel Sharp,SAC,SG,5100.0,False,True
43600525,150663,1403617,502,6198136,Emanuel Sharp,SAC,SG,5100.0,False,True
43600526,150663,1403617,503,6198136,Emanuel Sharp,SAC,SG,5100.0,False,True
43600527,150663,1432591,496,6198135,Gerald Ayayi,PHI,PG,5000.0,False,True
43600528,150663,1432591,502,6198135,Gerald Ayayi,PHI,PG,5000.0,False,True
43600529,150663,1432591,503,6198135,Gerald Ayayi,PHI,PG,5000.0,False,True
43600530,150663,1365403,498,6198136,Alex Karaban,SAC,SF,4900.0,False,True
43600531,150663,1365403,501,6198136,Alex Karaban,SAC,SF,4900.0,False,True
43600532,150663,1365403,503,6198136,Alex Karaban,SAC,SF,4900.0,False,True
43600533,150663,1136581,496,6198136,Adam Flagler,SAC,PG/SG,4800.0,False,True
43600534,150663,1136581,497,6198136,Adam Flagler,SAC,PG/SG,4800.0,False,True
43600535,150663,1136581,502,6198136,Adam Flagler,SAC,PG/SG,4800.0,False,True
43600536,150663,1136581,503,6198136,Adam Flagler,SAC,PG/SG,4800.0,False,True
43600537,150663,1133857,498,6198135,Miller Kopp,HOU,SF/PF,4700.0,False,True
43600538,150663,1133857,499,6198135,Miller Kopp,HOU,SF/PF,4700.0,False,True
43600539,150663,1133857,501,6198135,Miller Kopp,HOU,SF/PF,4700.0,False,True
43600540,150663,1133857,503,6198135,Miller Kopp,HOU,SF/PF,4700.0,False,True
43600541,150663,1405461,499,6198136,Tyler Bilodeau,BKN,PF,4600.0,False,True
43600542,150663,1405461,501,6198136,Tyler Bilodeau,BKN,PF,4600.0,False,True
43600543,150663,1405461,503,6198136,Tyler Bilodeau,BKN,PF,4600.0,False,True
43600544,150663,1232497,498,6198136,Grant Nelson,BKN,SF/PF,4500.0,False,True
43600545,150663,1232497,499,6198136,Grant Nelson,BKN,SF/PF,4500.0,False,True
43600546,150663,1232497,501,6198136,Grant Nelson,BKN,SF/PF,4500.0,False,True
43600547,150663,1232497,503,6198136,Grant Nelson,BKN,SF/PF,4500.0,False,True
43600548,150663,1357746,499,6198135,Michael Foster,HOU,PF,4500.0,False,True
43600549,150663,1357746,501,6198135,Michael Foster,HOU,PF,4500.0,False,True
43600550,150663,1357746,503,6198135,Michael Foster,HOU,PF,4500.0,False,True
43600551,150663,1536409,496,6198135,Taye Fields,PHI,PG/SG,4400.0,False,True
43600552,150663,1536409,497,6198135,Taye Fields,PHI,PG/SG,4400.0,False,True
43600553,150663,1536409,502,6198135,Taye Fields,PHI,PG/SG,4400.0,False,True
43600554,150663,1536409,503,6198135,Taye Fields,PHI,PG/SG,4400.0,False,True
43600555,150663,1326878,500,6198135,Isaac Johnson,PHI,C,4400.0,False,True
43600556,150663,1326878,503,6198135,Isaac Johnson,PHI,C,4400.0,False,True
43600557,150663,1482307,500,6198135,Oscar Cluff,HOU,C,4300.0,False,True
43600558,150663,1482307,503,6198135,Oscar Cluff,HOU,C,4300.0,False,True
43600559,150663,1415581,498,6198135,Amani Lyles,PHI,SF/PF,4300.0,False,True
43600560,150663,1415581,499,6198135,Amani Lyles,PHI,SF/PF,4300.0,False,True
43600561,150663,1415581,501,6198135,Amani Lyles,PHI,SF/PF,4300.0,False,True
43600562,150663,1415581,503,6198135,Amani Lyles,PHI,SF/PF,4300.0,False,True
43600563,150663,1176335,496,6198135,Mylik Wilson,PHI,PG/SG,4200.0,False,True
43600564,150663,1176335,497,6198135,Mylik Wilson,PHI,PG/SG,4200.0,False,True
43600565,150663,1176335,502,6198135,Mylik Wilson,PHI,PG/SG,4200.0,False,True
43600566,150663,1176335,503,6198135,Mylik Wilson,PHI,PG/SG,4200.0,False,True
43600567,150663,1176528,498,6198135,Chris Ledlum,HOU,SF/PF,4200.0,False,True
43600568,150663,1176528,499,6198135,Chris Ledlum,HOU,SF/PF,4200.0,False,True
43600569,150663,1176528,501,6198135,Chris Ledlum,HOU,SF/PF,4200.0,False,True
43600570,150663,1176528,503,6198135,Chris Ledlum,HOU,SF/PF,4200.0,False,True
43600571,150663,1481728,498,6198136,Ben Humrichous,BKN,SF/PF,4100.0,False,True
43600572,150663,1481728,499,6198136,Ben Humrichous,BKN,SF/PF,4100.0,False,True
43600573,150663,1481728,501,6198136,Ben Humrichous,BKN,SF/PF,4100.0,False,True
43600574,150663,1481728,503,6198136,Ben Humrichous,BKN,SF/PF,4100.0,False,True
43600575,150663,1518772,496,6198136,Isaiah Stevens,SAC,PG/SG,4100.0,False,True
43600576,150663,1518772,497,6198136,Isaiah Stevens,SAC,PG/SG,4100.0,False,True
43600577,150663,1518772,502,6198136,Isaiah Stevens,SAC,PG/SG,4100.0,False,True
43600578,150663,1518772,503,6198136,Isaiah Stevens,SAC,PG/SG,4100.0,False,True
43600579,150663,1415929,498,6198135,Nick Townsend,PHI,SF/PF,4000.0,False,True
43600580,150663,1415929,499,6198135,Nick Townsend,PHI,SF/PF,4000.0,False,True
43600581,150663,1415929,501,6198135,Nick Townsend,PHI,SF/PF,4000.0,False,True
43600582,150663,1415929,503,6198135,Nick Townsend,PHI,SF/PF,4000.0,False,True
43600583,150663,1524017,496,6198135,Javontae Campbell,PHI,PG/SG,4000.0,False,True
43600584,150663,1524017,497,6198135,Javontae Campbell,PHI,PG/SG,4000.0,False,True
43600585,150663,1524017,502,6198135,Javontae Campbell,PHI,PG/SG,4000.0,False,True
43600586,150663,1524017,503,6198135,Javontae Campbell,PHI,PG/SG,4000.0,False,True
43600587,150663,1405695,496,6198136,B.J. Edwards,SAC,PG/SG,4000.0,False,True
43600588,150663,1405695,497,6198136,B.J. Edwards,SAC,PG/SG,4000.0,False,True
43600589,150663,1405695,502,6198136,B.J. Edwards,SAC,PG/SG,4000.0,False,True
43600590,150663,1405695,503,6198136,B.J. Edwards,SAC,PG/SG,4000.0,False,True
43600591,150663,1345138,497,6198136,Aaron Scott,BKN,SG/SF,4000.0,False,True
43600592,150663,1345138,498,6198136,Aaron Scott,BKN,SG/SF,4000.0,False,True
43600593,150663,1345138,502,6198136,Aaron Scott,BKN,SG/SF,4000.0,False,True
43600594,150663,1345138,501,6198136,Aaron Scott,BKN,SG/SF,4000.0,False,True
43600595,150663,1345138,503,6198136,Aaron Scott,BKN,SG/SF,4000.0,False,True
43600596,150663,1324179,496,6198135,Stevie Mitchell,HOU,PG/SG,4000.0,False,True
43600597,150663,1324179,497,6198135,Stevie Mitchell,HOU,PG/SG,4000.0,False,True
43600598,150663,1324179,502,6198135,Stevie Mitchell,HOU,PG/SG,4000.0,False,True
43600599,150663,1324179,503,6198135,Stevie Mitchell,HOU,PG/SG,4000.0,False,True
43600600,150663,1350609,497,6198135,Davide Casarin,HOU,SG,4000.0,False,True
43600601,150663,1350609,502,6198135,Davide Casarin,HOU,SG,4000.0,False,True
43600602,150663,1350609,503,6198135,Davide Casarin,HOU,SG,4000.0,False,True
43600603,150663,1430922,496,6198135,JJ Harper,PHI,PG/SG,4000.0,False,True
43600604,150663,1430922,497,6198135,JJ Harper,PHI,PG/SG,4000.0,False,True
43600605,150663,1430922,502,6198135,JJ Harper,PHI,PG/SG,4000.0,False,True
43600606,150663,1430922,503,6198135,JJ Harper,PHI,PG/SG,4000.0,False,True
43600607,150663,1138202,496,6198136,Dwight Murray Jr.,BKN,PG/SG,4000.0,False,True
43600608,150663,1138202,497,6198136,Dwight Murray Jr.,BKN,PG/SG,4000.0,False,True
43600609,150663,1138202,502,6198136,Dwight Murray Jr.,BKN,PG/SG,4000.0,False,True
43600610,150663,1138202,503,6198136,Dwight Murray Jr.,BKN,PG/SG,4000.0,False,True
43600611,150663,1536964,498,6198136,Elias Ralph,SAC,SF/PF,4000.0,False,True
43600612,150663,1536964,499,6198136,Elias Ralph,SAC,SF/PF,4000.0,False,True
43600613,150663,1536964,501,6198136,Elias Ralph,SAC,SF/PF,4000.0,False,True
43600614,150663,1536964,503,6198136,Elias Ralph,SAC,SF/PF,4000.0,False,True
43600615,150663,1418010,498,6198136,John Ukomadu,BKN,SF/PF,4000.0,False,True
43600616,150663,1418010,499,6198136,John Ukomadu,BKN,SF/PF,4000.0,False,True
43600617,150663,1418010,501,6198136,John Ukomadu,BKN,SF/PF,4000.0,False,True
43600618,150663,1418010,503,6198136,John Ukomadu,BKN,SF/PF,4000.0,False,True
43600619,150663,1232314,496,6198135,Duke Miles,PHI,PG/SG,4000.0,False,True
43600620,150663,1232314,497,6198135,Duke Miles,PHI,PG/SG,4000.0,False,True
43600621,150663,1232314,502,6198135,Duke Miles,PHI,PG/SG,4000.0,False,True
43600622,150663,1232314,503,6198135,Duke Miles,PHI,PG/SG,4000.0,False,True
43600623,150663,1406775,498,6198136,Marquel Sutton,SAC,SF/PF,4000.0,False,True
43600624,150663,1406775,499,6198136,Marquel Sutton,SAC,SF/PF,4000.0,False,True
43600625,150663,1406775,501,6198136,Marquel Sutton,SAC,SF/PF,4000.0,False,True
43600626,150663,1406775,503,6198136,Marquel Sutton,SAC,SF/PF,4000.0,False,True
43600627,150663,1408109,498,6198136,Duke Brennan,BKN,SF/PF,4000.0,False,True
43600628,150663,1408109,499,6198136,Duke Brennan,BKN,SF/PF,4000.0,False,True
43600629,150663,1408109,501,6198136,Duke Brennan,BKN,SF/PF,4000.0,False,True
43600630,150663,1408109,503,6198136,Duke Brennan,BKN,SF/PF,4000.0,False,True
43600631,150663,1401593,496,6198136,Anthony Dell'Orso,SAC,PG/SG,4000.0,False,True
43600632,150663,1401593,497,6198136,Anthony Dell'Orso,SAC,PG/SG,4000.0,False,True
43600633,150663,1401593,502,6198136,Anthony Dell'Orso,SAC,PG/SG,4000.0,False,True
43600634,150663,1401593,503,6198136,Anthony Dell'Orso,SAC,PG/SG,4000.0,False,True
43600635,150663,1532772,496,6198136,Mitch Mascari,SAC,PG/SG,4000.0,False,True
43600636,150663,1532772,497,6198136,Mitch Mascari,SAC,PG/SG,4000.0,False,True
43600637,150663,1532772,502,6198136,Mitch Mascari,SAC,PG/SG,4000.0,False,True
43600638,150663,1532772,503,6198136,Mitch Mascari,SAC,PG/SG,4000.0,False,True
43600639,150663,1482354,500,6198135,Drew Cisse,PHI,C,4000.0,False,True
43600640,150663,1482354,503,6198135,Drew Cisse,PHI,C,4000.0,False,True
43600641,150663,1405959,496,6198136,Dion Brown,BKN,PG/SG,4000.0,False,True
43600642,150663,1405959,497,6198136,Dion Brown,BKN,PG/SG,4000.0,False,True
43600643,150663,1405959,502,6198136,Dion Brown,BKN,PG/SG,4000.0,False,True
43600644,150663,1405959,503,6198136,Dion Brown,BKN,PG/SG,4000.0,False,True
43600645,150663,1236654,500,6198136,Viktor Lakhin,SAC,C,4000.0,False,True
43600646,150663,1236654,503,6198136,Viktor Lakhin,SAC,C,4000.0,False,True
43600647,150663,1334229,498,6198135,Ben Middlebrooks,HOU,SF/PF,4000.0,False,True
43600648,150663,1334229,499,6198135,Ben Middlebrooks,HOU,SF/PF,4000.0,False,True
43600649,150663,1334229,501,6198135,Ben Middlebrooks,HOU,SF/PF,4000.0,False,True
43600650,150663,1334229,503,6198135,Ben Middlebrooks,HOU,SF/PF,4000.0,False,True
43600651,150664,1593986,499,6198137,Cameron Boozer,MEM,PF,9500.0,False,True
43600652,150664,1593986,501,6198137,Cameron Boozer,MEM,PF,9500.0,False,True
43600653,150664,1593986,503,6198137,Cameron Boozer,MEM,PF,9500.0,False,True
43600654,150664,1617074,498,6198138,AJ Dybantsa,WAS,SF,9300.0,False,True
43600655,150664,1617074,501,6198138,AJ Dybantsa,WAS,SF,9300.0,False,True
43600656,150664,1617074,503,6198138,AJ Dybantsa,WAS,SF,9300.0,False,True
43600657,150664,1605148,498,6198138,Caleb Wilson,CHI,SF,9000.0,False,True
43600658,150664,1605148,501,6198138,Caleb Wilson,CHI,SF,9000.0,False,True
43600659,150664,1605148,503,6198138,Caleb Wilson,CHI,SF,9000.0,False,True
43600660,150664,1482282,498,6198137,Yaxel Lendeborg,GS,SF,8800.0,False,True
43600661,150664,1482282,501,6198137,Yaxel Lendeborg,GS,SF,8800.0,False,True
43600662,150664,1482282,503,6198137,Yaxel Lendeborg,GS,SF,8800.0,False,True
43600663,150664,1480184,500,6198139,Aday Mara,OKC,C,8600.0,False,True
43600664,150664,1480184,503,6198139,Aday Mara,OKC,C,8600.0,False,True
43600665,150664,1351367,496,6198137,Cedric Coward,MEM,PG/SG,8500.0,False,True
43600666,150664,1351367,497,6198137,Cedric Coward,MEM,PG/SG,8500.0,False,True
43600667,150664,1351367,502,6198137,Cedric Coward,MEM,PG/SG,8500.0,False,True
43600668,150664,1351367,503,6198137,Cedric Coward,MEM,PG/SG,8500.0,False,True
43600669,150664,1405861,498,6198137,Taylor Hendricks,MEM,SF/PF,8400.0,False,True
43600670,150664,1405861,499,6198137,Taylor Hendricks,MEM,SF/PF,8400.0,False,True
43600671,150664,1405861,501,6198137,Taylor Hendricks,MEM,SF/PF,8400.0,False,True
43600672,150664,1405861,503,6198137,Taylor Hendricks,MEM,SF/PF,8400.0,False,True
43600673,150664,1520672,498,6198138,Will Riley,WAS,SF,8300.0,False,True
43600674,150664,1520672,501,6198138,Will Riley,WAS,SF,8300.0,False,True
43600675,150664,1520672,503,6198138,Will Riley,WAS,SF,8300.0,False,True
43600676,150664,1589783,497,6198140,Keaton Wagler,LAC,SG,8200.0,False,True
43600677,150664,1589783,502,6198140,Keaton Wagler,LAC,SG,8200.0,False,True
43600678,150664,1589783,503,6198140,Keaton Wagler,LAC,SG,8200.0,False,True
43600679,150664,1324003,496,6198137,Javon Small,MEM,PG/SG,8100.0,False,True
43600680,150664,1324003,497,6198137,Javon Small,MEM,PG/SG,8100.0,False,True
43600681,150664,1324003,502,6198137,Javon Small,MEM,PG/SG,8100.0,False,True
43600682,150664,1324003,503,6198137,Javon Small,MEM,PG/SG,8100.0,False,True
43600683,150664,1323636,496,6198139,KJ Simpson,DEN,PG/SG,8000.0,False,True
43600684,150664,1323636,497,6198139,KJ Simpson,DEN,PG/SG,8000.0,False,True
43600685,150664,1323636,502,6198139,KJ Simpson,DEN,PG/SG,8000.0,False,True
43600686,150664,1323636,503,6198139,KJ Simpson,DEN,PG/SG,8000.0,False,True
43600687,150664,1461413,498,6198138,Dailyn Swain,CHI,SF,7900.0,False,True
43600688,150664,1461413,501,6198138,Dailyn Swain,CHI,SF,7900.0,False,True
43600689,150664,1461413,503,6198138,Dailyn Swain,CHI,SF,7900.0,False,True
43600690,150664,1415915,498,6198137,Lachlan Olbrich,GS,SF/PF,7800.0,False,True
43600691,150664,1415915,499,6198137,Lachlan Olbrich,GS,SF/PF,7800.0,False,True
43600692,150664,1415915,501,6198137,Lachlan Olbrich,GS,SF/PF,7800.0,False,True
43600693,150664,1415915,503,6198137,Lachlan Olbrich,GS,SF/PF,7800.0,False,True
43600694,150664,1460958,497,6198140,Cameron Carr,LAL,SG,7700.0,False,True
43600695,150664,1460958,502,6198140,Cameron Carr,LAL,SG,7700.0,False,True
43600696,150664,1460958,503,6198140,Cameron Carr,LAL,SG,7700.0,False,True
43600697,150664,1532771,496,6198139,Bennett Stirtz,OKC,PG,7600.0,False,True
43600698,150664,1532771,502,6198139,Bennett Stirtz,OKC,PG,7600.0,False,True
43600699,150664,1532771,503,6198139,Bennett Stirtz,OKC,PG,7600.0,False,True
43600700,150664,1232483,499,6198137,Olivier-Maxence Prosper,MEM,PF,7500.0,False,True
43600701,150664,1232483,501,6198137,Olivier-Maxence Prosper,MEM,PF,7500.0,False,True
43600702,150664,1232483,503,6198137,Olivier-Maxence Prosper,MEM,PF,7500.0,False,True
43600703,150664,1500958,499,6198138,Noa Essengue,CHI,PF,7400.0,False,True
43600704,150664,1500958,501,6198138,Noa Essengue,CHI,PF,7400.0,False,True
43600705,150664,1500958,503,6198138,Noa Essengue,CHI,PF,7400.0,False,True
43600706,150664,1340791,498,6198139,Bryce Hopkins,DEN,SF,7300.0,False,True
43600707,150664,1340791,501,6198139,Bryce Hopkins,DEN,SF,7300.0,False,True
43600708,150664,1340791,503,6198139,Bryce Hopkins,DEN,SF,7300.0,False,True
43600709,150664,1231938,497,6198140,Kobe Sanders,LAC,SG,7200.0,False,True
43600710,150664,1231938,502,6198140,Kobe Sanders,LAC,SG,7200.0,False,True
43600711,150664,1231938,503,6198140,Kobe Sanders,LAC,SG,7200.0,False,True
43600712,150664,1546380,497,6198138,Tre Johnson,WAS,SG,7100.0,False,True
43600713,150664,1546380,502,6198138,Tre Johnson,WAS,SG,7100.0,False,True
43600714,150664,1546380,503,6198138,Tre Johnson,WAS,SG,7100.0,False,True
43600715,150664,1328248,496,6198137,Jahmai Mashack,MEM,PG/SG,7000.0,False,True
43600716,150664,1328248,497,6198137,Jahmai Mashack,MEM,PG/SG,7000.0,False,True
43600717,150664,1328248,502,6198137,Jahmai Mashack,MEM,PG/SG,7000.0,False,True
43600718,150664,1328248,503,6198137,Jahmai Mashack,MEM,PG/SG,7000.0,False,True
43600719,150664,1345014,499,6198137,Malevy Leons,GS,PF,6900.0,False,True
43600720,150664,1345014,501,6198137,Malevy Leons,GS,PF,6900.0,False,True
43600721,150664,1345014,503,6198137,Malevy Leons,GS,PF,6900.0,False,True
43600722,150664,1230369,496,6198138,Reece Beekman,WAS,PG,6800.0,False,True
43600723,150664,1230369,502,6198138,Reece Beekman,WAS,PG,6800.0,False,True
43600724,150664,1230369,503,6198138,Reece Beekman,WAS,PG,6800.0,False,True
43600725,150664,1460155,497,6198140,Cam Christie,LAC,SG,6700.0,False,True
43600726,150664,1460155,502,6198140,Cam Christie,LAC,SG,6700.0,False,True
43600727,150664,1460155,503,6198140,Cam Christie,LAC,SG,6700.0,False,True
43600728,150664,1408196,498,6198138,Chris Livingston,WAS,SF/PF,6600.0,False,True
43600729,150664,1408196,499,6198138,Chris Livingston,WAS,SF/PF,6600.0,False,True
43600730,150664,1408196,501,6198138,Chris Livingston,WAS,SF/PF,6600.0,False,True
43600731,150664,1408196,503,6198138,Chris Livingston,WAS,SF/PF,6600.0,False,True
43600732,150664,1408189,498,6198140,Adou Thiero,LAL,SF,6500.0,False,True
43600733,150664,1408189,501,6198140,Adou Thiero,LAL,SF,6500.0,False,True
43600734,150664,1408189,503,6198140,Adou Thiero,LAL,SF,6500.0,False,True
43600735,150664,1193678,496,6198138,Antonio Reeves,CHI,PG/SG,6400.0,False,True
43600736,150664,1193678,497,6198138,Antonio Reeves,CHI,PG/SG,6400.0,False,True
43600737,150664,1193678,502,6198138,Antonio Reeves,CHI,PG/SG,6400.0,False,True
43600738,150664,1193678,503,6198138,Antonio Reeves,CHI,PG/SG,6400.0,False,True
43600739,150664,1324660,497,6198139,Brooks Barnhizer,OKC,SG,6300.0,False,True
43600740,150664,1324660,502,6198139,Brooks Barnhizer,OKC,SG,6300.0,False,True
43600741,150664,1324660,503,6198139,Brooks Barnhizer,OKC,SG,6300.0,False,True
43600742,150664,1249996,496,6198137,L.J. Cryer,GS,PG,6200.0,False,True
43600743,150664,1249996,502,6198137,L.J. Cryer,GS,PG,6200.0,False,True
43600744,150664,1249996,503,6198137,L.J. Cryer,GS,PG,6200.0,False,True
43600745,150664,1402304,499,6198140,Baba Miller,LAC,PF,6100.0,False,True
43600746,150664,1402304,501,6198140,Baba Miller,LAC,PF,6100.0,False,True
43600747,150664,1402304,503,6198140,Baba Miller,LAC,PF,6100.0,False,True
43600748,150664,1338969,497,6198137,Walter Clayton Jr.,MEM,SG,6000.0,False,True
43600749,150664,1338969,502,6198137,Walter Clayton Jr.,MEM,SG,6000.0,False,True
43600750,150664,1338969,503,6198137,Walter Clayton Jr.,MEM,SG,6000.0,False,True
43600751,150664,1231638,498,6198137,Graham Ike,GS,SF/PF,6000.0,False,True
43600752,150664,1231638,499,6198137,Graham Ike,GS,SF/PF,6000.0,False,True
43600753,150664,1231638,501,6198137,Graham Ike,GS,SF/PF,6000.0,False,True
43600754,150664,1231638,503,6198137,Graham Ike,GS,SF/PF,6000.0,False,True
43600755,150664,1340732,497,6198138,Jaylin Sellers,CHI,SG,5900.0,False,True
43600756,150664,1340732,502,6198138,Jaylin Sellers,CHI,SG,5900.0,False,True
43600757,150664,1340732,503,6198138,Jaylin Sellers,CHI,SG,5900.0,False,True
43600758,150664,1323635,498,6198140,Arthur Kaluma,LAL,SF/PF,5900.0,False,True
43600759,150664,1323635,499,6198140,Arthur Kaluma,LAL,SF/PF,5900.0,False,True
43600760,150664,1323635,501,6198140,Arthur Kaluma,LAL,SF/PF,5900.0,False,True
43600761,150664,1323635,503,6198140,Arthur Kaluma,LAL,SF/PF,5900.0,False,True
43600762,150664,1191196,498,6198140,Anton Watson,LAL,SF/PF,5800.0,False,True
43600763,150664,1191196,499,6198140,Anton Watson,LAL,SF/PF,5800.0,False,True
43600764,150664,1191196,501,6198140,Anton Watson,LAL,SF/PF,5800.0,False,True
43600765,150664,1191196,503,6198140,Anton Watson,LAL,SF/PF,5800.0,False,True
43600766,150664,1132913,496,6198139,Erik Stevenson,DEN,PG/SG,5800.0,False,True
43600767,150664,1132913,497,6198139,Erik Stevenson,DEN,PG/SG,5800.0,False,True
43600768,150664,1132913,502,6198139,Erik Stevenson,DEN,PG/SG,5800.0,False,True
43600769,150664,1132913,503,6198139,Erik Stevenson,DEN,PG/SG,5800.0,False,True
43600770,150664,1328253,496,6198138,Kennedy Chandler,CHI,PG/SG,5700.0,False,True
43600771,150664,1328253,497,6198138,Kennedy Chandler,CHI,PG/SG,5700.0,False,True
43600772,150664,1328253,502,6198138,Kennedy Chandler,CHI,PG/SG,5700.0,False,True
43600773,150664,1328253,503,6198138,Kennedy Chandler,CHI,PG/SG,5700.0,False,True
43600774,150664,851888,496,6198140,Jon Elmore,LAL,PG,5700.0,False,True
43600775,150664,851888,502,6198140,Jon Elmore,LAL,PG,5700.0,False,True
43600776,150664,851888,503,6198140,Jon Elmore,LAL,PG,5700.0,False,True
43600777,150664,1323578,497,6198137,Will Richard,GS,SG,5600.0,False,True
43600778,150664,1323578,502,6198137,Will Richard,GS,SG,5600.0,False,True
43600779,150664,1323578,503,6198137,Will Richard,GS,SG,5600.0,False,True
43600780,150664,950903,496,6198139,DeJon Jarreau,DEN,PG/SG,5600.0,False,True
43600781,150664,950903,497,6198139,DeJon Jarreau,DEN,PG/SG,5600.0,False,True
43600782,150664,950903,502,6198139,DeJon Jarreau,DEN,PG/SG,5600.0,False,True
43600783,150664,950903,503,6198139,DeJon Jarreau,DEN,PG/SG,5600.0,False,True
43600784,150664,1232601,497,6198140,Chris Manon,LAL,SG,5500.0,False,True
43600785,150664,1232601,502,6198140,Chris Manon,LAL,SG,5500.0,False,True
43600786,150664,1232601,503,6198140,Chris Manon,LAL,SG,5500.0,False,True
43600787,150664,1405312,498,6198140,Nick Martinelli,LAC,SF,5500.0,False,True
43600788,150664,1405312,501,6198140,Nick Martinelli,LAC,SF,5500.0,False,True
43600789,150664,1405312,503,6198140,Nick Martinelli,LAC,SF,5500.0,False,True
43600790,150664,1401446,497,6198140,Peter Suder,LAL,SG,5400.0,False,True
43600791,150664,1401446,502,6198140,Peter Suder,LAL,SG,5400.0,False,True
43600792,150664,1401446,503,6198140,Peter Suder,LAL,SG,5400.0,False,True
43600793,150664,1232447,498,6198140,Jahmyl Telfort,LAC,SF/PF,5400.0,False,True
43600794,150664,1232447,499,6198140,Jahmyl Telfort,LAC,SF/PF,5400.0,False,True
43600795,150664,1232447,501,6198140,Jahmyl Telfort,LAC,SF/PF,5400.0,False,True
43600796,150664,1232447,503,6198140,Jahmyl Telfort,LAC,SF/PF,5400.0,False,True
43600797,150664,1427004,498,6198140,AK Okereke,LAL,SF,5300.0,False,True
43600798,150664,1427004,501,6198140,AK Okereke,LAL,SF,5300.0,False,True
43600799,150664,1427004,503,6198140,AK Okereke,LAL,SF,5300.0,False,True
43600800,150664,1231798,497,6198137,Colby Jones,GS,SG,5300.0,False,True
43600801,150664,1231798,502,6198137,Colby Jones,GS,SG,5300.0,False,True
43600802,150664,1231798,503,6198137,Colby Jones,GS,SG,5300.0,False,True
43600803,150664,1231386,498,6198140,Norchad Omier,LAC,SF/PF,5200.0,False,True
43600804,150664,1231386,499,6198140,Norchad Omier,LAC,SF/PF,5200.0,False,True
43600805,150664,1231386,501,6198140,Norchad Omier,LAC,SF/PF,5200.0,False,True
43600806,150664,1231386,503,6198140,Norchad Omier,LAC,SF/PF,5200.0,False,True
43600807,150664,1232056,497,6198138,Jamir Watkins,WAS,SG,5200.0,False,True
43600808,150664,1232056,502,6198138,Jamir Watkins,WAS,SG,5200.0,False,True
43600809,150664,1232056,503,6198138,Jamir Watkins,WAS,SG,5200.0,False,True
43600810,150664,1078666,498,6198140,Zhaire Smith,LAL,SF,5100.0,False,True
43600811,150664,1078666,501,6198140,Zhaire Smith,LAL,SF,5100.0,False,True
43600812,150664,1078666,503,6198140,Zhaire Smith,LAL,SF,5100.0,False,True
43600813,150664,1076185,500,6198138,Malik Williams,CHI,C,5100.0,False,True
43600814,150664,1076185,503,6198138,Malik Williams,CHI,C,5100.0,False,True
43600815,150664,1231489,496,6198138,Kadary Richmond,WAS,PG/SG,5000.0,False,True
43600816,150664,1231489,497,6198138,Kadary Richmond,WAS,PG/SG,5000.0,False,True
43600817,150664,1231489,502,6198138,Kadary Richmond,WAS,PG/SG,5000.0,False,True
43600818,150664,1231489,503,6198138,Kadary Richmond,WAS,PG/SG,5000.0,False,True
43600819,150664,1140338,496,6198139,Buddy Boeheim,OKC,PG/SG,5000.0,False,True
43600820,150664,1140338,497,6198139,Buddy Boeheim,OKC,PG/SG,5000.0,False,True
43600821,150664,1140338,502,6198139,Buddy Boeheim,OKC,PG/SG,5000.0,False,True
43600822,150664,1140338,503,6198139,Buddy Boeheim,OKC,PG/SG,5000.0,False,True
43600823,150664,1232336,496,6198137,Nick Boyd,GS,PG/SG,4900.0,False,True
43600824,150664,1232336,497,6198137,Nick Boyd,GS,PG/SG,4900.0,False,True
43600825,150664,1232336,502,6198137,Nick Boyd,GS,PG/SG,4900.0,False,True
43600826,150664,1232336,503,6198137,Nick Boyd,GS,PG/SG,4900.0,False,True
43600827,150664,1402843,497,6198139,Josh Dix,OKC,SG,4900.0,False,True
43600828,150664,1402843,502,6198139,Josh Dix,OKC,SG,4900.0,False,True
43600829,150664,1402843,503,6198139,Josh Dix,OKC,SG,4900.0,False,True
43600830,150664,1420535,498,6198137,Lajae Jones,GS,SF,4900.0,False,True
43600831,150664,1420535,501,6198137,Lajae Jones,GS,SF,4900.0,False,True
43600832,150664,1420535,503,6198137,Lajae Jones,GS,SF,4900.0,False,True
43600833,150664,1326079,496,6198140,Sean Pedulla,LAC,PG/SG,4800.0,False,True
43600834,150664,1326079,497,6198140,Sean Pedulla,LAC,PG/SG,4800.0,False,True
43600835,150664,1326079,502,6198140,Sean Pedulla,LAC,PG/SG,4800.0,False,True
43600836,150664,1326079,503,6198140,Sean Pedulla,LAC,PG/SG,4800.0,False,True
43600837,150664,1231378,498,6198139,Efe Abogidi,DEN,SF/PF,4800.0,False,True
43600838,150664,1231378,499,6198139,Efe Abogidi,DEN,SF/PF,4800.0,False,True
43600839,150664,1231378,501,6198139,Efe Abogidi,DEN,SF/PF,4800.0,False,True
43600840,150664,1231378,503,6198139,Efe Abogidi,DEN,SF/PF,4800.0,False,True
43600841,150664,1654517,498,6198137,Karim Lopez,MEM,SF,4800.0,False,True
43600842,150664,1654517,501,6198137,Karim Lopez,MEM,SF,4800.0,False,True
43600843,150664,1654517,503,6198137,Karim Lopez,MEM,SF,4800.0,False,True
43600844,150664,1253947,496,6198139,Mark Sears,DEN,PG,4800.0,False,True
43600845,150664,1253947,502,6198139,Mark Sears,DEN,PG,4800.0,False,True
43600846,150664,1253947,503,6198139,Mark Sears,DEN,PG,4800.0,False,True
43600847,150664,1175025,498,6198137,Tyler Burton,MEM,SF/PF,4700.0,False,True
43600848,150664,1175025,499,6198137,Tyler Burton,MEM,SF/PF,4700.0,False,True
43600849,150664,1175025,501,6198137,Tyler Burton,MEM,SF/PF,4700.0,False,True
43600850,150664,1175025,503,6198137,Tyler Burton,MEM,SF/PF,4700.0,False,True
43600851,150664,1232441,498,6198139,Osayi Osifo,DEN,SF/PF,4700.0,False,True
43600852,150664,1232441,499,6198139,Osayi Osifo,DEN,SF/PF,4700.0,False,True
43600853,150664,1232441,501,6198139,Osayi Osifo,DEN,SF/PF,4700.0,False,True
43600854,150664,1232441,503,6198139,Osayi Osifo,DEN,SF/PF,4700.0,False,True
43600855,150664,1413202,500,6198139,Christoph Tilly,OKC,C,4700.0,False,True
43600856,150664,1413202,503,6198139,Christoph Tilly,OKC,C,4700.0,False,True
43600857,150664,1408273,499,6198138,Felix Okpara,WAS,PF,4700.0,False,True
43600858,150664,1408273,501,6198138,Felix Okpara,WAS,PF,4700.0,False,True
43600859,150664,1408273,503,6198138,Felix Okpara,WAS,PF,4700.0,False,True
43600860,150664,1403876,498,6198137,Zach Cleveland,MEM,SF/PF,4600.0,False,True
43600861,150664,1403876,499,6198137,Zach Cleveland,MEM,SF/PF,4600.0,False,True
43600862,150664,1403876,501,6198137,Zach Cleveland,MEM,SF/PF,4600.0,False,True
43600863,150664,1403876,503,6198137,Zach Cleveland,MEM,SF/PF,4600.0,False,True
43600864,150664,1405698,499,6198138,Tobe Awaka,CHI,PF,4600.0,False,True
43600865,150664,1405698,501,6198138,Tobe Awaka,CHI,PF,4600.0,False,True
43600866,150664,1405698,503,6198138,Tobe Awaka,CHI,PF,4600.0,False,True
43600867,150664,1323643,500,6198137,Lawson Lovering,MEM,C,4600.0,False,True
43600868,150664,1323643,503,6198137,Lawson Lovering,MEM,C,4600.0,False,True
43600869,150664,1352160,496,6198140,William Hickey,LAL,PG/SG,4600.0,False,True
43600870,150664,1352160,497,6198140,William Hickey,LAL,PG/SG,4600.0,False,True
43600871,150664,1352160,502,6198140,William Hickey,LAL,PG/SG,4600.0,False,True
43600872,150664,1352160,503,6198140,William Hickey,LAL,PG/SG,4600.0,False,True
43600873,150664,1413222,500,6198137,Carson Cooper,MEM,C,4500.0,False,True
43600874,150664,1413222,503,6198137,Carson Cooper,MEM,C,4500.0,False,True
43600875,150664,1324180,498,6198139,Payton Sandfort,OKC,SF/PF,4500.0,False,True
43600876,150664,1324180,499,6198139,Payton Sandfort,OKC,SF/PF,4500.0,False,True
43600877,150664,1324180,501,6198139,Payton Sandfort,OKC,SF/PF,4500.0,False,True
43600878,150664,1324180,503,6198139,Payton Sandfort,OKC,SF/PF,4500.0,False,True
43600879,150664,1231970,497,6198137,Max Shulga,GS,SG,4500.0,False,True
43600880,150664,1231970,502,6198137,Max Shulga,GS,SG,4500.0,False,True
43600881,150664,1231970,503,6198137,Max Shulga,GS,SG,4500.0,False,True
43600882,150664,1324442,499,6198138,Julian Reese,WAS,PF,4500.0,False,True
43600883,150664,1324442,501,6198138,Julian Reese,WAS,PF,4500.0,False,True
43600884,150664,1324442,503,6198138,Julian Reese,WAS,PF,4500.0,False,True
43600885,150664,1405037,496,6198138,Seth Trimble,WAS,PG/SG,4400.0,False,True
43600886,150664,1405037,497,6198138,Seth Trimble,WAS,PG/SG,4400.0,False,True
43600887,150664,1405037,502,6198138,Seth Trimble,WAS,PG/SG,4400.0,False,True
43600888,150664,1405037,503,6198138,Seth Trimble,WAS,PG/SG,4400.0,False,True
43600889,150664,1231627,497,6198139,Matthew Murrell,DEN,SG,4400.0,False,True
43600890,150664,1231627,502,6198139,Matthew Murrell,DEN,SG,4400.0,False,True
43600891,150664,1231627,503,6198139,Matthew Murrell,DEN,SG,4400.0,False,True
43600892,150664,1328220,496,6198139,Anthony Pritchard,OKC,PG/SG,4400.0,False,True
43600893,150664,1328220,497,6198139,Anthony Pritchard,OKC,PG/SG,4400.0,False,True
43600894,150664,1328220,502,6198139,Anthony Pritchard,OKC,PG/SG,4400.0,False,True
43600895,150664,1328220,503,6198139,Anthony Pritchard,OKC,PG/SG,4400.0,False,True
43600896,150664,1417207,496,6198138,Donovan Atwell,CHI,PG/SG,4400.0,False,True
43600897,150664,1417207,497,6198138,Donovan Atwell,CHI,PG/SG,4400.0,False,True
43600898,150664,1417207,502,6198138,Donovan Atwell,CHI,PG/SG,4400.0,False,True
43600899,150664,1417207,503,6198138,Donovan Atwell,CHI,PG/SG,4400.0,False,True
43600900,150664,1327770,500,6198139,Giovanni Emejuru,DEN,C,4300.0,False,True
43600901,150664,1327770,503,6198139,Giovanni Emejuru,DEN,C,4300.0,False,True
43600902,150664,1406785,496,6198139,Lamar Wilkerson,OKC,PG/SG,4300.0,False,True
43600903,150664,1406785,497,6198139,Lamar Wilkerson,OKC,PG/SG,4300.0,False,True
43600904,150664,1406785,502,6198139,Lamar Wilkerson,OKC,PG/SG,4300.0,False,True
43600905,150664,1406785,503,6198139,Lamar Wilkerson,OKC,PG/SG,4300.0,False,True
43600906,150664,1231237,496,6198137,Chance McMillian,GS,PG/SG,4300.0,False,True
43600907,150664,1231237,497,6198137,Chance McMillian,GS,PG/SG,4300.0,False,True
43600908,150664,1231237,502,6198137,Chance McMillian,GS,PG/SG,4300.0,False,True
43600909,150664,1231237,503,6198137,Chance McMillian,GS,PG/SG,4300.0,False,True
43600910,150664,1324298,498,6198138,John Camden,WAS,SF/PF,4300.0,False,True
43600911,150664,1324298,499,6198138,John Camden,WAS,SF/PF,4300.0,False,True
43600912,150664,1324298,501,6198138,John Camden,WAS,SF/PF,4300.0,False,True
43600913,150664,1324298,503,6198138,John Camden,WAS,SF/PF,4300.0,False,True
43600914,150664,1182151,497,6198139,Jahmi'us Ramsey,DEN,SG,4200.0,False,True
43600915,150664,1182151,502,6198139,Jahmi'us Ramsey,DEN,SG,4200.0,False,True
43600916,150664,1182151,503,6198139,Jahmi'us Ramsey,DEN,SG,4200.0,False,True
43600917,150664,1231389,496,6198139,TJ Bamba,DEN,PG/SG,4200.0,False,True
43600918,150664,1231389,497,6198139,TJ Bamba,DEN,PG/SG,4200.0,False,True
43600919,150664,1231389,502,6198139,TJ Bamba,DEN,PG/SG,4200.0,False,True
43600920,150664,1231389,503,6198139,TJ Bamba,DEN,PG/SG,4200.0,False,True
43600921,150664,1405416,497,6198139,Otega Oweh,OKC,SG,4200.0,False,True
43600922,150664,1405416,502,6198139,Otega Oweh,OKC,SG,4200.0,False,True
43600923,150664,1405416,503,6198139,Otega Oweh,OKC,SG,4200.0,False,True
43600924,150664,1401454,498,6198139,Sam Alexis,OKC,SF/PF,4200.0,False,True
43600925,150664,1401454,499,6198139,Sam Alexis,OKC,SF/PF,4200.0,False,True
43600926,150664,1401454,501,6198139,Sam Alexis,OKC,SF/PF,4200.0,False,True
43600927,150664,1401454,503,6198139,Sam Alexis,OKC,SF/PF,4200.0,False,True
43600928,150664,1405367,496,6198140,Fletcher Loyer,LAC,PG/SG,4100.0,False,True
43600929,150664,1405367,497,6198140,Fletcher Loyer,LAC,PG/SG,4100.0,False,True
43600930,150664,1405367,502,6198140,Fletcher Loyer,LAC,PG/SG,4100.0,False,True
43600931,150664,1405367,503,6198140,Fletcher Loyer,LAC,PG/SG,4100.0,False,True
43600932,150664,1403601,497,6198139,Mark Mitchell,DEN,SG/SF,4100.0,False,True
43600933,150664,1403601,498,6198139,Mark Mitchell,DEN,SG/SF,4100.0,False,True
43600934,150664,1403601,502,6198139,Mark Mitchell,DEN,SG/SF,4100.0,False,True
43600935,150664,1403601,501,6198139,Mark Mitchell,DEN,SG/SF,4100.0,False,True
43600936,150664,1403601,503,6198139,Mark Mitchell,DEN,SG/SF,4100.0,False,True
43600937,150664,1231959,496,6198139,Steven Ashworth,OKC,PG/SG,4100.0,False,True
43600938,150664,1231959,497,6198139,Steven Ashworth,OKC,PG/SG,4100.0,False,True
43600939,150664,1231959,502,6198139,Steven Ashworth,OKC,PG/SG,4100.0,False,True
43600940,150664,1231959,503,6198139,Steven Ashworth,OKC,PG/SG,4100.0,False,True
43600941,150664,1507153,500,6198138,Norris Agbakoko,WAS,C,4100.0,False,True
43600942,150664,1507153,503,6198138,Norris Agbakoko,WAS,C,4100.0,False,True
43600943,150664,1343026,496,6198138,Houston Mallette,CHI,PG/SG,4000.0,False,True
43600944,150664,1343026,497,6198138,Houston Mallette,CHI,PG/SG,4000.0,False,True
43600945,150664,1343026,502,6198138,Houston Mallette,CHI,PG/SG,4000.0,False,True
43600946,150664,1343026,503,6198138,Houston Mallette,CHI,PG/SG,4000.0,False,True
43600947,150664,1405042,498,6198138,Jalen Washington,CHI,SF/PF,4000.0,False,True
43600948,150664,1405042,499,6198138,Jalen Washington,CHI,SF/PF,4000.0,False,True
43600949,150664,1405042,501,6198138,Jalen Washington,CHI,SF/PF,4000.0,False,True
43600950,150664,1405042,503,6198138,Jalen Washington,CHI,SF/PF,4000.0,False,True
43600951,150664,1176113,496,6198138,Boo Buie,CHI,PG/SG,4000.0,False,True
43600952,150664,1176113,497,6198138,Boo Buie,CHI,PG/SG,4000.0,False,True
43600953,150664,1176113,502,6198138,Boo Buie,CHI,PG/SG,4000.0,False,True
43600954,150664,1176113,503,6198138,Boo Buie,CHI,PG/SG,4000.0,False,True
43600955,150664,1323513,500,6198138,Charles Bediako,CHI,C,4000.0,False,True
43600956,150664,1323513,503,6198138,Charles Bediako,CHI,C,4000.0,False,True
43600957,150664,1137221,498,6198138,Keyshawn Bryant,CHI,SF/PF,4000.0,False,True
43600958,150664,1137221,499,6198138,Keyshawn Bryant,CHI,SF/PF,4000.0,False,True
43600959,150664,1137221,501,6198138,Keyshawn Bryant,CHI,SF/PF,4000.0,False,True
43600960,150664,1137221,503,6198138,Keyshawn Bryant,CHI,SF/PF,4000.0,False,True
43600961,150664,1401585,498,6198138,Grant Newell,CHI,SF/PF,4000.0,False,True
43600962,150664,1401585,499,6198138,Grant Newell,CHI,SF/PF,4000.0,False,True
43600963,150664,1401585,501,6198138,Grant Newell,CHI,SF/PF,4000.0,False,True
43600964,150664,1401585,503,6198138,Grant Newell,CHI,SF/PF,4000.0,False,True
43600965,150664,1402285,496,6198140,Riley Kugel,LAC,PG/SG,4000.0,False,True
43600966,150664,1402285,497,6198140,Riley Kugel,LAC,PG/SG,4000.0,False,True
43600967,150664,1402285,502,6198140,Riley Kugel,LAC,PG/SG,4000.0,False,True
43600968,150664,1402285,503,6198140,Riley Kugel,LAC,PG/SG,4000.0,False,True
43600969,150664,1176278,498,6198140,Zach Freemantle,LAC,SF/PF,4000.0,False,True
43600970,150664,1176278,499,6198140,Zach Freemantle,LAC,SF/PF,4000.0,False,True
43600971,150664,1176278,501,6198140,Zach Freemantle,LAC,SF/PF,4000.0,False,True
43600972,150664,1176278,503,6198140,Zach Freemantle,LAC,SF/PF,4000.0,False,True
43600973,150664,1257476,496,6198140,Themus Fulks,LAC,PG/SG,4000.0,False,True
43600974,150664,1257476,497,6198140,Themus Fulks,LAC,PG/SG,4000.0,False,True
43600975,150664,1257476,502,6198140,Themus Fulks,LAC,PG/SG,4000.0,False,True
43600976,150664,1257476,503,6198140,Themus Fulks,LAC,PG/SG,4000.0,False,True
43600977,150664,1406915,496,6198137,Jestin Porter,MEM,PG/SG,4000.0,False,True
43600978,150664,1406915,497,6198137,Jestin Porter,MEM,PG/SG,4000.0,False,True
43600979,150664,1406915,502,6198137,Jestin Porter,MEM,PG/SG,4000.0,False,True
43600980,150664,1406915,503,6198137,Jestin Porter,MEM,PG/SG,4000.0,False,True
43600981,150664,1405317,498,6198137,Jevon Porter,MEM,SF/PF,4000.0,False,True
43600982,150664,1405317,499,6198137,Jevon Porter,MEM,SF/PF,4000.0,False,True
43600983,150664,1405317,501,6198137,Jevon Porter,MEM,SF/PF,4000.0,False,True
43600984,150664,1405317,503,6198137,Jevon Porter,MEM,SF/PF,4000.0,False,True
43600985,150664,1408223,496,6198137,Brendan Hausen,MEM,PG/SG,4000.0,False,True
43600986,150664,1408223,497,6198137,Brendan Hausen,MEM,PG/SG,4000.0,False,True
43600987,150664,1408223,502,6198137,Brendan Hausen,MEM,PG/SG,4000.0,False,True
43600988,150664,1408223,503,6198137,Brendan Hausen,MEM,PG/SG,4000.0,False,True
43600989,150664,1324092,498,6198140,Luke Goode,LAL,SF/PF,4000.0,False,True
43600990,150664,1324092,499,6198140,Luke Goode,LAL,SF/PF,4000.0,False,True
43600991,150664,1324092,501,6198140,Luke Goode,LAL,SF/PF,4000.0,False,True
43600992,150664,1324092,503,6198140,Luke Goode,LAL,SF/PF,4000.0,False,True
43600993,150664,1403951,496,6198140,Chase Ross,LAL,PG/SG,4000.0,False,True
43600994,150664,1403951,497,6198140,Chase Ross,LAL,PG/SG,4000.0,False,True
43600995,150664,1403951,502,6198140,Chase Ross,LAL,PG/SG,4000.0,False,True
43600996,150664,1403951,503,6198140,Chase Ross,LAL,PG/SG,4000.0,False,True
43600997,150664,1328242,496,6198140,Robert McCray V,LAL,PG/SG,4000.0,False,True
43600998,150664,1328242,497,6198140,Robert McCray V,LAL,PG/SG,4000.0,False,True
43600999,150664,1328242,502,6198140,Robert McCray V,LAL,PG/SG,4000.0,False,True
43601000,150664,1328242,503,6198140,Robert McCray V,LAL,PG/SG,4000.0,False,True
43601001,150664,1402824,500,6198140,Robbie Avila,LAL,C,4000.0,False,True
43601002,150664,1402824,503,6198140,Robbie Avila,LAL,C,4000.0,False,True
43601003,150664,1405617,498,6198140,William Kyle,LAL,SF/PF,4000.0,False,True
43601004,150664,1405617,499,6198140,William Kyle,LAL,SF/PF,4000.0,False,True
43601005,150664,1405617,501,6198140,William Kyle,LAL,SF/PF,4000.0,False,True
43601006,150664,1405617,503,6198140,William Kyle,LAL,SF/PF,4000.0,False,True
43601007,150664,1406752,496,6198140,Jacari White,LAL,PG/SG,4000.0,False,True
43601008,150664,1406752,497,6198140,Jacari White,LAL,PG/SG,4000.0,False,True
43601009,150664,1406752,502,6198140,Jacari White,LAL,PG/SG,4000.0,False,True
43601010,150664,1406752,503,6198140,Jacari White,LAL,PG/SG,4000.0,False,True
43601011,150664,1324309,499,6198139,Trevon Brazile,DEN,PF,4000.0,False,True
43601012,150664,1324309,501,6198139,Trevon Brazile,DEN,PF,4000.0,False,True
43601013,150664,1324309,503,6198139,Trevon Brazile,DEN,PF,4000.0,False,True
43601014,150664,1401379,496,6198139,Rylan Griffen,DEN,PG/SG,4000.0,False,True
43601015,150664,1401379,497,6198139,Rylan Griffen,DEN,PG/SG,4000.0,False,True
43601016,150664,1401379,502,6198139,Rylan Griffen,DEN,PG/SG,4000.0,False,True
43601017,150664,1401379,503,6198139,Rylan Griffen,DEN,PG/SG,4000.0,False,True
43601018,150664,1487427,496,6198139,Aaron Nkrumah,DEN,PG/SG,4000.0,False,True
43601019,150664,1487427,497,6198139,Aaron Nkrumah,DEN,PG/SG,4000.0,False,True
43601020,150664,1487427,502,6198139,Aaron Nkrumah,DEN,PG/SG,4000.0,False,True
43601021,150664,1487427,503,6198139,Aaron Nkrumah,DEN,PG/SG,4000.0,False,True
43601022,150664,1089686,498,6198139,E.J. Anosike,DEN,SF/PF,4000.0,False,True
43601023,150664,1089686,499,6198139,E.J. Anosike,DEN,SF/PF,4000.0,False,True
43601024,150664,1089686,501,6198139,E.J. Anosike,DEN,SF/PF,4000.0,False,True
43601025,150664,1089686,503,6198139,E.J. Anosike,DEN,SF/PF,4000.0,False,True
43601026,150664,1231921,497,6198139,Coleman Hawkins,DEN,SG/SF,4000.0,False,True
43601027,150664,1231921,498,6198139,Coleman Hawkins,DEN,SG/SF,4000.0,False,True
43601028,150664,1231921,502,6198139,Coleman Hawkins,DEN,SG/SF,4000.0,False,True
43601029,150664,1231921,501,6198139,Coleman Hawkins,DEN,SG/SF,4000.0,False,True
43601030,150664,1231921,503,6198139,Coleman Hawkins,DEN,SG/SF,4000.0,False,True
43601031,150664,1324093,496,6198139,Bryce Harris,OKC,PG/SG,4000.0,False,True
43601032,150664,1324093,497,6198139,Bryce Harris,OKC,PG/SG,4000.0,False,True
43601033,150664,1324093,502,6198139,Bryce Harris,OKC,PG/SG,4000.0,False,True
43601034,150664,1324093,503,6198139,Bryce Harris,OKC,PG/SG,4000.0,False,True
43601035,150664,1538641,498,6198139,Elijah Mahi,OKC,SF/PF,4000.0,False,True
43601036,150664,1538641,499,6198139,Elijah Mahi,OKC,SF/PF,4000.0,False,True
43601037,150664,1538641,501,6198139,Elijah Mahi,OKC,SF/PF,4000.0,False,True
43601038,150664,1538641,503,6198139,Elijah Mahi,OKC,SF/PF,4000.0,False,True
43601039,150664,1427778,498,6198139,Andrew Holifield,OKC,SF/PF,4000.0,False,True
43601040,150664,1427778,499,6198139,Andrew Holifield,OKC,SF/PF,4000.0,False,True
43601041,150664,1427778,501,6198139,Andrew Holifield,OKC,SF/PF,4000.0,False,True
43601042,150664,1427778,503,6198139,Andrew Holifield,OKC,SF/PF,4000.0,False,True
43601043,150664,1231856,496,6198139,Bryce Thompson,OKC,PG/SG,4000.0,False,True
43601044,150664,1231856,497,6198139,Bryce Thompson,OKC,PG/SG,4000.0,False,True
43601045,150664,1231856,502,6198139,Bryce Thompson,OKC,PG/SG,4000.0,False,True
43601046,150664,1231856,503,6198139,Bryce Thompson,OKC,PG/SG,4000.0,False,True
43601047,150664,1340195,496,6198139,Nate Johnson,OKC,PG/SG,4000.0,False,True
43601048,150664,1340195,497,6198139,Nate Johnson,OKC,PG/SG,4000.0,False,True
43601049,150664,1340195,502,6198139,Nate Johnson,OKC,PG/SG,4000.0,False,True
43601050,150664,1340195,503,6198139,Nate Johnson,OKC,PG/SG,4000.0,False,True
43601051,150664,1230368,498,6198139,Jabri Abdur-Rahim,OKC,SF/PF,4000.0,False,True
43601052,150664,1230368,499,6198139,Jabri Abdur-Rahim,OKC,SF/PF,4000.0,False,True
43601053,150664,1230368,501,6198139,Jabri Abdur-Rahim,OKC,SF/PF,4000.0,False,True
43601054,150664,1230368,503,6198139,Jabri Abdur-Rahim,OKC,SF/PF,4000.0,False,True
43601055,150664,1427204,499,6198137,Alex Toohey,GS,PF,4000.0,False,True
43601056,150664,1427204,501,6198137,Alex Toohey,GS,PF,4000.0,False,True
43601057,150664,1427204,503,6198137,Alex Toohey,GS,PF,4000.0,False,True
43601058,150664,1324182,498,6198137,KJ Adams,GS,SF/PF,4000.0,False,True
43601059,150664,1324182,499,6198137,KJ Adams,GS,SF/PF,4000.0,False,True
43601060,150664,1324182,501,6198137,KJ Adams,GS,SF/PF,4000.0,False,True
43601061,150664,1324182,503,6198137,KJ Adams,GS,SF/PF,4000.0,False,True
43601062,150664,1171589,496,6198137,Chase Hunter,GS,PG/SG,4000.0,False,True
43601063,150664,1171589,497,6198137,Chase Hunter,GS,PG/SG,4000.0,False,True
43601064,150664,1171589,502,6198137,Chase Hunter,GS,PG/SG,4000.0,False,True
43601065,150664,1171589,503,6198137,Chase Hunter,GS,PG/SG,4000.0,False,True
43601066,150664,1536467,498,6198137,Jacksen Moni,GS,SF/PF,4000.0,False,True
43601067,150664,1536467,499,6198137,Jacksen Moni,GS,SF/PF,4000.0,False,True
43601068,150664,1536467,501,6198137,Jacksen Moni,GS,SF/PF,4000.0,False,True
43601069,150664,1536467,503,6198137,Jacksen Moni,GS,SF/PF,4000.0,False,True
43601070,150664,1138636,498,6198137,Jack Clark,GS,SF/PF,4000.0,False,True
43601071,150664,1138636,499,6198137,Jack Clark,GS,SF/PF,4000.0,False,True
43601072,150664,1138636,501,6198137,Jack Clark,GS,SF/PF,4000.0,False,True
43601073,150664,1138636,503,6198137,Jack Clark,GS,SF/PF,4000.0,False,True
43601074,150664,1232534,496,6198137,Deivon Smith,GS,PG/SG,4000.0,False,True
43601075,150664,1232534,497,6198137,Deivon Smith,GS,PG/SG,4000.0,False,True
43601076,150664,1232534,502,6198137,Deivon Smith,GS,PG/SG,4000.0,False,True
43601077,150664,1232534,503,6198137,Deivon Smith,GS,PG/SG,4000.0,False,True
43601078,150664,1176723,496,6198138,Damari Monsanto,WAS,PG/SG,4000.0,False,True
43601079,150664,1176723,497,6198138,Damari Monsanto,WAS,PG/SG,4000.0,False,True
43601080,150664,1176723,502,6198138,Damari Monsanto,WAS,PG/SG,4000.0,False,True
43601081,150664,1176723,503,6198138,Damari Monsanto,WAS,PG/SG,4000.0,False,True
43601082,150664,1323921,498,6198138,Tre Carroll,WAS,SF/PF,4000.0,False,True
43601083,150664,1323921,499,6198138,Tre Carroll,WAS,SF/PF,4000.0,False,True
43601084,150664,1323921,501,6198138,Tre Carroll,WAS,SF/PF,4000.0,False,True
43601085,150664,1323921,503,6198138,Tre Carroll,WAS,SF/PF,4000.0,False,True
43601086,150664,1060982,496,6198138,RJ Nembhard,WAS,PG/SG,4000.0,False,True
43601087,150664,1060982,497,6198138,RJ Nembhard,WAS,PG/SG,4000.0,False,True
43601088,150664,1060982,502,6198138,RJ Nembhard,WAS,PG/SG,4000.0,False,True
43601089,150664,1060982,503,6198138,RJ Nembhard,WAS,PG/SG,4000.0,False,True
43601090,150665,1593986,633,6198137,Cameron Boozer,MEM,PF,,False,False
43601091,150665,1593986,465,6198137,Cameron Boozer,MEM,PF,,False,False
43601092,150665,1593986,636,6198137,Cameron Boozer,MEM,PF,,False,False
43601093,150665,1617074,633,6198138,AJ Dybantsa,WAS,SF,,False,False
43601094,150665,1617074,465,6198138,AJ Dybantsa,WAS,SF,,False,False
43601095,150665,1617074,636,6198138,AJ Dybantsa,WAS,SF,,False,False
43601096,150665,1605148,633,6198138,Caleb Wilson,CHI,SF,,False,False
43601097,150665,1605148,465,6198138,Caleb Wilson,CHI,SF,,False,False
43601098,150665,1605148,636,6198138,Caleb Wilson,CHI,SF,,False,False
43601099,150665,1482282,633,6198137,Yaxel Lendeborg,GS,SF,,False,False
43601100,150665,1482282,465,6198137,Yaxel Lendeborg,GS,SF,,False,False
43601101,150665,1482282,636,6198137,Yaxel Lendeborg,GS,SF,,False,False
43601102,150665,1480184,633,6198139,Aday Mara,OKC,C,,False,False
43601103,150665,1480184,465,6198139,Aday Mara,OKC,C,,False,False
43601104,150665,1480184,636,6198139,Aday Mara,OKC,C,,False,False
43601105,150665,1351367,464,6198137,Cedric Coward,MEM,PG,,False,False
43601106,150665,1351367,465,6198137,Cedric Coward,MEM,PG,,False,False
43601107,150665,1351367,636,6198137,Cedric Coward,MEM,PG,,False,False
43601108,150665,1405861,633,6198137,Taylor Hendricks,MEM,SF,,False,False
43601109,150665,1405861,465,6198137,Taylor Hendricks,MEM,SF,,False,False
43601110,150665,1405861,636,6198137,Taylor Hendricks,MEM,SF,,False,False
43601111,150665,1520672,633,6198138,Will Riley,WAS,SF,,False,False
43601112,150665,1520672,465,6198138,Will Riley,WAS,SF,,False,False
43601113,150665,1520672,636,6198138,Will Riley,WAS,SF,,False,False
43601114,150665,1589783,464,6198140,Keaton Wagler,LAC,SG,,False,False
43601115,150665,1589783,465,6198140,Keaton Wagler,LAC,SG,,False,False
43601116,150665,1589783,636,6198140,Keaton Wagler,LAC,SG,,False,False
43601117,150665,1324003,464,6198137,Javon Small,MEM,PG,,False,False
43601118,150665,1324003,465,6198137,Javon Small,MEM,PG,,False,False
43601119,150665,1324003,636,6198137,Javon Small,MEM,PG,,False,False
43601120,150665,1323636,464,6198139,KJ Simpson,DEN,PG,,False,False
43601121,150665,1323636,465,6198139,KJ Simpson,DEN,PG,,False,False
43601122,150665,1323636,636,6198139,KJ Simpson,DEN,PG,,False,False
43601123,150665,1461413,633,6198138,Dailyn Swain,CHI,SF,,False,False
43601124,150665,1461413,465,6198138,Dailyn Swain,CHI,SF,,False,False
43601125,150665,1461413,636,6198138,Dailyn Swain,CHI,SF,,False,False
43601126,150665,1415915,633,6198137,Lachlan Olbrich,GS,SF,,False,False
43601127,150665,1415915,465,6198137,Lachlan Olbrich,GS,SF,,False,False
43601128,150665,1415915,636,6198137,Lachlan Olbrich,GS,SF,,False,False
43601129,150665,1460958,464,6198140,Cameron Carr,LAL,SG,,False,False
43601130,150665,1460958,465,6198140,Cameron Carr,LAL,SG,,False,False
43601131,150665,1460958,636,6198140,Cameron Carr,LAL,SG,,False,False
43601132,150665,1532771,464,6198139,Bennett Stirtz,OKC,PG,,False,False
43601133,150665,1532771,465,6198139,Bennett Stirtz,OKC,PG,,False,False
43601134,150665,1532771,636,6198139,Bennett Stirtz,OKC,PG,,False,False
43601135,150665,1232483,633,6198137,Olivier-Maxence Prosper,MEM,PF,,False,False
43601136,150665,1232483,465,6198137,Olivier-Maxence Prosper,MEM,PF,,False,False
43601137,150665,1232483,636,6198137,Olivier-Maxence Prosper,MEM,PF,,False,False
43601138,150665,1500958,633,6198138,Noa Essengue,CHI,PF,,False,False
43601139,150665,1500958,465,6198138,Noa Essengue,CHI,PF,,False,False
43601140,150665,1500958,636,6198138,Noa Essengue,CHI,PF,,False,False
43601141,150665,1340791,633,6198139,Bryce Hopkins,DEN,SF,,False,False
43601142,150665,1340791,465,6198139,Bryce Hopkins,DEN,SF,,False,False
43601143,150665,1340791,636,6198139,Bryce Hopkins,DEN,SF,,False,False
43601144,150665,1231938,464,6198140,Kobe Sanders,LAC,SG,,False,False
43601145,150665,1231938,465,6198140,Kobe Sanders,LAC,SG,,False,False
43601146,150665,1231938,636,6198140,Kobe Sanders,LAC,SG,,False,False
43601147,150665,1546380,464,6198138,Tre Johnson,WAS,SG,,False,False
43601148,150665,1546380,465,6198138,Tre Johnson,WAS,SG,,False,False
43601149,150665,1546380,636,6198138,Tre Johnson,WAS,SG,,False,False
43601150,150665,1328248,464,6198137,Jahmai Mashack,MEM,PG,,False,False
43601151,150665,1328248,465,6198137,Jahmai Mashack,MEM,PG,,False,False
43601152,150665,1328248,636,6198137,Jahmai Mashack,MEM,PG,,False,False
43601153,150665,1345014,633,6198137,Malevy Leons,GS,PF,,False,False
43601154,150665,1345014,465,6198137,Malevy Leons,GS,PF,,False,False
43601155,150665,1345014,636,6198137,Malevy Leons,GS,PF,,False,False
43601156,150665,1230369,464,6198138,Reece Beekman,WAS,PG,,False,False
43601157,150665,1230369,465,6198138,Reece Beekman,WAS,PG,,False,False
43601158,150665,1230369,636,6198138,Reece Beekman,WAS,PG,,False,False
43601159,150665,1460155,464,6198140,Cam Christie,LAC,SG,,False,False
43601160,150665,1460155,465,6198140,Cam Christie,LAC,SG,,False,False
43601161,150665,1460155,636,6198140,Cam Christie,LAC,SG,,False,False
43601162,150665,1408196,633,6198138,Chris Livingston,WAS,SF,,False,False
43601163,150665,1408196,465,6198138,Chris Livingston,WAS,SF,,False,False
43601164,150665,1408196,636,6198138,Chris Livingston,WAS,SF,,False,False
43601165,150665,1408189,633,6198140,Adou Thiero,LAL,SF,,False,False
43601166,150665,1408189,465,6198140,Adou Thiero,LAL,SF,,False,False
43601167,150665,1408189,636,6198140,Adou Thiero,LAL,SF,,False,False
43601168,150665,1193678,464,6198138,Antonio Reeves,CHI,PG,,False,False
43601169,150665,1193678,465,6198138,Antonio Reeves,CHI,PG,,False,False
43601170,150665,1193678,636,6198138,Antonio Reeves,CHI,PG,,False,False
43601171,150665,1324660,464,6198139,Brooks Barnhizer,OKC,SG,,False,False
43601172,150665,1324660,465,6198139,Brooks Barnhizer,OKC,SG,,False,False
43601173,150665,1324660,636,6198139,Brooks Barnhizer,OKC,SG,,False,False
43601174,150665,1249996,464,6198137,L.J. Cryer,GS,PG,,False,False
43601175,150665,1249996,465,6198137,L.J. Cryer,GS,PG,,False,False
43601176,150665,1249996,636,6198137,L.J. Cryer,GS,PG,,False,False
43601177,150665,1402304,633,6198140,Baba Miller,LAC,PF,,False,False
43601178,150665,1402304,465,6198140,Baba Miller,LAC,PF,,False,False
43601179,150665,1402304,636,6198140,Baba Miller,LAC,PF,,False,False
43601180,150665,1338969,464,6198137,Walter Clayton Jr.,MEM,SG,,False,False
43601181,150665,1338969,465,6198137,Walter Clayton Jr.,MEM,SG,,False,False
43601182,150665,1338969,636,6198137,Walter Clayton Jr.,MEM,SG,,False,False
43601183,150665,1231638,633,6198137,Graham Ike,GS,SF,,False,False
43601184,150665,1231638,465,6198137,Graham Ike,GS,SF,,False,False
43601185,150665,1231638,636,6198137,Graham Ike,GS,SF,,False,False
43601186,150665,1340732,464,6198138,Jaylin Sellers,CHI,SG,,False,False
43601187,150665,1340732,465,6198138,Jaylin Sellers,CHI,SG,,False,False
43601188,150665,1340732,636,6198138,Jaylin Sellers,CHI,SG,,False,False
43601189,150665,1323635,633,6198140,Arthur Kaluma,LAL,SF,,False,False
43601190,150665,1323635,465,6198140,Arthur Kaluma,LAL,SF,,False,False
43601191,150665,1323635,636,6198140,Arthur Kaluma,LAL,SF,,False,False
43601192,150665,1191196,633,6198140,Anton Watson,LAL,SF,,False,False
43601193,150665,1191196,465,6198140,Anton Watson,LAL,SF,,False,False
43601194,150665,1191196,636,6198140,Anton Watson,LAL,SF,,False,False
43601195,150665,1132913,464,6198139,Erik Stevenson,DEN,PG,,False,False
43601196,150665,1132913,465,6198139,Erik Stevenson,DEN,PG,,False,False
43601197,150665,1132913,636,6198139,Erik Stevenson,DEN,PG,,False,False
43601198,150665,1328253,464,6198138,Kennedy Chandler,CHI,PG,,False,False
43601199,150665,1328253,465,6198138,Kennedy Chandler,CHI,PG,,False,False
43601200,150665,1328253,636,6198138,Kennedy Chandler,CHI,PG,,False,False
43601201,150665,851888,464,6198140,Jon Elmore,LAL,PG,,False,False
43601202,150665,851888,465,6198140,Jon Elmore,LAL,PG,,False,False
43601203,150665,851888,636,6198140,Jon Elmore,LAL,PG,,False,False
43601204,150665,1323578,464,6198137,Will Richard,GS,SG,,False,False
43601205,150665,1323578,465,6198137,Will Richard,GS,SG,,False,False
43601206,150665,1323578,636,6198137,Will Richard,GS,SG,,False,False
43601207,150665,950903,464,6198139,DeJon Jarreau,DEN,PG,,False,False
43601208,150665,950903,465,6198139,DeJon Jarreau,DEN,PG,,False,False
43601209,150665,950903,636,6198139,DeJon Jarreau,DEN,PG,,False,False
43601210,150665,1232601,464,6198140,Chris Manon,LAL,SG,,False,False
43601211,150665,1232601,465,6198140,Chris Manon,LAL,SG,,False,False
43601212,150665,1232601,636,6198140,Chris Manon,LAL,SG,,False,False
43601213,150665,1405312,633,6198140,Nick Martinelli,LAC,SF,,False,False
43601214,150665,1405312,465,6198140,Nick Martinelli,LAC,SF,,False,False
43601215,150665,1405312,636,6198140,Nick Martinelli,LAC,SF,,False,False
43601216,150665,1401446,464,6198140,Peter Suder,LAL,SG,,False,False
43601217,150665,1401446,465,6198140,Peter Suder,LAL,SG,,False,False
43601218,150665,1401446,636,6198140,Peter Suder,LAL,SG,,False,False
43601219,150665,1232447,633,6198140,Jahmyl Telfort,LAC,SF,,False,False
43601220,150665,1232447,465,6198140,Jahmyl Telfort,LAC,SF,,False,False
43601221,150665,1232447,636,6198140,Jahmyl Telfort,LAC,SF,,False,False
43601222,150665,1427004,633,6198140,AK Okereke,LAL,SF,,False,False
43601223,150665,1427004,465,6198140,AK Okereke,LAL,SF,,False,False
43601224,150665,1427004,636,6198140,AK Okereke,LAL,SF,,False,False
43601225,150665,1231798,464,6198137,Colby Jones,GS,SG,,False,False
43601226,150665,1231798,465,6198137,Colby Jones,GS,SG,,False,False
43601227,150665,1231798,636,6198137,Colby Jones,GS,SG,,False,False
43601228,150665,1231386,633,6198140,Norchad Omier,LAC,SF,,False,False
43601229,150665,1231386,465,6198140,Norchad Omier,LAC,SF,,False,False
43601230,150665,1231386,636,6198140,Norchad Omier,LAC,SF,,False,False
43601231,150665,1232056,464,6198138,Jamir Watkins,WAS,SG,,False,False
43601232,150665,1232056,465,6198138,Jamir Watkins,WAS,SG,,False,False
43601233,150665,1232056,636,6198138,Jamir Watkins,WAS,SG,,False,False
43601234,150665,1078666,633,6198140,Zhaire Smith,LAL,SF,,False,False
43601235,150665,1078666,465,6198140,Zhaire Smith,LAL,SF,,False,False
43601236,150665,1078666,636,6198140,Zhaire Smith,LAL,SF,,False,False
43601237,150665,1076185,633,6198138,Malik Williams,CHI,C,,False,False
43601238,150665,1076185,465,6198138,Malik Williams,CHI,C,,False,False
43601239,150665,1076185,636,6198138,Malik Williams,CHI,C,,False,False
43601240,150665,1231489,464,6198138,Kadary Richmond,WAS,PG,,False,False
43601241,150665,1231489,465,6198138,Kadary Richmond,WAS,PG,,False,False
43601242,150665,1231489,636,6198138,Kadary Richmond,WAS,PG,,False,False
43601243,150665,1140338,464,6198139,Buddy Boeheim,OKC,PG,,False,False
43601244,150665,1140338,465,6198139,Buddy Boeheim,OKC,PG,,False,False
43601245,150665,1140338,636,6198139,Buddy Boeheim,OKC,PG,,False,False
43601246,150665,1232336,464,6198137,Nick Boyd,GS,PG,,False,False
43601247,150665,1232336,465,6198137,Nick Boyd,GS,PG,,False,False
43601248,150665,1232336,636,6198137,Nick Boyd,GS,PG,,False,False
43601249,150665,1402843,464,6198139,Josh Dix,OKC,SG,,False,False
43601250,150665,1402843,465,6198139,Josh Dix,OKC,SG,,False,False
43601251,150665,1402843,636,6198139,Josh Dix,OKC,SG,,False,False
43601252,150665,1420535,633,6198137,Lajae Jones,GS,SF,,False,False
43601253,150665,1420535,465,6198137,Lajae Jones,GS,SF,,False,False
43601254,150665,1420535,636,6198137,Lajae Jones,GS,SF,,False,False
43601255,150665,1326079,464,6198140,Sean Pedulla,LAC,PG,,False,False
43601256,150665,1326079,465,6198140,Sean Pedulla,LAC,PG,,False,False
43601257,150665,1326079,636,6198140,Sean Pedulla,LAC,PG,,False,False
43601258,150665,1231378,633,6198139,Efe Abogidi,DEN,SF,,False,False
43601259,150665,1231378,465,6198139,Efe Abogidi,DEN,SF,,False,False
43601260,150665,1231378,636,6198139,Efe Abogidi,DEN,SF,,False,False
43601261,150665,1654517,633,6198137,Karim Lopez,MEM,SF,,False,False
43601262,150665,1654517,465,6198137,Karim Lopez,MEM,SF,,False,False
43601263,150665,1654517,636,6198137,Karim Lopez,MEM,SF,,False,False
43601264,150665,1253947,464,6198139,Mark Sears,DEN,PG,,False,False
43601265,150665,1253947,465,6198139,Mark Sears,DEN,PG,,False,False
43601266,150665,1253947,636,6198139,Mark Sears,DEN,PG,,False,False
43601267,150665,1175025,633,6198137,Tyler Burton,MEM,SF,,False,False
43601268,150665,1175025,465,6198137,Tyler Burton,MEM,SF,,False,False
43601269,150665,1175025,636,6198137,Tyler Burton,MEM,SF,,False,False
43601270,150665,1232441,633,6198139,Osayi Osifo,DEN,SF,,False,False
43601271,150665,1232441,465,6198139,Osayi Osifo,DEN,SF,,False,False
43601272,150665,1232441,636,6198139,Osayi Osifo,DEN,SF,,False,False
43601273,150665,1413202,633,6198139,Christoph Tilly,OKC,C,,False,False
43601274,150665,1413202,465,6198139,Christoph Tilly,OKC,C,,False,False
43601275,150665,1413202,636,6198139,Christoph Tilly,OKC,C,,False,False
43601276,150665,1408273,633,6198138,Felix Okpara,WAS,PF,,False,False
43601277,150665,1408273,465,6198138,Felix Okpara,WAS,PF,,False,False
43601278,150665,1408273,636,6198138,Felix Okpara,WAS,PF,,False,False
43601279,150665,1403876,633,6198137,Zach Cleveland,MEM,SF,,False,False
43601280,150665,1403876,465,6198137,Zach Cleveland,MEM,SF,,False,False
43601281,150665,1403876,636,6198137,Zach Cleveland,MEM,SF,,False,False
43601282,150665,1405698,633,6198138,Tobe Awaka,CHI,PF,,False,False
43601283,150665,1405698,465,6198138,Tobe Awaka,CHI,PF,,False,False
43601284,150665,1405698,636,6198138,Tobe Awaka,CHI,PF,,False,False
43601285,150665,1323643,633,6198137,Lawson Lovering,MEM,C,,False,False
43601286,150665,1323643,465,6198137,Lawson Lovering,MEM,C,,False,False
43601287,150665,1323643,636,6198137,Lawson Lovering,MEM,C,,False,False
43601288,150665,1352160,464,6198140,William Hickey,LAL,PG,,False,False
43601289,150665,1352160,465,6198140,William Hickey,LAL,PG,,False,False
43601290,150665,1352160,636,6198140,William Hickey,LAL,PG,,False,False
43601291,150665,1413222,633,6198137,Carson Cooper,MEM,C,,False,False
43601292,150665,1413222,465,6198137,Carson Cooper,MEM,C,,False,False
43601293,150665,1413222,636,6198137,Carson Cooper,MEM,C,,False,False
43601294,150665,1324180,633,6198139,Payton Sandfort,OKC,SF,,False,False
43601295,150665,1324180,465,6198139,Payton Sandfort,OKC,SF,,False,False
43601296,150665,1324180,636,6198139,Payton Sandfort,OKC,SF,,False,False
43601297,150665,1231970,464,6198137,Max Shulga,GS,SG,,False,False
43601298,150665,1231970,465,6198137,Max Shulga,GS,SG,,False,False
43601299,150665,1231970,636,6198137,Max Shulga,GS,SG,,False,False
43601300,150665,1324442,633,6198138,Julian Reese,WAS,PF,,False,False
43601301,150665,1324442,465,6198138,Julian Reese,WAS,PF,,False,False
43601302,150665,1324442,636,6198138,Julian Reese,WAS,PF,,False,False
43601303,150665,1405037,464,6198138,Seth Trimble,WAS,PG,,False,False
43601304,150665,1405037,465,6198138,Seth Trimble,WAS,PG,,False,False
43601305,150665,1405037,636,6198138,Seth Trimble,WAS,PG,,False,False
43601306,150665,1231627,464,6198139,Matthew Murrell,DEN,SG,,False,False
43601307,150665,1231627,465,6198139,Matthew Murrell,DEN,SG,,False,False
43601308,150665,1231627,636,6198139,Matthew Murrell,DEN,SG,,False,False
43601309,150665,1328220,464,6198139,Anthony Pritchard,OKC,PG,,False,False
43601310,150665,1328220,465,6198139,Anthony Pritchard,OKC,PG,,False,False
43601311,150665,1328220,636,6198139,Anthony Pritchard,OKC,PG,,False,False
43601312,150665,1417207,464,6198138,Donovan Atwell,CHI,PG,,False,False
43601313,150665,1417207,465,6198138,Donovan Atwell,CHI,PG,,False,False
43601314,150665,1417207,636,6198138,Donovan Atwell,CHI,PG,,False,False
43601315,150665,1327770,633,6198139,Giovanni Emejuru,DEN,C,,False,False
43601316,150665,1327770,465,6198139,Giovanni Emejuru,DEN,C,,False,False
43601317,150665,1327770,636,6198139,Giovanni Emejuru,DEN,C,,False,False
43601318,150665,1406785,464,6198139,Lamar Wilkerson,OKC,PG,,False,False
43601319,150665,1406785,465,6198139,Lamar Wilkerson,OKC,PG,,False,False
43601320,150665,1406785,636,6198139,Lamar Wilkerson,OKC,PG,,False,False
43601321,150665,1231237,464,6198137,Chance McMillian,GS,PG,,False,False
43601322,150665,1231237,465,6198137,Chance McMillian,GS,PG,,False,False
43601323,150665,1231237,636,6198137,Chance McMillian,GS,PG,,False,False
43601324,150665,1324298,633,6198138,John Camden,WAS,SF,,False,False
43601325,150665,1324298,465,6198138,John Camden,WAS,SF,,False,False
43601326,150665,1324298,636,6198138,John Camden,WAS,SF,,False,False
43601327,150665,1182151,464,6198139,Jahmi'us Ramsey,DEN,SG,,False,False
43601328,150665,1182151,465,6198139,Jahmi'us Ramsey,DEN,SG,,False,False
43601329,150665,1182151,636,6198139,Jahmi'us Ramsey,DEN,SG,,False,False
43601330,150665,1231389,464,6198139,TJ Bamba,DEN,PG,,False,False
43601331,150665,1231389,465,6198139,TJ Bamba,DEN,PG,,False,False
43601332,150665,1231389,636,6198139,TJ Bamba,DEN,PG,,False,False
43601333,150665,1405416,464,6198139,Otega Oweh,OKC,SG,,False,False
43601334,150665,1405416,465,6198139,Otega Oweh,OKC,SG,,False,False
43601335,150665,1405416,636,6198139,Otega Oweh,OKC,SG,,False,False
43601336,150665,1401454,633,6198139,Sam Alexis,OKC,SF,,False,False
43601337,150665,1401454,465,6198139,Sam Alexis,OKC,SF,,False,False
43601338,150665,1401454,636,6198139,Sam Alexis,OKC,SF,,False,False
43601339,150665,1405367,464,6198140,Fletcher Loyer,LAC,PG,,False,False
43601340,150665,1405367,465,6198140,Fletcher Loyer,LAC,PG,,False,False
43601341,150665,1405367,636,6198140,Fletcher Loyer,LAC,PG,,False,False
43601342,150665,1403601,633,6198139,Mark Mitchell,DEN,SF,,False,False
43601343,150665,1403601,465,6198139,Mark Mitchell,DEN,SF,,False,False
43601344,150665,1403601,636,6198139,Mark Mitchell,DEN,SF,,False,False
43601345,150665,1231959,464,6198139,Steven Ashworth,OKC,PG,,False,False
43601346,150665,1231959,465,6198139,Steven Ashworth,OKC,PG,,False,False
43601347,150665,1231959,636,6198139,Steven Ashworth,OKC,PG,,False,False
43601348,150665,1507153,633,6198138,Norris Agbakoko,WAS,C,,False,False
43601349,150665,1507153,465,6198138,Norris Agbakoko,WAS,C,,False,False
43601350,150665,1507153,636,6198138,Norris Agbakoko,WAS,C,,False,False
43601351,150665,1343026,464,6198138,Houston Mallette,CHI,PG,,False,False
43601352,150665,1343026,465,6198138,Houston Mallette,CHI,PG,,False,False
43601353,150665,1343026,636,6198138,Houston Mallette,CHI,PG,,False,False
43601354,150665,1405042,633,6198138,Jalen Washington,CHI,SF,,False,False
43601355,150665,1405042,465,6198138,Jalen Washington,CHI,SF,,False,False
43601356,150665,1405042,636,6198138,Jalen Washington,CHI,SF,,False,False
43601357,150665,1176113,464,6198138,Boo Buie,CHI,PG,,False,False
43601358,150665,1176113,465,6198138,Boo Buie,CHI,PG,,False,False
43601359,150665,1176113,636,6198138,Boo Buie,CHI,PG,,False,False
43601360,150665,1323513,633,6198138,Charles Bediako,CHI,C,,False,False
43601361,150665,1323513,465,6198138,Charles Bediako,CHI,C,,False,False
43601362,150665,1323513,636,6198138,Charles Bediako,CHI,C,,False,False
43601363,150665,1137221,633,6198138,Keyshawn Bryant,CHI,SF,,False,False
43601364,150665,1137221,465,6198138,Keyshawn Bryant,CHI,SF,,False,False
43601365,150665,1137221,636,6198138,Keyshawn Bryant,CHI,SF,,False,False
43601366,150665,1401585,633,6198138,Grant Newell,CHI,SF,,False,False
43601367,150665,1401585,465,6198138,Grant Newell,CHI,SF,,False,False
43601368,150665,1401585,636,6198138,Grant Newell,CHI,SF,,False,False
43601369,150665,1402285,464,6198140,Riley Kugel,LAC,PG,,False,False
43601370,150665,1402285,465,6198140,Riley Kugel,LAC,PG,,False,False
43601371,150665,1402285,636,6198140,Riley Kugel,LAC,PG,,False,False
43601372,150665,1176278,633,6198140,Zach Freemantle,LAC,SF,,False,False
43601373,150665,1176278,465,6198140,Zach Freemantle,LAC,SF,,False,False
43601374,150665,1176278,636,6198140,Zach Freemantle,LAC,SF,,False,False
43601375,150665,1257476,464,6198140,Themus Fulks,LAC,PG,,False,False
43601376,150665,1257476,465,6198140,Themus Fulks,LAC,PG,,False,False
43601377,150665,1257476,636,6198140,Themus Fulks,LAC,PG,,False,False
43601378,150665,1406915,464,6198137,Jestin Porter,MEM,PG,,False,False
43601379,150665,1406915,465,6198137,Jestin Porter,MEM,PG,,False,False
43601380,150665,1406915,636,6198137,Jestin Porter,MEM,PG,,False,False
43601381,150665,1405317,633,6198137,Jevon Porter,MEM,SF,,False,False
43601382,150665,1405317,465,6198137,Jevon Porter,MEM,SF,,False,False
43601383,150665,1405317,636,6198137,Jevon Porter,MEM,SF,,False,False
43601384,150665,1408223,464,6198137,Brendan Hausen,MEM,PG,,False,False
43601385,150665,1408223,465,6198137,Brendan Hausen,MEM,PG,,False,False
43601386,150665,1408223,636,6198137,Brendan Hausen,MEM,PG,,False,False
43601387,150665,1324092,633,6198140,Luke Goode,LAL,SF,,False,False
43601388,150665,1324092,465,6198140,Luke Goode,LAL,SF,,False,False
43601389,150665,1324092,636,6198140,Luke Goode,LAL,SF,,False,False
43601390,150665,1403951,464,6198140,Chase Ross,LAL,PG,,False,False
43601391,150665,1403951,465,6198140,Chase Ross,LAL,PG,,False,False
43601392,150665,1403951,636,6198140,Chase Ross,LAL,PG,,False,False
43601393,150665,1328242,464,6198140,Robert McCray V,LAL,PG,,False,False
43601394,150665,1328242,465,6198140,Robert McCray V,LAL,PG,,False,False
43601395,150665,1328242,636,6198140,Robert McCray V,LAL,PG,,False,False
43601396,150665,1402824,633,6198140,Robbie Avila,LAL,C,,False,False
43601397,150665,1402824,465,6198140,Robbie Avila,LAL,C,,False,False
43601398,150665,1402824,636,6198140,Robbie Avila,LAL,C,,False,False
43601399,150665,1405617,633,6198140,William Kyle,LAL,SF,,False,False
43601400,150665,1405617,465,6198140,William Kyle,LAL,SF,,False,False
43601401,150665,1405617,636,6198140,William Kyle,LAL,SF,,False,False
43601402,150665,1406752,464,6198140,Jacari White,LAL,PG,,False,False
43601403,150665,1406752,465,6198140,Jacari White,LAL,PG,,False,False
43601404,150665,1406752,636,6198140,Jacari White,LAL,PG,,False,False
43601405,150665,1324309,633,6198139,Trevon Brazile,DEN,PF,,False,False
43601406,150665,1324309,465,6198139,Trevon Brazile,DEN,PF,,False,False
43601407,150665,1324309,636,6198139,Trevon Brazile,DEN,PF,,False,False
43601408,150665,1401379,464,6198139,Rylan Griffen,DEN,PG,,False,False
43601409,150665,1401379,465,6198139,Rylan Griffen,DEN,PG,,False,False
43601410,150665,1401379,636,6198139,Rylan Griffen,DEN,PG,,False,False
43601411,150665,1487427,464,6198139,Aaron Nkrumah,DEN,PG,,False,False
43601412,150665,1487427,465,6198139,Aaron Nkrumah,DEN,PG,,False,False
43601413,150665,1487427,636,6198139,Aaron Nkrumah,DEN,PG,,False,False
43601414,150665,1089686,633,6198139,E.J. Anosike,DEN,SF,,False,False
43601415,150665,1089686,465,6198139,E.J. Anosike,DEN,SF,,False,False
43601416,150665,1089686,636,6198139,E.J. Anosike,DEN,SF,,False,False
43601417,150665,1231921,633,6198139,Coleman Hawkins,DEN,SF,,False,False
43601418,150665,1231921,465,6198139,Coleman Hawkins,DEN,SF,,False,False
43601419,150665,1231921,636,6198139,Coleman Hawkins,DEN,SF,,False,False
43601420,150665,1324093,464,6198139,Bryce Harris,OKC,PG,,False,False
43601421,150665,1324093,465,6198139,Bryce Harris,OKC,PG,,False,False
43601422,150665,1324093,636,6198139,Bryce Harris,OKC,PG,,False,False
43601423,150665,1538641,633,6198139,Elijah Mahi,OKC,SF,,False,False
43601424,150665,1538641,465,6198139,Elijah Mahi,OKC,SF,,False,False
43601425,150665,1538641,636,6198139,Elijah Mahi,OKC,SF,,False,False
43601426,150665,1427778,633,6198139,Andrew Holifield,OKC,SF,,False,False
43601427,150665,1427778,465,6198139,Andrew Holifield,OKC,SF,,False,False
43601428,150665,1427778,636,6198139,Andrew Holifield,OKC,SF,,False,False
43601429,150665,1231856,464,6198139,Bryce Thompson,OKC,PG,,False,False
43601430,150665,1231856,465,6198139,Bryce Thompson,OKC,PG,,False,False
43601431,150665,1231856,636,6198139,Bryce Thompson,OKC,PG,,False,False
43601432,150665,1340195,464,6198139,Nate Johnson,OKC,PG,,False,False
43601433,150665,1340195,465,6198139,Nate Johnson,OKC,PG,,False,False
43601434,150665,1340195,636,6198139,Nate Johnson,OKC,PG,,False,False
43601435,150665,1230368,633,6198139,Jabri Abdur-Rahim,OKC,SF,,False,False
43601436,150665,1230368,465,6198139,Jabri Abdur-Rahim,OKC,SF,,False,False
43601437,150665,1230368,636,6198139,Jabri Abdur-Rahim,OKC,SF,,False,False
43601438,150665,1427204,633,6198137,Alex Toohey,GS,PF,,False,False
43601439,150665,1427204,465,6198137,Alex Toohey,GS,PF,,False,False
43601440,150665,1427204,636,6198137,Alex Toohey,GS,PF,,False,False
43601441,150665,1324182,633,6198137,KJ Adams,GS,SF,,False,False
43601442,150665,1324182,465,6198137,KJ Adams,GS,SF,,False,False
43601443,150665,1324182,636,6198137,KJ Adams,GS,SF,,False,False
43601444,150665,1171589,464,6198137,Chase Hunter,GS,PG,,False,False
43601445,150665,1171589,465,6198137,Chase Hunter,GS,PG,,False,False
43601446,150665,1171589,636,6198137,Chase Hunter,GS,PG,,False,False
43601447,150665,1536467,633,6198137,Jacksen Moni,GS,SF,,False,False
43601448,150665,1536467,465,6198137,Jacksen Moni,GS,SF,,False,False
43601449,150665,1536467,636,6198137,Jacksen Moni,GS,SF,,False,False
43601450,150665,1138636,633,6198137,Jack Clark,GS,SF,,False,False
43601451,150665,1138636,465,6198137,Jack Clark,GS,SF,,False,False
43601452,150665,1138636,636,6198137,Jack Clark,GS,SF,,False,False
43601453,150665,1232534,464,6198137,Deivon Smith,GS,PG,,False,False
43601454,150665,1232534,465,6198137,Deivon Smith,GS,PG,,False,False
43601455,150665,1232534,636,6198137,Deivon Smith,GS,PG,,False,False
43601456,150665,1176723,464,6198138,Damari Monsanto,WAS,PG,,False,False
43601457,150665,1176723,465,6198138,Damari Monsanto,WAS,PG,,False,False
43601458,150665,1176723,636,6198138,Damari Monsanto,WAS,PG,,False,False
43601459,150665,1323921,633,6198138,Tre Carroll,WAS,SF,,False,False
43601460,150665,1323921,465,6198138,Tre Carroll,WAS,SF,,False,False
43601461,150665,1323921,636,6198138,Tre Carroll,WAS,SF,,False,False
43601462,150665,1060982,464,6198138,RJ Nembhard,WAS,PG,,False,False
43601463,150665,1060982,465,6198138,RJ Nembhard,WAS,PG,,False,False
43601464,150665,1060982,636,6198138,RJ Nembhard,WAS,PG,,False,False
43601465,150666,1480184,500,6198139,Aday Mara,OKC,C,8600.0,False,True
43601466,150666,1480184,503,6198139,Aday Mara,OKC,C,8600.0,False,True
43601467,150666,1589783,497,6198140,Keaton Wagler,LAC,SG,8200.0,False,True
43601468,150666,1589783,502,6198140,Keaton Wagler,LAC,SG,8200.0,False,True
43601469,150666,1589783,503,6198140,Keaton Wagler,LAC,SG,8200.0,False,True
43601470,150666,1323636,496,6198139,KJ Simpson,DEN,PG/SG,8000.0,False,True
43601471,150666,1323636,497,6198139,KJ Simpson,DEN,PG/SG,8000.0,False,True
43601472,150666,1323636,502,6198139,KJ Simpson,DEN,PG/SG,8000.0,False,True
43601473,150666,1323636,503,6198139,KJ Simpson,DEN,PG/SG,8000.0,False,True
43601474,150666,1460958,497,6198140,Cameron Carr,LAL,SG,7700.0,False,True
43601475,150666,1460958,502,6198140,Cameron Carr,LAL,SG,7700.0,False,True
43601476,150666,1460958,503,6198140,Cameron Carr,LAL,SG,7700.0,False,True
43601477,150666,1532771,496,6198139,Bennett Stirtz,OKC,PG,7600.0,False,True
43601478,150666,1532771,502,6198139,Bennett Stirtz,OKC,PG,7600.0,False,True
43601479,150666,1532771,503,6198139,Bennett Stirtz,OKC,PG,7600.0,False,True
43601480,150666,1340791,498,6198139,Bryce Hopkins,DEN,SF,7300.0,False,True
43601481,150666,1340791,501,6198139,Bryce Hopkins,DEN,SF,7300.0,False,True
43601482,150666,1340791,503,6198139,Bryce Hopkins,DEN,SF,7300.0,False,True
43601483,150666,1231938,497,6198140,Kobe Sanders,LAC,SG,7200.0,False,True
43601484,150666,1231938,502,6198140,Kobe Sanders,LAC,SG,7200.0,False,True
43601485,150666,1231938,503,6198140,Kobe Sanders,LAC,SG,7200.0,False,True
43601486,150666,1460155,497,6198140,Cam Christie,LAC,SG,6700.0,False,True
43601487,150666,1460155,502,6198140,Cam Christie,LAC,SG,6700.0,False,True
43601488,150666,1460155,503,6198140,Cam Christie,LAC,SG,6700.0,False,True
43601489,150666,1408189,498,6198140,Adou Thiero,LAL,SF,6500.0,False,True
43601490,150666,1408189,501,6198140,Adou Thiero,LAL,SF,6500.0,False,True
43601491,150666,1408189,503,6198140,Adou Thiero,LAL,SF,6500.0,False,True
43601492,150666,1324660,497,6198139,Brooks Barnhizer,OKC,SG,6300.0,False,True
43601493,150666,1324660,502,6198139,Brooks Barnhizer,OKC,SG,6300.0,False,True
43601494,150666,1324660,503,6198139,Brooks Barnhizer,OKC,SG,6300.0,False,True
43601495,150666,1402304,499,6198140,Baba Miller,LAC,PF,6100.0,False,True
43601496,150666,1402304,501,6198140,Baba Miller,LAC,PF,6100.0,False,True
43601497,150666,1402304,503,6198140,Baba Miller,LAC,PF,6100.0,False,True
43601498,150666,1323635,498,6198140,Arthur Kaluma,LAL,SF/PF,5900.0,False,True
43601499,150666,1323635,499,6198140,Arthur Kaluma,LAL,SF/PF,5900.0,False,True
43601500,150666,1323635,501,6198140,Arthur Kaluma,LAL,SF/PF,5900.0,False,True
43601501,150666,1323635,503,6198140,Arthur Kaluma,LAL,SF/PF,5900.0,False,True
43601502,150666,1191196,498,6198140,Anton Watson,LAL,SF/PF,5800.0,False,True
43601503,150666,1191196,499,6198140,Anton Watson,LAL,SF/PF,5800.0,False,True
43601504,150666,1191196,501,6198140,Anton Watson,LAL,SF/PF,5800.0,False,True
43601505,150666,1191196,503,6198140,Anton Watson,LAL,SF/PF,5800.0,False,True
43601506,150666,1132913,496,6198139,Erik Stevenson,DEN,PG/SG,5800.0,False,True
43601507,150666,1132913,497,6198139,Erik Stevenson,DEN,PG/SG,5800.0,False,True
43601508,150666,1132913,502,6198139,Erik Stevenson,DEN,PG/SG,5800.0,False,True
43601509,150666,1132913,503,6198139,Erik Stevenson,DEN,PG/SG,5800.0,False,True
43601510,150666,851888,496,6198140,Jon Elmore,LAL,PG,5700.0,False,True
43601511,150666,851888,502,6198140,Jon Elmore,LAL,PG,5700.0,False,True
43601512,150666,851888,503,6198140,Jon Elmore,LAL,PG,5700.0,False,True
43601513,150666,950903,496,6198139,DeJon Jarreau,DEN,PG/SG,5600.0,False,True
43601514,150666,950903,497,6198139,DeJon Jarreau,DEN,PG/SG,5600.0,False,True
43601515,150666,950903,502,6198139,DeJon Jarreau,DEN,PG/SG,5600.0,False,True
43601516,150666,950903,503,6198139,DeJon Jarreau,DEN,PG/SG,5600.0,False,True
43601517,150666,1232601,497,6198140,Chris Manon,LAL,SG,5500.0,False,True
43601518,150666,1232601,502,6198140,Chris Manon,LAL,SG,5500.0,False,True
43601519,150666,1232601,503,6198140,Chris Manon,LAL,SG,5500.0,False,True
43601520,150666,1405312,498,6198140,Nick Martinelli,LAC,SF,5500.0,False,True
43601521,150666,1405312,501,6198140,Nick Martinelli,LAC,SF,5500.0,False,True
43601522,150666,1405312,503,6198140,Nick Martinelli,LAC,SF,5500.0,False,True
43601523,150666,1401446,497,6198140,Peter Suder,LAL,SG,5400.0,False,True
43601524,150666,1401446,502,6198140,Peter Suder,LAL,SG,5400.0,False,True
43601525,150666,1401446,503,6198140,Peter Suder,LAL,SG,5400.0,False,True
43601526,150666,1232447,498,6198140,Jahmyl Telfort,LAC,SF/PF,5400.0,False,True
43601527,150666,1232447,499,6198140,Jahmyl Telfort,LAC,SF/PF,5400.0,False,True
43601528,150666,1232447,501,6198140,Jahmyl Telfort,LAC,SF/PF,5400.0,False,True
43601529,150666,1232447,503,6198140,Jahmyl Telfort,LAC,SF/PF,5400.0,False,True
43601530,150666,1427004,498,6198140,AK Okereke,LAL,SF,5300.0,False,True
43601531,150666,1427004,501,6198140,AK Okereke,LAL,SF,5300.0,False,True
43601532,150666,1427004,503,6198140,AK Okereke,LAL,SF,5300.0,False,True
43601533,150666,1231386,498,6198140,Norchad Omier,LAC,SF/PF,5200.0,False,True
43601534,150666,1231386,499,6198140,Norchad Omier,LAC,SF/PF,5200.0,False,True
43601535,150666,1231386,501,6198140,Norchad Omier,LAC,SF/PF,5200.0,False,True
43601536,150666,1231386,503,6198140,Norchad Omier,LAC,SF/PF,5200.0,False,True
43601537,150666,1078666,498,6198140,Zhaire Smith,LAL,SF,5100.0,False,True
43601538,150666,1078666,501,6198140,Zhaire Smith,LAL,SF,5100.0,False,True
43601539,150666,1078666,503,6198140,Zhaire Smith,LAL,SF,5100.0,False,True
43601540,150666,1140338,496,6198139,Buddy Boeheim,OKC,PG/SG,5000.0,False,True
43601541,150666,1140338,497,6198139,Buddy Boeheim,OKC,PG/SG,5000.0,False,True
43601542,150666,1140338,502,6198139,Buddy Boeheim,OKC,PG/SG,5000.0,False,True
43601543,150666,1140338,503,6198139,Buddy Boeheim,OKC,PG/SG,5000.0,False,True
43601544,150666,1402843,497,6198139,Josh Dix,OKC,SG,4900.0,False,True
43601545,150666,1402843,502,6198139,Josh Dix,OKC,SG,4900.0,False,True
43601546,150666,1402843,503,6198139,Josh Dix,OKC,SG,4900.0,False,True
43601547,150666,1326079,496,6198140,Sean Pedulla,LAC,PG/SG,4800.0,False,True
43601548,150666,1326079,497,6198140,Sean Pedulla,LAC,PG/SG,4800.0,False,True
43601549,150666,1326079,502,6198140,Sean Pedulla,LAC,PG/SG,4800.0,False,True
43601550,150666,1326079,503,6198140,Sean Pedulla,LAC,PG/SG,4800.0,False,True
43601551,150666,1231378,498,6198139,Efe Abogidi,DEN,SF/PF,4800.0,False,True
43601552,150666,1231378,499,6198139,Efe Abogidi,DEN,SF/PF,4800.0,False,True
43601553,150666,1231378,501,6198139,Efe Abogidi,DEN,SF/PF,4800.0,False,True
43601554,150666,1231378,503,6198139,Efe Abogidi,DEN,SF/PF,4800.0,False,True
43601555,150666,1253947,496,6198139,Mark Sears,DEN,PG,4800.0,False,True
43601556,150666,1253947,502,6198139,Mark Sears,DEN,PG,4800.0,False,True
43601557,150666,1253947,503,6198139,Mark Sears,DEN,PG,4800.0,False,True
43601558,150666,1232441,498,6198139,Osayi Osifo,DEN,SF/PF,4700.0,False,True
43601559,150666,1232441,499,6198139,Osayi Osifo,DEN,SF/PF,4700.0,False,True
43601560,150666,1232441,501,6198139,Osayi Osifo,DEN,SF/PF,4700.0,False,True
43601561,150666,1232441,503,6198139,Osayi Osifo,DEN,SF/PF,4700.0,False,True
43601562,150666,1413202,500,6198139,Christoph Tilly,OKC,C,4700.0,False,True
43601563,150666,1413202,503,6198139,Christoph Tilly,OKC,C,4700.0,False,True
43601564,150666,1352160,496,6198140,William Hickey,LAL,PG/SG,4600.0,False,True
43601565,150666,1352160,497,6198140,William Hickey,LAL,PG/SG,4600.0,False,True
43601566,150666,1352160,502,6198140,William Hickey,LAL,PG/SG,4600.0,False,True
43601567,150666,1352160,503,6198140,William Hickey,LAL,PG/SG,4600.0,False,True
43601568,150666,1324180,498,6198139,Payton Sandfort,OKC,SF/PF,4500.0,False,True
43601569,150666,1324180,499,6198139,Payton Sandfort,OKC,SF/PF,4500.0,False,True
43601570,150666,1324180,501,6198139,Payton Sandfort,OKC,SF/PF,4500.0,False,True
43601571,150666,1324180,503,6198139,Payton Sandfort,OKC,SF/PF,4500.0,False,True
43601572,150666,1231627,497,6198139,Matthew Murrell,DEN,SG,4400.0,False,True
43601573,150666,1231627,502,6198139,Matthew Murrell,DEN,SG,4400.0,False,True
43601574,150666,1231627,503,6198139,Matthew Murrell,DEN,SG,4400.0,False,True
43601575,150666,1328220,496,6198139,Anthony Pritchard,OKC,PG/SG,4400.0,False,True
43601576,150666,1328220,497,6198139,Anthony Pritchard,OKC,PG/SG,4400.0,False,True
43601577,150666,1328220,502,6198139,Anthony Pritchard,OKC,PG/SG,4400.0,False,True
43601578,150666,1328220,503,6198139,Anthony Pritchard,OKC,PG/SG,4400.0,False,True
43601579,150666,1327770,500,6198139,Giovanni Emejuru,DEN,C,4300.0,False,True
43601580,150666,1327770,503,6198139,Giovanni Emejuru,DEN,C,4300.0,False,True
43601581,150666,1406785,496,6198139,Lamar Wilkerson,OKC,PG/SG,4300.0,False,True
43601582,150666,1406785,497,6198139,Lamar Wilkerson,OKC,PG/SG,4300.0,False,True
43601583,150666,1406785,502,6198139,Lamar Wilkerson,OKC,PG/SG,4300.0,False,True
43601584,150666,1406785,503,6198139,Lamar Wilkerson,OKC,PG/SG,4300.0,False,True
43601585,150666,1182151,497,6198139,Jahmi'us Ramsey,DEN,SG,4200.0,False,True
43601586,150666,1182151,502,6198139,Jahmi'us Ramsey,DEN,SG,4200.0,False,True
43601587,150666,1182151,503,6198139,Jahmi'us Ramsey,DEN,SG,4200.0,False,True
43601588,150666,1231389,496,6198139,TJ Bamba,DEN,PG/SG,4200.0,False,True
43601589,150666,1231389,497,6198139,TJ Bamba,DEN,PG/SG,4200.0,False,True
43601590,150666,1231389,502,6198139,TJ Bamba,DEN,PG/SG,4200.0,False,True
43601591,150666,1231389,503,6198139,TJ Bamba,DEN,PG/SG,4200.0,False,True
43601592,150666,1405416,497,6198139,Otega Oweh,OKC,SG,4200.0,False,True
43601593,150666,1405416,502,6198139,Otega Oweh,OKC,SG,4200.0,False,True
43601594,150666,1405416,503,6198139,Otega Oweh,OKC,SG,4200.0,False,True
43601595,150666,1401454,498,6198139,Sam Alexis,OKC,SF/PF,4200.0,False,True
43601596,150666,1401454,499,6198139,Sam Alexis,OKC,SF/PF,4200.0,False,True
43601597,150666,1401454,501,6198139,Sam Alexis,OKC,SF/PF,4200.0,False,True
43601598,150666,1401454,503,6198139,Sam Alexis,OKC,SF/PF,4200.0,False,True
43601599,150666,1405367,496,6198140,Fletcher Loyer,LAC,PG/SG,4100.0,False,True
43601600,150666,1405367,497,6198140,Fletcher Loyer,LAC,PG/SG,4100.0,False,True
43601601,150666,1405367,502,6198140,Fletcher Loyer,LAC,PG/SG,4100.0,False,True
43601602,150666,1405367,503,6198140,Fletcher Loyer,LAC,PG/SG,4100.0,False,True
43601603,150666,1403601,497,6198139,Mark Mitchell,DEN,SG/SF,4100.0,False,True
43601604,150666,1403601,498,6198139,Mark Mitchell,DEN,SG/SF,4100.0,False,True
43601605,150666,1403601,502,6198139,Mark Mitchell,DEN,SG/SF,4100.0,False,True
43601606,150666,1403601,501,6198139,Mark Mitchell,DEN,SG/SF,4100.0,False,True
43601607,150666,1403601,503,6198139,Mark Mitchell,DEN,SG/SF,4100.0,False,True
43601608,150666,1231959,496,6198139,Steven Ashworth,OKC,PG/SG,4100.0,False,True
43601609,150666,1231959,497,6198139,Steven Ashworth,OKC,PG/SG,4100.0,False,True
43601610,150666,1231959,502,6198139,Steven Ashworth,OKC,PG/SG,4100.0,False,True
43601611,150666,1231959,503,6198139,Steven Ashworth,OKC,PG/SG,4100.0,False,True
43601612,150666,1402285,496,6198140,Riley Kugel,LAC,PG/SG,4000.0,False,True
43601613,150666,1402285,497,6198140,Riley Kugel,LAC,PG/SG,4000.0,False,True
43601614,150666,1402285,502,6198140,Riley Kugel,LAC,PG/SG,4000.0,False,True
43601615,150666,1402285,503,6198140,Riley Kugel,LAC,PG/SG,4000.0,False,True
43601616,150666,1176278,498,6198140,Zach Freemantle,LAC,SF/PF,4000.0,False,True
43601617,150666,1176278,499,6198140,Zach Freemantle,LAC,SF/PF,4000.0,False,True
43601618,150666,1176278,501,6198140,Zach Freemantle,LAC,SF/PF,4000.0,False,True
43601619,150666,1176278,503,6198140,Zach Freemantle,LAC,SF/PF,4000.0,False,True
43601620,150666,1257476,496,6198140,Themus Fulks,LAC,PG/SG,4000.0,False,True
43601621,150666,1257476,497,6198140,Themus Fulks,LAC,PG/SG,4000.0,False,True
43601622,150666,1257476,502,6198140,Themus Fulks,LAC,PG/SG,4000.0,False,True
43601623,150666,1257476,503,6198140,Themus Fulks,LAC,PG/SG,4000.0,False,True
43601624,150666,1324092,498,6198140,Luke Goode,LAL,SF/PF,4000.0,False,True
43601625,150666,1324092,499,6198140,Luke Goode,LAL,SF/PF,4000.0,False,True
43601626,150666,1324092,501,6198140,Luke Goode,LAL,SF/PF,4000.0,False,True
43601627,150666,1324092,503,6198140,Luke Goode,LAL,SF/PF,4000.0,False,True
43601628,150666,1403951,496,6198140,Chase Ross,LAL,PG/SG,4000.0,False,True
43601629,150666,1403951,497,6198140,Chase Ross,LAL,PG/SG,4000.0,False,True
43601630,150666,1403951,502,6198140,Chase Ross,LAL,PG/SG,4000.0,False,True
43601631,150666,1403951,503,6198140,Chase Ross,LAL,PG/SG,4000.0,False,True
43601632,150666,1328242,496,6198140,Robert McCray V,LAL,PG/SG,4000.0,False,True
43601633,150666,1328242,497,6198140,Robert McCray V,LAL,PG/SG,4000.0,False,True
43601634,150666,1328242,502,6198140,Robert McCray V,LAL,PG/SG,4000.0,False,True
43601635,150666,1328242,503,6198140,Robert McCray V,LAL,PG/SG,4000.0,False,True
43601636,150666,1402824,500,6198140,Robbie Avila,LAL,C,4000.0,False,True
43601637,150666,1402824,503,6198140,Robbie Avila,LAL,C,4000.0,False,True
43601638,150666,1405617,498,6198140,William Kyle,LAL,SF/PF,4000.0,False,True
43601639,150666,1405617,499,6198140,William Kyle,LAL,SF/PF,4000.0,False,True
43601640,150666,1405617,501,6198140,William Kyle,LAL,SF/PF,4000.0,False,True
43601641,150666,1405617,503,6198140,William Kyle,LAL,SF/PF,4000.0,False,True
43601642,150666,1406752,496,6198140,Jacari White,LAL,PG/SG,4000.0,False,True
43601643,150666,1406752,497,6198140,Jacari White,LAL,PG/SG,4000.0,False,True
43601644,150666,1406752,502,6198140,Jacari White,LAL,PG/SG,4000.0,False,True
43601645,150666,1406752,503,6198140,Jacari White,LAL,PG/SG,4000.0,False,True
43601646,150666,1324309,499,6198139,Trevon Brazile,DEN,PF,4000.0,False,True
43601647,150666,1324309,501,6198139,Trevon Brazile,DEN,PF,4000.0,False,True
43601648,150666,1324309,503,6198139,Trevon Brazile,DEN,PF,4000.0,False,True
43601649,150666,1401379,496,6198139,Rylan Griffen,DEN,PG/SG,4000.0,False,True
43601650,150666,1401379,497,6198139,Rylan Griffen,DEN,PG/SG,4000.0,False,True
43601651,150666,1401379,502,6198139,Rylan Griffen,DEN,PG/SG,4000.0,False,True
43601652,150666,1401379,503,6198139,Rylan Griffen,DEN,PG/SG,4000.0,False,True
43601653,150666,1487427,496,6198139,Aaron Nkrumah,DEN,PG/SG,4000.0,False,True
43601654,150666,1487427,497,6198139,Aaron Nkrumah,DEN,PG/SG,4000.0,False,True
43601655,150666,1487427,502,6198139,Aaron Nkrumah,DEN,PG/SG,4000.0,False,True
43601656,150666,1487427,503,6198139,Aaron Nkrumah,DEN,PG/SG,4000.0,False,True
43601657,150666,1089686,498,6198139,E.J. Anosike,DEN,SF/PF,4000.0,False,True
43601658,150666,1089686,499,6198139,E.J. Anosike,DEN,SF/PF,4000.0,False,True
43601659,150666,1089686,501,6198139,E.J. Anosike,DEN,SF/PF,4000.0,False,True
43601660,150666,1089686,503,6198139,E.J. Anosike,DEN,SF/PF,4000.0,False,True
43601661,150666,1231921,497,6198139,Coleman Hawkins,DEN,SG/SF,4000.0,False,True
43601662,150666,1231921,498,6198139,Coleman Hawkins,DEN,SG/SF,4000.0,False,True
43601663,150666,1231921,502,6198139,Coleman Hawkins,DEN,SG/SF,4000.0,False,True
43601664,150666,1231921,501,6198139,Coleman Hawkins,DEN,SG/SF,4000.0,False,True
43601665,150666,1231921,503,6198139,Coleman Hawkins,DEN,SG/SF,4000.0,False,True
43601666,150666,1324093,496,6198139,Bryce Harris,OKC,PG/SG,4000.0,False,True
43601667,150666,1324093,497,6198139,Bryce Harris,OKC,PG/SG,4000.0,False,True
43601668,150666,1324093,502,6198139,Bryce Harris,OKC,PG/SG,4000.0,False,True
43601669,150666,1324093,503,6198139,Bryce Harris,OKC,PG/SG,4000.0,False,True
43601670,150666,1538641,498,6198139,Elijah Mahi,OKC,SF/PF,4000.0,False,True
43601671,150666,1538641,499,6198139,Elijah Mahi,OKC,SF/PF,4000.0,False,True
43601672,150666,1538641,501,6198139,Elijah Mahi,OKC,SF/PF,4000.0,False,True
43601673,150666,1538641,503,6198139,Elijah Mahi,OKC,SF/PF,4000.0,False,True
43601674,150666,1427778,498,6198139,Andrew Holifield,OKC,SF/PF,4000.0,False,True
43601675,150666,1427778,499,6198139,Andrew Holifield,OKC,SF/PF,4000.0,False,True
43601676,150666,1427778,501,6198139,Andrew Holifield,OKC,SF/PF,4000.0,False,True
43601677,150666,1427778,503,6198139,Andrew Holifield,OKC,SF/PF,4000.0,False,True
43601678,150666,1231856,496,6198139,Bryce Thompson,OKC,PG/SG,4000.0,False,True
43601679,150666,1231856,497,6198139,Bryce Thompson,OKC,PG/SG,4000.0,False,True
43601680,150666,1231856,502,6198139,Bryce Thompson,OKC,PG/SG,4000.0,False,True
43601681,150666,1231856,503,6198139,Bryce Thompson,OKC,PG/SG,4000.0,False,True
43601682,150666,1340195,496,6198139,Nate Johnson,OKC,PG/SG,4000.0,False,True
43601683,150666,1340195,497,6198139,Nate Johnson,OKC,PG/SG,4000.0,False,True
43601684,150666,1340195,502,6198139,Nate Johnson,OKC,PG/SG,4000.0,False,True
43601685,150666,1340195,503,6198139,Nate Johnson,OKC,PG/SG,4000.0,False,True
43601686,150666,1230368,498,6198139,Jabri Abdur-Rahim,OKC,SF/PF,4000.0,False,True
43601687,150666,1230368,499,6198139,Jabri Abdur-Rahim,OKC,SF/PF,4000.0,False,True
43601688,150666,1230368,501,6198139,Jabri Abdur-Rahim,OKC,SF/PF,4000.0,False,True
43601689,150666,1230368,503,6198139,Jabri Abdur-Rahim,OKC,SF/PF,4000.0,False,True
43601690,150667,1589783,494,6198140,Keaton Wagler,LAC,SG,10200.0,False,True
43601691,150667,1460958,494,6198140,Cameron Carr,LAL,SG,9800.0,False,True
43601692,150667,1231938,494,6198140,Kobe Sanders,LAC,SG,9200.0,False,True
43601693,150667,1460155,494,6198140,Cam Christie,LAC,SG,8600.0,False,True
43601694,150667,1408189,494,6198140,Adou Thiero,LAL,SF,8000.0,False,True
43601695,150667,1402304,494,6198140,Baba Miller,LAC,PF,7600.0,False,True
43601696,150667,1323635,494,6198140,Arthur Kaluma,LAL,SF/PF,7200.0,False,True
43601697,150667,1191196,494,6198140,Anton Watson,LAL,SF/PF,7000.0,False,True
43601698,150667,851888,494,6198140,Jon Elmore,LAL,PG,6400.0,False,True
43601699,150667,1232601,494,6198140,Chris Manon,LAL,SG,6000.0,False,True
43601700,150667,1405312,494,6198140,Nick Martinelli,LAC,SF,5600.0,False,True
43601701,150667,1401446,494,6198140,Peter Suder,LAL,SG,5400.0,False,True
43601702,150667,1232447,494,6198140,Jahmyl Telfort,LAC,SF/PF,5000.0,False,True
43601703,150667,1427004,494,6198140,AK Okereke,LAL,SF,4800.0,False,True
43601704,150667,1231386,494,6198140,Norchad Omier,LAC,SF/PF,4400.0,False,True
43601705,150667,1078666,494,6198140,Zhaire Smith,LAL,SF,4000.0,False,True
43601706,150667,1326079,494,6198140,Sean Pedulla,LAC,PG/SG,3600.0,False,True
43601707,150667,1352160,494,6198140,William Hickey,LAL,PG/SG,3200.0,False,True
43601708,150667,1405367,494,6198140,Fletcher Loyer,LAC,PG/SG,2400.0,False,True
43601709,150667,1402285,494,6198140,Riley Kugel,LAC,PG/SG,2000.0,False,True
43601710,150667,1176278,494,6198140,Zach Freemantle,LAC,SF/PF,2000.0,False,True
43601711,150667,1257476,494,6198140,Themus Fulks,LAC,PG/SG,2000.0,False,True
43601712,150667,1324092,494,6198140,Luke Goode,LAL,SF/PF,2000.0,False,True
43601713,150667,1403951,494,6198140,Chase Ross,LAL,PG/SG,2000.0,False,True
43601714,150667,1328242,494,6198140,Robert McCray V,LAL,PG/SG,2000.0,False,True
43601715,150667,1402824,494,6198140,Robbie Avila,LAL,C,2000.0,False,True
43601716,150667,1405617,494,6198140,William Kyle,LAL,SF/PF,2000.0,False,True
43601717,150667,1406752,494,6198140,Jacari White,LAL,PG/SG,2000.0,False,True
43601718,150667,1589783,495,6198140,Keaton Wagler,LAC,SG,15300.0,False,True
43601719,150667,1460958,495,6198140,Cameron Carr,LAL,SG,14700.0,False,True
43601720,150667,1231938,495,6198140,Kobe Sanders,LAC,SG,13800.0,False,True
43601721,150667,1460155,495,6198140,Cam Christie,LAC,SG,12900.0,False,True
43601722,150667,1408189,495,6198140,Adou Thiero,LAL,SF,12000.0,False,True
43601723,150667,1402304,495,6198140,Baba Miller,LAC,PF,11400.0,False,True
43601724,150667,1323635,495,6198140,Arthur Kaluma,LAL,SF/PF,10800.0,False,True
43601725,150667,1191196,495,6198140,Anton Watson,LAL,SF/PF,10500.0,False,True
43601726,150667,851888,495,6198140,Jon Elmore,LAL,PG,9600.0,False,True
43601727,150667,1232601,495,6198140,Chris Manon,LAL,SG,9000.0,False,True
43601728,150667,1405312,495,6198140,Nick Martinelli,LAC,SF,8400.0,False,True
43601729,150667,1401446,495,6198140,Peter Suder,LAL,SG,8100.0,False,True
43601730,150667,1232447,495,6198140,Jahmyl Telfort,LAC,SF/PF,7500.0,False,True
43601731,150667,1427004,495,6198140,AK Okereke,LAL,SF,7200.0,False,True
43601732,150667,1231386,495,6198140,Norchad Omier,LAC,SF/PF,6600.0,False,True
43601733,150667,1078666,495,6198140,Zhaire Smith,LAL,SF,6000.0,False,True
43601734,150667,1326079,495,6198140,Sean Pedulla,LAC,PG/SG,5400.0,False,True
43601735,150667,1352160,495,6198140,William Hickey,LAL,PG/SG,4800.0,False,True
43601736,150667,1405367,495,6198140,Fletcher Loyer,LAC,PG/SG,3600.0,False,True
43601737,150667,1402285,495,6198140,Riley Kugel,LAC,PG/SG,3000.0,False,True
43601738,150667,1176278,495,6198140,Zach Freemantle,LAC,SF/PF,3000.0,False,True
43601739,150667,1257476,495,6198140,Themus Fulks,LAC,PG/SG,3000.0,False,True
43601740,150667,1324092,495,6198140,Luke Goode,LAL,SF/PF,3000.0,False,True
43601741,150667,1403951,495,6198140,Chase Ross,LAL,PG/SG,3000.0,False,True
43601742,150667,1328242,495,6198140,Robert McCray V,LAL,PG/SG,3000.0,False,True
43601743,150667,1402824,495,6198140,Robbie Avila,LAL,C,3000.0,False,True
43601744,150667,1405617,495,6198140,William Kyle,LAL,SF/PF,3000.0,False,True
43601745,150667,1406752,495,6198140,Jacari White,LAL,PG/SG,3000.0,False,True
43601908,150699,881835,672,6163182,Marina Mabrey,TOR,PG/SG,,False,True
43601909,150699,521933,672,6163179,Brittney Griner,CON,SF/PF,,False,True
43601910,150699,1127121,672,6163182,Shakira Austin,WAS,SF/PF,,False,True
43601911,150699,1353845,672,6163182,Sonia Citron,WAS,PG/SG,,False,True
43601912,150699,1329912,672,6163182,Kiki Iriafen,WAS,SF/PF,,False,True
43601913,150699,695695,672,6163182,Brittney Sykes,TOR,PG/SG,,False,True
43601914,150699,620494,672,6163182,Isabelle Harrison,TOR,SF/PF,,False,True
43601915,150699,1508686,672,6163179,Leila Lacan,CON,PG/SG,,False,True
43601916,150699,1123909,672,6163179,Olivia Nelson-Ododa,CON,SF/PF,,False,True
43601917,150699,1138402,672,6163179,Emily Engstler,PDX,SF/PF,,False,True
43601918,150699,1508685,672,6163179,Carla Leite,PDX,PG/SG,,False,True
43601919,150699,882016,672,6163179,Bridget Carleton,PDX,SF/PF,,False,True
43601920,150699,881754,672,6163182,Maria Conde,TOR,SF/PF,,False,True
43601921,150699,1217310,672,6163182,Julie Allemand,TOR,PG/SG,,False,True
43601922,150699,889432,672,6163179,Megan Gustafson,PDX,SF/PF,,False,True
43601923,150699,1132717,672,6163182,Nyara Sabally,TOR,SF/PF,,False,True
43601924,150699,1410325,672,6163182,Kiki Rice,TOR,PG/SG,,False,True
43601925,150699,1646835,672,6163182,Laura Juskaite,TOR,SF/PF,,False,True
43601926,150699,1239750,672,6163179,Charlisse Leger-Walker,CON,PG/SG,,False,True
43601927,150699,1239742,672,6163179,Sarah Ashlee Barker,PDX,PG/SG,,False,True
43601928,150699,883058,672,6163179,Kennedy Burke,CON,PG/SG,,False,True
43601929,150699,1348207,672,6163179,Aneesah Morrow,CON,SF/PF,,False,True
43601930,150699,1237071,672,6163179,Aaliyah Edwards,CON,SF/PF,,False,True
43601931,150699,1079988,672,6163182,Michaela Onyenwere,WAS,SF/PF,,False,True
43601932,150699,1178656,672,6163179,Diamond Miller,CON,SF/PF,,False,True
43601933,150699,1650029,672,6163182,Alicia Florez,WAS,PG/SG,,False,True
43601934,150699,1418182,672,6163182,Cotie McMahon,WAS,SF/PF,,False,True
43601935,150699,1338493,672,6163179,Saniya Rivers,CON,PG/SG,,False,True
43601936,150699,619768,672,6163182,Temi Fagbenle,TOR,SF/PF,,False,True
43601937,150699,1239247,672,6163182,Georgia Amoore,WAS,PG/SG,,False,True
43601938,150699,1647057,672,6163179,Teja Oblak,PDX,PG/SG,,False,True
43601939,150699,1409996,672,6163182,Lauren Betts,WAS,SF/PF,,False,True
43601940,150699,1408667,672,6163179,Frieda Buhner,PDX,SF/PF,,False,True
43601941,150699,520308,672,6163182,Kayla Alexander,TOR,SF/PF,,False,True
43601942,150699,839858,672,6163182,Kia Nurse,TOR,PG/SG,,False,True
43601943,150699,1413119,672,6163179,Serah Williams,PDX,SF/PF,,False,True
43601944,150699,1508688,672,6163179,Nyadiew Puoch,PDX,SF/PF,,False,True
43601945,150699,785079,672,6163179,Karlie Samuelson,PDX,PG/SG,,False,True
43601946,150699,1646986,672,6163179,Nell Angloma,CON,SF/PF,,False,True
43601947,150699,1651910,672,6163182,Tima Pouye,TOR,PG/SG,,False,True
43601948,150699,1409850,672,6163179,Raegan Beers,CON,SF/PF,,False,True
43601949,150699,1329604,672,6163182,Teonni Key,TOR,SF/PF,,False,True
43601950,150699,1347014,672,6163182,Lucy Olsen,WAS,PG/SG,,False,True
43601951,150699,1240231,672,6163182,Angela Dugalic,WAS,SF/PF,,False,True
43601952,150699,1178927,672,6163179,Holly Winterburn,PDX,PG/SG,,False,True
43601953,150699,1237434,672,6163179,Hailey Van Lith,CON,PG/SG,,False,True
43601954,150699,1432600,672,6163182,Cassandre Prosper,WAS,PG/SG,,False,True
43601955,150699,1214990,672,6163179,Luisa Geiselsoder,PDX,SF/PF,,False,True
43601956,150699,1330156,672,6163179,Gianna Kneepkens,CON,PG/SG,,False,True
43601957,150699,1338490,672,6163179,Sania Feagin,PDX,SF/PF,,False,True
43601958,150699,1409781,672,6163182,Darianna Littlepage-Buggs,WAS,SF/PF,,False,True
43601959,150699,1655742,672,6163182,Ornella Bankole,TOR,SF/PF,,False,True
43601960,150699,1410004,672,6163179,Jordan Harrison,PDX,PG/SG,,False,True
43601961,150699,1329933,672,6163182,Rori Harmon,WAS,PG/SG,,False,True
43601962,150699,1408616,672,6163179,Ashlon Jackson,CON,PG/SG,,False,True
43601963,150696,881835,225,6163182,Marina Mabrey,TOR,PG/SG,10500.0,False,True
43601964,150696,881835,227,6163182,Marina Mabrey,TOR,PG/SG,10500.0,False,True
43601965,150696,521933,226,6163179,Brittney Griner,CON,SF/PF,10400.0,False,True
43601966,150696,521933,227,6163179,Brittney Griner,CON,SF/PF,10400.0,False,True
43601967,150696,1127121,226,6163182,Shakira Austin,WAS,SF/PF,10200.0,False,True
43601968,150696,1127121,227,6163182,Shakira Austin,WAS,SF/PF,10200.0,False,True
43601969,150696,1353845,225,6163182,Sonia Citron,WAS,PG/SG,10000.0,False,True
43601970,150696,1353845,227,6163182,Sonia Citron,WAS,PG/SG,10000.0,False,True
43601971,150696,1329912,226,6163182,Kiki Iriafen,WAS,SF/PF,9900.0,False,True
43601972,150696,1329912,227,6163182,Kiki Iriafen,WAS,SF/PF,9900.0,False,True
43601973,150696,695695,225,6163182,Brittney Sykes,TOR,PG/SG,9600.0,False,True
43601974,150696,695695,227,6163182,Brittney Sykes,TOR,PG/SG,9600.0,False,True
43601975,150696,620494,226,6163182,Isabelle Harrison,TOR,SF/PF,9400.0,False,True
43601976,150696,620494,227,6163182,Isabelle Harrison,TOR,SF/PF,9400.0,False,True
43601977,150696,1508686,225,6163179,Leila Lacan,CON,PG/SG,9100.0,False,True
43601978,150696,1508686,227,6163179,Leila Lacan,CON,PG/SG,9100.0,False,True
43601979,150696,1123909,226,6163179,Olivia Nelson-Ododa,CON,SF/PF,9000.0,False,True
43601980,150696,1123909,227,6163179,Olivia Nelson-Ododa,CON,SF/PF,9000.0,False,True
43601981,150696,1138402,226,6163179,Emily Engstler,PDX,SF/PF,8600.0,False,True
43601982,150696,1138402,227,6163179,Emily Engstler,PDX,SF/PF,8600.0,False,True
43601983,150696,1508685,225,6163179,Carla Leite,PDX,PG/SG,8400.0,False,True
43601984,150696,1508685,227,6163179,Carla Leite,PDX,PG/SG,8400.0,False,True
43601985,150696,882016,226,6163179,Bridget Carleton,PDX,SF/PF,8300.0,False,True
43601986,150696,882016,227,6163179,Bridget Carleton,PDX,SF/PF,8300.0,False,True
43601987,150696,881754,226,6163182,Maria Conde,TOR,SF/PF,8200.0,False,True
43601988,150696,881754,227,6163182,Maria Conde,TOR,SF/PF,8200.0,False,True
43601989,150696,1217310,225,6163182,Julie Allemand,TOR,PG/SG,8000.0,False,True
43601990,150696,1217310,227,6163182,Julie Allemand,TOR,PG/SG,8000.0,False,True
43601991,150696,889432,226,6163179,Megan Gustafson,PDX,SF/PF,7900.0,False,True
43601992,150696,889432,227,6163179,Megan Gustafson,PDX,SF/PF,7900.0,False,True
43601993,150696,1132717,226,6163182,Nyara Sabally,TOR,SF/PF,7600.0,False,True
43601994,150696,1132717,227,6163182,Nyara Sabally,TOR,SF/PF,7600.0,False,True
43601995,150696,1410325,225,6163182,Kiki Rice,TOR,PG/SG,7400.0,False,True
43601996,150696,1410325,227,6163182,Kiki Rice,TOR,PG/SG,7400.0,False,True
43601997,150696,1646835,226,6163182,Laura Juskaite,TOR,SF/PF,7300.0,False,True
43601998,150696,1646835,227,6163182,Laura Juskaite,TOR,SF/PF,7300.0,False,True
43601999,150696,1239750,225,6163179,Charlisse Leger-Walker,CON,PG/SG,7200.0,False,True
43602000,150696,1239750,227,6163179,Charlisse Leger-Walker,CON,PG/SG,7200.0,False,True
43602001,150696,1239742,225,6163179,Sarah Ashlee Barker,PDX,PG/SG,7000.0,False,True
43602002,150696,1239742,227,6163179,Sarah Ashlee Barker,PDX,PG/SG,7000.0,False,True
43602003,150696,883058,225,6163179,Kennedy Burke,CON,PG/SG,6600.0,False,True
43602004,150696,883058,227,6163179,Kennedy Burke,CON,PG/SG,6600.0,False,True
43602005,150696,1348207,226,6163179,Aneesah Morrow,CON,SF/PF,6200.0,False,True
43602006,150696,1348207,227,6163179,Aneesah Morrow,CON,SF/PF,6200.0,False,True
43602007,150696,1237071,226,6163179,Aaliyah Edwards,CON,SF/PF,6100.0,False,True
43602008,150696,1237071,227,6163179,Aaliyah Edwards,CON,SF/PF,6100.0,False,True
43602009,150696,1079988,226,6163182,Michaela Onyenwere,WAS,SF/PF,5900.0,False,True
43602010,150696,1079988,227,6163182,Michaela Onyenwere,WAS,SF/PF,5900.0,False,True
43602011,150696,1178656,226,6163179,Diamond Miller,CON,SF/PF,5800.0,False,True
43602012,150696,1178656,227,6163179,Diamond Miller,CON,SF/PF,5800.0,False,True
43602013,150696,1650029,225,6163182,Alicia Florez,WAS,PG/SG,5700.0,False,True
43602014,150696,1650029,227,6163182,Alicia Florez,WAS,PG/SG,5700.0,False,True
43602015,150696,1418182,226,6163182,Cotie McMahon,WAS,SF/PF,5600.0,False,True
43602016,150696,1418182,227,6163182,Cotie McMahon,WAS,SF/PF,5600.0,False,True
43602017,150696,1338493,225,6163179,Saniya Rivers,CON,PG/SG,5500.0,False,True
43602018,150696,1338493,227,6163179,Saniya Rivers,CON,PG/SG,5500.0,False,True
43602019,150696,619768,226,6163182,Temi Fagbenle,TOR,SF/PF,5400.0,False,True
43602020,150696,619768,227,6163182,Temi Fagbenle,TOR,SF/PF,5400.0,False,True
43602021,150696,1239247,225,6163182,Georgia Amoore,WAS,PG/SG,5300.0,False,True
43602022,150696,1239247,227,6163182,Georgia Amoore,WAS,PG/SG,5300.0,False,True
43602023,150696,1647057,225,6163179,Teja Oblak,PDX,PG/SG,5200.0,False,True
43602024,150696,1647057,227,6163179,Teja Oblak,PDX,PG/SG,5200.0,False,True
43602025,150696,1409996,226,6163182,Lauren Betts,WAS,SF/PF,5100.0,False,True
43602026,150696,1409996,227,6163182,Lauren Betts,WAS,SF/PF,5100.0,False,True
43602027,150696,1408667,226,6163179,Frieda Buhner,PDX,SF/PF,4900.0,False,True
43602028,150696,1408667,227,6163179,Frieda Buhner,PDX,SF/PF,4900.0,False,True
43602029,150696,520308,226,6163182,Kayla Alexander,TOR,SF/PF,4700.0,False,True
43602030,150696,520308,227,6163182,Kayla Alexander,TOR,SF/PF,4700.0,False,True
43602031,150696,839858,225,6163182,Kia Nurse,TOR,PG/SG,4400.0,False,True
43602032,150696,839858,227,6163182,Kia Nurse,TOR,PG/SG,4400.0,False,True
43602033,150696,1413119,226,6163179,Serah Williams,PDX,SF/PF,4200.0,False,True
43602034,150696,1413119,227,6163179,Serah Williams,PDX,SF/PF,4200.0,False,True
43602035,150696,1508688,226,6163179,Nyadiew Puoch,PDX,SF/PF,4000.0,False,True
43602036,150696,1508688,227,6163179,Nyadiew Puoch,PDX,SF/PF,4000.0,False,True
43602037,150696,785079,225,6163179,Karlie Samuelson,PDX,PG/SG,3800.0,False,True
43602038,150696,785079,227,6163179,Karlie Samuelson,PDX,PG/SG,3800.0,False,True
43602039,150696,1646986,226,6163179,Nell Angloma,CON,SF/PF,3900.0,False,True
43602040,150696,1646986,227,6163179,Nell Angloma,CON,SF/PF,3900.0,False,True
43602041,150696,1651910,225,6163182,Tima Pouye,TOR,PG/SG,3700.0,False,True
43602042,150696,1651910,227,6163182,Tima Pouye,TOR,PG/SG,3700.0,False,True
43602043,150696,1409850,226,6163179,Raegan Beers,CON,SF/PF,3600.0,False,True
43602044,150696,1409850,227,6163179,Raegan Beers,CON,SF/PF,3600.0,False,True
43602045,150696,1329604,226,6163182,Teonni Key,TOR,SF/PF,3500.0,False,True
43602046,150696,1329604,227,6163182,Teonni Key,TOR,SF/PF,3500.0,False,True
43602047,150696,1347014,225,6163182,Lucy Olsen,WAS,PG/SG,3300.0,False,True
43602048,150696,1347014,227,6163182,Lucy Olsen,WAS,PG/SG,3300.0,False,True
43602049,150696,1240231,226,6163182,Angela Dugalic,WAS,SF/PF,3200.0,False,True
43602050,150696,1240231,227,6163182,Angela Dugalic,WAS,SF/PF,3200.0,False,True
43602051,150696,1178927,225,6163179,Holly Winterburn,PDX,PG/SG,3200.0,False,True
43602052,150696,1178927,227,6163179,Holly Winterburn,PDX,PG/SG,3200.0,False,True
43602053,150696,1237434,225,6163179,Hailey Van Lith,CON,PG/SG,3400.0,False,True
43602054,150696,1237434,227,6163179,Hailey Van Lith,CON,PG/SG,3400.0,False,True
43602055,150696,1432600,225,6163182,Cassandre Prosper,WAS,PG/SG,3300.0,False,True
43602056,150696,1432600,227,6163182,Cassandre Prosper,WAS,PG/SG,3300.0,False,True
43602057,150696,1214990,226,6163179,Luisa Geiselsoder,PDX,SF/PF,3100.0,False,True
43602058,150696,1214990,227,6163179,Luisa Geiselsoder,PDX,SF/PF,3100.0,False,True
43602059,150696,1330156,225,6163179,Gianna Kneepkens,CON,PG/SG,3100.0,False,True
43602060,150696,1330156,227,6163179,Gianna Kneepkens,CON,PG/SG,3100.0,False,True
43602061,150696,1338490,226,6163179,Sania Feagin,PDX,SF/PF,3000.0,False,True
43602062,150696,1338490,227,6163179,Sania Feagin,PDX,SF/PF,3000.0,False,True
43602063,150696,1409781,226,6163182,Darianna Littlepage-Buggs,WAS,SF/PF,3000.0,False,True
43602064,150696,1409781,227,6163182,Darianna Littlepage-Buggs,WAS,SF/PF,3000.0,False,True
43602065,150696,1655742,226,6163182,Ornella Bankole,TOR,SF/PF,3000.0,False,True
43602066,150696,1655742,227,6163182,Ornella Bankole,TOR,SF/PF,3000.0,False,True
43602067,150696,1410004,225,6163179,Jordan Harrison,PDX,PG/SG,3000.0,False,True
43602068,150696,1410004,227,6163179,Jordan Harrison,PDX,PG/SG,3000.0,False,True
43602069,150696,1329933,225,6163182,Rori Harmon,WAS,PG/SG,3000.0,False,True
43602070,150696,1329933,227,6163182,Rori Harmon,WAS,PG/SG,3000.0,False,True
43602071,150696,1408616,225,6163179,Ashlon Jackson,CON,PG/SG,3000.0,False,True
43602072,150696,1408616,227,6163179,Ashlon Jackson,CON,PG/SG,3000.0,False,True
43602073,150698,881835,464,6163182,Marina Mabrey,TOR,PG,,False,False
43602074,150698,881835,465,6163182,Marina Mabrey,TOR,PG,,False,False
43602075,150698,881835,636,6163182,Marina Mabrey,TOR,PG,,False,False
43602076,150698,521933,633,6163179,Brittney Griner,CON,SF,,False,False
43602077,150698,521933,465,6163179,Brittney Griner,CON,SF,,False,False
43602078,150698,521933,636,6163179,Brittney Griner,CON,SF,,False,False
43602079,150698,1127121,633,6163182,Shakira Austin,WAS,SF,,False,False
43602080,150698,1127121,465,6163182,Shakira Austin,WAS,SF,,False,False
43602081,150698,1127121,636,6163182,Shakira Austin,WAS,SF,,False,False
43602082,150698,1353845,464,6163182,Sonia Citron,WAS,PG,,False,False
43602083,150698,1353845,465,6163182,Sonia Citron,WAS,PG,,False,False
43602084,150698,1353845,636,6163182,Sonia Citron,WAS,PG,,False,False
43602085,150698,1329912,633,6163182,Kiki Iriafen,WAS,SF,,False,False
43602086,150698,1329912,465,6163182,Kiki Iriafen,WAS,SF,,False,False
43602087,150698,1329912,636,6163182,Kiki Iriafen,WAS,SF,,False,False
43602088,150698,695695,464,6163182,Brittney Sykes,TOR,PG,,False,False
43602089,150698,695695,465,6163182,Brittney Sykes,TOR,PG,,False,False
43602090,150698,695695,636,6163182,Brittney Sykes,TOR,PG,,False,False
43602091,150698,620494,633,6163182,Isabelle Harrison,TOR,SF,,False,False
43602092,150698,620494,465,6163182,Isabelle Harrison,TOR,SF,,False,False
43602093,150698,620494,636,6163182,Isabelle Harrison,TOR,SF,,False,False
43602094,150698,1508686,464,6163179,Leila Lacan,CON,PG,,False,False
43602095,150698,1508686,465,6163179,Leila Lacan,CON,PG,,False,False
43602096,150698,1508686,636,6163179,Leila Lacan,CON,PG,,False,False
43602097,150698,1123909,633,6163179,Olivia Nelson-Ododa,CON,SF,,False,False
43602098,150698,1123909,465,6163179,Olivia Nelson-Ododa,CON,SF,,False,False
43602099,150698,1123909,636,6163179,Olivia Nelson-Ododa,CON,SF,,False,False
43602100,150698,1138402,633,6163179,Emily Engstler,PDX,SF,,False,False
43602101,150698,1138402,465,6163179,Emily Engstler,PDX,SF,,False,False
43602102,150698,1138402,636,6163179,Emily Engstler,PDX,SF,,False,False
43602103,150698,1508685,464,6163179,Carla Leite,PDX,PG,,False,False
43602104,150698,1508685,465,6163179,Carla Leite,PDX,PG,,False,False
43602105,150698,1508685,636,6163179,Carla Leite,PDX,PG,,False,False
43602106,150698,882016,633,6163179,Bridget Carleton,PDX,SF,,False,False
43602107,150698,882016,465,6163179,Bridget Carleton,PDX,SF,,False,False
43602108,150698,882016,636,6163179,Bridget Carleton,PDX,SF,,False,False
43602109,150698,881754,633,6163182,Maria Conde,TOR,SF,,False,False
43602110,150698,881754,465,6163182,Maria Conde,TOR,SF,,False,False
43602111,150698,881754,636,6163182,Maria Conde,TOR,SF,,False,False
43602112,150698,1217310,464,6163182,Julie Allemand,TOR,PG,,False,False
43602113,150698,1217310,465,6163182,Julie Allemand,TOR,PG,,False,False
43602114,150698,1217310,636,6163182,Julie Allemand,TOR,PG,,False,False
43602115,150698,889432,633,6163179,Megan Gustafson,PDX,SF,,False,False
43602116,150698,889432,465,6163179,Megan Gustafson,PDX,SF,,False,False
43602117,150698,889432,636,6163179,Megan Gustafson,PDX,SF,,False,False
43602118,150698,1132717,633,6163182,Nyara Sabally,TOR,SF,,False,False
43602119,150698,1132717,465,6163182,Nyara Sabally,TOR,SF,,False,False
43602120,150698,1132717,636,6163182,Nyara Sabally,TOR,SF,,False,False
43602121,150698,1410325,464,6163182,Kiki Rice,TOR,PG,,False,False
43602122,150698,1410325,465,6163182,Kiki Rice,TOR,PG,,False,False
43602123,150698,1410325,636,6163182,Kiki Rice,TOR,PG,,False,False
43602124,150698,1646835,633,6163182,Laura Juskaite,TOR,SF,,False,False
43602125,150698,1646835,465,6163182,Laura Juskaite,TOR,SF,,False,False
43602126,150698,1646835,636,6163182,Laura Juskaite,TOR,SF,,False,False
43602127,150698,1239750,464,6163179,Charlisse Leger-Walker,CON,PG,,False,False
43602128,150698,1239750,465,6163179,Charlisse Leger-Walker,CON,PG,,False,False
43602129,150698,1239750,636,6163179,Charlisse Leger-Walker,CON,PG,,False,False
43602130,150698,1239742,464,6163179,Sarah Ashlee Barker,PDX,PG,,False,False
43602131,150698,1239742,465,6163179,Sarah Ashlee Barker,PDX,PG,,False,False
43602132,150698,1239742,636,6163179,Sarah Ashlee Barker,PDX,PG,,False,False
43602133,150698,883058,464,6163179,Kennedy Burke,CON,PG,,False,False
43602134,150698,883058,465,6163179,Kennedy Burke,CON,PG,,False,False
43602135,150698,883058,636,6163179,Kennedy Burke,CON,PG,,False,False
43602136,150698,1348207,633,6163179,Aneesah Morrow,CON,SF,,False,False
43602137,150698,1348207,465,6163179,Aneesah Morrow,CON,SF,,False,False
43602138,150698,1348207,636,6163179,Aneesah Morrow,CON,SF,,False,False
43602139,150698,1237071,633,6163179,Aaliyah Edwards,CON,SF,,False,False
43602140,150698,1237071,465,6163179,Aaliyah Edwards,CON,SF,,False,False
43602141,150698,1237071,636,6163179,Aaliyah Edwards,CON,SF,,False,False
43602142,150698,1079988,633,6163182,Michaela Onyenwere,WAS,SF,,False,False
43602143,150698,1079988,465,6163182,Michaela Onyenwere,WAS,SF,,False,False
43602144,150698,1079988,636,6163182,Michaela Onyenwere,WAS,SF,,False,False
43602145,150698,1178656,633,6163179,Diamond Miller,CON,SF,,False,False
43602146,150698,1178656,465,6163179,Diamond Miller,CON,SF,,False,False
43602147,150698,1178656,636,6163179,Diamond Miller,CON,SF,,False,False
43602148,150698,1650029,464,6163182,Alicia Florez,WAS,PG,,False,False
43602149,150698,1650029,465,6163182,Alicia Florez,WAS,PG,,False,False
43602150,150698,1650029,636,6163182,Alicia Florez,WAS,PG,,False,False
43602151,150698,1418182,633,6163182,Cotie McMahon,WAS,SF,,False,False
43602152,150698,1418182,465,6163182,Cotie McMahon,WAS,SF,,False,False
43602153,150698,1418182,636,6163182,Cotie McMahon,WAS,SF,,False,False
43602154,150698,1338493,464,6163179,Saniya Rivers,CON,PG,,False,False
43602155,150698,1338493,465,6163179,Saniya Rivers,CON,PG,,False,False
43602156,150698,1338493,636,6163179,Saniya Rivers,CON,PG,,False,False
43602157,150698,619768,633,6163182,Temi Fagbenle,TOR,SF,,False,False
43602158,150698,619768,465,6163182,Temi Fagbenle,TOR,SF,,False,False
43602159,150698,619768,636,6163182,Temi Fagbenle,TOR,SF,,False,False
43602160,150698,1239247,464,6163182,Georgia Amoore,WAS,PG,,False,False
43602161,150698,1239247,465,6163182,Georgia Amoore,WAS,PG,,False,False
43602162,150698,1239247,636,6163182,Georgia Amoore,WAS,PG,,False,False
43602163,150698,1647057,464,6163179,Teja Oblak,PDX,PG,,False,False
43602164,150698,1647057,465,6163179,Teja Oblak,PDX,PG,,False,False
43602165,150698,1647057,636,6163179,Teja Oblak,PDX,PG,,False,False
43602166,150698,1409996,633,6163182,Lauren Betts,WAS,SF,,False,False
43602167,150698,1409996,465,6163182,Lauren Betts,WAS,SF,,False,False
43602168,150698,1409996,636,6163182,Lauren Betts,WAS,SF,,False,False
43602169,150698,1408667,633,6163179,Frieda Buhner,PDX,SF,,False,False
43602170,150698,1408667,465,6163179,Frieda Buhner,PDX,SF,,False,False
43602171,150698,1408667,636,6163179,Frieda Buhner,PDX,SF,,False,False
43602172,150698,520308,633,6163182,Kayla Alexander,TOR,SF,,False,False
43602173,150698,520308,465,6163182,Kayla Alexander,TOR,SF,,False,False
43602174,150698,520308,636,6163182,Kayla Alexander,TOR,SF,,False,False
43602175,150698,839858,464,6163182,Kia Nurse,TOR,PG,,False,False
43602176,150698,839858,465,6163182,Kia Nurse,TOR,PG,,False,False
43602177,150698,839858,636,6163182,Kia Nurse,TOR,PG,,False,False
43602178,150698,1413119,633,6163179,Serah Williams,PDX,SF,,False,False
43602179,150698,1413119,465,6163179,Serah Williams,PDX,SF,,False,False
43602180,150698,1413119,636,6163179,Serah Williams,PDX,SF,,False,False
43602181,150698,1508688,633,6163179,Nyadiew Puoch,PDX,SF,,False,False
43602182,150698,1508688,465,6163179,Nyadiew Puoch,PDX,SF,,False,False
43602183,150698,1508688,636,6163179,Nyadiew Puoch,PDX,SF,,False,False
43602184,150698,1646986,633,6163179,Nell Angloma,CON,SF,,False,False
43602185,150698,1646986,465,6163179,Nell Angloma,CON,SF,,False,False
43602186,150698,1646986,636,6163179,Nell Angloma,CON,SF,,False,False
43602187,150698,785079,464,6163179,Karlie Samuelson,PDX,PG,,False,False
43602188,150698,785079,465,6163179,Karlie Samuelson,PDX,PG,,False,False
43602189,150698,785079,636,6163179,Karlie Samuelson,PDX,PG,,False,False
43602190,150698,1651910,464,6163182,Tima Pouye,TOR,PG,,False,False
43602191,150698,1651910,465,6163182,Tima Pouye,TOR,PG,,False,False
43602192,150698,1651910,636,6163182,Tima Pouye,TOR,PG,,False,False
43602193,150698,1409850,633,6163179,Raegan Beers,CON,SF,,False,False
43602194,150698,1409850,465,6163179,Raegan Beers,CON,SF,,False,False
43602195,150698,1409850,636,6163179,Raegan Beers,CON,SF,,False,False
43602196,150698,1329604,633,6163182,Teonni Key,TOR,SF,,False,False
43602197,150698,1329604,465,6163182,Teonni Key,TOR,SF,,False,False
43602198,150698,1329604,636,6163182,Teonni Key,TOR,SF,,False,False
43602199,150698,1237434,464,6163179,Hailey Van Lith,CON,PG,,False,False
43602200,150698,1237434,465,6163179,Hailey Van Lith,CON,PG,,False,False
43602201,150698,1237434,636,6163179,Hailey Van Lith,CON,PG,,False,False
43602202,150698,1347014,464,6163182,Lucy Olsen,WAS,PG,,False,False
43602203,150698,1347014,465,6163182,Lucy Olsen,WAS,PG,,False,False
43602204,150698,1347014,636,6163182,Lucy Olsen,WAS,PG,,False,False
43602205,150698,1432600,464,6163182,Cassandre Prosper,WAS,PG,,False,False
43602206,150698,1432600,465,6163182,Cassandre Prosper,WAS,PG,,False,False
43602207,150698,1432600,636,6163182,Cassandre Prosper,WAS,PG,,False,False
43602208,150698,1240231,633,6163182,Angela Dugalic,WAS,SF,,False,False
43602209,150698,1240231,465,6163182,Angela Dugalic,WAS,SF,,False,False
43602210,150698,1240231,636,6163182,Angela Dugalic,WAS,SF,,False,False
43602211,150698,1178927,464,6163179,Holly Winterburn,PDX,PG,,False,False
43602212,150698,1178927,465,6163179,Holly Winterburn,PDX,PG,,False,False
43602213,150698,1178927,636,6163179,Holly Winterburn,PDX,PG,,False,False
43602214,150698,1214990,633,6163179,Luisa Geiselsoder,PDX,SF,,False,False
43602215,150698,1214990,465,6163179,Luisa Geiselsoder,PDX,SF,,False,False
43602216,150698,1214990,636,6163179,Luisa Geiselsoder,PDX,SF,,False,False
43602217,150698,1330156,464,6163179,Gianna Kneepkens,CON,PG,,False,False
43602218,150698,1330156,465,6163179,Gianna Kneepkens,CON,PG,,False,False
43602219,150698,1330156,636,6163179,Gianna Kneepkens,CON,PG,,False,False
43602220,150698,1338490,633,6163179,Sania Feagin,PDX,SF,,False,False
43602221,150698,1338490,465,6163179,Sania Feagin,PDX,SF,,False,False
43602222,150698,1338490,636,6163179,Sania Feagin,PDX,SF,,False,False
43602223,150698,1409781,633,6163182,Darianna Littlepage-Buggs,WAS,SF,,False,False
43602224,150698,1409781,465,6163182,Darianna Littlepage-Buggs,WAS,SF,,False,False
43602225,150698,1409781,636,6163182,Darianna Littlepage-Buggs,WAS,SF,,False,False
43602226,150698,1655742,633,6163182,Ornella Bankole,TOR,SF,,False,False
43602227,150698,1655742,465,6163182,Ornella Bankole,TOR,SF,,False,False
43602228,150698,1655742,636,6163182,Ornella Bankole,TOR,SF,,False,False
43602229,150698,1410004,464,6163179,Jordan Harrison,PDX,PG,,False,False
43602230,150698,1410004,465,6163179,Jordan Harrison,PDX,PG,,False,False
43602231,150698,1410004,636,6163179,Jordan Harrison,PDX,PG,,False,False
43602232,150698,1329933,464,6163182,Rori Harmon,WAS,PG,,False,False
43602233,150698,1329933,465,6163182,Rori Harmon,WAS,PG,,False,False
43602234,150698,1329933,636,6163182,Rori Harmon,WAS,PG,,False,False
43602235,150698,1408616,464,6163179,Ashlon Jackson,CON,PG,,False,False
43602236,150698,1408616,465,6163179,Ashlon Jackson,CON,PG,,False,False
43602237,150698,1408616,636,6163179,Ashlon Jackson,CON,PG,,False,False
43602238,150697,1508686,475,6163179,Leila Lacan,CON,PG/SG,9600.0,False,True
43602239,150697,1123909,475,6163179,Olivia Nelson-Ododa,CON,SF/PF,9200.0,False,True
43602240,150697,1138402,475,6163179,Emily Engstler,PDX,SF/PF,9000.0,False,True
43602241,150697,1508685,475,6163179,Carla Leite,PDX,PG/SG,8800.0,False,True
43602242,150697,882016,475,6163179,Bridget Carleton,PDX,SF/PF,8600.0,False,True
43602243,150697,889432,475,6163179,Megan Gustafson,PDX,SF/PF,8400.0,False,True
43602244,150697,1239750,475,6163179,Charlisse Leger-Walker,CON,PG/SG,7600.0,False,True
43602245,150697,883058,475,6163179,Kennedy Burke,CON,PG/SG,7200.0,False,True
43602246,150697,1237071,475,6163179,Aaliyah Edwards,CON,SF/PF,6600.0,False,True
43602247,150697,1178656,475,6163179,Diamond Miller,CON,SF/PF,6400.0,False,True
43602248,150697,1647057,475,6163179,Teja Oblak,PDX,PG/SG,5800.0,False,True
43602249,150697,1408667,475,6163179,Frieda Buhner,PDX,SF/PF,5200.0,False,True
43602250,150697,1413119,475,6163179,Serah Williams,PDX,SF/PF,4400.0,False,True
43602251,150697,1508688,475,6163179,Nyadiew Puoch,PDX,SF/PF,4200.0,False,True
43602252,150697,1646986,475,6163179,Nell Angloma,CON,SF/PF,4000.0,False,True
43602253,150697,785079,475,6163179,Karlie Samuelson,PDX,PG/SG,3800.0,False,True
43602254,150697,1409850,475,6163179,Raegan Beers,CON,SF/PF,3400.0,False,True
43602255,150697,1237434,475,6163179,Hailey Van Lith,CON,PG/SG,2800.0,False,True
43602256,150697,1178927,475,6163179,Holly Winterburn,PDX,PG/SG,2600.0,False,True
43602257,150697,1330156,475,6163179,Gianna Kneepkens,CON,PG/SG,2400.0,False,True
43602258,150697,1214990,475,6163179,Luisa Geiselsoder,PDX,SF/PF,2200.0,False,True
43602259,150697,521933,475,6163179,Brittney Griner,CON,SF/PF,10200.0,False,True
43602260,150697,1239742,475,6163179,Sarah Ashlee Barker,PDX,PG/SG,7400.0,False,True
43602261,150697,1348207,475,6163179,Aneesah Morrow,CON,SF/PF,6800.0,False,True
43602262,150697,1338493,475,6163179,Saniya Rivers,CON,PG/SG,6000.0,False,True
43602263,150697,1410004,475,6163179,Jordan Harrison,PDX,PG/SG,2000.0,False,True
43602264,150697,1408616,475,6163179,Ashlon Jackson,CON,PG/SG,2000.0,False,True
43602265,150697,1338490,475,6163179,Sania Feagin,PDX,SF/PF,2000.0,False,True
43602266,150697,1508686,476,6163179,Leila Lacan,CON,PG/SG,14400.0,False,True
43602267,150697,1123909,476,6163179,Olivia Nelson-Ododa,CON,SF/PF,13800.0,False,True
43602268,150697,1138402,476,6163179,Emily Engstler,PDX,SF/PF,13500.0,False,True
43602269,150697,1508685,476,6163179,Carla Leite,PDX,PG/SG,13200.0,False,True
43602270,150697,882016,476,6163179,Bridget Carleton,PDX,SF/PF,12900.0,False,True
43602271,150697,889432,476,6163179,Megan Gustafson,PDX,SF/PF,12600.0,False,True
43602272,150697,1239750,476,6163179,Charlisse Leger-Walker,CON,PG/SG,11400.0,False,True
43602273,150697,883058,476,6163179,Kennedy Burke,CON,PG/SG,10800.0,False,True
43602274,150697,1237071,476,6163179,Aaliyah Edwards,CON,SF/PF,9900.0,False,True
43602275,150697,1178656,476,6163179,Diamond Miller,CON,SF/PF,9600.0,False,True
43602276,150697,1647057,476,6163179,Teja Oblak,PDX,PG/SG,8700.0,False,True
43602277,150697,1408667,476,6163179,Frieda Buhner,PDX,SF/PF,7800.0,False,True
43602278,150697,1413119,476,6163179,Serah Williams,PDX,SF/PF,6600.0,False,True
43602279,150697,1508688,476,6163179,Nyadiew Puoch,PDX,SF/PF,6300.0,False,True
43602280,150697,1646986,476,6163179,Nell Angloma,CON,SF/PF,6000.0,False,True
43602281,150697,785079,476,6163179,Karlie Samuelson,PDX,PG/SG,5700.0,False,True
43602282,150697,1409850,476,6163179,Raegan Beers,CON,SF/PF,5100.0,False,True
43602283,150697,1237434,476,6163179,Hailey Van Lith,CON,PG/SG,4200.0,False,True
43602284,150697,1178927,476,6163179,Holly Winterburn,PDX,PG/SG,3900.0,False,True
43602285,150697,1330156,476,6163179,Gianna Kneepkens,CON,PG/SG,3600.0,False,True
43602286,150697,1214990,476,6163179,Luisa Geiselsoder,PDX,SF/PF,3300.0,False,True
43602287,150697,521933,476,6163179,Brittney Griner,CON,SF/PF,15300.0,False,True
43602288,150697,1239742,476,6163179,Sarah Ashlee Barker,PDX,PG/SG,11100.0,False,True
43602289,150697,1348207,476,6163179,Aneesah Morrow,CON,SF/PF,10200.0,False,True
43602290,150697,1338493,476,6163179,Saniya Rivers,CON,PG/SG,9000.0,False,True
43602291,150697,1410004,476,6163179,Jordan Harrison,PDX,PG/SG,3000.0,False,True
43602292,150697,1408616,476,6163179,Ashlon Jackson,CON,PG/SG,3000.0,False,True
43602293,150697,1338490,476,6163179,Sania Feagin,PDX,SF/PF,3000.0,False,True
43602294,150700,881835,475,6163182,Marina Mabrey,TOR,PG/SG,9800.0,False,True
43602295,150700,1127121,475,6163182,Shakira Austin,WAS,SF/PF,9400.0,False,True
43602296,150700,1353845,475,6163182,Sonia Citron,WAS,PG/SG,9200.0,False,True
43602297,150700,1329912,475,6163182,Kiki Iriafen,WAS,SF/PF,9000.0,False,True
43602298,150700,620494,475,6163182,Isabelle Harrison,TOR,SF/PF,8400.0,False,True
43602299,150700,881754,475,6163182,Maria Conde,TOR,SF/PF,7800.0,False,True
43602300,150700,1217310,475,6163182,Julie Allemand,TOR,PG/SG,7600.0,False,True
43602301,150700,1132717,475,6163182,Nyara Sabally,TOR,SF/PF,7400.0,False,True
43602302,150700,1646835,475,6163182,Laura Juskaite,TOR,SF/PF,6800.0,False,True
43602303,150700,1079988,475,6163182,Michaela Onyenwere,WAS,SF/PF,6000.0,False,True
43602304,150700,1650029,475,6163182,Alicia Florez,WAS,PG/SG,5800.0,False,True
43602305,150700,1418182,475,6163182,Cotie McMahon,WAS,SF/PF,5400.0,False,True
43602306,150700,1239247,475,6163182,Georgia Amoore,WAS,PG/SG,5000.0,False,True
43602307,150700,1409996,475,6163182,Lauren Betts,WAS,SF/PF,4600.0,False,True
43602308,150700,520308,475,6163182,Kayla Alexander,TOR,SF/PF,4200.0,False,True
43602309,150700,839858,475,6163182,Kia Nurse,TOR,PG/SG,3800.0,False,True
43602310,150700,1651910,475,6163182,Tima Pouye,TOR,PG/SG,3400.0,False,True
43602311,150700,1329604,475,6163182,Teonni Key,TOR,SF/PF,3000.0,False,True
43602312,150700,1432600,475,6163182,Cassandre Prosper,WAS,PG/SG,2600.0,False,True
43602313,150700,1347014,475,6163182,Lucy Olsen,WAS,PG/SG,2400.0,False,True
43602314,150700,1240231,475,6163182,Angela Dugalic,WAS,SF/PF,2200.0,False,True
43602315,150700,1655742,475,6163182,Ornella Bankole,TOR,SF/PF,2000.0,False,True
43602316,150700,1329933,475,6163182,Rori Harmon,WAS,PG/SG,2000.0,False,True
43602317,150700,695695,475,6163182,Brittney Sykes,TOR,PG/SG,8600.0,False,True
43602318,150700,1410325,475,6163182,Kiki Rice,TOR,PG/SG,7000.0,False,True
43602319,150700,619768,475,6163182,Temi Fagbenle,TOR,SF/PF,5200.0,False,True
43602320,150700,1409781,475,6163182,Darianna Littlepage-Buggs,WAS,SF/PF,2000.0,False,True
43602321,150700,881835,476,6163182,Marina Mabrey,TOR,PG/SG,14700.0,False,True
43602322,150700,1127121,476,6163182,Shakira Austin,WAS,SF/PF,14100.0,False,True
43602323,150700,1353845,476,6163182,Sonia Citron,WAS,PG/SG,13800.0,False,True
43602324,150700,1329912,476,6163182,Kiki Iriafen,WAS,SF/PF,13500.0,False,True
43602325,150700,620494,476,6163182,Isabelle Harrison,TOR,SF/PF,12600.0,False,True
43602326,150700,881754,476,6163182,Maria Conde,TOR,SF/PF,11700.0,False,True
43602327,150700,1217310,476,6163182,Julie Allemand,TOR,PG/SG,11400.0,False,True
43602328,150700,1132717,476,6163182,Nyara Sabally,TOR,SF/PF,11100.0,False,True
43602329,150700,1646835,476,6163182,Laura Juskaite,TOR,SF/PF,10200.0,False,True
43602330,150700,1079988,476,6163182,Michaela Onyenwere,WAS,SF/PF,9000.0,False,True
43602331,150700,1650029,476,6163182,Alicia Florez,WAS,PG/SG,8700.0,False,True
43602332,150700,1418182,476,6163182,Cotie McMahon,WAS,SF/PF,8100.0,False,True
43602333,150700,1239247,476,6163182,Georgia Amoore,WAS,PG/SG,7500.0,False,True
43602334,150700,1409996,476,6163182,Lauren Betts,WAS,SF/PF,6900.0,False,True
43602335,150700,520308,476,6163182,Kayla Alexander,TOR,SF/PF,6300.0,False,True
43602336,150700,839858,476,6163182,Kia Nurse,TOR,PG/SG,5700.0,False,True
43602337,150700,1651910,476,6163182,Tima Pouye,TOR,PG/SG,5100.0,False,True
43602338,150700,1329604,476,6163182,Teonni Key,TOR,SF/PF,4500.0,False,True
43602339,150700,1432600,476,6163182,Cassandre Prosper,WAS,PG/SG,3900.0,False,True
43602340,150700,1347014,476,6163182,Lucy Olsen,WAS,PG/SG,3600.0,False,True
43602341,150700,1240231,476,6163182,Angela Dugalic,WAS,SF/PF,3300.0,False,True
43602342,150700,1655742,476,6163182,Ornella Bankole,TOR,SF/PF,3000.0,False,True
43602343,150700,1329933,476,6163182,Rori Harmon,WAS,PG/SG,3000.0,False,True
43602344,150700,695695,476,6163182,Brittney Sykes,TOR,PG/SG,12900.0,False,True
43602345,150700,1410325,476,6163182,Kiki Rice,TOR,PG/SG,10500.0,False,True
43602346,150700,619768,476,6163182,Temi Fagbenle,TOR,SF/PF,7800.0,False,True
43602347,150700,1409781,476,6163182,Darianna Littlepage-Buggs,WAS,SF/PF,3000.0,False,True
