draftable_id,draft_group_id,player_id,roster_slot_id,competition_id,name,team,position_name,salary,is_disabled,is_swappable
43596105,150691,477107,226,6163175,Nneka Ogwumike,LAS,SF/PF,11400.0,False,True
43596106,150691,477107,227,6163175,Nneka Ogwumike,LAS,SF/PF,11400.0,False,True
43596107,150691,1238673,226,6163175,Angel Reese,ATL,SF/PF,11300.0,False,True
43596108,150691,1238673,227,6163175,Angel Reese,ATL,SF/PF,11300.0,False,True
43596109,150691,790367,225,6163175,Kelsey Plum,LAS,PG/SG,10900.0,False,True
43596110,150691,790367,227,6163175,Kelsey Plum,LAS,PG/SG,10900.0,False,True
43596111,150691,572461,226,6163177,Alyssa Thomas,PHX,SF/PF,10800.0,False,True
43596112,150691,572461,227,6163177,Alyssa Thomas,PHX,SF/PF,10800.0,False,True
43596113,150691,880871,226,6163177,Napheesa Collier,MIN,SF/PF,10300.0,False,True
43596114,150691,880871,227,6163177,Napheesa Collier,MIN,SF/PF,10300.0,False,True
43596115,150691,1268935,225,6163177,Olivia Miles,MIN,PG/SG,10200.0,False,True
43596116,150691,1268935,227,6163177,Olivia Miles,MIN,PG/SG,10200.0,False,True
43596117,150691,574059,226,6163177,Natasha Howard,MIN,SF/PF,10000.0,False,True
43596118,150691,574059,227,6163177,Natasha Howard,MIN,SF/PF,10000.0,False,True
43596119,150691,604730,226,6163175,Dearica Hamby,LAS,SF/PF,9900.0,False,True
43596120,150691,604730,227,6163175,Dearica Hamby,LAS,SF/PF,9900.0,False,True
43596121,150691,1133019,225,6163175,Rhyne Howard,ATL,PG/SG,9600.0,False,True
43596122,150691,1133019,227,6163175,Rhyne Howard,ATL,PG/SG,9600.0,False,True
43596123,150691,574369,225,6163177,Kayla McBride,MIN,PG/SG,9400.0,False,True
43596124,150691,574369,227,6163177,Kayla McBride,MIN,PG/SG,9400.0,False,True
43596125,150691,695504,225,6163177,Courtney Williams,MIN,PG/SG,9200.0,False,True
43596126,150691,695504,227,6163177,Courtney Williams,MIN,PG/SG,9200.0,False,True
43596127,150691,849339,225,6163175,Jordin Canada,ATL,PG/SG,8800.0,False,True
43596128,150691,849339,227,6163175,Jordin Canada,ATL,PG/SG,8800.0,False,True
43596129,150691,747487,225,6163175,Allisha Gray,ATL,PG/SG,8600.0,False,True
43596130,150691,747487,227,6163175,Allisha Gray,ATL,PG/SG,8600.0,False,True
43596131,150691,713447,225,6163177,Kahleah Copper,PHX,PG/SG,8500.0,False,True
43596132,150691,713447,227,6163177,Kahleah Copper,PHX,PG/SG,8500.0,False,True
43596133,150691,747542,226,6163177,Nia Coffey,MIN,SF/PF,7800.0,False,True
43596134,150691,747542,227,6163177,Nia Coffey,MIN,SF/PF,7800.0,False,True
43596135,150691,948349,226,6163177,Natasha Mack,PHX,SF/PF,7600.0,False,True
43596136,150691,948349,227,6163177,Natasha Mack,PHX,SF/PF,7600.0,False,True
43596137,150691,304189,225,6163177,DeWanna Bonner,PHX,PG/SG,7400.0,False,True
43596138,150691,304189,227,6163177,DeWanna Bonner,PHX,PG/SG,7400.0,False,True
43596139,150691,520294,225,6163175,Erica Wheeler,LAS,PG/SG,7200.0,False,True
43596140,150691,520294,227,6163175,Erica Wheeler,LAS,PG/SG,7200.0,False,True
43596141,150691,834728,225,6163175,Ariel Atkins,LAS,PG/SG,7000.0,False,True
43596142,150691,834728,227,6163175,Ariel Atkins,LAS,PG/SG,7000.0,False,True
43596143,150691,745114,226,6163175,Brionna Jones,ATL,SF/PF,6900.0,False,True
43596144,150691,745114,227,6163175,Brionna Jones,ATL,SF/PF,6900.0,False,True
43596145,150691,1138640,225,6163175,Rae Burrell,LAS,PG/SG,6800.0,False,True
43596146,150691,1138640,227,6163175,Rae Burrell,LAS,PG/SG,6800.0,False,True
43596147,150691,1127125,226,6163175,Naz Hillmon,ATL,SF/PF,6600.0,False,True
43596148,150691,1127125,227,6163175,Naz Hillmon,ATL,SF/PF,6600.0,False,True
43596149,150691,1238540,226,6163175,Cameron Brink,LAS,SF/PF,6500.0,False,True
43596150,150691,1238540,227,6163175,Cameron Brink,LAS,SF/PF,6500.0,False,True
43596151,150691,881350,225,6163177,Valeriane Ayayi,PHX,PG/SG,6400.0,False,True
43596152,150691,881350,227,6163177,Valeriane Ayayi,PHX,PG/SG,6400.0,False,True
43596153,150691,1140882,225,6163177,Lexi Held,PHX,PG/SG,6000.0,False,True
43596154,150691,1140882,227,6163177,Lexi Held,PHX,PG/SG,6000.0,False,True
43596155,150691,1410251,226,6163175,Madina Okot,ATL,SF/PF,5600.0,False,True
43596156,150691,1410251,227,6163175,Madina Okot,ATL,SF/PF,5600.0,False,True
43596157,150691,1577196,225,6163177,Monique Akoa Makani,PHX,PG/SG,5400.0,False,True
43596158,150691,1577196,227,6163177,Monique Akoa Makani,PHX,PG/SG,5400.0,False,True
43596159,150691,1138482,226,6163177,Dorka Juhasz,MIN,SF/PF,5200.0,False,True
43596160,150691,1138482,227,6163177,Dorka Juhasz,MIN,SF/PF,5200.0,False,True
43596161,150691,1646978,226,6163177,Noemie Brochant,PHX,SF/PF,5000.0,False,True
43596162,150691,1646978,227,6163177,Noemie Brochant,PHX,SF/PF,5000.0,False,True
43596163,150691,1508691,225,6163175,Isobel Borlase,ATL,PG/SG,4400.0,False,True
43596164,150691,1508691,227,6163175,Isobel Borlase,ATL,PG/SG,4400.0,False,True
43596165,150691,411640,226,6163175,Emma Cannon,LAS,SF/PF,4300.0,False,True
43596166,150691,411640,227,6163175,Emma Cannon,LAS,SF/PF,4300.0,False,True
43596167,150691,1313708,225,6163177,Antonia Delaere,MIN,PG/SG,4200.0,False,True
43596168,150691,1313708,227,6163177,Antonia Delaere,MIN,PG/SG,4200.0,False,True
43596169,150691,1062313,225,6163177,Maya Caldwell,MIN,PG/SG,4000.0,False,True
43596170,150691,1062313,227,6163177,Maya Caldwell,MIN,PG/SG,4000.0,False,True
43596171,150691,1080001,225,6163175,Kiana Williams,LAS,PG/SG,3800.0,False,True
43596172,150691,1080001,227,6163175,Kiana Williams,LAS,PG/SG,3800.0,False,True
43596173,150691,1293081,226,6163175,Jihyun Park,LAS,SF/PF,3700.0,False,True
43596174,150691,1293081,227,6163175,Jihyun Park,LAS,SF/PF,3700.0,False,True
43596175,150691,1383344,226,6163175,Sika Kone,ATL,SF/PF,3600.0,False,True
43596176,150691,1383344,227,6163175,Sika Kone,ATL,SF/PF,3600.0,False,True
43596177,150691,1127118,225,6163175,Kate Martin,LAS,PG/SG,3500.0,False,True
43596178,150691,1127118,227,6163175,Kate Martin,LAS,PG/SG,3500.0,False,True
43596179,150691,1239240,226,6163177,Marta Suarez,PHX,SF/PF,3400.0,False,True
43596180,150691,1239240,227,6163177,Marta Suarez,PHX,SF/PF,3400.0,False,True
43596181,150691,1646983,225,6163177,Eliska Hamzova,MIN,PG/SG,3400.0,False,True
43596182,150691,1646983,227,6163177,Eliska Hamzova,MIN,PG/SG,3400.0,False,True
43596183,150691,343891,225,6163177,Sami Whitcomb,PHX,PG/SG,3300.0,False,True
43596184,150691,343891,227,6163177,Sami Whitcomb,PHX,PG/SG,3300.0,False,True
43596185,150691,1409718,225,6163175,Chance Gray,LAS,PG/SG,3300.0,False,True
43596186,150691,1409718,227,6163175,Chance Gray,LAS,PG/SG,3300.0,False,True
43596187,150691,1240156,225,6163175,Te-Hina Paopao,ATL,PG/SG,3300.0,False,True
43596188,150691,1240156,227,6163175,Te-Hina Paopao,ATL,PG/SG,3300.0,False,True
43596189,150691,1236981,226,6163177,Liatu King,MIN,SF/PF,3200.0,False,True
43596190,150691,1236981,227,6163177,Liatu King,MIN,SF/PF,3200.0,False,True
43596191,150691,1582293,226,6163177,Anastasiia Olairi Kosu,MIN,SF/PF,3200.0,False,True
43596192,150691,1582293,227,6163177,Anastasiia Olairi Kosu,MIN,SF/PF,3200.0,False,True
43596193,150691,1313712,226,6163177,Kyara Linskens,PHX,SF/PF,3100.0,False,True
43596194,150691,1313712,227,6163177,Kyara Linskens,PHX,SF/PF,3100.0,False,True
43596195,150691,1646982,226,6163177,Emma Cechova,MIN,SF/PF,3000.0,False,True
43596196,150691,1646982,227,6163177,Emma Cechova,MIN,SF/PF,3000.0,False,True
43596197,150691,1178972,226,6163175,Alissa Pili,LAS,SF/PF,3000.0,False,True
43596198,150691,1178972,227,6163175,Alissa Pili,LAS,SF/PF,3000.0,False,True
43596199,150691,1646981,225,6163177,Sha Carter,PHX,PG/SG,3000.0,False,True
43596200,150691,1646981,227,6163177,Sha Carter,PHX,PG/SG,3000.0,False,True
43596201,150691,1238253,225,6163175,Aaliyah Nye,ATL,PG/SG,3000.0,False,True
43596202,150691,1238253,227,6163175,Aaliyah Nye,ATL,PG/SG,3000.0,False,True
43596203,150691,1409879,225,6163177,Shay Ciezki,PHX,PG/SG,3000.0,False,True
43596204,150691,1409879,227,6163177,Shay Ciezki,PHX,PG/SG,3000.0,False,True
43596205,150691,1409993,225,6163175,Indya Nivar,ATL,PG/SG,3000.0,False,True
43596206,150691,1409993,227,6163175,Indya Nivar,ATL,PG/SG,3000.0,False,True
43596207,150691,1178888,225,6163175,Jaylyn Sherrod,ATL,PG/SG,3000.0,False,True
43596208,150691,1178888,227,6163175,Jaylyn Sherrod,ATL,PG/SG,3000.0,False,True
43596209,150691,745113,225,6163175,Shatori Walker-Kimbrough,ATL,PG/SG,3000.0,False,True
43596210,150691,745113,227,6163175,Shatori Walker-Kimbrough,ATL,PG/SG,3000.0,False,True
43596279,150693,477107,633,6163175,Nneka Ogwumike,LAS,SF,,False,False
43596280,150693,477107,465,6163175,Nneka Ogwumike,LAS,SF,,False,False
43596281,150693,477107,636,6163175,Nneka Ogwumike,LAS,SF,,False,False
43596282,150693,1238673,633,6163175,Angel Reese,ATL,SF,,False,False
43596283,150693,1238673,465,6163175,Angel Reese,ATL,SF,,False,False
43596284,150693,1238673,636,6163175,Angel Reese,ATL,SF,,False,False
43596285,150693,790367,464,6163175,Kelsey Plum,LAS,PG,,False,False
43596286,150693,790367,465,6163175,Kelsey Plum,LAS,PG,,False,False
43596287,150693,790367,636,6163175,Kelsey Plum,LAS,PG,,False,False
43596288,150693,572461,633,6163177,Alyssa Thomas,PHX,SF,,False,False
43596289,150693,572461,465,6163177,Alyssa Thomas,PHX,SF,,False,False
43596290,150693,572461,636,6163177,Alyssa Thomas,PHX,SF,,False,False
43596291,150693,880871,633,6163177,Napheesa Collier,MIN,SF,,False,False
43596292,150693,880871,465,6163177,Napheesa Collier,MIN,SF,,False,False
43596293,150693,880871,636,6163177,Napheesa Collier,MIN,SF,,False,False
43596294,150693,1268935,464,6163177,Olivia Miles,MIN,PG,,False,False
43596295,150693,1268935,465,6163177,Olivia Miles,MIN,PG,,False,False
43596296,150693,1268935,636,6163177,Olivia Miles,MIN,PG,,False,False
43596297,150693,574059,633,6163177,Natasha Howard,MIN,SF,,False,False
43596298,150693,574059,465,6163177,Natasha Howard,MIN,SF,,False,False
43596299,150693,574059,636,6163177,Natasha Howard,MIN,SF,,False,False
43596300,150693,604730,633,6163175,Dearica Hamby,LAS,SF,,False,False
43596301,150693,604730,465,6163175,Dearica Hamby,LAS,SF,,False,False
43596302,150693,604730,636,6163175,Dearica Hamby,LAS,SF,,False,False
43596303,150693,1133019,464,6163175,Rhyne Howard,ATL,PG,,False,False
43596304,150693,1133019,465,6163175,Rhyne Howard,ATL,PG,,False,False
43596305,150693,1133019,636,6163175,Rhyne Howard,ATL,PG,,False,False
43596306,150693,574369,464,6163177,Kayla McBride,MIN,PG,,False,False
43596307,150693,574369,465,6163177,Kayla McBride,MIN,PG,,False,False
43596308,150693,574369,636,6163177,Kayla McBride,MIN,PG,,False,False
43596309,150693,695504,464,6163177,Courtney Williams,MIN,PG,,False,False
43596310,150693,695504,465,6163177,Courtney Williams,MIN,PG,,False,False
43596311,150693,695504,636,6163177,Courtney Williams,MIN,PG,,False,False
43596312,150693,849339,464,6163175,Jordin Canada,ATL,PG,,False,False
43596313,150693,849339,465,6163175,Jordin Canada,ATL,PG,,False,False
43596314,150693,849339,636,6163175,Jordin Canada,ATL,PG,,False,False
43596315,150693,747487,464,6163175,Allisha Gray,ATL,PG,,False,False
43596316,150693,747487,465,6163175,Allisha Gray,ATL,PG,,False,False
43596317,150693,747487,636,6163175,Allisha Gray,ATL,PG,,False,False
43596318,150693,713447,464,6163177,Kahleah Copper,PHX,PG,,False,False
43596319,150693,713447,465,6163177,Kahleah Copper,PHX,PG,,False,False
43596320,150693,713447,636,6163177,Kahleah Copper,PHX,PG,,False,False
43596321,150693,747542,633,6163177,Nia Coffey,MIN,SF,,False,False
43596322,150693,747542,465,6163177,Nia Coffey,MIN,SF,,False,False
43596323,150693,747542,636,6163177,Nia Coffey,MIN,SF,,False,False
43596324,150693,948349,633,6163177,Natasha Mack,PHX,SF,,False,False
43596325,150693,948349,465,6163177,Natasha Mack,PHX,SF,,False,False
43596326,150693,948349,636,6163177,Natasha Mack,PHX,SF,,False,False
43596327,150693,304189,464,6163177,DeWanna Bonner,PHX,PG,,False,False
43596328,150693,304189,465,6163177,DeWanna Bonner,PHX,PG,,False,False
43596329,150693,304189,636,6163177,DeWanna Bonner,PHX,PG,,False,False
43596330,150693,520294,464,6163175,Erica Wheeler,LAS,PG,,False,False
43596331,150693,520294,465,6163175,Erica Wheeler,LAS,PG,,False,False
43596332,150693,520294,636,6163175,Erica Wheeler,LAS,PG,,False,False
43596333,150693,834728,464,6163175,Ariel Atkins,LAS,PG,,False,False
43596334,150693,834728,465,6163175,Ariel Atkins,LAS,PG,,False,False
43596335,150693,834728,636,6163175,Ariel Atkins,LAS,PG,,False,False
43596336,150693,745114,633,6163175,Brionna Jones,ATL,SF,,False,False
43596337,150693,745114,465,6163175,Brionna Jones,ATL,SF,,False,False
43596338,150693,745114,636,6163175,Brionna Jones,ATL,SF,,False,False
43596339,150693,1138640,464,6163175,Rae Burrell,LAS,PG,,False,False
43596340,150693,1138640,465,6163175,Rae Burrell,LAS,PG,,False,False
43596341,150693,1138640,636,6163175,Rae Burrell,LAS,PG,,False,False
43596342,150693,1127125,633,6163175,Naz Hillmon,ATL,SF,,False,False
43596343,150693,1127125,465,6163175,Naz Hillmon,ATL,SF,,False,False
43596344,150693,1127125,636,6163175,Naz Hillmon,ATL,SF,,False,False
43596345,150693,1238540,633,6163175,Cameron Brink,LAS,SF,,False,False
43596346,150693,1238540,465,6163175,Cameron Brink,LAS,SF,,False,False
43596347,150693,1238540,636,6163175,Cameron Brink,LAS,SF,,False,False
43596348,150693,881350,464,6163177,Valeriane Ayayi,PHX,PG,,False,False
43596349,150693,881350,465,6163177,Valeriane Ayayi,PHX,PG,,False,False
43596350,150693,881350,636,6163177,Valeriane Ayayi,PHX,PG,,False,False
43596351,150693,1140882,464,6163177,Lexi Held,PHX,PG,,False,False
43596352,150693,1140882,465,6163177,Lexi Held,PHX,PG,,False,False
43596353,150693,1140882,636,6163177,Lexi Held,PHX,PG,,False,False
43596354,150693,1410251,633,6163175,Madina Okot,ATL,SF,,False,False
43596355,150693,1410251,465,6163175,Madina Okot,ATL,SF,,False,False
43596356,150693,1410251,636,6163175,Madina Okot,ATL,SF,,False,False
43596357,150693,1577196,464,6163177,Monique Akoa Makani,PHX,PG,,False,False
43596358,150693,1577196,465,6163177,Monique Akoa Makani,PHX,PG,,False,False
43596359,150693,1577196,636,6163177,Monique Akoa Makani,PHX,PG,,False,False
43596360,150693,1138482,633,6163177,Dorka Juhasz,MIN,SF,,False,False
43596361,150693,1138482,465,6163177,Dorka Juhasz,MIN,SF,,False,False
43596362,150693,1138482,636,6163177,Dorka Juhasz,MIN,SF,,False,False
43596363,150693,1646978,633,6163177,Noemie Brochant,PHX,SF,,False,False
43596364,150693,1646978,465,6163177,Noemie Brochant,PHX,SF,,False,False
43596365,150693,1646978,636,6163177,Noemie Brochant,PHX,SF,,False,False
43596366,150693,1508691,464,6163175,Isobel Borlase,ATL,PG,,False,False
43596367,150693,1508691,465,6163175,Isobel Borlase,ATL,PG,,False,False
43596368,150693,1508691,636,6163175,Isobel Borlase,ATL,PG,,False,False
43596369,150693,411640,633,6163175,Emma Cannon,LAS,SF,,False,False
43596370,150693,411640,465,6163175,Emma Cannon,LAS,SF,,False,False
43596371,150693,411640,636,6163175,Emma Cannon,LAS,SF,,False,False
43596372,150693,1313708,464,6163177,Antonia Delaere,MIN,PG,,False,False
43596373,150693,1313708,465,6163177,Antonia Delaere,MIN,PG,,False,False
43596374,150693,1313708,636,6163177,Antonia Delaere,MIN,PG,,False,False
43596375,150693,1062313,464,6163177,Maya Caldwell,MIN,PG,,False,False
43596376,150693,1062313,465,6163177,Maya Caldwell,MIN,PG,,False,False
43596377,150693,1062313,636,6163177,Maya Caldwell,MIN,PG,,False,False
43596378,150693,1080001,464,6163175,Kiana Williams,LAS,PG,,False,False
43596379,150693,1080001,465,6163175,Kiana Williams,LAS,PG,,False,False
43596380,150693,1080001,636,6163175,Kiana Williams,LAS,PG,,False,False
43596381,150693,1293081,633,6163175,Jihyun Park,LAS,SF,,False,False
43596382,150693,1293081,465,6163175,Jihyun Park,LAS,SF,,False,False
43596383,150693,1293081,636,6163175,Jihyun Park,LAS,SF,,False,False
43596384,150693,1383344,633,6163175,Sika Kone,ATL,SF,,False,False
43596385,150693,1383344,465,6163175,Sika Kone,ATL,SF,,False,False
43596386,150693,1383344,636,6163175,Sika Kone,ATL,SF,,False,False
43596387,150693,1127118,464,6163175,Kate Martin,LAS,PG,,False,False
43596388,150693,1127118,465,6163175,Kate Martin,LAS,PG,,False,False
43596389,150693,1127118,636,6163175,Kate Martin,LAS,PG,,False,False
43596390,150693,1239240,633,6163177,Marta Suarez,PHX,SF,,False,False
43596391,150693,1239240,465,6163177,Marta Suarez,PHX,SF,,False,False
43596392,150693,1239240,636,6163177,Marta Suarez,PHX,SF,,False,False
43596393,150693,1646983,464,6163177,Eliska Hamzova,MIN,PG,,False,False
43596394,150693,1646983,465,6163177,Eliska Hamzova,MIN,PG,,False,False
43596395,150693,1646983,636,6163177,Eliska Hamzova,MIN,PG,,False,False
43596396,150693,343891,464,6163177,Sami Whitcomb,PHX,PG,,False,False
43596397,150693,343891,465,6163177,Sami Whitcomb,PHX,PG,,False,False
43596398,150693,343891,636,6163177,Sami Whitcomb,PHX,PG,,False,False
43596399,150693,1409718,464,6163175,Chance Gray,LAS,PG,,False,False
43596400,150693,1409718,465,6163175,Chance Gray,LAS,PG,,False,False
43596401,150693,1409718,636,6163175,Chance Gray,LAS,PG,,False,False
43596402,150693,1240156,464,6163175,Te-Hina Paopao,ATL,PG,,False,False
43596403,150693,1240156,465,6163175,Te-Hina Paopao,ATL,PG,,False,False
43596404,150693,1240156,636,6163175,Te-Hina Paopao,ATL,PG,,False,False
43596405,150693,1236981,633,6163177,Liatu King,MIN,SF,,False,False
43596406,150693,1236981,465,6163177,Liatu King,MIN,SF,,False,False
43596407,150693,1236981,636,6163177,Liatu King,MIN,SF,,False,False
43596408,150693,1582293,633,6163177,Anastasiia Olairi Kosu,MIN,SF,,False,False
43596409,150693,1582293,465,6163177,Anastasiia Olairi Kosu,MIN,SF,,False,False
43596410,150693,1582293,636,6163177,Anastasiia Olairi Kosu,MIN,SF,,False,False
43596411,150693,1313712,633,6163177,Kyara Linskens,PHX,SF,,False,False
43596412,150693,1313712,465,6163177,Kyara Linskens,PHX,SF,,False,False
43596413,150693,1313712,636,6163177,Kyara Linskens,PHX,SF,,False,False
43596414,150693,1646982,633,6163177,Emma Cechova,MIN,SF,,False,False
43596415,150693,1646982,465,6163177,Emma Cechova,MIN,SF,,False,False
43596416,150693,1646982,636,6163177,Emma Cechova,MIN,SF,,False,False
43596417,150693,1178972,633,6163175,Alissa Pili,LAS,SF,,False,False
43596418,150693,1178972,465,6163175,Alissa Pili,LAS,SF,,False,False
43596419,150693,1178972,636,6163175,Alissa Pili,LAS,SF,,False,False
43596420,150693,1646981,464,6163177,Sha Carter,PHX,PG,,False,False
43596421,150693,1646981,465,6163177,Sha Carter,PHX,PG,,False,False
43596422,150693,1646981,636,6163177,Sha Carter,PHX,PG,,False,False
43596423,150693,1238253,464,6163175,Aaliyah Nye,ATL,PG,,False,False
43596424,150693,1238253,465,6163175,Aaliyah Nye,ATL,PG,,False,False
43596425,150693,1238253,636,6163175,Aaliyah Nye,ATL,PG,,False,False
43596426,150693,1409879,464,6163177,Shay Ciezki,PHX,PG,,False,False
43596427,150693,1409879,465,6163177,Shay Ciezki,PHX,PG,,False,False
43596428,150693,1409879,636,6163177,Shay Ciezki,PHX,PG,,False,False
43596429,150693,1409993,464,6163175,Indya Nivar,ATL,PG,,False,False
43596430,150693,1409993,465,6163175,Indya Nivar,ATL,PG,,False,False
43596431,150693,1409993,636,6163175,Indya Nivar,ATL,PG,,False,False
43596432,150693,1178888,464,6163175,Jaylyn Sherrod,ATL,PG,,False,False
43596433,150693,1178888,465,6163175,Jaylyn Sherrod,ATL,PG,,False,False
43596434,150693,1178888,636,6163175,Jaylyn Sherrod,ATL,PG,,False,False
43596435,150693,745113,464,6163175,Shatori Walker-Kimbrough,ATL,PG,,False,False
43596436,150693,745113,465,6163175,Shatori Walker-Kimbrough,ATL,PG,,False,False
43596437,150693,745113,636,6163175,Shatori Walker-Kimbrough,ATL,PG,,False,False
43596438,150694,477107,672,6163175,Nneka Ogwumike,LAS,SF/PF,,False,True
43596439,150694,1238673,672,6163175,Angel Reese,ATL,SF/PF,,False,True
43596440,150694,790367,672,6163175,Kelsey Plum,LAS,PG/SG,,False,True
43596441,150694,572461,672,6163177,Alyssa Thomas,PHX,SF/PF,,False,True
43596442,150694,880871,672,6163177,Napheesa Collier,MIN,SF/PF,,False,True
43596443,150694,1268935,672,6163177,Olivia Miles,MIN,PG/SG,,False,True
43596444,150694,574059,672,6163177,Natasha Howard,MIN,SF/PF,,False,True
43596445,150694,604730,672,6163175,Dearica Hamby,LAS,SF/PF,,False,True
43596446,150694,1133019,672,6163175,Rhyne Howard,ATL,PG/SG,,False,True
43596447,150694,574369,672,6163177,Kayla McBride,MIN,PG/SG,,False,True
43596448,150694,695504,672,6163177,Courtney Williams,MIN,PG/SG,,False,True
43596449,150694,849339,672,6163175,Jordin Canada,ATL,PG/SG,,False,True
43596450,150694,747487,672,6163175,Allisha Gray,ATL,PG/SG,,False,True
43596451,150694,713447,672,6163177,Kahleah Copper,PHX,PG/SG,,False,True
43596452,150694,747542,672,6163177,Nia Coffey,MIN,SF/PF,,False,True
43596453,150694,948349,672,6163177,Natasha Mack,PHX,SF/PF,,False,True
43596454,150694,304189,672,6163177,DeWanna Bonner,PHX,PG/SG,,False,True
43596455,150694,520294,672,6163175,Erica Wheeler,LAS,PG/SG,,False,True
43596456,150694,834728,672,6163175,Ariel Atkins,LAS,PG/SG,,False,True
43596457,150694,745114,672,6163175,Brionna Jones,ATL,SF/PF,,False,True
43596458,150694,1138640,672,6163175,Rae Burrell,LAS,PG/SG,,False,True
43596459,150694,1127125,672,6163175,Naz Hillmon,ATL,SF/PF,,False,True
43596460,150694,1238540,672,6163175,Cameron Brink,LAS,SF/PF,,False,True
43596461,150694,881350,672,6163177,Valeriane Ayayi,PHX,PG/SG,,False,True
43596462,150694,1140882,672,6163177,Lexi Held,PHX,PG/SG,,False,True
43596463,150694,1410251,672,6163175,Madina Okot,ATL,SF/PF,,False,True
43596464,150694,1577196,672,6163177,Monique Akoa Makani,PHX,PG/SG,,False,True
43596465,150694,1138482,672,6163177,Dorka Juhasz,MIN,SF/PF,,False,True
43596466,150694,1646978,672,6163177,Noemie Brochant,PHX,SF/PF,,False,True
43596467,150694,1508691,672,6163175,Isobel Borlase,ATL,PG/SG,,False,True
43596468,150694,411640,672,6163175,Emma Cannon,LAS,SF/PF,,False,True
43596469,150694,1313708,672,6163177,Antonia Delaere,MIN,PG/SG,,False,True
43596470,150694,1062313,672,6163177,Maya Caldwell,MIN,PG/SG,,False,True
43596471,150694,1080001,672,6163175,Kiana Williams,LAS,PG/SG,,False,True
43596472,150694,1293081,672,6163175,Jihyun Park,LAS,SF/PF,,False,True
43596473,150694,1383344,672,6163175,Sika Kone,ATL,SF/PF,,False,True
43596474,150694,1127118,672,6163175,Kate Martin,LAS,PG/SG,,False,True
43596475,150694,1239240,672,6163177,Marta Suarez,PHX,SF/PF,,False,True
43596476,150694,1646983,672,6163177,Eliska Hamzova,MIN,PG/SG,,False,True
43596477,150694,343891,672,6163177,Sami Whitcomb,PHX,PG/SG,,False,True
43596478,150694,1409718,672,6163175,Chance Gray,LAS,PG/SG,,False,True
43596479,150694,1240156,672,6163175,Te-Hina Paopao,ATL,PG/SG,,False,True
43596480,150694,1236981,672,6163177,Liatu King,MIN,SF/PF,,False,True
43596481,150694,1582293,672,6163177,Anastasiia Olairi Kosu,MIN,SF/PF,,False,True
43596482,150694,1313712,672,6163177,Kyara Linskens,PHX,SF/PF,,False,True
43596483,150694,1646982,672,6163177,Emma Cechova,MIN,SF/PF,,False,True
43596484,150694,1178972,672,6163175,Alissa Pili,LAS,SF/PF,,False,True
43596485,150694,1646981,672,6163177,Sha Carter,PHX,PG/SG,,False,True
43596486,150694,1238253,672,6163175,Aaliyah Nye,ATL,PG/SG,,False,True
43596487,150694,1409879,672,6163177,Shay Ciezki,PHX,PG/SG,,False,True
43596488,150694,1409993,672,6163175,Indya Nivar,ATL,PG/SG,,False,True
43596489,150694,1178888,672,6163175,Jaylyn Sherrod,ATL,PG/SG,,False,True
43596490,150694,745113,672,6163175,Shatori Walker-Kimbrough,ATL,PG/SG,,False,True
43596491,150692,477107,475,6163175,Nneka Ogwumike,LAS,SF/PF,11600.0,False,True
43596492,150692,1238673,475,6163175,Angel Reese,ATL,SF/PF,11400.0,False,True
43596493,150692,604730,475,6163175,Dearica Hamby,LAS,SF/PF,10000.0,False,True
43596494,150692,1133019,475,6163175,Rhyne Howard,ATL,PG/SG,9400.0,False,True
43596495,150692,849339,475,6163175,Jordin Canada,ATL,PG/SG,8800.0,False,True
43596496,150692,747487,475,6163175,Allisha Gray,ATL,PG/SG,8400.0,False,True
43596497,150692,520294,475,6163175,Erica Wheeler,LAS,PG/SG,6800.0,False,True
43596498,150692,834728,475,6163175,Ariel Atkins,LAS,PG/SG,6600.0,False,True
43596499,150692,745114,475,6163175,Brionna Jones,ATL,SF/PF,6400.0,False,True
43596500,150692,1138640,475,6163175,Rae Burrell,LAS,PG/SG,6200.0,False,True
43596501,150692,1127125,475,6163175,Naz Hillmon,ATL,SF/PF,5800.0,False,True
43596502,150692,1410251,475,6163175,Madina Okot,ATL,SF/PF,4800.0,False,True
43596503,150692,1508691,475,6163175,Isobel Borlase,ATL,PG/SG,3800.0,False,True
43596504,150692,411640,475,6163175,Emma Cannon,LAS,SF/PF,3600.0,False,True
43596505,150692,1080001,475,6163175,Kiana Williams,LAS,PG/SG,3200.0,False,True
43596506,150692,1293081,475,6163175,Jihyun Park,LAS,SF/PF,3000.0,False,True
43596507,150692,1383344,475,6163175,Sika Kone,ATL,SF/PF,2800.0,False,True
43596508,150692,1127118,475,6163175,Kate Martin,LAS,PG/SG,2600.0,False,True
43596509,150692,1240156,475,6163175,Te-Hina Paopao,ATL,PG/SG,2400.0,False,True
43596510,150692,1409718,475,6163175,Chance Gray,LAS,PG/SG,2200.0,False,True
43596511,150692,1178972,475,6163175,Alissa Pili,LAS,SF/PF,2000.0,False,True
43596512,150692,1178888,475,6163175,Jaylyn Sherrod,ATL,PG/SG,2000.0,False,True
43596513,150692,1409993,475,6163175,Indya Nivar,ATL,PG/SG,2000.0,False,True
43596514,150692,1238253,475,6163175,Aaliyah Nye,ATL,PG/SG,2000.0,False,True
43596515,150692,745113,475,6163175,Shatori Walker-Kimbrough,ATL,PG/SG,2000.0,False,True
43596516,150692,790367,475,6163175,Kelsey Plum,LAS,PG/SG,11000.0,False,True
43596517,150692,1238540,475,6163175,Cameron Brink,LAS,SF/PF,5600.0,False,True
43596518,150692,477107,476,6163175,Nneka Ogwumike,LAS,SF/PF,17400.0,False,True
43596519,150692,1238673,476,6163175,Angel Reese,ATL,SF/PF,17100.0,False,True
43596520,150692,604730,476,6163175,Dearica Hamby,LAS,SF/PF,15000.0,False,True
43596521,150692,1133019,476,6163175,Rhyne Howard,ATL,PG/SG,14100.0,False,True
43596522,150692,849339,476,6163175,Jordin Canada,ATL,PG/SG,13200.0,False,True
43596523,150692,747487,476,6163175,Allisha Gray,ATL,PG/SG,12600.0,False,True
43596524,150692,520294,476,6163175,Erica Wheeler,LAS,PG/SG,10200.0,False,True
43596525,150692,834728,476,6163175,Ariel Atkins,LAS,PG/SG,9900.0,False,True
43596526,150692,745114,476,6163175,Brionna Jones,ATL,SF/PF,9600.0,False,True
43596527,150692,1138640,476,6163175,Rae Burrell,LAS,PG/SG,9300.0,False,True
43596528,150692,1127125,476,6163175,Naz Hillmon,ATL,SF/PF,8700.0,False,True
43596529,150692,1410251,476,6163175,Madina Okot,ATL,SF/PF,7200.0,False,True
43596530,150692,1508691,476,6163175,Isobel Borlase,ATL,PG/SG,5700.0,False,True
43596531,150692,411640,476,6163175,Emma Cannon,LAS,SF/PF,5400.0,False,True
43596532,150692,1080001,476,6163175,Kiana Williams,LAS,PG/SG,4800.0,False,True
43596533,150692,1293081,476,6163175,Jihyun Park,LAS,SF/PF,4500.0,False,True
43596534,150692,1383344,476,6163175,Sika Kone,ATL,SF/PF,4200.0,False,True
43596535,150692,1127118,476,6163175,Kate Martin,LAS,PG/SG,3900.0,False,True
43596536,150692,1240156,476,6163175,Te-Hina Paopao,ATL,PG/SG,3600.0,False,True
43596537,150692,1409718,476,6163175,Chance Gray,LAS,PG/SG,3300.0,False,True
43596538,150692,1178972,476,6163175,Alissa Pili,LAS,SF/PF,3000.0,False,True
43596539,150692,1178888,476,6163175,Jaylyn Sherrod,ATL,PG/SG,3000.0,False,True
43596540,150692,1409993,476,6163175,Indya Nivar,ATL,PG/SG,3000.0,False,True
43596541,150692,1238253,476,6163175,Aaliyah Nye,ATL,PG/SG,3000.0,False,True
43596542,150692,745113,476,6163175,Shatori Walker-Kimbrough,ATL,PG/SG,3000.0,False,True
43596543,150692,790367,476,6163175,Kelsey Plum,LAS,PG/SG,16500.0,False,True
43596544,150692,1238540,476,6163175,Cameron Brink,LAS,SF/PF,8400.0,False,True
43596545,150695,572461,475,6163177,Alyssa Thomas,PHX,SF/PF,11000.0,False,True
43596546,150695,1268935,475,6163177,Olivia Miles,MIN,PG/SG,10400.0,False,True
43596547,150695,574059,475,6163177,Natasha Howard,MIN,SF/PF,10200.0,False,True
43596548,150695,574369,475,6163177,Kayla McBride,MIN,PG/SG,9600.0,False,True
43596549,150695,695504,475,6163177,Courtney Williams,MIN,PG/SG,9200.0,False,True
43596550,150695,713447,475,6163177,Kahleah Copper,PHX,PG/SG,8600.0,False,True
43596551,150695,747542,475,6163177,Nia Coffey,MIN,SF/PF,7800.0,False,True
43596552,150695,304189,475,6163177,DeWanna Bonner,PHX,PG/SG,7200.0,False,True
43596553,150695,881350,475,6163177,Valeriane Ayayi,PHX,PG/SG,6000.0,False,True
43596554,150695,1140882,475,6163177,Lexi Held,PHX,PG/SG,5600.0,False,True
43596555,150695,1577196,475,6163177,Monique Akoa Makani,PHX,PG/SG,5000.0,False,True
43596556,150695,1138482,475,6163177,Dorka Juhasz,MIN,SF/PF,4800.0,False,True
43596557,150695,1646978,475,6163177,Noemie Brochant,PHX,SF/PF,4400.0,False,True
43596558,150695,1313708,475,6163177,Antonia Delaere,MIN,PG/SG,3800.0,False,True
43596559,150695,1062313,475,6163177,Maya Caldwell,MIN,PG/SG,3600.0,False,True
43596560,150695,1239240,475,6163177,Marta Suarez,PHX,SF/PF,3200.0,False,True
43596561,150695,1646983,475,6163177,Eliska Hamzova,MIN,PG/SG,3000.0,False,True
43596562,150695,343891,475,6163177,Sami Whitcomb,PHX,PG/SG,2800.0,False,True
43596563,150695,1582293,475,6163177,Anastasiia Olairi Kosu,MIN,SF/PF,2600.0,False,True
43596564,150695,1236981,475,6163177,Liatu King,MIN,SF/PF,2400.0,False,True
43596565,150695,1313712,475,6163177,Kyara Linskens,PHX,SF/PF,2200.0,False,True
43596566,150695,1646981,475,6163177,Sha Carter,PHX,PG/SG,2000.0,False,True
43596567,150695,1409879,475,6163177,Shay Ciezki,PHX,PG/SG,2000.0,False,True
43596568,150695,880871,475,6163177,Napheesa Collier,MIN,SF/PF,10600.0,False,True
43596569,150695,948349,475,6163177,Natasha Mack,PHX,SF/PF,7400.0,False,True
43596570,150695,1646982,475,6163177,Emma Cechova,MIN,SF/PF,2000.0,False,True
43596571,150695,572461,476,6163177,Alyssa Thomas,PHX,SF/PF,16500.0,False,True
43596572,150695,1268935,476,6163177,Olivia Miles,MIN,PG/SG,15600.0,False,True
43596573,150695,574059,476,6163177,Natasha Howard,MIN,SF/PF,15300.0,False,True
43596574,150695,574369,476,6163177,Kayla McBride,MIN,PG/SG,14400.0,False,True
43596575,150695,695504,476,6163177,Courtney Williams,MIN,PG/SG,13800.0,False,True
43596576,150695,713447,476,6163177,Kahleah Copper,PHX,PG/SG,12900.0,False,True
43596577,150695,747542,476,6163177,Nia Coffey,MIN,SF/PF,11700.0,False,True
43596578,150695,304189,476,6163177,DeWanna Bonner,PHX,PG/SG,10800.0,False,True
43596579,150695,881350,476,6163177,Valeriane Ayayi,PHX,PG/SG,9000.0,False,True
43596580,150695,1140882,476,6163177,Lexi Held,PHX,PG/SG,8400.0,False,True
43596581,150695,1577196,476,6163177,Monique Akoa Makani,PHX,PG/SG,7500.0,False,True
43596582,150695,1138482,476,6163177,Dorka Juhasz,MIN,SF/PF,7200.0,False,True
43596583,150695,1646978,476,6163177,Noemie Brochant,PHX,SF/PF,6600.0,False,True
43596584,150695,1313708,476,6163177,Antonia Delaere,MIN,PG/SG,5700.0,False,True
43596585,150695,1062313,476,6163177,Maya Caldwell,MIN,PG/SG,5400.0,False,True
43596586,150695,1239240,476,6163177,Marta Suarez,PHX,SF/PF,4800.0,False,True
43596587,150695,1646983,476,6163177,Eliska Hamzova,MIN,PG/SG,4500.0,False,True
43596588,150695,343891,476,6163177,Sami Whitcomb,PHX,PG/SG,4200.0,False,True
43596589,150695,1582293,476,6163177,Anastasiia Olairi Kosu,MIN,SF/PF,3900.0,False,True
43596590,150695,1236981,476,6163177,Liatu King,MIN,SF/PF,3600.0,False,True
43596591,150695,1313712,476,6163177,Kyara Linskens,PHX,SF/PF,3300.0,False,True
43596592,150695,1646981,476,6163177,Sha Carter,PHX,PG/SG,3000.0,False,True
43596593,150695,1409879,476,6163177,Shay Ciezki,PHX,PG/SG,3000.0,False,True
43596594,150695,880871,476,6163177,Napheesa Collier,MIN,SF/PF,15900.0,False,True
43596595,150695,948349,476,6163177,Natasha Mack,PHX,SF/PF,11100.0,False,True
43596596,150695,1646982,476,6163177,Emma Cechova,MIN,SF/PF,3000.0,False,True
43596974,150658,1465110,499,6198128,Collin Murray-Boyles,TOR,PF,9200.0,False,True
43596975,150658,1465110,501,6198128,Collin Murray-Boyles,TOR,PF,9200.0,False,True
43596976,150658,1465110,503,6198128,Collin Murray-Boyles,TOR,PF,9200.0,False,True
43596977,150658,1593959,496,6198129,Kingston Flemings,ATL,PG,8800.0,False,True
43596978,150658,1593959,502,6198129,Kingston Flemings,ATL,PG,8800.0,False,True
43596979,150658,1593959,503,6198129,Kingston Flemings,ATL,PG,8800.0,False,True
43596980,150658,1590553,498,6198129,Hugo Gonzalez,BOS,SF,8800.0,False,True
43596981,150658,1590553,501,6198129,Hugo Gonzalez,BOS,SF,8800.0,False,True
43596982,150658,1590553,503,6198129,Hugo Gonzalez,BOS,SF,8800.0,False,True
43596983,150658,1453977,496,6198128,Yuki Kawamura,IND,PG,8600.0,False,True
43596984,150658,1453977,502,6198128,Yuki Kawamura,IND,PG,8600.0,False,True
43596985,150658,1453977,503,6198128,Yuki Kawamura,IND,PG,8600.0,False,True
43596986,150658,1232028,500,6198129,Amari Williams,BOS,C,8300.0,False,True
43596987,150658,1232028,503,6198129,Amari Williams,BOS,C,8300.0,False,True
43596988,150658,1524332,499,6198129,Asa Newell,ATL,PF,8100.0,False,True
43596989,150658,1524332,501,6198129,Asa Newell,ATL,PF,8100.0,False,True
43596990,150658,1524332,503,6198129,Asa Newell,ATL,PF,8100.0,False,True
43596991,150658,1176741,498,6198129,Jacob Toppin,ATL,SF,7900.0,False,True
43596992,150658,1176741,501,6198129,Jacob Toppin,ATL,SF,7900.0,False,True
43596993,150658,1176741,503,6198129,Jacob Toppin,ATL,SF,7900.0,False,True
43596994,150658,1176674,497,6198129,John Tonje,BOS,SG,7800.0,False,True
43596995,150658,1176674,502,6198129,John Tonje,BOS,SG,7800.0,False,True
43596996,150658,1176674,503,6198129,John Tonje,BOS,SG,7800.0,False,True
43596997,150658,1403624,498,6198127,Isaac Jones,DET,SF/PF,7700.0,False,True
43596998,150658,1403624,499,6198127,Isaac Jones,DET,SF/PF,7700.0,False,True
43596999,150658,1403624,501,6198127,Isaac Jones,DET,SF/PF,7700.0,False,True
43597000,150658,1403624,503,6198127,Isaac Jones,DET,SF/PF,7700.0,False,True
43597001,150658,1500956,498,6198127,Pacome Dadiet,NY,SF,8500.0,False,True
43597002,150658,1500956,501,6198127,Pacome Dadiet,NY,SF,8500.0,False,True
43597003,150658,1500956,503,6198127,Pacome Dadiet,NY,SF,8500.0,False,True
43597004,150658,1437712,498,6198127,Mohamed Diawara,NY,SF,8000.0,False,True
43597005,150658,1437712,501,6198127,Mohamed Diawara,NY,SF,8000.0,False,True
43597006,150658,1437712,503,6198127,Mohamed Diawara,NY,SF,8000.0,False,True
43597007,150658,1243726,496,6198128,Taelon Peter,IND,PG/SG,7300.0,False,True
43597008,150658,1243726,497,6198128,Taelon Peter,IND,PG/SG,7300.0,False,True
43597009,150658,1243726,502,6198128,Taelon Peter,IND,PG/SG,7300.0,False,True
43597010,150658,1243726,503,6198128,Taelon Peter,IND,PG/SG,7300.0,False,True
43597011,150658,1194704,496,6198129,RayJ Dennis,ATL,PG/SG,7200.0,False,True
43597012,150658,1194704,497,6198129,RayJ Dennis,ATL,PG/SG,7200.0,False,True
43597013,150658,1194704,502,6198129,RayJ Dennis,ATL,PG/SG,7200.0,False,True
43597014,150658,1194704,503,6198129,RayJ Dennis,ATL,PG/SG,7200.0,False,True
43597015,150658,1232481,497,6198127,Chaz Lanier,DET,SG,7000.0,False,True
43597016,150658,1232481,502,6198127,Chaz Lanier,DET,SG,7000.0,False,True
43597017,150658,1232481,503,6198127,Chaz Lanier,DET,SG,7000.0,False,True
43597018,150658,1327212,496,6198128,Chucky Hepburn,TOR,PG,6800.0,False,True
43597019,150658,1327212,502,6198128,Chucky Hepburn,TOR,PG,6800.0,False,True
43597020,150658,1327212,503,6198128,Chucky Hepburn,TOR,PG,6800.0,False,True
43597021,150658,1231442,498,6198127,Dillon Jones,NY,SF/PF,6600.0,False,True
43597022,150658,1231442,499,6198127,Dillon Jones,NY,SF/PF,6600.0,False,True
43597023,150658,1231442,501,6198127,Dillon Jones,NY,SF/PF,6600.0,False,True
43597024,150658,1231442,503,6198127,Dillon Jones,NY,SF/PF,6600.0,False,True
43597025,150658,1175076,496,6198129,Isaiah Wong,ATL,PG/SG,6700.0,False,True
43597026,150658,1175076,497,6198129,Isaiah Wong,ATL,PG/SG,6700.0,False,True
43597027,150658,1175076,502,6198129,Isaiah Wong,ATL,PG/SG,6700.0,False,True
43597028,150658,1175076,503,6198129,Isaiah Wong,ATL,PG/SG,6700.0,False,True
43597029,150658,1186155,498,6198128,Keion Brooks Jr.,IND,SF/PF,6500.0,False,True
43597030,150658,1186155,499,6198128,Keion Brooks Jr.,IND,SF/PF,6500.0,False,True
43597031,150658,1186155,501,6198128,Keion Brooks Jr.,IND,SF/PF,6500.0,False,True
43597032,150658,1186155,503,6198128,Keion Brooks Jr.,IND,SF/PF,6500.0,False,True
43597033,150658,1502180,500,6198129,Eli Ndiaye,ATL,C,6500.0,False,True
43597034,150658,1502180,503,6198129,Eli Ndiaye,ATL,C,6500.0,False,True
43597035,150658,1323685,496,6198129,Curtis Jones,BOS,PG/SG,6500.0,False,True
43597036,150658,1323685,497,6198129,Curtis Jones,BOS,PG/SG,6500.0,False,True
43597037,150658,1323685,502,6198129,Curtis Jones,BOS,PG/SG,6500.0,False,True
43597038,150658,1323685,503,6198129,Curtis Jones,BOS,PG/SG,6500.0,False,True
43597039,150658,1327829,496,6198129,Keshon Gilbert,ATL,PG/SG,6400.0,False,True
43597040,150658,1327829,497,6198129,Keshon Gilbert,ATL,PG/SG,6400.0,False,True
43597041,150658,1327829,502,6198129,Keshon Gilbert,ATL,PG/SG,6400.0,False,True
43597042,150658,1327829,503,6198129,Keshon Gilbert,ATL,PG/SG,6400.0,False,True
43597043,150658,1413173,500,6198129,Henri Veesaar,ATL,C,6200.0,False,True
43597044,150658,1413173,503,6198129,Henri Veesaar,ATL,C,6200.0,False,True
43597045,150658,1416382,498,6198129,Zuby Ejiofor,ATL,SF/PF,6000.0,False,True
43597046,150658,1416382,499,6198129,Zuby Ejiofor,ATL,SF/PF,6000.0,False,True
43597047,150658,1416382,501,6198129,Zuby Ejiofor,ATL,SF/PF,6000.0,False,True
43597048,150658,1416382,503,6198129,Zuby Ejiofor,ATL,SF/PF,6000.0,False,True
43597049,150658,1408158,498,6198129,Dillon Mitchell,BOS,SF,6000.0,False,True
43597050,150658,1408158,501,6198129,Dillon Mitchell,BOS,SF,6000.0,False,True
43597051,150658,1408158,503,6198129,Dillon Mitchell,BOS,SF,6000.0,False,True
43597052,150658,1593958,500,6198129,Chris Cenac Jr.,BOS,C,5900.0,False,True
43597053,150658,1593958,503,6198129,Chris Cenac Jr.,BOS,C,5900.0,False,True
43597054,150658,1401378,496,6198128,Jaden Bradley,TOR,PG/SG,6100.0,False,True
43597055,150658,1401378,497,6198128,Jaden Bradley,TOR,PG/SG,6100.0,False,True
43597056,150658,1401378,502,6198128,Jaden Bradley,TOR,PG/SG,6100.0,False,True
43597057,150658,1401378,503,6198128,Jaden Bradley,TOR,PG/SG,6100.0,False,True
43597058,150658,1405372,496,6198128,Braden Smith,IND,PG,5800.0,False,True
43597059,150658,1405372,502,6198128,Braden Smith,IND,PG,5800.0,False,True
43597060,150658,1405372,503,6198128,Braden Smith,IND,PG,5800.0,False,True
43597061,150658,1409675,500,6198127,Ugonna Onyenso,DET,C,6100.0,False,True
43597062,150658,1409675,503,6198127,Ugonna Onyenso,DET,C,6100.0,False,True
43597063,150658,1593398,496,6198127,Ebuka Okorie,DET,PG,5900.0,False,True
43597064,150658,1593398,502,6198127,Ebuka Okorie,DET,PG,5900.0,False,True
43597065,150658,1593398,503,6198127,Ebuka Okorie,DET,PG,5900.0,False,True
43597066,150658,1405046,497,6198127,Tyler Nickel,NY,SG/SF,5800.0,False,True
43597067,150658,1405046,498,6198127,Tyler Nickel,NY,SG/SF,5800.0,False,True
43597068,150658,1405046,502,6198127,Tyler Nickel,NY,SG/SF,5800.0,False,True
43597069,150658,1405046,501,6198127,Tyler Nickel,NY,SG/SF,5800.0,False,True
43597070,150658,1405046,503,6198127,Tyler Nickel,NY,SG/SF,5800.0,False,True
43597071,150658,1176279,496,6198127,Brice Williams,DET,PG/SG,5600.0,False,True
43597072,150658,1176279,497,6198127,Brice Williams,DET,PG/SG,5600.0,False,True
43597073,150658,1176279,502,6198127,Brice Williams,DET,PG/SG,5600.0,False,True
43597074,150658,1176279,503,6198127,Brice Williams,DET,PG/SG,5600.0,False,True
43597075,150658,1135981,499,6198128,Jalen Slawson,IND,PF,5600.0,False,True
43597076,150658,1135981,501,6198128,Jalen Slawson,IND,PF,5600.0,False,True
43597077,150658,1135981,503,6198128,Jalen Slawson,IND,PF,5600.0,False,True
43597078,150658,1232503,496,6198127,Toby Okani,NY,PG/SG,5600.0,False,True
43597079,150658,1232503,497,6198127,Toby Okani,NY,PG/SG,5600.0,False,True
43597080,150658,1232503,502,6198127,Toby Okani,NY,PG/SG,5600.0,False,True
43597081,150658,1232503,503,6198127,Toby Okani,NY,PG/SG,5600.0,False,True
43597082,150658,1134332,496,6198128,Taevion Kinsey,IND,PG/SG,5500.0,False,True
43597083,150658,1134332,497,6198128,Taevion Kinsey,IND,PG/SG,5500.0,False,True
43597084,150658,1134332,502,6198128,Taevion Kinsey,IND,PG/SG,5500.0,False,True
43597085,150658,1134332,503,6198128,Taevion Kinsey,IND,PG/SG,5500.0,False,True
43597086,150658,1193119,496,6198129,Alondes Williams,BOS,PG/SG,5500.0,False,True
43597087,150658,1193119,497,6198129,Alondes Williams,BOS,PG/SG,5500.0,False,True
43597088,150658,1193119,502,6198129,Alondes Williams,BOS,PG/SG,5500.0,False,True
43597089,150658,1193119,503,6198129,Alondes Williams,BOS,PG/SG,5500.0,False,True
43597090,150658,1135289,498,6198128,Gabe McGlothan,IND,SF/PF,5400.0,False,True
43597091,150658,1135289,499,6198128,Gabe McGlothan,IND,SF/PF,5400.0,False,True
43597092,150658,1135289,501,6198128,Gabe McGlothan,IND,SF/PF,5400.0,False,True
43597093,150658,1135289,503,6198128,Gabe McGlothan,IND,SF/PF,5400.0,False,True
43597094,150658,1189241,497,6198128,Seth Lundy,TOR,SG/SF,5500.0,False,True
43597095,150658,1189241,498,6198128,Seth Lundy,TOR,SG/SF,5500.0,False,True
43597096,150658,1189241,502,6198128,Seth Lundy,TOR,SG/SF,5500.0,False,True
43597097,150658,1189241,501,6198128,Seth Lundy,TOR,SG/SF,5500.0,False,True
43597098,150658,1189241,503,6198128,Seth Lundy,TOR,SG/SF,5500.0,False,True
43597099,150658,1135193,498,6198127,Liam Robbins,NY,SF/PF,5300.0,False,True
43597100,150658,1135193,499,6198127,Liam Robbins,NY,SF/PF,5300.0,False,True
43597101,150658,1135193,501,6198127,Liam Robbins,NY,SF/PF,5300.0,False,True
43597102,150658,1135193,503,6198127,Liam Robbins,NY,SF/PF,5300.0,False,True
43597103,150658,1061641,498,6198128,Alex Reese,IND,SF/PF,5300.0,False,True
43597104,150658,1061641,499,6198128,Alex Reese,IND,SF/PF,5300.0,False,True
43597105,150658,1061641,501,6198128,Alex Reese,IND,SF/PF,5300.0,False,True
43597106,150658,1061641,503,6198128,Alex Reese,IND,SF/PF,5300.0,False,True
43597107,150658,1235208,496,6198129,Gabe Madsen,ATL,PG/SG,5200.0,False,True
43597108,150658,1235208,497,6198129,Gabe Madsen,ATL,PG/SG,5200.0,False,True
43597109,150658,1235208,502,6198129,Gabe Madsen,ATL,PG/SG,5200.0,False,True
43597110,150658,1235208,503,6198129,Gabe Madsen,ATL,PG/SG,5200.0,False,True
43597111,150658,1345658,498,6198128,Jamarion Sharp,TOR,SF/PF,5200.0,False,True
43597112,150658,1345658,499,6198128,Jamarion Sharp,TOR,SF/PF,5200.0,False,True
43597113,150658,1345658,501,6198128,Jamarion Sharp,TOR,SF/PF,5200.0,False,True
43597114,150658,1345658,503,6198128,Jamarion Sharp,TOR,SF/PF,5200.0,False,True
43597115,150658,1502252,497,6198129,Kyle Mangas,BOS,SG,5100.0,False,True
43597116,150658,1502252,502,6198129,Kyle Mangas,BOS,SG,5100.0,False,True
43597117,150658,1502252,503,6198129,Kyle Mangas,BOS,SG,5100.0,False,True
43597118,150658,1408253,496,6198127,Roddy Gayle Jr.,DET,PG/SG,4900.0,False,True
43597119,150658,1408253,497,6198127,Roddy Gayle Jr.,DET,PG/SG,4900.0,False,True
43597120,150658,1408253,502,6198127,Roddy Gayle Jr.,DET,PG/SG,4900.0,False,True
43597121,150658,1408253,503,6198127,Roddy Gayle Jr.,DET,PG/SG,4900.0,False,True
43597122,150658,1340722,498,6198127,Basheer Jihad,DET,SF/PF,4800.0,False,True
43597123,150658,1340722,499,6198127,Basheer Jihad,DET,SF/PF,4800.0,False,True
43597124,150658,1340722,501,6198127,Basheer Jihad,DET,SF/PF,4800.0,False,True
43597125,150658,1340722,503,6198127,Basheer Jihad,DET,SF/PF,4800.0,False,True
43597126,150658,1406802,496,6198127,Drake Allen,DET,PG/SG,4700.0,False,True
43597127,150658,1406802,497,6198127,Drake Allen,DET,PG/SG,4700.0,False,True
43597128,150658,1406802,502,6198127,Drake Allen,DET,PG/SG,4700.0,False,True
43597129,150658,1406802,503,6198127,Drake Allen,DET,PG/SG,4700.0,False,True
43597130,150658,1490077,498,6198127,Latavious Mitchell,DET,SF/PF,4600.0,False,True
43597131,150658,1490077,499,6198127,Latavious Mitchell,DET,SF/PF,4600.0,False,True
43597132,150658,1490077,501,6198127,Latavious Mitchell,DET,SF/PF,4600.0,False,True
43597133,150658,1490077,503,6198127,Latavious Mitchell,DET,SF/PF,4600.0,False,True
43597134,150658,1404043,496,6198127,Jaden Henley,DET,PG/SG,4400.0,False,True
43597135,150658,1404043,497,6198127,Jaden Henley,DET,PG/SG,4400.0,False,True
43597136,150658,1404043,502,6198127,Jaden Henley,DET,PG/SG,4400.0,False,True
43597137,150658,1404043,503,6198127,Jaden Henley,DET,PG/SG,4400.0,False,True
43597138,150658,1560464,496,6198127,Orlando Thomas,DET,PG/SG,4200.0,False,True
43597139,150658,1560464,497,6198127,Orlando Thomas,DET,PG/SG,4200.0,False,True
43597140,150658,1560464,502,6198127,Orlando Thomas,DET,PG/SG,4200.0,False,True
43597141,150658,1560464,503,6198127,Orlando Thomas,DET,PG/SG,4200.0,False,True
43597142,150658,1481234,497,6198127,Corey Stephenson,DET,SG/SF,4100.0,False,True
43597143,150658,1481234,498,6198127,Corey Stephenson,DET,SG/SF,4100.0,False,True
43597144,150658,1481234,502,6198127,Corey Stephenson,DET,SG/SF,4100.0,False,True
43597145,150658,1481234,501,6198127,Corey Stephenson,DET,SG/SF,4100.0,False,True
43597146,150658,1481234,503,6198127,Corey Stephenson,DET,SG/SF,4100.0,False,True
43597147,150658,1231555,498,6198127,Steven Crowl,DET,SF/PF,4000.0,False,True
43597148,150658,1231555,499,6198127,Steven Crowl,DET,SF/PF,4000.0,False,True
43597149,150658,1231555,501,6198127,Steven Crowl,DET,SF/PF,4000.0,False,True
43597150,150658,1231555,503,6198127,Steven Crowl,DET,SF/PF,4000.0,False,True
43597151,150658,1408200,496,6198127,Treysen Eaglestaff,NY,PG/SG,5000.0,False,True
43597152,150658,1408200,497,6198127,Treysen Eaglestaff,NY,PG/SG,5000.0,False,True
43597153,150658,1408200,502,6198127,Treysen Eaglestaff,NY,PG/SG,5000.0,False,True
43597154,150658,1408200,503,6198127,Treysen Eaglestaff,NY,PG/SG,5000.0,False,True
43597155,150658,1345648,496,6198127,Langston Wilson,NY,PG/SG,4900.0,False,True
43597156,150658,1345648,497,6198127,Langston Wilson,NY,PG/SG,4900.0,False,True
43597157,150658,1345648,502,6198127,Langston Wilson,NY,PG/SG,4900.0,False,True
43597158,150658,1345648,503,6198127,Langston Wilson,NY,PG/SG,4900.0,False,True
43597159,150658,1657336,497,6198127,Akoi Yuot,NY,SG,4800.0,False,True
43597160,150658,1657336,502,6198127,Akoi Yuot,NY,SG,4800.0,False,True
43597161,150658,1657336,503,6198127,Akoi Yuot,NY,SG,4800.0,False,True
43597162,150658,1357735,498,6198127,Keith Palek III,NY,SF/PF,4700.0,False,True
43597163,150658,1357735,499,6198127,Keith Palek III,NY,SF/PF,4700.0,False,True
43597164,150658,1357735,501,6198127,Keith Palek III,NY,SF/PF,4700.0,False,True
43597165,150658,1357735,503,6198127,Keith Palek III,NY,SF/PF,4700.0,False,True
43597166,150658,1406922,496,6198127,Will Johnston,NY,PG/SG,4600.0,False,True
43597167,150658,1406922,497,6198127,Will Johnston,NY,PG/SG,4600.0,False,True
43597168,150658,1406922,502,6198127,Will Johnston,NY,PG/SG,4600.0,False,True
43597169,150658,1406922,503,6198127,Will Johnston,NY,PG/SG,4600.0,False,True
43597170,150658,1405899,496,6198127,Oziyah Sellers,NY,PG/SG,4500.0,False,True
43597171,150658,1405899,497,6198127,Oziyah Sellers,NY,PG/SG,4500.0,False,True
43597172,150658,1405899,502,6198127,Oziyah Sellers,NY,PG/SG,4500.0,False,True
43597173,150658,1405899,503,6198127,Oziyah Sellers,NY,PG/SG,4500.0,False,True
43597174,150658,1326890,496,6198127,Erik Reynolds II,NY,PG/SG,4400.0,False,True
43597175,150658,1326890,497,6198127,Erik Reynolds II,NY,PG/SG,4400.0,False,True
43597176,150658,1326890,502,6198127,Erik Reynolds II,NY,PG/SG,4400.0,False,True
43597177,150658,1326890,503,6198127,Erik Reynolds II,NY,PG/SG,4400.0,False,True
43597178,150658,1340701,496,6198127,Jaden Akins,NY,PG/SG,4200.0,False,True
43597179,150658,1340701,497,6198127,Jaden Akins,NY,PG/SG,4200.0,False,True
43597180,150658,1340701,502,6198127,Jaden Akins,NY,PG/SG,4200.0,False,True
43597181,150658,1340701,503,6198127,Jaden Akins,NY,PG/SG,4200.0,False,True
43597182,150658,1245938,498,6198127,Lance Ware,NY,SF/PF,4100.0,False,True
43597183,150658,1245938,499,6198127,Lance Ware,NY,SF/PF,4100.0,False,True
43597184,150658,1245938,501,6198127,Lance Ware,NY,SF/PF,4100.0,False,True
43597185,150658,1245938,503,6198127,Lance Ware,NY,SF/PF,4100.0,False,True
43597186,150658,1251745,498,6198127,Nick Jourdain,NY,SF/PF,4000.0,False,True
43597187,150658,1251745,499,6198127,Nick Jourdain,NY,SF/PF,4000.0,False,True
43597188,150658,1251745,501,6198127,Nick Jourdain,NY,SF/PF,4000.0,False,True
43597189,150658,1251745,503,6198127,Nick Jourdain,NY,SF/PF,4000.0,False,True
43597190,150658,1326876,500,6198128,Nate Bittle,TOR,C,4900.0,False,True
43597191,150658,1326876,503,6198128,Nate Bittle,TOR,C,4900.0,False,True
43597192,150658,1243566,498,6198128,Aziz Bandaogo,TOR,SF/PF,4800.0,False,True
43597193,150658,1243566,499,6198128,Aziz Bandaogo,TOR,SF/PF,4800.0,False,True
43597194,150658,1243566,501,6198128,Aziz Bandaogo,TOR,SF/PF,4800.0,False,True
43597195,150658,1243566,503,6198128,Aziz Bandaogo,TOR,SF/PF,4800.0,False,True
43597196,150658,1348260,496,6198128,Malik Thomas,TOR,PG/SG,4700.0,False,True
43597197,150658,1348260,497,6198128,Malik Thomas,TOR,PG/SG,4700.0,False,True
43597198,150658,1348260,502,6198128,Malik Thomas,TOR,PG/SG,4700.0,False,True
43597199,150658,1348260,503,6198128,Malik Thomas,TOR,PG/SG,4700.0,False,True
43597200,150658,1232142,496,6198128,Jalen Celestine,TOR,PG/SG,4600.0,False,True
43597201,150658,1232142,497,6198128,Jalen Celestine,TOR,PG/SG,4600.0,False,True
43597202,150658,1232142,502,6198128,Jalen Celestine,TOR,PG/SG,4600.0,False,True
43597203,150658,1232142,503,6198128,Jalen Celestine,TOR,PG/SG,4600.0,False,True
43597204,150658,1241593,496,6198128,Nimari Burnett,TOR,PG/SG,4500.0,False,True
43597205,150658,1241593,497,6198128,Nimari Burnett,TOR,PG/SG,4500.0,False,True
43597206,150658,1241593,502,6198128,Nimari Burnett,TOR,PG/SG,4500.0,False,True
43597207,150658,1241593,503,6198128,Nimari Burnett,TOR,PG/SG,4500.0,False,True
43597208,150658,1326046,498,6198128,Tyson Degenhart,TOR,SF/PF,4400.0,False,True
43597209,150658,1326046,499,6198128,Tyson Degenhart,TOR,SF/PF,4400.0,False,True
43597210,150658,1326046,501,6198128,Tyson Degenhart,TOR,SF/PF,4400.0,False,True
43597211,150658,1326046,503,6198128,Tyson Degenhart,TOR,SF/PF,4400.0,False,True
43597212,150658,1231293,498,6198128,Brandon Angel,TOR,SF/PF,4300.0,False,True
43597213,150658,1231293,499,6198128,Brandon Angel,TOR,SF/PF,4300.0,False,True
43597214,150658,1231293,501,6198128,Brandon Angel,TOR,SF/PF,4300.0,False,True
43597215,150658,1231293,503,6198128,Brandon Angel,TOR,SF/PF,4300.0,False,True
43597216,150658,1088723,496,6198128,Tyreke Key,TOR,PG/SG,4100.0,False,True
43597217,150658,1088723,497,6198128,Tyreke Key,TOR,PG/SG,4100.0,False,True
43597218,150658,1088723,502,6198128,Tyreke Key,TOR,PG/SG,4100.0,False,True
43597219,150658,1088723,503,6198128,Tyreke Key,TOR,PG/SG,4100.0,False,True
43597220,150658,1241397,496,6198128,A.J. Hoggard,TOR,PG/SG,4000.0,False,True
43597221,150658,1241397,497,6198128,A.J. Hoggard,TOR,PG/SG,4000.0,False,True
43597222,150658,1241397,502,6198128,A.J. Hoggard,TOR,PG/SG,4000.0,False,True
43597223,150658,1241397,503,6198128,A.J. Hoggard,TOR,PG/SG,4000.0,False,True
43597224,150658,1402846,496,6198128,Tamin Lipsey,IND,PG/SG,4600.0,False,True
43597225,150658,1402846,497,6198128,Tamin Lipsey,IND,PG/SG,4600.0,False,True
43597226,150658,1402846,502,6198128,Tamin Lipsey,IND,PG/SG,4600.0,False,True
43597227,150658,1402846,503,6198128,Tamin Lipsey,IND,PG/SG,4600.0,False,True
43597228,150658,1193990,499,6198128,Rienk Mast,IND,PF/C,4500.0,False,True
43597229,150658,1193990,500,6198128,Rienk Mast,IND,PF/C,4500.0,False,True
43597230,150658,1193990,501,6198128,Rienk Mast,IND,PF/C,4500.0,False,True
43597231,150658,1193990,503,6198128,Rienk Mast,IND,PF/C,4500.0,False,True
43597232,150658,1323927,498,6198128,Kowacie Reeves Jr.,IND,SF/PF,4400.0,False,True
43597233,150658,1323927,499,6198128,Kowacie Reeves Jr.,IND,SF/PF,4400.0,False,True
43597234,150658,1323927,501,6198128,Kowacie Reeves Jr.,IND,SF/PF,4400.0,False,True
43597235,150658,1323927,503,6198128,Kowacie Reeves Jr.,IND,SF/PF,4400.0,False,True
43597236,150658,1340768,496,6198128,Jalen Warley,IND,PG/SG,4300.0,False,True
43597237,150658,1340768,497,6198128,Jalen Warley,IND,PG/SG,4300.0,False,True
43597238,150658,1340768,502,6198128,Jalen Warley,IND,PG/SG,4300.0,False,True
43597239,150658,1340768,503,6198128,Jalen Warley,IND,PG/SG,4300.0,False,True
43597240,150658,1405968,500,6198128,Keba Keita,IND,C,4200.0,False,True
43597241,150658,1405968,503,6198128,Keba Keita,IND,C,4200.0,False,True
43597242,150658,1656691,498,6198128,MJ Iraldi,IND,SF/PF,4100.0,False,True
43597243,150658,1656691,499,6198128,MJ Iraldi,IND,SF/PF,4100.0,False,True
43597244,150658,1656691,501,6198128,MJ Iraldi,IND,SF/PF,4100.0,False,True
43597245,150658,1656691,503,6198128,MJ Iraldi,IND,SF/PF,4100.0,False,True
43597246,150658,1328236,496,6198128,Cameron Hildreth,IND,PG/SG,4000.0,False,True
43597247,150658,1328236,497,6198128,Cameron Hildreth,IND,PG/SG,4000.0,False,True
43597248,150658,1328236,502,6198128,Cameron Hildreth,IND,PG/SG,4000.0,False,True
43597249,150658,1328236,503,6198128,Cameron Hildreth,IND,PG/SG,4000.0,False,True
43597250,150658,1406026,496,6198129,Isaac McKneely,ATL,PG/SG,4500.0,False,True
43597251,150658,1406026,497,6198129,Isaac McKneely,ATL,PG/SG,4500.0,False,True
43597252,150658,1406026,502,6198129,Isaac McKneely,ATL,PG/SG,4500.0,False,True
43597253,150658,1406026,503,6198129,Isaac McKneely,ATL,PG/SG,4500.0,False,True
43597254,150658,1324023,496,6198129,Kobe Knox,ATL,PG/SG,4400.0,False,True
43597255,150658,1324023,497,6198129,Kobe Knox,ATL,PG/SG,4400.0,False,True
43597256,150658,1324023,502,6198129,Kobe Knox,ATL,PG/SG,4400.0,False,True
43597257,150658,1324023,503,6198129,Kobe Knox,ATL,PG/SG,4400.0,False,True
43597258,150658,1402299,498,6198129,Cameron Corhen,ATL,SF/PF,4300.0,False,True
43597259,150658,1402299,499,6198129,Cameron Corhen,ATL,SF/PF,4300.0,False,True
43597260,150658,1402299,501,6198129,Cameron Corhen,ATL,SF/PF,4300.0,False,True
43597261,150658,1402299,503,6198129,Cameron Corhen,ATL,SF/PF,4300.0,False,True
43597262,150658,1147319,496,6198129,Devon Higgs,ATL,PG/SG,4200.0,False,True
43597263,150658,1147319,497,6198129,Devon Higgs,ATL,PG/SG,4200.0,False,True
43597264,150658,1147319,502,6198129,Devon Higgs,ATL,PG/SG,4200.0,False,True
43597265,150658,1147319,503,6198129,Devon Higgs,ATL,PG/SG,4200.0,False,True
43597266,150658,1326491,496,6198129,Zeke Mayo,ATL,PG/SG,4100.0,False,True
43597267,150658,1326491,497,6198129,Zeke Mayo,ATL,PG/SG,4100.0,False,True
43597268,150658,1326491,502,6198129,Zeke Mayo,ATL,PG/SG,4100.0,False,True
43597269,150658,1326491,503,6198129,Zeke Mayo,ATL,PG/SG,4100.0,False,True
43597270,150658,1348259,496,6198129,Kobe Johnson,ATL,PG/SG,4000.0,False,True
43597271,150658,1348259,497,6198129,Kobe Johnson,ATL,PG/SG,4000.0,False,True
43597272,150658,1348259,502,6198129,Kobe Johnson,ATL,PG/SG,4000.0,False,True
43597273,150658,1348259,503,6198129,Kobe Johnson,ATL,PG/SG,4000.0,False,True
43597274,150658,1340218,498,6198129,Tucker DeVries,BOS,SF/PF,4500.0,False,True
43597275,150658,1340218,499,6198129,Tucker DeVries,BOS,SF/PF,4500.0,False,True
43597276,150658,1340218,501,6198129,Tucker DeVries,BOS,SF/PF,4500.0,False,True
43597277,150658,1340218,503,6198129,Tucker DeVries,BOS,SF/PF,4500.0,False,True
43597278,150658,1401533,498,6198129,Chauncey Wiggins,BOS,SF/PF,4400.0,False,True
43597279,150658,1401533,499,6198129,Chauncey Wiggins,BOS,SF/PF,4400.0,False,True
43597280,150658,1401533,501,6198129,Chauncey Wiggins,BOS,SF/PF,4400.0,False,True
43597281,150658,1401533,503,6198129,Chauncey Wiggins,BOS,SF/PF,4400.0,False,True
43597282,150658,1405418,496,6198129,Milos Uzan,BOS,PG/SG,4300.0,False,True
43597283,150658,1405418,497,6198129,Milos Uzan,BOS,PG/SG,4300.0,False,True
43597284,150658,1405418,502,6198129,Milos Uzan,BOS,PG/SG,4300.0,False,True
43597285,150658,1405418,503,6198129,Milos Uzan,BOS,PG/SG,4300.0,False,True
43597286,150658,1236723,498,6198129,Nick Pringle,BOS,SF/PF,4200.0,False,True
43597287,150658,1236723,499,6198129,Nick Pringle,BOS,SF/PF,4200.0,False,True
43597288,150658,1236723,501,6198129,Nick Pringle,BOS,SF/PF,4200.0,False,True
43597289,150658,1236723,503,6198129,Nick Pringle,BOS,SF/PF,4200.0,False,True
43597290,150658,1475191,496,6198129,Day Day Thomas,BOS,PG/SG,4100.0,False,True
43597291,150658,1475191,497,6198129,Day Day Thomas,BOS,PG/SG,4100.0,False,True
43597292,150658,1475191,502,6198129,Day Day Thomas,BOS,PG/SG,4100.0,False,True
43597293,150658,1475191,503,6198129,Day Day Thomas,BOS,PG/SG,4100.0,False,True
43597294,150658,1174826,496,6198129,Caleb Grill,BOS,PG/SG,4000.0,False,True
43597295,150658,1174826,497,6198129,Caleb Grill,BOS,PG/SG,4000.0,False,True
43597296,150658,1174826,502,6198129,Caleb Grill,BOS,PG/SG,4000.0,False,True
43597297,150658,1174826,503,6198129,Caleb Grill,BOS,PG/SG,4000.0,False,True
43597298,150659,1593986,499,6198130,Cameron Boozer,MEM,PF,9000.0,False,True
43597299,150659,1593986,501,6198130,Cameron Boozer,MEM,PF,9000.0,False,True
43597300,150659,1593986,503,6198130,Cameron Boozer,MEM,PF,9000.0,False,True
43597301,150659,1594900,497,6198132,Darryn Peterson,UTA,SG,8900.0,False,True
43597302,150659,1594900,502,6198132,Darryn Peterson,UTA,SG,8900.0,False,True
43597303,150659,1594900,503,6198132,Darryn Peterson,UTA,SG,8900.0,False,True
43597304,150659,1605148,498,6198132,Caleb Wilson,CHI,SF,8700.0,False,True
43597305,150659,1605148,501,6198132,Caleb Wilson,CHI,SF,8700.0,False,True
43597306,150659,1605148,503,6198132,Caleb Wilson,CHI,SF,8700.0,False,True
43597307,150659,1519363,499,6198132,Ace Bailey,UTA,PF,8500.0,False,True
43597308,150659,1519363,501,6198132,Ace Bailey,UTA,PF,8500.0,False,True
43597309,150659,1519363,503,6198132,Ace Bailey,UTA,PF,8500.0,False,True
43597310,150659,1351367,496,6198130,Cedric Coward,MEM,PG/SG,8300.0,False,True
43597311,150659,1351367,497,6198130,Cedric Coward,MEM,PG/SG,8300.0,False,True
43597312,150659,1351367,502,6198130,Cedric Coward,MEM,PG/SG,8300.0,False,True
43597313,150659,1351367,503,6198130,Cedric Coward,MEM,PG/SG,8300.0,False,True
43597314,150659,1520671,499,6198130,Morez Johnson,DAL,PF,8200.0,False,True
43597315,150659,1520671,501,6198130,Morez Johnson,DAL,PF,8200.0,False,True
43597316,150659,1520671,503,6198130,Morez Johnson,DAL,PF,8200.0,False,True
43597317,150659,1405622,499,6198133,Rasheer Fleming,PHO,PF,8200.0,False,True
43597318,150659,1405622,501,6198133,Rasheer Fleming,PHO,PF,8200.0,False,True
43597319,150659,1405622,503,6198133,Rasheer Fleming,PHO,PF,8200.0,False,True
43597320,150659,1590552,500,6198134,Joan Beringer,MIN,C,7900.0,False,True
43597321,150659,1590552,503,6198134,Joan Beringer,MIN,C,7900.0,False,True
43597322,150659,1338969,497,6198130,Walter Clayton Jr.,MEM,SG,7900.0,False,True
43597323,150659,1338969,502,6198130,Walter Clayton Jr.,MEM,SG,7900.0,False,True
43597324,150659,1338969,503,6198130,Walter Clayton Jr.,MEM,SG,7900.0,False,True
43597325,150659,1465506,500,6198133,Khaman Maluach,PHO,C,7900.0,False,True
43597326,150659,1465506,503,6198133,Khaman Maluach,PHO,C,7900.0,False,True
43597327,150659,1610164,497,6198133,Brayden Burries,MIL,SG,7800.0,False,True
43597328,150659,1610164,502,6198133,Brayden Burries,MIL,SG,7800.0,False,True
43597329,150659,1610164,503,6198133,Brayden Burries,MIL,SG,7800.0,False,True
43597330,150659,1461413,498,6198132,Dailyn Swain,CHI,SF,7800.0,False,True
43597331,150659,1461413,501,6198132,Dailyn Swain,CHI,SF,7800.0,False,True
43597332,150659,1461413,503,6198132,Dailyn Swain,CHI,SF,7800.0,False,True
43597333,150659,1500958,499,6198132,Noa Essengue,CHI,PF,7600.0,False,True
43597334,150659,1500958,501,6198132,Noa Essengue,CHI,PF,7600.0,False,True
43597335,150659,1500958,503,6198132,Noa Essengue,CHI,PF,7600.0,False,True
43597336,150659,1448788,496,6198133,Kasparas Jakucionis,MIL,PG,7500.0,False,True
43597337,150659,1448788,502,6198133,Kasparas Jakucionis,MIL,PG,7500.0,False,True
43597338,150659,1448788,503,6198133,Kasparas Jakucionis,MIL,PG,7500.0,False,True
43597339,150659,1610167,499,6198133,Koa Peat,PHO,PF,7500.0,False,True
43597340,150659,1610167,501,6198133,Koa Peat,PHO,PF,7500.0,False,True
43597341,150659,1610167,503,6198133,Koa Peat,PHO,PF,7500.0,False,True
43597342,150659,1405861,498,6198130,Taylor Hendricks,MEM,SF/PF,7500.0,False,True
43597343,150659,1405861,499,6198130,Taylor Hendricks,MEM,SF/PF,7500.0,False,True
43597344,150659,1405861,501,6198130,Taylor Hendricks,MEM,SF/PF,7500.0,False,True
43597345,150659,1405861,503,6198130,Taylor Hendricks,MEM,SF/PF,7500.0,False,True
43597346,150659,1193172,498,6198134,Jalen Bridges,POR,SF/PF,7400.0,False,True
43597347,150659,1193172,499,6198134,Jalen Bridges,POR,SF/PF,7400.0,False,True
43597348,150659,1193172,501,6198134,Jalen Bridges,POR,SF/PF,7400.0,False,True
43597349,150659,1193172,503,6198134,Jalen Bridges,POR,SF/PF,7400.0,False,True
43597350,150659,1352114,497,6198133,Luke Travers,MIL,SG,7300.0,False,True
43597351,150659,1352114,502,6198133,Luke Travers,MIL,SG,7300.0,False,True
43597352,150659,1352114,503,6198133,Luke Travers,MIL,SG,7300.0,False,True
43597353,150659,1403628,499,6198131,Nae'Qwan Tomlin,CLE,PF,7300.0,False,True
43597354,150659,1403628,501,6198131,Nae'Qwan Tomlin,CLE,PF,7300.0,False,True
43597355,150659,1403628,503,6198131,Nae'Qwan Tomlin,CLE,PF,7300.0,False,True
43597356,150659,1241594,500,6198131,Vladislav Goldin,MIA,C,7200.0,False,True
43597357,150659,1241594,503,6198131,Vladislav Goldin,MIA,C,7200.0,False,True
43597358,150659,1458830,498,6198132,Cody Williams,UTA,SF/PF,7000.0,False,True
43597359,150659,1458830,499,6198132,Cody Williams,UTA,SF/PF,7000.0,False,True
43597360,150659,1458830,501,6198132,Cody Williams,UTA,SF/PF,7000.0,False,True
43597361,150659,1458830,503,6198132,Cody Williams,UTA,SF/PF,7000.0,False,True
43597362,150659,1328248,496,6198130,Jahmai Mashack,MEM,PG/SG,7000.0,False,True
43597363,150659,1328248,497,6198130,Jahmai Mashack,MEM,PG/SG,7000.0,False,True
43597364,150659,1328248,502,6198130,Jahmai Mashack,MEM,PG/SG,7000.0,False,True
43597365,150659,1328248,503,6198130,Jahmai Mashack,MEM,PG/SG,7000.0,False,True
43597366,150659,1324003,496,6198130,Javon Small,MEM,PG/SG,6800.0,False,True
43597367,150659,1324003,497,6198130,Javon Small,MEM,PG/SG,6800.0,False,True
43597368,150659,1324003,502,6198130,Javon Small,MEM,PG/SG,6800.0,False,True
43597369,150659,1324003,503,6198130,Javon Small,MEM,PG/SG,6800.0,False,True
43597370,150659,1193678,496,6198132,Antonio Reeves,CHI,PG/SG,6800.0,False,True
43597371,150659,1193678,497,6198132,Antonio Reeves,CHI,PG/SG,6800.0,False,True
43597372,150659,1193678,502,6198132,Antonio Reeves,CHI,PG/SG,6800.0,False,True
43597373,150659,1193678,503,6198132,Antonio Reeves,CHI,PG/SG,6800.0,False,True
43597374,150659,1591570,500,6198134,Hansen Yang,POR,C,6800.0,False,True
43597375,150659,1591570,503,6198134,Hansen Yang,POR,C,6800.0,False,True
43597376,150659,1243633,497,6198133,Koby Brea,PHO,SG,6700.0,False,True
43597377,150659,1243633,502,6198133,Koby Brea,PHO,SG,6700.0,False,True
43597378,150659,1243633,503,6198133,Koby Brea,PHO,SG,6700.0,False,True
43597379,150659,1323633,496,6198132,Trey Alexander,UTA,PG/SG,6600.0,False,True
43597380,150659,1323633,497,6198132,Trey Alexander,UTA,PG/SG,6600.0,False,True
43597381,150659,1323633,502,6198132,Trey Alexander,UTA,PG/SG,6600.0,False,True
43597382,150659,1323633,503,6198132,Trey Alexander,UTA,PG/SG,6600.0,False,True
43597383,150659,1324173,496,6198133,Kam Jones,MIL,PG,6500.0,False,True
43597384,150659,1324173,502,6198133,Kam Jones,MIL,PG,6500.0,False,True
43597385,150659,1324173,503,6198133,Kam Jones,MIL,PG,6500.0,False,True
43597386,150659,1231665,496,6198130,Jaden Springer,DAL,PG/SG,6500.0,False,True
43597387,150659,1231665,497,6198130,Jaden Springer,DAL,PG/SG,6500.0,False,True
43597388,150659,1231665,502,6198130,Jaden Springer,DAL,PG/SG,6500.0,False,True
43597389,150659,1231665,503,6198130,Jaden Springer,DAL,PG/SG,6500.0,False,True
43597390,150659,1482016,498,6198131,Riley Minix,CLE,SF,6500.0,False,True
43597391,150659,1482016,501,6198131,Riley Minix,CLE,SF,6500.0,False,True
43597392,150659,1482016,503,6198131,Riley Minix,CLE,SF,6500.0,False,True
43597393,150659,1502168,500,6198134,Rocco Zikarsky,MIN,C,6500.0,False,True
43597394,150659,1502168,503,6198134,Rocco Zikarsky,MIN,C,6500.0,False,True
43597395,150659,1197462,496,6198131,Myron Gardner,MIA,PG/SG,6500.0,False,True
43597396,150659,1197462,497,6198131,Myron Gardner,MIA,PG/SG,6500.0,False,True
43597397,150659,1197462,502,6198131,Myron Gardner,MIA,PG/SG,6500.0,False,True
43597398,150659,1197462,503,6198131,Myron Gardner,MIA,PG/SG,6500.0,False,True
43597399,150659,1429347,496,6198134,Jaylen Martin,POR,PG/SG,6300.0,False,True
43597400,150659,1429347,497,6198134,Jaylen Martin,POR,PG/SG,6300.0,False,True
43597401,150659,1429347,502,6198134,Jaylen Martin,POR,PG/SG,6300.0,False,True
43597402,150659,1429347,503,6198134,Jaylen Martin,POR,PG/SG,6300.0,False,True
43597403,150659,1245906,497,6198133,Brandon Boston Jr.,MIL,SG,6200.0,False,True
43597404,150659,1245906,502,6198133,Brandon Boston Jr.,MIL,SG,6200.0,False,True
43597405,150659,1245906,503,6198133,Brandon Boston Jr.,MIL,SG,6200.0,False,True
43597406,150659,1342729,497,6198131,Kendall Brown,MIA,SG/SF,6200.0,False,True
43597407,150659,1342729,498,6198131,Kendall Brown,MIA,SG/SF,6200.0,False,True
43597408,150659,1342729,502,6198131,Kendall Brown,MIA,SG/SF,6200.0,False,True
43597409,150659,1342729,501,6198131,Kendall Brown,MIA,SG/SF,6200.0,False,True
43597410,150659,1342729,503,6198131,Kendall Brown,MIA,SG/SF,6200.0,False,True
43597411,150659,1197096,499,6198134,Enrique Freeman,MIN,PF,6100.0,False,True
43597412,150659,1197096,501,6198134,Enrique Freeman,MIN,PF,6100.0,False,True
43597413,150659,1197096,503,6198134,Enrique Freeman,MIN,PF,6100.0,False,True
43597414,150659,1325163,496,6198131,Malaki Branham,CLE,PG/SG,6000.0,False,True
43597415,150659,1325163,497,6198131,Malaki Branham,CLE,PG/SG,6000.0,False,True
43597416,150659,1325163,502,6198131,Malaki Branham,CLE,PG/SG,6000.0,False,True
43597417,150659,1325163,503,6198131,Malaki Branham,CLE,PG/SG,6000.0,False,True
43597418,150659,1405618,497,6198131,Ryan Conwell,MIA,SG,6000.0,False,True
43597419,150659,1405618,502,6198131,Ryan Conwell,MIA,SG,6000.0,False,True
43597420,150659,1405618,503,6198131,Ryan Conwell,MIA,SG,6000.0,False,True
43597421,150659,1243685,498,6198134,Jayson Kent,POR,SF/PF,5900.0,False,True
43597422,150659,1243685,499,6198134,Jayson Kent,POR,SF/PF,5900.0,False,True
43597423,150659,1243685,501,6198134,Jayson Kent,POR,SF/PF,5900.0,False,True
43597424,150659,1243685,503,6198134,Jayson Kent,POR,SF/PF,5900.0,False,True
43597425,150659,1175108,496,6198134,Damion Baugh,MIN,PG/SG,5800.0,False,True
43597426,150659,1175108,497,6198134,Damion Baugh,MIN,PG/SG,5800.0,False,True
43597427,150659,1175108,502,6198134,Damion Baugh,MIN,PG/SG,5800.0,False,True
43597428,150659,1175108,503,6198134,Damion Baugh,MIN,PG/SG,5800.0,False,True
43597429,150659,1323621,496,6198130,Ryan Nembhard,DAL,PG/SG,5800.0,False,True
43597430,150659,1323621,497,6198130,Ryan Nembhard,DAL,PG/SG,5800.0,False,True
43597431,150659,1323621,502,6198130,Ryan Nembhard,DAL,PG/SG,5800.0,False,True
43597432,150659,1323621,503,6198130,Ryan Nembhard,DAL,PG/SG,5800.0,False,True
43597433,150659,1231292,499,6198133,CJ Huntley,PHO,PF,5800.0,False,True
43597434,150659,1231292,501,6198133,CJ Huntley,PHO,PF,5800.0,False,True
43597435,150659,1231292,503,6198133,CJ Huntley,PHO,PF,5800.0,False,True
43597436,150659,1323990,496,6198131,Trevor Keels,MIA,PG/SG,5800.0,False,True
43597437,150659,1323990,497,6198131,Trevor Keels,MIA,PG/SG,5800.0,False,True
43597438,150659,1323990,502,6198131,Trevor Keels,MIA,PG/SG,5800.0,False,True
43597439,150659,1323990,503,6198131,Trevor Keels,MIA,PG/SG,5800.0,False,True
43597440,150659,1333783,497,6198132,Tamar Bates,UTA,SG,5700.0,False,True
43597441,150659,1333783,502,6198132,Tamar Bates,UTA,SG,5700.0,False,True
43597442,150659,1333783,503,6198132,Tamar Bates,UTA,SG,5700.0,False,True
43597443,150659,1176274,496,6198131,Jahmir Young,MIA,PG/SG,5600.0,False,True
43597444,150659,1176274,497,6198131,Jahmir Young,MIA,PG/SG,5600.0,False,True
43597445,150659,1176274,502,6198131,Jahmir Young,MIA,PG/SG,5600.0,False,True
43597446,150659,1176274,503,6198131,Jahmir Young,MIA,PG/SG,5600.0,False,True
43597447,150659,1654517,498,6198130,Karim Lopez,MEM,SF,5500.0,False,True
43597448,150659,1654517,501,6198130,Karim Lopez,MEM,SF,5500.0,False,True
43597449,150659,1654517,503,6198130,Karim Lopez,MEM,SF,5500.0,False,True
43597450,150659,1234814,496,6198134,Chris Youngblood,POR,PG/SG,5500.0,False,True
43597451,150659,1234814,497,6198134,Chris Youngblood,POR,PG/SG,5500.0,False,True
43597452,150659,1234814,502,6198134,Chris Youngblood,POR,PG/SG,5500.0,False,True
43597453,150659,1234814,503,6198134,Chris Youngblood,POR,PG/SG,5500.0,False,True
43597454,150659,1408263,498,6198130,Tobi Lawal,DAL,SF,5500.0,False,True
43597455,150659,1408263,501,6198130,Tobi Lawal,DAL,SF,5500.0,False,True
43597456,150659,1408263,503,6198130,Tobi Lawal,DAL,SF,5500.0,False,True
43597457,150659,1134179,497,6198132,Blake Hinson,UTA,SG,5500.0,False,True
43597458,150659,1134179,502,6198132,Blake Hinson,UTA,SG,5500.0,False,True
43597459,150659,1134179,503,6198132,Blake Hinson,UTA,SG,5500.0,False,True
43597460,150659,1325097,499,6198134,Trey Kaufman-Renn,MIN,PF,5500.0,False,True
43597461,150659,1325097,501,6198134,Trey Kaufman-Renn,MIN,PF,5500.0,False,True
43597462,150659,1325097,503,6198134,Trey Kaufman-Renn,MIN,PF,5500.0,False,True
43597463,150659,1591014,497,6198131,Meleek Thomas,CLE,SG,5500.0,False,True
43597464,150659,1591014,502,6198131,Meleek Thomas,CLE,SG,5500.0,False,True
43597465,150659,1591014,503,6198131,Meleek Thomas,CLE,SG,5500.0,False,True
43597466,150659,1429357,499,6198130,Tyler Smith,DAL,PF,5400.0,False,True
43597467,150659,1429357,501,6198130,Tyler Smith,DAL,PF,5400.0,False,True
43597468,150659,1429357,503,6198130,Tyler Smith,DAL,PF,5400.0,False,True
43597469,150659,1174887,499,6198131,Tristan Enaruna,CLE,PF,5400.0,False,True
43597470,150659,1174887,501,6198131,Tristan Enaruna,CLE,PF,5400.0,False,True
43597471,150659,1174887,503,6198131,Tristan Enaruna,CLE,PF,5400.0,False,True
43597472,150659,1340786,496,6198132,Matthew Cleveland,UTA,PG/SG,5400.0,False,True
43597473,150659,1340786,497,6198132,Matthew Cleveland,UTA,PG/SG,5400.0,False,True
43597474,150659,1340786,502,6198132,Matthew Cleveland,UTA,PG/SG,5400.0,False,True
43597475,150659,1340786,503,6198132,Matthew Cleveland,UTA,PG/SG,5400.0,False,True
43597476,150659,1136746,496,6198133,Darius Brown II,PHO,PG/SG,5400.0,False,True
43597477,150659,1136746,497,6198133,Darius Brown II,PHO,PG/SG,5400.0,False,True
43597478,150659,1136746,502,6198133,Darius Brown II,PHO,PG/SG,5400.0,False,True
43597479,150659,1136746,503,6198133,Darius Brown II,PHO,PG/SG,5400.0,False,True
43597480,150659,1432129,499,6198133,Bogoljub Markovic,MIL,PF,5400.0,False,True
43597481,150659,1432129,501,6198133,Bogoljub Markovic,MIL,PF,5400.0,False,True
43597482,150659,1432129,503,6198133,Bogoljub Markovic,MIL,PF,5400.0,False,True
43597483,150659,1654816,497,6198130,Vsevolod Ishchenko,DAL,SG,5300.0,False,True
43597484,150659,1654816,502,6198130,Vsevolod Ishchenko,DAL,SG,5300.0,False,True
43597485,150659,1654816,503,6198130,Vsevolod Ishchenko,DAL,SG,5300.0,False,True
43597486,150659,1134766,496,6198133,Cormac Ryan,MIL,PG/SG,5300.0,False,True
43597487,150659,1134766,497,6198133,Cormac Ryan,MIL,PG/SG,5300.0,False,True
43597488,150659,1134766,502,6198133,Cormac Ryan,MIL,PG/SG,5300.0,False,True
43597489,150659,1134766,503,6198133,Cormac Ryan,MIL,PG/SG,5300.0,False,True
43597490,150659,1323513,500,6198132,Charles Bediako,CHI,C,5300.0,False,True
43597491,150659,1323513,503,6198132,Charles Bediako,CHI,C,5300.0,False,True
43597492,150659,1343052,496,6198130,John Poulakidas,DAL,PG/SG,5200.0,False,True
43597493,150659,1343052,497,6198130,John Poulakidas,DAL,PG/SG,5200.0,False,True
43597494,150659,1343052,502,6198130,John Poulakidas,DAL,PG/SG,5200.0,False,True
43597495,150659,1343052,503,6198130,John Poulakidas,DAL,PG/SG,5200.0,False,True
43597496,150659,1196146,496,6198134,Zyon Pullin,MIN,PG,5200.0,False,True
43597497,150659,1196146,502,6198134,Zyon Pullin,MIN,PG,5200.0,False,True
43597498,150659,1196146,503,6198134,Zyon Pullin,MIN,PG,5200.0,False,True
43597499,150659,1134758,498,6198132,Kylor Kelley,UTA,SF/PF,5200.0,False,True
43597500,150659,1134758,499,6198132,Kylor Kelley,UTA,SF/PF,5200.0,False,True
43597501,150659,1134758,501,6198132,Kylor Kelley,UTA,SF/PF,5200.0,False,True
43597502,150659,1134758,503,6198132,Kylor Kelley,UTA,SF/PF,5200.0,False,True
43597503,150659,1092124,498,6198133,Javonte Cooke,PHO,SF,5200.0,False,True
43597504,150659,1092124,501,6198133,Javonte Cooke,PHO,SF,5200.0,False,True
43597505,150659,1092124,503,6198133,Javonte Cooke,PHO,SF,5200.0,False,True
43597506,150659,1328253,496,6198132,Kennedy Chandler,CHI,PG/SG,5200.0,False,True
43597507,150659,1328253,497,6198132,Kennedy Chandler,CHI,PG/SG,5200.0,False,True
43597508,150659,1328253,502,6198132,Kennedy Chandler,CHI,PG/SG,5200.0,False,True
43597509,150659,1328253,503,6198132,Kennedy Chandler,CHI,PG/SG,5200.0,False,True
43597510,150659,1416381,500,6198131,Ernest Udeh Jr.,CLE,C,5200.0,False,True
43597511,150659,1416381,503,6198131,Ernest Udeh Jr.,CLE,C,5200.0,False,True
43597512,150659,1654518,497,6198130,Sergio de Larrea,DAL,SG,5100.0,False,True
43597513,150659,1654518,502,6198130,Sergio de Larrea,DAL,SG,5100.0,False,True
43597514,150659,1654518,503,6198130,Sergio de Larrea,DAL,SG,5100.0,False,True
43597515,150659,1178150,500,6198133,Jesse Edwards,MIL,C,5100.0,False,True
43597516,150659,1178150,503,6198133,Jesse Edwards,MIL,C,5100.0,False,True
43597517,150659,1230357,496,6198134,DJ Steward,POR,PG/SG,5100.0,False,True
43597518,150659,1230357,497,6198134,DJ Steward,POR,PG/SG,5100.0,False,True
43597519,150659,1230357,502,6198134,DJ Steward,POR,PG/SG,5100.0,False,True
43597520,150659,1230357,503,6198134,DJ Steward,POR,PG/SG,5100.0,False,True
43597521,150659,1482267,496,6198132,Hayden Gray,UTA,PG/SG,5100.0,False,True
43597522,150659,1482267,497,6198132,Hayden Gray,UTA,PG/SG,5100.0,False,True
43597523,150659,1482267,502,6198132,Hayden Gray,UTA,PG/SG,5100.0,False,True
43597524,150659,1482267,503,6198132,Hayden Gray,UTA,PG/SG,5100.0,False,True
43597525,150659,1175025,498,6198130,Tyler Burton,MEM,SF/PF,5100.0,False,True
43597526,150659,1175025,499,6198130,Tyler Burton,MEM,SF/PF,5100.0,False,True
43597527,150659,1175025,501,6198130,Tyler Burton,MEM,SF/PF,5100.0,False,True
43597528,150659,1175025,503,6198130,Tyler Burton,MEM,SF/PF,5100.0,False,True
43597529,150659,1340732,497,6198132,Jaylin Sellers,CHI,SG,5100.0,False,True
43597530,150659,1340732,502,6198132,Jaylin Sellers,CHI,SG,5100.0,False,True
43597531,150659,1340732,503,6198132,Jaylin Sellers,CHI,SG,5100.0,False,True
43597532,150659,1343051,496,6198132,Bez Mbeng,UTA,PG/SG,5000.0,False,True
43597533,150659,1343051,497,6198132,Bez Mbeng,UTA,PG/SG,5000.0,False,True
43597534,150659,1343051,502,6198132,Bez Mbeng,UTA,PG/SG,5000.0,False,True
43597535,150659,1343051,503,6198132,Bez Mbeng,UTA,PG/SG,5000.0,False,True
43597536,150659,1401394,496,6198131,Tre Donaldson,MIA,PG,5000.0,False,True
43597537,150659,1401394,502,6198131,Tre Donaldson,MIA,PG,5000.0,False,True
43597538,150659,1401394,503,6198131,Tre Donaldson,MIA,PG,5000.0,False,True
43597539,150659,1405698,499,6198132,Tobe Awaka,CHI,PF,5000.0,False,True
43597540,150659,1405698,501,6198132,Tobe Awaka,CHI,PF,5000.0,False,True
43597541,150659,1405698,503,6198132,Tobe Awaka,CHI,PF,5000.0,False,True
43597542,150659,1134005,496,6198133,Kira Lewis Jr.,MIL,PG,5000.0,False,True
43597543,150659,1134005,502,6198133,Kira Lewis Jr.,MIL,PG,5000.0,False,True
43597544,150659,1134005,503,6198133,Kira Lewis Jr.,MIL,PG,5000.0,False,True
43597545,150659,1253428,498,6198133,Zack Austin,MIL,SF/PF,4900.0,False,True
43597546,150659,1253428,499,6198133,Zack Austin,MIL,SF/PF,4900.0,False,True
43597547,150659,1253428,501,6198133,Zack Austin,MIL,SF/PF,4900.0,False,True
43597548,150659,1253428,503,6198133,Zack Austin,MIL,SF/PF,4900.0,False,True
43597549,150659,1179796,496,6198134,Quincy Olivari,POR,PG/SG,4900.0,False,True
43597550,150659,1179796,497,6198134,Quincy Olivari,POR,PG/SG,4900.0,False,True
43597551,150659,1179796,502,6198134,Quincy Olivari,POR,PG/SG,4900.0,False,True
43597552,150659,1179796,503,6198134,Quincy Olivari,POR,PG/SG,4900.0,False,True
43597553,150659,1132310,496,6198131,Dane Goodwin,CLE,PG/SG,4900.0,False,True
43597554,150659,1132310,497,6198131,Dane Goodwin,CLE,PG/SG,4900.0,False,True
43597555,150659,1132310,502,6198131,Dane Goodwin,CLE,PG/SG,4900.0,False,True
43597556,150659,1132310,503,6198131,Dane Goodwin,CLE,PG/SG,4900.0,False,True
43597557,150659,1176113,496,6198132,Boo Buie,CHI,PG/SG,4900.0,False,True
43597558,150659,1176113,497,6198132,Boo Buie,CHI,PG/SG,4900.0,False,True
43597559,150659,1176113,502,6198132,Boo Buie,CHI,PG/SG,4900.0,False,True
43597560,150659,1176113,503,6198132,Boo Buie,CHI,PG/SG,4900.0,False,True
43597561,150659,1136168,500,6198133,Jake Stephens,PHO,C,4900.0,False,True
43597562,150659,1136168,503,6198133,Jake Stephens,PHO,C,4900.0,False,True
43597563,150659,1186764,496,6198134,Donovan Williams,MIN,PG/SG,4900.0,False,True
43597564,150659,1186764,497,6198134,Donovan Williams,MIN,PG/SG,4900.0,False,True
43597565,150659,1186764,502,6198134,Donovan Williams,MIN,PG/SG,4900.0,False,True
43597566,150659,1186764,503,6198134,Donovan Williams,MIN,PG/SG,4900.0,False,True
43597567,150659,1175300,496,6198130,Darin Green Jr.,DAL,PG/SG,4900.0,False,True
43597568,150659,1175300,497,6198130,Darin Green Jr.,DAL,PG/SG,4900.0,False,True
43597569,150659,1175300,502,6198130,Darin Green Jr.,DAL,PG/SG,4900.0,False,True
43597570,150659,1175300,503,6198130,Darin Green Jr.,DAL,PG/SG,4900.0,False,True
43597571,150659,1408465,498,6198131,Keyshawn Hall,MIA,SF/PF,4900.0,False,True
43597572,150659,1408465,499,6198131,Keyshawn Hall,MIA,SF/PF,4900.0,False,True
43597573,150659,1408465,501,6198131,Keyshawn Hall,MIA,SF/PF,4900.0,False,True
43597574,150659,1408465,503,6198131,Keyshawn Hall,MIA,SF/PF,4900.0,False,True
43597575,150659,1323643,500,6198130,Lawson Lovering,MEM,C,4800.0,False,True
43597576,150659,1323643,503,6198130,Lawson Lovering,MEM,C,4800.0,False,True
43597577,150659,1326422,500,6198133,Rafael Castro,MIL,C,4800.0,False,True
43597578,150659,1326422,503,6198133,Rafael Castro,MIL,C,4800.0,False,True
43597579,150659,1076185,500,6198132,Malik Williams,CHI,C,4800.0,False,True
43597580,150659,1076185,503,6198132,Malik Williams,CHI,C,4800.0,False,True
43597581,150659,1193984,496,6198132,Max Abmas,UTA,PG/SG,4800.0,False,True
43597582,150659,1193984,497,6198132,Max Abmas,UTA,PG/SG,4800.0,False,True
43597583,150659,1193984,502,6198132,Max Abmas,UTA,PG/SG,4800.0,False,True
43597584,150659,1193984,503,6198132,Max Abmas,UTA,PG/SG,4800.0,False,True
43597585,150659,1528636,496,6198131,Nate Kingz,MIA,PG/SG,4800.0,False,True
43597586,150659,1528636,497,6198131,Nate Kingz,MIA,PG/SG,4800.0,False,True
43597587,150659,1528636,502,6198131,Nate Kingz,MIA,PG/SG,4800.0,False,True
43597588,150659,1528636,503,6198131,Nate Kingz,MIA,PG/SG,4800.0,False,True
43597589,150659,1231948,496,6198131,Ian Martinez,CLE,PG/SG,4800.0,False,True
43597590,150659,1231948,497,6198131,Ian Martinez,CLE,PG/SG,4800.0,False,True
43597591,150659,1231948,502,6198131,Ian Martinez,CLE,PG/SG,4800.0,False,True
43597592,150659,1231948,503,6198131,Ian Martinez,CLE,PG/SG,4800.0,False,True
43597593,150659,1174936,496,6198133,Jameer Nelson Jr.,PHO,PG/SG,4800.0,False,True
43597594,150659,1174936,497,6198133,Jameer Nelson Jr.,PHO,PG/SG,4800.0,False,True
43597595,150659,1174936,502,6198133,Jameer Nelson Jr.,PHO,PG/SG,4800.0,False,True
43597596,150659,1174936,503,6198133,Jameer Nelson Jr.,PHO,PG/SG,4800.0,False,True
43597597,150659,1323523,498,6198134,Chris Mantis,MIN,SF/PF,4800.0,False,True
43597598,150659,1323523,499,6198134,Chris Mantis,MIN,SF/PF,4800.0,False,True
43597599,150659,1323523,501,6198134,Chris Mantis,MIN,SF/PF,4800.0,False,True
43597600,150659,1323523,503,6198134,Chris Mantis,MIN,SF/PF,4800.0,False,True
43597601,150659,1145246,498,6198130,Kaodirichi Akobundu-Ehiogu,DAL,SF/PF,4700.0,False,True
43597602,150659,1145246,499,6198130,Kaodirichi Akobundu-Ehiogu,DAL,SF/PF,4700.0,False,True
43597603,150659,1145246,501,6198130,Kaodirichi Akobundu-Ehiogu,DAL,SF/PF,4700.0,False,True
43597604,150659,1145246,503,6198130,Kaodirichi Akobundu-Ehiogu,DAL,SF/PF,4700.0,False,True
43597605,150659,1323682,498,6198131,Ian Schieffelin,MIA,SF/PF,4700.0,False,True
43597606,150659,1323682,499,6198131,Ian Schieffelin,MIA,SF/PF,4700.0,False,True
43597607,150659,1323682,501,6198131,Ian Schieffelin,MIA,SF/PF,4700.0,False,True
43597608,150659,1323682,503,6198131,Ian Schieffelin,MIA,SF/PF,4700.0,False,True
43597609,150659,1401727,498,6198133,Reed Bailey,PHO,SF/PF,4700.0,False,True
43597610,150659,1401727,499,6198133,Reed Bailey,PHO,SF/PF,4700.0,False,True
43597611,150659,1401727,501,6198133,Reed Bailey,PHO,SF/PF,4700.0,False,True
43597612,150659,1401727,503,6198133,Reed Bailey,PHO,SF/PF,4700.0,False,True
43597613,150659,1422977,498,6198134,Toby Harris,MIN,SF/PF,4700.0,False,True
43597614,150659,1422977,499,6198134,Toby Harris,MIN,SF/PF,4700.0,False,True
43597615,150659,1422977,501,6198134,Toby Harris,MIN,SF/PF,4700.0,False,True
43597616,150659,1422977,503,6198134,Toby Harris,MIN,SF/PF,4700.0,False,True
43597617,150659,1413222,500,6198130,Carson Cooper,MEM,C,4600.0,False,True
43597618,150659,1413222,503,6198130,Carson Cooper,MEM,C,4600.0,False,True
43597619,150659,1403632,498,6198131,Ezra Ausar,MIA,SF/PF,4600.0,False,True
43597620,150659,1403632,499,6198131,Ezra Ausar,MIA,SF/PF,4600.0,False,True
43597621,150659,1403632,501,6198131,Ezra Ausar,MIA,SF/PF,4600.0,False,True
43597622,150659,1403632,503,6198131,Ezra Ausar,MIA,SF/PF,4600.0,False,True
43597623,150659,1193615,498,6198131,Rashaun Agee,CLE,SF/PF,4600.0,False,True
43597624,150659,1193615,499,6198131,Rashaun Agee,CLE,SF/PF,4600.0,False,True
43597625,150659,1193615,501,6198131,Rashaun Agee,CLE,SF/PF,4600.0,False,True
43597626,150659,1193615,503,6198131,Rashaun Agee,CLE,SF/PF,4600.0,False,True
43597627,150659,1324325,496,6198133,Sam Hoiberg,PHO,PG/SG,4600.0,False,True
43597628,150659,1324325,497,6198133,Sam Hoiberg,PHO,PG/SG,4600.0,False,True
43597629,150659,1324325,502,6198133,Sam Hoiberg,PHO,PG/SG,4600.0,False,True
43597630,150659,1324325,503,6198133,Sam Hoiberg,PHO,PG/SG,4600.0,False,True
43597631,150659,1326056,498,6198134,Devin McGlockton,MIN,SF/PF,4600.0,False,True
43597632,150659,1326056,499,6198134,Devin McGlockton,MIN,SF/PF,4600.0,False,True
43597633,150659,1326056,501,6198134,Devin McGlockton,MIN,SF/PF,4600.0,False,True
43597634,150659,1326056,503,6198134,Devin McGlockton,MIN,SF/PF,4600.0,False,True
43597635,150659,1340782,498,6198133,John Butler,MIL,SF/PF,4500.0,False,True
43597636,150659,1340782,499,6198133,John Butler,MIL,SF/PF,4500.0,False,True
43597637,150659,1340782,501,6198133,John Butler,MIL,SF/PF,4500.0,False,True
43597638,150659,1340782,503,6198133,John Butler,MIL,SF/PF,4500.0,False,True
43597639,150659,1176244,498,6198132,Eric Dixon,UTA,SF/PF,4500.0,False,True
43597640,150659,1176244,499,6198132,Eric Dixon,UTA,SF/PF,4500.0,False,True
43597641,150659,1176244,501,6198132,Eric Dixon,UTA,SF/PF,4500.0,False,True
43597642,150659,1176244,503,6198132,Eric Dixon,UTA,SF/PF,4500.0,False,True
43597643,150659,1324084,498,6198130,Ja'Vier Francis,DAL,SF/PF,4500.0,False,True
43597644,150659,1324084,499,6198130,Ja'Vier Francis,DAL,SF/PF,4500.0,False,True
43597645,150659,1324084,501,6198130,Ja'Vier Francis,DAL,SF/PF,4500.0,False,True
43597646,150659,1324084,503,6198130,Ja'Vier Francis,DAL,SF/PF,4500.0,False,True
43597647,150659,1405903,496,6198131,Tre White,MIA,PG/SG,4500.0,False,True
43597648,150659,1405903,497,6198131,Tre White,MIA,PG/SG,4500.0,False,True
43597649,150659,1405903,502,6198131,Tre White,MIA,PG/SG,4500.0,False,True
43597650,150659,1405903,503,6198131,Tre White,MIA,PG/SG,4500.0,False,True
43597651,150659,1231799,496,6198133,Tramon Mark,PHO,PG/SG,4500.0,False,True
43597652,150659,1231799,497,6198133,Tramon Mark,PHO,PG/SG,4500.0,False,True
43597653,150659,1231799,502,6198133,Tramon Mark,PHO,PG/SG,4500.0,False,True
43597654,150659,1231799,503,6198133,Tramon Mark,PHO,PG/SG,4500.0,False,True
43597655,150659,1401387,497,6198134,Barry Dunning Jr.,POR,SG/SF,4500.0,False,True
43597656,150659,1401387,498,6198134,Barry Dunning Jr.,POR,SG/SF,4500.0,False,True
43597657,150659,1401387,502,6198134,Barry Dunning Jr.,POR,SG/SF,4500.0,False,True
43597658,150659,1401387,501,6198134,Barry Dunning Jr.,POR,SG/SF,4500.0,False,True
43597659,150659,1401387,503,6198134,Barry Dunning Jr.,POR,SG/SF,4500.0,False,True
43597660,150659,1406915,496,6198130,Jestin Porter,MEM,PG/SG,4400.0,False,True
43597661,150659,1406915,497,6198130,Jestin Porter,MEM,PG/SG,4400.0,False,True
43597662,150659,1406915,502,6198130,Jestin Porter,MEM,PG/SG,4400.0,False,True
43597663,150659,1406915,503,6198130,Jestin Porter,MEM,PG/SG,4400.0,False,True
43597664,150659,1420755,500,6198131,Arnas Sakenis,MIA,C,4400.0,False,True
43597665,150659,1420755,503,6198131,Arnas Sakenis,MIA,C,4400.0,False,True
43597666,150659,1481251,498,6198131,Tre'Von Spillers,CLE,SF/PF,4400.0,False,True
43597667,150659,1481251,499,6198131,Tre'Von Spillers,CLE,SF/PF,4400.0,False,True
43597668,150659,1481251,501,6198131,Tre'Von Spillers,CLE,SF/PF,4400.0,False,True
43597669,150659,1481251,503,6198131,Tre'Von Spillers,CLE,SF/PF,4400.0,False,True
43597670,150659,1137221,498,6198132,Keyshawn Bryant,CHI,SF/PF,4400.0,False,True
43597671,150659,1137221,499,6198132,Keyshawn Bryant,CHI,SF/PF,4400.0,False,True
43597672,150659,1137221,501,6198132,Keyshawn Bryant,CHI,SF/PF,4400.0,False,True
43597673,150659,1137221,503,6198132,Keyshawn Bryant,CHI,SF/PF,4400.0,False,True
43597674,150659,1413220,498,6198132,Jaxon Kohler,UTA,SF/PF,4400.0,False,True
43597675,150659,1413220,499,6198132,Jaxon Kohler,UTA,SF/PF,4400.0,False,True
43597676,150659,1413220,501,6198132,Jaxon Kohler,UTA,SF/PF,4400.0,False,True
43597677,150659,1413220,503,6198132,Jaxon Kohler,UTA,SF/PF,4400.0,False,True
43597678,150659,1429346,498,6198133,Jalen Lewis,MIL,SF/PF,4400.0,False,True
43597679,150659,1429346,499,6198133,Jalen Lewis,MIL,SF/PF,4400.0,False,True
43597680,150659,1429346,501,6198133,Jalen Lewis,MIL,SF/PF,4400.0,False,True
43597681,150659,1429346,503,6198133,Jalen Lewis,MIL,SF/PF,4400.0,False,True
43597682,150659,1408442,496,6198134,Aidan Mahaney,MIN,PG/SG,4400.0,False,True
43597683,150659,1408442,497,6198134,Aidan Mahaney,MIN,PG/SG,4400.0,False,True
43597684,150659,1408442,502,6198134,Aidan Mahaney,MIN,PG/SG,4400.0,False,True
43597685,150659,1408442,503,6198134,Aidan Mahaney,MIN,PG/SG,4400.0,False,True
43597686,150659,1453380,498,6198134,Aliou Diarra,POR,SF/PF,4400.0,False,True
43597687,150659,1453380,499,6198134,Aliou Diarra,POR,SF/PF,4400.0,False,True
43597688,150659,1453380,501,6198134,Aliou Diarra,POR,SF/PF,4400.0,False,True
43597689,150659,1453380,503,6198134,Aliou Diarra,POR,SF/PF,4400.0,False,True
43597690,150659,1343026,496,6198132,Houston Mallette,CHI,PG/SG,4300.0,False,True
43597691,150659,1343026,497,6198132,Houston Mallette,CHI,PG/SG,4300.0,False,True
43597692,150659,1343026,502,6198132,Houston Mallette,CHI,PG/SG,4300.0,False,True
43597693,150659,1343026,503,6198132,Houston Mallette,CHI,PG/SG,4300.0,False,True
43597694,150659,1416410,500,6198132,Micah Handlogten,UTA,C,4300.0,False,True
43597695,150659,1416410,503,6198132,Micah Handlogten,UTA,C,4300.0,False,True
43597696,150659,1405733,498,6198133,Barry Evans,PHO,SF/PF,4300.0,False,True
43597697,150659,1405733,499,6198133,Barry Evans,PHO,SF/PF,4300.0,False,True
43597698,150659,1405733,501,6198133,Barry Evans,PHO,SF/PF,4300.0,False,True
43597699,150659,1405733,503,6198133,Barry Evans,PHO,SF/PF,4300.0,False,True
43597700,150659,1176203,498,6198133,Kuany Kuany,MIL,SF/PF,4300.0,False,True
43597701,150659,1176203,499,6198133,Kuany Kuany,MIL,SF/PF,4300.0,False,True
43597702,150659,1176203,501,6198133,Kuany Kuany,MIL,SF/PF,4300.0,False,True
43597703,150659,1176203,503,6198133,Kuany Kuany,MIL,SF/PF,4300.0,False,True
43597704,150659,1405882,496,6198134,Trey Campbell,MIN,PG/SG,4300.0,False,True
43597705,150659,1405882,497,6198134,Trey Campbell,MIN,PG/SG,4300.0,False,True
43597706,150659,1405882,502,6198134,Trey Campbell,MIN,PG/SG,4300.0,False,True
43597707,150659,1405882,503,6198134,Trey Campbell,MIN,PG/SG,4300.0,False,True
43597708,150659,1405317,498,6198130,Jevon Porter,MEM,SF/PF,4200.0,False,True
43597709,150659,1405317,499,6198130,Jevon Porter,MEM,SF/PF,4200.0,False,True
43597710,150659,1405317,501,6198130,Jevon Porter,MEM,SF/PF,4200.0,False,True
43597711,150659,1405317,503,6198130,Jevon Porter,MEM,SF/PF,4200.0,False,True
43597712,150659,1232444,496,6198131,J'Vonne Hadley,MIA,PG/SG,4200.0,False,True
43597713,150659,1232444,497,6198131,J'Vonne Hadley,MIA,PG/SG,4200.0,False,True
43597714,150659,1232444,502,6198131,J'Vonne Hadley,MIA,PG/SG,4200.0,False,True
43597715,150659,1232444,503,6198131,J'Vonne Hadley,MIA,PG/SG,4200.0,False,True
43597716,150659,1420694,496,6198131,Xaivian Lee,CLE,PG/SG,4200.0,False,True
43597717,150659,1420694,497,6198131,Xaivian Lee,CLE,PG/SG,4200.0,False,True
43597718,150659,1420694,502,6198131,Xaivian Lee,CLE,PG/SG,4200.0,False,True
43597719,150659,1420694,503,6198131,Xaivian Lee,CLE,PG/SG,4200.0,False,True
43597720,150659,1417207,496,6198132,Donovan Atwell,CHI,PG/SG,4200.0,False,True
43597721,150659,1417207,497,6198132,Donovan Atwell,CHI,PG/SG,4200.0,False,True
43597722,150659,1417207,502,6198132,Donovan Atwell,CHI,PG/SG,4200.0,False,True
43597723,150659,1417207,503,6198132,Donovan Atwell,CHI,PG/SG,4200.0,False,True
43597724,150659,1327795,496,6198132,Justin Harmon,UTA,PG/SG,4200.0,False,True
43597725,150659,1327795,497,6198132,Justin Harmon,UTA,PG/SG,4200.0,False,True
43597726,150659,1327795,502,6198132,Justin Harmon,UTA,PG/SG,4200.0,False,True
43597727,150659,1327795,503,6198132,Justin Harmon,UTA,PG/SG,4200.0,False,True
43597728,150659,1340214,496,6198133,Boopie Miller,MIL,PG/SG,4200.0,False,True
43597729,150659,1340214,497,6198133,Boopie Miller,MIL,PG/SG,4200.0,False,True
43597730,150659,1340214,502,6198133,Boopie Miller,MIL,PG/SG,4200.0,False,True
43597731,150659,1340214,503,6198133,Boopie Miller,MIL,PG/SG,4200.0,False,True
43597732,150659,1193101,496,6198134,Dajuan Harris Jr.,MIN,PG/SG,4200.0,False,True
43597733,150659,1193101,497,6198134,Dajuan Harris Jr.,MIN,PG/SG,4200.0,False,True
43597734,150659,1193101,502,6198134,Dajuan Harris Jr.,MIN,PG/SG,4200.0,False,True
43597735,150659,1193101,503,6198134,Dajuan Harris Jr.,MIN,PG/SG,4200.0,False,True
43597736,150659,1094731,496,6198134,Flynn Cameron,POR,PG/SG,4200.0,False,True
43597737,150659,1094731,497,6198134,Flynn Cameron,POR,PG/SG,4200.0,False,True
43597738,150659,1094731,502,6198134,Flynn Cameron,POR,PG/SG,4200.0,False,True
43597739,150659,1094731,503,6198134,Flynn Cameron,POR,PG/SG,4200.0,False,True
43597740,150659,1405326,498,6198130,Jorge Diaz Graham,DAL,SF/PF,4100.0,False,True
43597741,150659,1405326,499,6198130,Jorge Diaz Graham,DAL,SF/PF,4100.0,False,True
43597742,150659,1405326,501,6198130,Jorge Diaz Graham,DAL,SF/PF,4100.0,False,True
43597743,150659,1405326,503,6198130,Jorge Diaz Graham,DAL,SF/PF,4100.0,False,True
43597744,150659,1266174,496,6198131,Meechie Johnson,MIA,PG/SG,4100.0,False,True
43597745,150659,1266174,497,6198131,Meechie Johnson,MIA,PG/SG,4100.0,False,True
43597746,150659,1266174,502,6198131,Meechie Johnson,MIA,PG/SG,4100.0,False,True
43597747,150659,1266174,503,6198131,Meechie Johnson,MIA,PG/SG,4100.0,False,True
43597748,150659,1175017,496,6198131,Sean East II,CLE,PG/SG,4100.0,False,True
43597749,150659,1175017,497,6198131,Sean East II,CLE,PG/SG,4100.0,False,True
43597750,150659,1175017,502,6198131,Sean East II,CLE,PG/SG,4100.0,False,True
43597751,150659,1175017,503,6198131,Sean East II,CLE,PG/SG,4100.0,False,True
43597752,150659,1405042,498,6198132,Jalen Washington,CHI,SF/PF,4100.0,False,True
43597753,150659,1405042,499,6198132,Jalen Washington,CHI,SF/PF,4100.0,False,True
43597754,150659,1405042,501,6198132,Jalen Washington,CHI,SF/PF,4100.0,False,True
43597755,150659,1405042,503,6198132,Jalen Washington,CHI,SF/PF,4100.0,False,True
43597756,150659,1406916,499,6198132,Mohamed Wague,UTA,PF/C,4100.0,False,True
43597757,150659,1406916,500,6198132,Mohamed Wague,UTA,PF/C,4100.0,False,True
43597758,150659,1406916,501,6198132,Mohamed Wague,UTA,PF/C,4100.0,False,True
43597759,150659,1406916,503,6198132,Mohamed Wague,UTA,PF/C,4100.0,False,True
43597760,150659,1482255,496,6198133,Corey Camper Jr.,PHO,PG/SG,4100.0,False,True
43597761,150659,1482255,497,6198133,Corey Camper Jr.,PHO,PG/SG,4100.0,False,True
43597762,150659,1482255,502,6198133,Corey Camper Jr.,PHO,PG/SG,4100.0,False,True
43597763,150659,1482255,503,6198133,Corey Camper Jr.,PHO,PG/SG,4100.0,False,True
43597764,150659,608153,498,6198133,Aaron Williams,MIL,SF/PF,4100.0,False,True
43597765,150659,608153,499,6198133,Aaron Williams,MIL,SF/PF,4100.0,False,True
43597766,150659,608153,501,6198133,Aaron Williams,MIL,SF/PF,4100.0,False,True
43597767,150659,608153,503,6198133,Aaron Williams,MIL,SF/PF,4100.0,False,True
43597768,150659,1325434,498,6198134,Nate Santos,MIN,SF/PF,4100.0,False,True
43597769,150659,1325434,499,6198134,Nate Santos,MIN,SF/PF,4100.0,False,True
43597770,150659,1325434,501,6198134,Nate Santos,MIN,SF/PF,4100.0,False,True
43597771,150659,1325434,503,6198134,Nate Santos,MIN,SF/PF,4100.0,False,True
43597772,150659,1231852,498,6198134,Andrew Carr,POR,SF/PF,4100.0,False,True
43597773,150659,1231852,499,6198134,Andrew Carr,POR,SF/PF,4100.0,False,True
43597774,150659,1231852,501,6198134,Andrew Carr,POR,SF/PF,4100.0,False,True
43597775,150659,1231852,503,6198134,Andrew Carr,POR,SF/PF,4100.0,False,True
43597776,150659,1405328,498,6198130,Guillermo Diaz Graham,DAL,SF/PF,4000.0,False,True
43597777,150659,1405328,499,6198130,Guillermo Diaz Graham,DAL,SF/PF,4000.0,False,True
43597778,150659,1405328,501,6198130,Guillermo Diaz Graham,DAL,SF/PF,4000.0,False,True
43597779,150659,1405328,503,6198130,Guillermo Diaz Graham,DAL,SF/PF,4000.0,False,True
43597780,150659,1408223,496,6198130,Brendan Hausen,MEM,PG/SG,4000.0,False,True
43597781,150659,1408223,497,6198130,Brendan Hausen,MEM,PG/SG,4000.0,False,True
43597782,150659,1408223,502,6198130,Brendan Hausen,MEM,PG/SG,4000.0,False,True
43597783,150659,1408223,503,6198130,Brendan Hausen,MEM,PG/SG,4000.0,False,True
43597784,150659,1351088,496,6198131,Cam Carter,MIA,PG/SG,4000.0,False,True
43597785,150659,1351088,497,6198131,Cam Carter,MIA,PG/SG,4000.0,False,True
43597786,150659,1351088,502,6198131,Cam Carter,MIA,PG/SG,4000.0,False,True
43597787,150659,1351088,503,6198131,Cam Carter,MIA,PG/SG,4000.0,False,True
43597788,150659,1251673,496,6198131,Jaxson Robinson,CLE,PG/SG,4000.0,False,True
43597789,150659,1251673,497,6198131,Jaxson Robinson,CLE,PG/SG,4000.0,False,True
43597790,150659,1251673,502,6198131,Jaxson Robinson,CLE,PG/SG,4000.0,False,True
43597791,150659,1251673,503,6198131,Jaxson Robinson,CLE,PG/SG,4000.0,False,True
43597792,150659,1401585,498,6198132,Grant Newell,CHI,SF/PF,4000.0,False,True
43597793,150659,1401585,499,6198132,Grant Newell,CHI,SF/PF,4000.0,False,True
43597794,150659,1401585,501,6198132,Grant Newell,CHI,SF/PF,4000.0,False,True
43597795,150659,1401585,503,6198132,Grant Newell,CHI,SF/PF,4000.0,False,True
43597796,150659,1328254,500,6198132,Jonas Aidoo,UTA,C,4000.0,False,True
43597797,150659,1328254,503,6198132,Jonas Aidoo,UTA,C,4000.0,False,True
43597798,150659,1245902,496,6198133,Devin Askew,PHO,PG/SG,4000.0,False,True
43597799,150659,1245902,497,6198133,Devin Askew,PHO,PG/SG,4000.0,False,True
43597800,150659,1245902,502,6198133,Devin Askew,PHO,PG/SG,4000.0,False,True
43597801,150659,1245902,503,6198133,Devin Askew,PHO,PG/SG,4000.0,False,True
43597802,150659,1231377,497,6198133,Kobe Stewart,MIL,SG/SF,4000.0,False,True
43597803,150659,1231377,498,6198133,Kobe Stewart,MIL,SG/SF,4000.0,False,True
43597804,150659,1231377,502,6198133,Kobe Stewart,MIL,SG/SF,4000.0,False,True
43597805,150659,1231377,501,6198133,Kobe Stewart,MIL,SG/SF,4000.0,False,True
43597806,150659,1231377,503,6198133,Kobe Stewart,MIL,SG/SF,4000.0,False,True
43597807,150659,1193435,498,6198134,Jaylin Williams,MIN,SF/PF,4000.0,False,True
43597808,150659,1193435,499,6198134,Jaylin Williams,MIN,SF/PF,4000.0,False,True
43597809,150659,1193435,501,6198134,Jaylin Williams,MIN,SF/PF,4000.0,False,True
43597810,150659,1193435,503,6198134,Jaylin Williams,MIN,SF/PF,4000.0,False,True
43597811,150659,1325115,498,6198134,Frankie Fidler,POR,SF/PF,4000.0,False,True
43597812,150659,1325115,499,6198134,Frankie Fidler,POR,SF/PF,4000.0,False,True
43597813,150659,1325115,501,6198134,Frankie Fidler,POR,SF/PF,4000.0,False,True
43597814,150659,1325115,503,6198134,Frankie Fidler,POR,SF/PF,4000.0,False,True
43597815,150660,1593986,633,6198130,Cameron Boozer,MEM,PF,,False,False
43597816,150660,1593986,465,6198130,Cameron Boozer,MEM,PF,,False,False
43597817,150660,1593986,636,6198130,Cameron Boozer,MEM,PF,,False,False
43597818,150660,1594900,464,6198132,Darryn Peterson,UTA,SG,,False,False
43597819,150660,1594900,465,6198132,Darryn Peterson,UTA,SG,,False,False
43597820,150660,1594900,636,6198132,Darryn Peterson,UTA,SG,,False,False
43597821,150660,1605148,633,6198132,Caleb Wilson,CHI,SF,,False,False
43597822,150660,1605148,465,6198132,Caleb Wilson,CHI,SF,,False,False
43597823,150660,1605148,636,6198132,Caleb Wilson,CHI,SF,,False,False
43597824,150660,1519363,633,6198132,Ace Bailey,UTA,PF,,False,False
43597825,150660,1519363,465,6198132,Ace Bailey,UTA,PF,,False,False
43597826,150660,1519363,636,6198132,Ace Bailey,UTA,PF,,False,False
43597827,150660,1351367,464,6198130,Cedric Coward,MEM,PG,,False,False
43597828,150660,1351367,465,6198130,Cedric Coward,MEM,PG,,False,False
43597829,150660,1351367,636,6198130,Cedric Coward,MEM,PG,,False,False
43597830,150660,1520671,633,6198130,Morez Johnson,DAL,PF,,False,False
43597831,150660,1520671,465,6198130,Morez Johnson,DAL,PF,,False,False
43597832,150660,1520671,636,6198130,Morez Johnson,DAL,PF,,False,False
43597833,150660,1405622,633,6198133,Rasheer Fleming,PHO,PF,,False,False
43597834,150660,1405622,465,6198133,Rasheer Fleming,PHO,PF,,False,False
43597835,150660,1405622,636,6198133,Rasheer Fleming,PHO,PF,,False,False
43597836,150660,1590552,633,6198134,Joan Beringer,MIN,C,,False,False
43597837,150660,1590552,465,6198134,Joan Beringer,MIN,C,,False,False
43597838,150660,1590552,636,6198134,Joan Beringer,MIN,C,,False,False
43597839,150660,1338969,464,6198130,Walter Clayton Jr.,MEM,SG,,False,False
43597840,150660,1338969,465,6198130,Walter Clayton Jr.,MEM,SG,,False,False
43597841,150660,1338969,636,6198130,Walter Clayton Jr.,MEM,SG,,False,False
43597842,150660,1465506,633,6198133,Khaman Maluach,PHO,C,,False,False
43597843,150660,1465506,465,6198133,Khaman Maluach,PHO,C,,False,False
43597844,150660,1465506,636,6198133,Khaman Maluach,PHO,C,,False,False
43597845,150660,1610164,464,6198133,Brayden Burries,MIL,SG,,False,False
43597846,150660,1610164,465,6198133,Brayden Burries,MIL,SG,,False,False
43597847,150660,1610164,636,6198133,Brayden Burries,MIL,SG,,False,False
43597848,150660,1461413,633,6198132,Dailyn Swain,CHI,SF,,False,False
43597849,150660,1461413,465,6198132,Dailyn Swain,CHI,SF,,False,False
43597850,150660,1461413,636,6198132,Dailyn Swain,CHI,SF,,False,False
43597851,150660,1500958,633,6198132,Noa Essengue,CHI,PF,,False,False
43597852,150660,1500958,465,6198132,Noa Essengue,CHI,PF,,False,False
43597853,150660,1500958,636,6198132,Noa Essengue,CHI,PF,,False,False
43597854,150660,1448788,464,6198133,Kasparas Jakucionis,MIL,PG,,False,False
43597855,150660,1448788,465,6198133,Kasparas Jakucionis,MIL,PG,,False,False
43597856,150660,1448788,636,6198133,Kasparas Jakucionis,MIL,PG,,False,False
43597857,150660,1610167,633,6198133,Koa Peat,PHO,PF,,False,False
43597858,150660,1610167,465,6198133,Koa Peat,PHO,PF,,False,False
43597859,150660,1610167,636,6198133,Koa Peat,PHO,PF,,False,False
43597860,150660,1405861,633,6198130,Taylor Hendricks,MEM,SF,,False,False
43597861,150660,1405861,465,6198130,Taylor Hendricks,MEM,SF,,False,False
43597862,150660,1405861,636,6198130,Taylor Hendricks,MEM,SF,,False,False
43597863,150660,1193172,633,6198134,Jalen Bridges,POR,SF,,False,False
43597864,150660,1193172,465,6198134,Jalen Bridges,POR,SF,,False,False
43597865,150660,1193172,636,6198134,Jalen Bridges,POR,SF,,False,False
43597866,150660,1352114,464,6198133,Luke Travers,MIL,SG,,False,False
43597867,150660,1352114,465,6198133,Luke Travers,MIL,SG,,False,False
43597868,150660,1352114,636,6198133,Luke Travers,MIL,SG,,False,False
43597869,150660,1403628,633,6198131,Nae'Qwan Tomlin,CLE,PF,,False,False
43597870,150660,1403628,465,6198131,Nae'Qwan Tomlin,CLE,PF,,False,False
43597871,150660,1403628,636,6198131,Nae'Qwan Tomlin,CLE,PF,,False,False
43597872,150660,1241594,633,6198131,Vladislav Goldin,MIA,C,,False,False
43597873,150660,1241594,465,6198131,Vladislav Goldin,MIA,C,,False,False
43597874,150660,1241594,636,6198131,Vladislav Goldin,MIA,C,,False,False
43597875,150660,1458830,633,6198132,Cody Williams,UTA,SF,,False,False
43597876,150660,1458830,465,6198132,Cody Williams,UTA,SF,,False,False
43597877,150660,1458830,636,6198132,Cody Williams,UTA,SF,,False,False
43597878,150660,1328248,464,6198130,Jahmai Mashack,MEM,PG,,False,False
43597879,150660,1328248,465,6198130,Jahmai Mashack,MEM,PG,,False,False
43597880,150660,1328248,636,6198130,Jahmai Mashack,MEM,PG,,False,False
43597881,150660,1324003,464,6198130,Javon Small,MEM,PG,,False,False
43597882,150660,1324003,465,6198130,Javon Small,MEM,PG,,False,False
43597883,150660,1324003,636,6198130,Javon Small,MEM,PG,,False,False
43597884,150660,1193678,464,6198132,Antonio Reeves,CHI,PG,,False,False
43597885,150660,1193678,465,6198132,Antonio Reeves,CHI,PG,,False,False
43597886,150660,1193678,636,6198132,Antonio Reeves,CHI,PG,,False,False
43597887,150660,1591570,633,6198134,Hansen Yang,POR,C,,False,False
43597888,150660,1591570,465,6198134,Hansen Yang,POR,C,,False,False
43597889,150660,1591570,636,6198134,Hansen Yang,POR,C,,False,False
43597890,150660,1243633,464,6198133,Koby Brea,PHO,SG,,False,False
43597891,150660,1243633,465,6198133,Koby Brea,PHO,SG,,False,False
43597892,150660,1243633,636,6198133,Koby Brea,PHO,SG,,False,False
43597893,150660,1323633,464,6198132,Trey Alexander,UTA,PG,,False,False
43597894,150660,1323633,465,6198132,Trey Alexander,UTA,PG,,False,False
43597895,150660,1323633,636,6198132,Trey Alexander,UTA,PG,,False,False
43597896,150660,1324173,464,6198133,Kam Jones,MIL,PG,,False,False
43597897,150660,1324173,465,6198133,Kam Jones,MIL,PG,,False,False
43597898,150660,1324173,636,6198133,Kam Jones,MIL,PG,,False,False
43597899,150660,1231665,464,6198130,Jaden Springer,DAL,PG,,False,False
43597900,150660,1231665,465,6198130,Jaden Springer,DAL,PG,,False,False
43597901,150660,1231665,636,6198130,Jaden Springer,DAL,PG,,False,False
43597902,150660,1482016,633,6198131,Riley Minix,CLE,SF,,False,False
43597903,150660,1482016,465,6198131,Riley Minix,CLE,SF,,False,False
43597904,150660,1482016,636,6198131,Riley Minix,CLE,SF,,False,False
43597905,150660,1502168,633,6198134,Rocco Zikarsky,MIN,C,,False,False
43597906,150660,1502168,465,6198134,Rocco Zikarsky,MIN,C,,False,False
43597907,150660,1502168,636,6198134,Rocco Zikarsky,MIN,C,,False,False
43597908,150660,1197462,464,6198131,Myron Gardner,MIA,PG,,False,False
43597909,150660,1197462,465,6198131,Myron Gardner,MIA,PG,,False,False
43597910,150660,1197462,636,6198131,Myron Gardner,MIA,PG,,False,False
43597911,150660,1429347,464,6198134,Jaylen Martin,POR,PG,,False,False
43597912,150660,1429347,465,6198134,Jaylen Martin,POR,PG,,False,False
43597913,150660,1429347,636,6198134,Jaylen Martin,POR,PG,,False,False
43597914,150660,1245906,464,6198133,Brandon Boston Jr.,MIL,SG,,False,False
43597915,150660,1245906,465,6198133,Brandon Boston Jr.,MIL,SG,,False,False
43597916,150660,1245906,636,6198133,Brandon Boston Jr.,MIL,SG,,False,False
43597917,150660,1342729,633,6198131,Kendall Brown,MIA,SF,,False,False
43597918,150660,1342729,465,6198131,Kendall Brown,MIA,SF,,False,False
43597919,150660,1342729,636,6198131,Kendall Brown,MIA,SF,,False,False
43597920,150660,1197096,633,6198134,Enrique Freeman,MIN,PF,,False,False
43597921,150660,1197096,465,6198134,Enrique Freeman,MIN,PF,,False,False
43597922,150660,1197096,636,6198134,Enrique Freeman,MIN,PF,,False,False
43597923,150660,1325163,464,6198131,Malaki Branham,CLE,PG,,False,False
43597924,150660,1325163,465,6198131,Malaki Branham,CLE,PG,,False,False
43597925,150660,1325163,636,6198131,Malaki Branham,CLE,PG,,False,False
43597926,150660,1405618,464,6198131,Ryan Conwell,MIA,SG,,False,False
43597927,150660,1405618,465,6198131,Ryan Conwell,MIA,SG,,False,False
43597928,150660,1405618,636,6198131,Ryan Conwell,MIA,SG,,False,False
43597929,150660,1243685,633,6198134,Jayson Kent,POR,SF,,False,False
43597930,150660,1243685,465,6198134,Jayson Kent,POR,SF,,False,False
43597931,150660,1243685,636,6198134,Jayson Kent,POR,SF,,False,False
43597932,150660,1175108,464,6198134,Damion Baugh,MIN,PG,,False,False
43597933,150660,1175108,465,6198134,Damion Baugh,MIN,PG,,False,False
43597934,150660,1175108,636,6198134,Damion Baugh,MIN,PG,,False,False
43597935,150660,1323621,464,6198130,Ryan Nembhard,DAL,PG,,False,False
43597936,150660,1323621,465,6198130,Ryan Nembhard,DAL,PG,,False,False
43597937,150660,1323621,636,6198130,Ryan Nembhard,DAL,PG,,False,False
43597938,150660,1231292,633,6198133,CJ Huntley,PHO,PF,,False,False
43597939,150660,1231292,465,6198133,CJ Huntley,PHO,PF,,False,False
43597940,150660,1231292,636,6198133,CJ Huntley,PHO,PF,,False,False
43597941,150660,1323990,464,6198131,Trevor Keels,MIA,PG,,False,False
43597942,150660,1323990,465,6198131,Trevor Keels,MIA,PG,,False,False
43597943,150660,1323990,636,6198131,Trevor Keels,MIA,PG,,False,False
43597944,150660,1333783,464,6198132,Tamar Bates,UTA,SG,,False,False
43597945,150660,1333783,465,6198132,Tamar Bates,UTA,SG,,False,False
43597946,150660,1333783,636,6198132,Tamar Bates,UTA,SG,,False,False
43597947,150660,1176274,464,6198131,Jahmir Young,MIA,PG,,False,False
43597948,150660,1176274,465,6198131,Jahmir Young,MIA,PG,,False,False
43597949,150660,1176274,636,6198131,Jahmir Young,MIA,PG,,False,False
43597950,150660,1654517,633,6198130,Karim Lopez,MEM,SF,,False,False
43597951,150660,1654517,465,6198130,Karim Lopez,MEM,SF,,False,False
43597952,150660,1654517,636,6198130,Karim Lopez,MEM,SF,,False,False
43597953,150660,1234814,464,6198134,Chris Youngblood,POR,PG,,False,False
43597954,150660,1234814,465,6198134,Chris Youngblood,POR,PG,,False,False
43597955,150660,1234814,636,6198134,Chris Youngblood,POR,PG,,False,False
43597956,150660,1408263,633,6198130,Tobi Lawal,DAL,SF,,False,False
43597957,150660,1408263,465,6198130,Tobi Lawal,DAL,SF,,False,False
43597958,150660,1408263,636,6198130,Tobi Lawal,DAL,SF,,False,False
43597959,150660,1134179,464,6198132,Blake Hinson,UTA,SG,,False,False
43597960,150660,1134179,465,6198132,Blake Hinson,UTA,SG,,False,False
43597961,150660,1134179,636,6198132,Blake Hinson,UTA,SG,,False,False
43597962,150660,1325097,633,6198134,Trey Kaufman-Renn,MIN,PF,,False,False
43597963,150660,1325097,465,6198134,Trey Kaufman-Renn,MIN,PF,,False,False
43597964,150660,1325097,636,6198134,Trey Kaufman-Renn,MIN,PF,,False,False
43597965,150660,1591014,464,6198131,Meleek Thomas,CLE,SG,,False,False
43597966,150660,1591014,465,6198131,Meleek Thomas,CLE,SG,,False,False
43597967,150660,1591014,636,6198131,Meleek Thomas,CLE,SG,,False,False
43597968,150660,1429357,633,6198130,Tyler Smith,DAL,PF,,False,False
43597969,150660,1429357,465,6198130,Tyler Smith,DAL,PF,,False,False
43597970,150660,1429357,636,6198130,Tyler Smith,DAL,PF,,False,False
43597971,150660,1174887,633,6198131,Tristan Enaruna,CLE,PF,,False,False
43597972,150660,1174887,465,6198131,Tristan Enaruna,CLE,PF,,False,False
43597973,150660,1174887,636,6198131,Tristan Enaruna,CLE,PF,,False,False
43597974,150660,1340786,464,6198132,Matthew Cleveland,UTA,PG,,False,False
43597975,150660,1340786,465,6198132,Matthew Cleveland,UTA,PG,,False,False
43597976,150660,1340786,636,6198132,Matthew Cleveland,UTA,PG,,False,False
43597977,150660,1136746,464,6198133,Darius Brown II,PHO,PG,,False,False
43597978,150660,1136746,465,6198133,Darius Brown II,PHO,PG,,False,False
43597979,150660,1136746,636,6198133,Darius Brown II,PHO,PG,,False,False
43597980,150660,1432129,633,6198133,Bogoljub Markovic,MIL,PF,,False,False
43597981,150660,1432129,465,6198133,Bogoljub Markovic,MIL,PF,,False,False
43597982,150660,1432129,636,6198133,Bogoljub Markovic,MIL,PF,,False,False
43597983,150660,1654816,464,6198130,Vsevolod Ishchenko,DAL,SG,,False,False
43597984,150660,1654816,465,6198130,Vsevolod Ishchenko,DAL,SG,,False,False
43597985,150660,1654816,636,6198130,Vsevolod Ishchenko,DAL,SG,,False,False
43597986,150660,1134766,464,6198133,Cormac Ryan,MIL,PG,,False,False
43597987,150660,1134766,465,6198133,Cormac Ryan,MIL,PG,,False,False
43597988,150660,1134766,636,6198133,Cormac Ryan,MIL,PG,,False,False
43597989,150660,1323513,633,6198132,Charles Bediako,CHI,C,,False,False
43597990,150660,1323513,465,6198132,Charles Bediako,CHI,C,,False,False
43597991,150660,1323513,636,6198132,Charles Bediako,CHI,C,,False,False
43597992,150660,1343052,464,6198130,John Poulakidas,DAL,PG,,False,False
43597993,150660,1343052,465,6198130,John Poulakidas,DAL,PG,,False,False
43597994,150660,1343052,636,6198130,John Poulakidas,DAL,PG,,False,False
43597995,150660,1196146,464,6198134,Zyon Pullin,MIN,PG,,False,False
43597996,150660,1196146,465,6198134,Zyon Pullin,MIN,PG,,False,False
43597997,150660,1196146,636,6198134,Zyon Pullin,MIN,PG,,False,False
43597998,150660,1134758,633,6198132,Kylor Kelley,UTA,SF,,False,False
43597999,150660,1134758,465,6198132,Kylor Kelley,UTA,SF,,False,False
43598000,150660,1134758,636,6198132,Kylor Kelley,UTA,SF,,False,False
43598001,150660,1092124,633,6198133,Javonte Cooke,PHO,SF,,False,False
43598002,150660,1092124,465,6198133,Javonte Cooke,PHO,SF,,False,False
43598003,150660,1092124,636,6198133,Javonte Cooke,PHO,SF,,False,False
43598004,150660,1328253,464,6198132,Kennedy Chandler,CHI,PG,,False,False
43598005,150660,1328253,465,6198132,Kennedy Chandler,CHI,PG,,False,False
43598006,150660,1328253,636,6198132,Kennedy Chandler,CHI,PG,,False,False
43598007,150660,1416381,633,6198131,Ernest Udeh Jr.,CLE,C,,False,False
43598008,150660,1416381,465,6198131,Ernest Udeh Jr.,CLE,C,,False,False
43598009,150660,1416381,636,6198131,Ernest Udeh Jr.,CLE,C,,False,False
43598010,150660,1654518,464,6198130,Sergio de Larrea,DAL,SG,,False,False
43598011,150660,1654518,465,6198130,Sergio de Larrea,DAL,SG,,False,False
43598012,150660,1654518,636,6198130,Sergio de Larrea,DAL,SG,,False,False
43598013,150660,1178150,633,6198133,Jesse Edwards,MIL,C,,False,False
43598014,150660,1178150,465,6198133,Jesse Edwards,MIL,C,,False,False
43598015,150660,1178150,636,6198133,Jesse Edwards,MIL,C,,False,False
43598016,150660,1230357,464,6198134,DJ Steward,POR,PG,,False,False
43598017,150660,1230357,465,6198134,DJ Steward,POR,PG,,False,False
43598018,150660,1230357,636,6198134,DJ Steward,POR,PG,,False,False
43598019,150660,1482267,464,6198132,Hayden Gray,UTA,PG,,False,False
43598020,150660,1482267,465,6198132,Hayden Gray,UTA,PG,,False,False
43598021,150660,1482267,636,6198132,Hayden Gray,UTA,PG,,False,False
43598022,150660,1175025,633,6198130,Tyler Burton,MEM,SF,,False,False
43598023,150660,1175025,465,6198130,Tyler Burton,MEM,SF,,False,False
43598024,150660,1175025,636,6198130,Tyler Burton,MEM,SF,,False,False
43598025,150660,1340732,464,6198132,Jaylin Sellers,CHI,SG,,False,False
43598026,150660,1340732,465,6198132,Jaylin Sellers,CHI,SG,,False,False
43598027,150660,1340732,636,6198132,Jaylin Sellers,CHI,SG,,False,False
43598028,150660,1343051,464,6198132,Bez Mbeng,UTA,PG,,False,False
43598029,150660,1343051,465,6198132,Bez Mbeng,UTA,PG,,False,False
43598030,150660,1343051,636,6198132,Bez Mbeng,UTA,PG,,False,False
43598031,150660,1401394,464,6198131,Tre Donaldson,MIA,PG,,False,False
43598032,150660,1401394,465,6198131,Tre Donaldson,MIA,PG,,False,False
43598033,150660,1401394,636,6198131,Tre Donaldson,MIA,PG,,False,False
43598034,150660,1405698,633,6198132,Tobe Awaka,CHI,PF,,False,False
43598035,150660,1405698,465,6198132,Tobe Awaka,CHI,PF,,False,False
43598036,150660,1405698,636,6198132,Tobe Awaka,CHI,PF,,False,False
43598037,150660,1134005,464,6198133,Kira Lewis Jr.,MIL,PG,,False,False
43598038,150660,1134005,465,6198133,Kira Lewis Jr.,MIL,PG,,False,False
43598039,150660,1134005,636,6198133,Kira Lewis Jr.,MIL,PG,,False,False
43598040,150660,1253428,633,6198133,Zack Austin,MIL,SF,,False,False
43598041,150660,1253428,465,6198133,Zack Austin,MIL,SF,,False,False
43598042,150660,1253428,636,6198133,Zack Austin,MIL,SF,,False,False
43598043,150660,1179796,464,6198134,Quincy Olivari,POR,PG,,False,False
43598044,150660,1179796,465,6198134,Quincy Olivari,POR,PG,,False,False
43598045,150660,1179796,636,6198134,Quincy Olivari,POR,PG,,False,False
43598046,150660,1132310,464,6198131,Dane Goodwin,CLE,PG,,False,False
43598047,150660,1132310,465,6198131,Dane Goodwin,CLE,PG,,False,False
43598048,150660,1132310,636,6198131,Dane Goodwin,CLE,PG,,False,False
43598049,150660,1176113,464,6198132,Boo Buie,CHI,PG,,False,False
43598050,150660,1176113,465,6198132,Boo Buie,CHI,PG,,False,False
43598051,150660,1176113,636,6198132,Boo Buie,CHI,PG,,False,False
43598052,150660,1136168,633,6198133,Jake Stephens,PHO,C,,False,False
43598053,150660,1136168,465,6198133,Jake Stephens,PHO,C,,False,False
43598054,150660,1136168,636,6198133,Jake Stephens,PHO,C,,False,False
43598055,150660,1186764,464,6198134,Donovan Williams,MIN,PG,,False,False
43598056,150660,1186764,465,6198134,Donovan Williams,MIN,PG,,False,False
43598057,150660,1186764,636,6198134,Donovan Williams,MIN,PG,,False,False
43598058,150660,1175300,464,6198130,Darin Green Jr.,DAL,PG,,False,False
43598059,150660,1175300,465,6198130,Darin Green Jr.,DAL,PG,,False,False
43598060,150660,1175300,636,6198130,Darin Green Jr.,DAL,PG,,False,False
43598061,150660,1408465,633,6198131,Keyshawn Hall,MIA,SF,,False,False
43598062,150660,1408465,465,6198131,Keyshawn Hall,MIA,SF,,False,False
43598063,150660,1408465,636,6198131,Keyshawn Hall,MIA,SF,,False,False
43598064,150660,1323643,633,6198130,Lawson Lovering,MEM,C,,False,False
43598065,150660,1323643,465,6198130,Lawson Lovering,MEM,C,,False,False
43598066,150660,1323643,636,6198130,Lawson Lovering,MEM,C,,False,False
43598067,150660,1326422,633,6198133,Rafael Castro,MIL,C,,False,False
43598068,150660,1326422,465,6198133,Rafael Castro,MIL,C,,False,False
43598069,150660,1326422,636,6198133,Rafael Castro,MIL,C,,False,False
43598070,150660,1076185,633,6198132,Malik Williams,CHI,C,,False,False
43598071,150660,1076185,465,6198132,Malik Williams,CHI,C,,False,False
43598072,150660,1076185,636,6198132,Malik Williams,CHI,C,,False,False
43598073,150660,1193984,464,6198132,Max Abmas,UTA,PG,,False,False
43598074,150660,1193984,465,6198132,Max Abmas,UTA,PG,,False,False
43598075,150660,1193984,636,6198132,Max Abmas,UTA,PG,,False,False
43598076,150660,1528636,464,6198131,Nate Kingz,MIA,PG,,False,False
43598077,150660,1528636,465,6198131,Nate Kingz,MIA,PG,,False,False
43598078,150660,1528636,636,6198131,Nate Kingz,MIA,PG,,False,False
43598079,150660,1231948,464,6198131,Ian Martinez,CLE,PG,,False,False
43598080,150660,1231948,465,6198131,Ian Martinez,CLE,PG,,False,False
43598081,150660,1231948,636,6198131,Ian Martinez,CLE,PG,,False,False
43598082,150660,1174936,464,6198133,Jameer Nelson Jr.,PHO,PG,,False,False
43598083,150660,1174936,465,6198133,Jameer Nelson Jr.,PHO,PG,,False,False
43598084,150660,1174936,636,6198133,Jameer Nelson Jr.,PHO,PG,,False,False
43598085,150660,1323523,633,6198134,Chris Mantis,MIN,SF,,False,False
43598086,150660,1323523,465,6198134,Chris Mantis,MIN,SF,,False,False
43598087,150660,1323523,636,6198134,Chris Mantis,MIN,SF,,False,False
43598088,150660,1145246,633,6198130,Kaodirichi Akobundu-Ehiogu,DAL,SF,,False,False
43598089,150660,1145246,465,6198130,Kaodirichi Akobundu-Ehiogu,DAL,SF,,False,False
43598090,150660,1145246,636,6198130,Kaodirichi Akobundu-Ehiogu,DAL,SF,,False,False
43598091,150660,1323682,633,6198131,Ian Schieffelin,MIA,SF,,False,False
43598092,150660,1323682,465,6198131,Ian Schieffelin,MIA,SF,,False,False
43598093,150660,1323682,636,6198131,Ian Schieffelin,MIA,SF,,False,False
43598094,150660,1401727,633,6198133,Reed Bailey,PHO,SF,,False,False
43598095,150660,1401727,465,6198133,Reed Bailey,PHO,SF,,False,False
43598096,150660,1401727,636,6198133,Reed Bailey,PHO,SF,,False,False
43598097,150660,1422977,633,6198134,Toby Harris,MIN,SF,,False,False
43598098,150660,1422977,465,6198134,Toby Harris,MIN,SF,,False,False
43598099,150660,1422977,636,6198134,Toby Harris,MIN,SF,,False,False
43598100,150660,1413222,633,6198130,Carson Cooper,MEM,C,,False,False
43598101,150660,1413222,465,6198130,Carson Cooper,MEM,C,,False,False
43598102,150660,1413222,636,6198130,Carson Cooper,MEM,C,,False,False
43598103,150660,1403632,633,6198131,Ezra Ausar,MIA,SF,,False,False
43598104,150660,1403632,465,6198131,Ezra Ausar,MIA,SF,,False,False
43598105,150660,1403632,636,6198131,Ezra Ausar,MIA,SF,,False,False
43598106,150660,1193615,633,6198131,Rashaun Agee,CLE,SF,,False,False
43598107,150660,1193615,465,6198131,Rashaun Agee,CLE,SF,,False,False
43598108,150660,1193615,636,6198131,Rashaun Agee,CLE,SF,,False,False
43598109,150660,1324325,464,6198133,Sam Hoiberg,PHO,PG,,False,False
43598110,150660,1324325,465,6198133,Sam Hoiberg,PHO,PG,,False,False
43598111,150660,1324325,636,6198133,Sam Hoiberg,PHO,PG,,False,False
43598112,150660,1326056,633,6198134,Devin McGlockton,MIN,SF,,False,False
43598113,150660,1326056,465,6198134,Devin McGlockton,MIN,SF,,False,False
43598114,150660,1326056,636,6198134,Devin McGlockton,MIN,SF,,False,False
43598115,150660,1340782,633,6198133,John Butler,MIL,SF,,False,False
43598116,150660,1340782,465,6198133,John Butler,MIL,SF,,False,False
43598117,150660,1340782,636,6198133,John Butler,MIL,SF,,False,False
43598118,150660,1176244,633,6198132,Eric Dixon,UTA,SF,,False,False
43598119,150660,1176244,465,6198132,Eric Dixon,UTA,SF,,False,False
43598120,150660,1176244,636,6198132,Eric Dixon,UTA,SF,,False,False
43598121,150660,1324084,633,6198130,Ja'Vier Francis,DAL,SF,,False,False
43598122,150660,1324084,465,6198130,Ja'Vier Francis,DAL,SF,,False,False
43598123,150660,1324084,636,6198130,Ja'Vier Francis,DAL,SF,,False,False
43598124,150660,1405903,464,6198131,Tre White,MIA,PG,,False,False
43598125,150660,1405903,465,6198131,Tre White,MIA,PG,,False,False
43598126,150660,1405903,636,6198131,Tre White,MIA,PG,,False,False
43598127,150660,1231799,464,6198133,Tramon Mark,PHO,PG,,False,False
43598128,150660,1231799,465,6198133,Tramon Mark,PHO,PG,,False,False
43598129,150660,1231799,636,6198133,Tramon Mark,PHO,PG,,False,False
43598130,150660,1401387,633,6198134,Barry Dunning Jr.,POR,SF,,False,False
43598131,150660,1401387,465,6198134,Barry Dunning Jr.,POR,SF,,False,False
43598132,150660,1401387,636,6198134,Barry Dunning Jr.,POR,SF,,False,False
43598133,150660,1406915,464,6198130,Jestin Porter,MEM,PG,,False,False
43598134,150660,1406915,465,6198130,Jestin Porter,MEM,PG,,False,False
43598135,150660,1406915,636,6198130,Jestin Porter,MEM,PG,,False,False
43598136,150660,1420755,633,6198131,Arnas Sakenis,MIA,C,,False,False
43598137,150660,1420755,465,6198131,Arnas Sakenis,MIA,C,,False,False
43598138,150660,1420755,636,6198131,Arnas Sakenis,MIA,C,,False,False
43598139,150660,1481251,633,6198131,Tre'Von Spillers,CLE,SF,,False,False
43598140,150660,1481251,465,6198131,Tre'Von Spillers,CLE,SF,,False,False
43598141,150660,1481251,636,6198131,Tre'Von Spillers,CLE,SF,,False,False
43598142,150660,1137221,633,6198132,Keyshawn Bryant,CHI,SF,,False,False
43598143,150660,1137221,465,6198132,Keyshawn Bryant,CHI,SF,,False,False
43598144,150660,1137221,636,6198132,Keyshawn Bryant,CHI,SF,,False,False
43598145,150660,1413220,633,6198132,Jaxon Kohler,UTA,SF,,False,False
43598146,150660,1413220,465,6198132,Jaxon Kohler,UTA,SF,,False,False
43598147,150660,1413220,636,6198132,Jaxon Kohler,UTA,SF,,False,False
43598148,150660,1429346,633,6198133,Jalen Lewis,MIL,SF,,False,False
43598149,150660,1429346,465,6198133,Jalen Lewis,MIL,SF,,False,False
43598150,150660,1429346,636,6198133,Jalen Lewis,MIL,SF,,False,False
43598151,150660,1408442,464,6198134,Aidan Mahaney,MIN,PG,,False,False
43598152,150660,1408442,465,6198134,Aidan Mahaney,MIN,PG,,False,False
43598153,150660,1408442,636,6198134,Aidan Mahaney,MIN,PG,,False,False
43598154,150660,1453380,633,6198134,Aliou Diarra,POR,SF,,False,False
43598155,150660,1453380,465,6198134,Aliou Diarra,POR,SF,,False,False
43598156,150660,1453380,636,6198134,Aliou Diarra,POR,SF,,False,False
43598157,150660,1343026,464,6198132,Houston Mallette,CHI,PG,,False,False
43598158,150660,1343026,465,6198132,Houston Mallette,CHI,PG,,False,False
43598159,150660,1343026,636,6198132,Houston Mallette,CHI,PG,,False,False
43598160,150660,1416410,633,6198132,Micah Handlogten,UTA,C,,False,False
43598161,150660,1416410,465,6198132,Micah Handlogten,UTA,C,,False,False
43598162,150660,1416410,636,6198132,Micah Handlogten,UTA,C,,False,False
43598163,150660,1405733,633,6198133,Barry Evans,PHO,SF,,False,False
43598164,150660,1405733,465,6198133,Barry Evans,PHO,SF,,False,False
43598165,150660,1405733,636,6198133,Barry Evans,PHO,SF,,False,False
43598166,150660,1176203,633,6198133,Kuany Kuany,MIL,SF,,False,False
43598167,150660,1176203,465,6198133,Kuany Kuany,MIL,SF,,False,False
43598168,150660,1176203,636,6198133,Kuany Kuany,MIL,SF,,False,False
43598169,150660,1405882,464,6198134,Trey Campbell,MIN,PG,,False,False
43598170,150660,1405882,465,6198134,Trey Campbell,MIN,PG,,False,False
43598171,150660,1405882,636,6198134,Trey Campbell,MIN,PG,,False,False
43598172,150660,1405317,633,6198130,Jevon Porter,MEM,SF,,False,False
43598173,150660,1405317,465,6198130,Jevon Porter,MEM,SF,,False,False
43598174,150660,1405317,636,6198130,Jevon Porter,MEM,SF,,False,False
43598175,150660,1232444,464,6198131,J'Vonne Hadley,MIA,PG,,False,False
43598176,150660,1232444,465,6198131,J'Vonne Hadley,MIA,PG,,False,False
43598177,150660,1232444,636,6198131,J'Vonne Hadley,MIA,PG,,False,False
43598178,150660,1420694,464,6198131,Xaivian Lee,CLE,PG,,False,False
43598179,150660,1420694,465,6198131,Xaivian Lee,CLE,PG,,False,False
43598180,150660,1420694,636,6198131,Xaivian Lee,CLE,PG,,False,False
43598181,150660,1417207,464,6198132,Donovan Atwell,CHI,PG,,False,False
43598182,150660,1417207,465,6198132,Donovan Atwell,CHI,PG,,False,False
43598183,150660,1417207,636,6198132,Donovan Atwell,CHI,PG,,False,False
43598184,150660,1327795,464,6198132,Justin Harmon,UTA,PG,,False,False
43598185,150660,1327795,465,6198132,Justin Harmon,UTA,PG,,False,False
43598186,150660,1327795,636,6198132,Justin Harmon,UTA,PG,,False,False
43598187,150660,1340214,464,6198133,Boopie Miller,MIL,PG,,False,False
43598188,150660,1340214,465,6198133,Boopie Miller,MIL,PG,,False,False
43598189,150660,1340214,636,6198133,Boopie Miller,MIL,PG,,False,False
43598190,150660,1193101,464,6198134,Dajuan Harris Jr.,MIN,PG,,False,False
43598191,150660,1193101,465,6198134,Dajuan Harris Jr.,MIN,PG,,False,False
43598192,150660,1193101,636,6198134,Dajuan Harris Jr.,MIN,PG,,False,False
43598193,150660,1094731,464,6198134,Flynn Cameron,POR,PG,,False,False
43598194,150660,1094731,465,6198134,Flynn Cameron,POR,PG,,False,False
43598195,150660,1094731,636,6198134,Flynn Cameron,POR,PG,,False,False
43598196,150660,1405326,633,6198130,Jorge Diaz Graham,DAL,SF,,False,False
43598197,150660,1405326,465,6198130,Jorge Diaz Graham,DAL,SF,,False,False
43598198,150660,1405326,636,6198130,Jorge Diaz Graham,DAL,SF,,False,False
43598199,150660,1266174,464,6198131,Meechie Johnson,MIA,PG,,False,False
43598200,150660,1266174,465,6198131,Meechie Johnson,MIA,PG,,False,False
43598201,150660,1266174,636,6198131,Meechie Johnson,MIA,PG,,False,False
43598202,150660,1175017,464,6198131,Sean East II,CLE,PG,,False,False
43598203,150660,1175017,465,6198131,Sean East II,CLE,PG,,False,False
43598204,150660,1175017,636,6198131,Sean East II,CLE,PG,,False,False
43598205,150660,1405042,633,6198132,Jalen Washington,CHI,SF,,False,False
43598206,150660,1405042,465,6198132,Jalen Washington,CHI,SF,,False,False
43598207,150660,1405042,636,6198132,Jalen Washington,CHI,SF,,False,False
43598208,150660,1406916,633,6198132,Mohamed Wague,UTA,PF,,False,False
43598209,150660,1406916,465,6198132,Mohamed Wague,UTA,PF,,False,False
43598210,150660,1406916,636,6198132,Mohamed Wague,UTA,PF,,False,False
43598211,150660,1482255,464,6198133,Corey Camper Jr.,PHO,PG,,False,False
43598212,150660,1482255,465,6198133,Corey Camper Jr.,PHO,PG,,False,False
43598213,150660,1482255,636,6198133,Corey Camper Jr.,PHO,PG,,False,False
43598214,150660,608153,633,6198133,Aaron Williams,MIL,SF,,False,False
43598215,150660,608153,465,6198133,Aaron Williams,MIL,SF,,False,False
43598216,150660,608153,636,6198133,Aaron Williams,MIL,SF,,False,False
43598217,150660,1325434,633,6198134,Nate Santos,MIN,SF,,False,False
43598218,150660,1325434,465,6198134,Nate Santos,MIN,SF,,False,False
43598219,150660,1325434,636,6198134,Nate Santos,MIN,SF,,False,False
43598220,150660,1231852,633,6198134,Andrew Carr,POR,SF,,False,False
43598221,150660,1231852,465,6198134,Andrew Carr,POR,SF,,False,False
43598222,150660,1231852,636,6198134,Andrew Carr,POR,SF,,False,False
43598223,150660,1405328,633,6198130,Guillermo Diaz Graham,DAL,SF,,False,False
43598224,150660,1405328,465,6198130,Guillermo Diaz Graham,DAL,SF,,False,False
43598225,150660,1405328,636,6198130,Guillermo Diaz Graham,DAL,SF,,False,False
43598226,150660,1408223,464,6198130,Brendan Hausen,MEM,PG,,False,False
43598227,150660,1408223,465,6198130,Brendan Hausen,MEM,PG,,False,False
43598228,150660,1408223,636,6198130,Brendan Hausen,MEM,PG,,False,False
43598229,150660,1351088,464,6198131,Cam Carter,MIA,PG,,False,False
43598230,150660,1351088,465,6198131,Cam Carter,MIA,PG,,False,False
43598231,150660,1351088,636,6198131,Cam Carter,MIA,PG,,False,False
43598232,150660,1251673,464,6198131,Jaxson Robinson,CLE,PG,,False,False
43598233,150660,1251673,465,6198131,Jaxson Robinson,CLE,PG,,False,False
43598234,150660,1251673,636,6198131,Jaxson Robinson,CLE,PG,,False,False
43598235,150660,1401585,633,6198132,Grant Newell,CHI,SF,,False,False
43598236,150660,1401585,465,6198132,Grant Newell,CHI,SF,,False,False
43598237,150660,1401585,636,6198132,Grant Newell,CHI,SF,,False,False
43598238,150660,1328254,633,6198132,Jonas Aidoo,UTA,C,,False,False
43598239,150660,1328254,465,6198132,Jonas Aidoo,UTA,C,,False,False
43598240,150660,1328254,636,6198132,Jonas Aidoo,UTA,C,,False,False
43598241,150660,1245902,464,6198133,Devin Askew,PHO,PG,,False,False
43598242,150660,1245902,465,6198133,Devin Askew,PHO,PG,,False,False
43598243,150660,1245902,636,6198133,Devin Askew,PHO,PG,,False,False
43598244,150660,1231377,633,6198133,Kobe Stewart,MIL,SF,,False,False
43598245,150660,1231377,465,6198133,Kobe Stewart,MIL,SF,,False,False
43598246,150660,1231377,636,6198133,Kobe Stewart,MIL,SF,,False,False
43598247,150660,1193435,633,6198134,Jaylin Williams,MIN,SF,,False,False
43598248,150660,1193435,465,6198134,Jaylin Williams,MIN,SF,,False,False
43598249,150660,1193435,636,6198134,Jaylin Williams,MIN,SF,,False,False
43598250,150660,1325115,633,6198134,Frankie Fidler,POR,SF,,False,False
43598251,150660,1325115,465,6198134,Frankie Fidler,POR,SF,,False,False
43598252,150660,1325115,636,6198134,Frankie Fidler,POR,SF,,False,False
43598253,150661,1405622,499,6198133,Rasheer Fleming,PHO,PF,8200.0,False,True
43598254,150661,1405622,501,6198133,Rasheer Fleming,PHO,PF,8200.0,False,True
43598255,150661,1405622,503,6198133,Rasheer Fleming,PHO,PF,8200.0,False,True
43598256,150661,1590552,500,6198134,Joan Beringer,MIN,C,7900.0,False,True
43598257,150661,1590552,503,6198134,Joan Beringer,MIN,C,7900.0,False,True
43598258,150661,1465506,500,6198133,Khaman Maluach,PHO,C,7900.0,False,True
43598259,150661,1465506,503,6198133,Khaman Maluach,PHO,C,7900.0,False,True
43598260,150661,1610164,497,6198133,Brayden Burries,MIL,SG,7800.0,False,True
43598261,150661,1610164,502,6198133,Brayden Burries,MIL,SG,7800.0,False,True
43598262,150661,1610164,503,6198133,Brayden Burries,MIL,SG,7800.0,False,True
43598263,150661,1448788,496,6198133,Kasparas Jakucionis,MIL,PG,7500.0,False,True
43598264,150661,1448788,502,6198133,Kasparas Jakucionis,MIL,PG,7500.0,False,True
43598265,150661,1448788,503,6198133,Kasparas Jakucionis,MIL,PG,7500.0,False,True
43598266,150661,1610167,499,6198133,Koa Peat,PHO,PF,7500.0,False,True
43598267,150661,1610167,501,6198133,Koa Peat,PHO,PF,7500.0,False,True
43598268,150661,1610167,503,6198133,Koa Peat,PHO,PF,7500.0,False,True
43598269,150661,1193172,498,6198134,Jalen Bridges,POR,SF/PF,7400.0,False,True
43598270,150661,1193172,499,6198134,Jalen Bridges,POR,SF/PF,7400.0,False,True
43598271,150661,1193172,501,6198134,Jalen Bridges,POR,SF/PF,7400.0,False,True
43598272,150661,1193172,503,6198134,Jalen Bridges,POR,SF/PF,7400.0,False,True
43598273,150661,1352114,497,6198133,Luke Travers,MIL,SG,7300.0,False,True
43598274,150661,1352114,502,6198133,Luke Travers,MIL,SG,7300.0,False,True
43598275,150661,1352114,503,6198133,Luke Travers,MIL,SG,7300.0,False,True
43598276,150661,1591570,500,6198134,Hansen Yang,POR,C,6800.0,False,True
43598277,150661,1591570,503,6198134,Hansen Yang,POR,C,6800.0,False,True
43598278,150661,1243633,497,6198133,Koby Brea,PHO,SG,6700.0,False,True
43598279,150661,1243633,502,6198133,Koby Brea,PHO,SG,6700.0,False,True
43598280,150661,1243633,503,6198133,Koby Brea,PHO,SG,6700.0,False,True
43598281,150661,1324173,496,6198133,Kam Jones,MIL,PG,6500.0,False,True
43598282,150661,1324173,502,6198133,Kam Jones,MIL,PG,6500.0,False,True
43598283,150661,1324173,503,6198133,Kam Jones,MIL,PG,6500.0,False,True
43598284,150661,1502168,500,6198134,Rocco Zikarsky,MIN,C,6500.0,False,True
43598285,150661,1502168,503,6198134,Rocco Zikarsky,MIN,C,6500.0,False,True
43598286,150661,1429347,496,6198134,Jaylen Martin,POR,PG/SG,6300.0,False,True
43598287,150661,1429347,497,6198134,Jaylen Martin,POR,PG/SG,6300.0,False,True
43598288,150661,1429347,502,6198134,Jaylen Martin,POR,PG/SG,6300.0,False,True
43598289,150661,1429347,503,6198134,Jaylen Martin,POR,PG/SG,6300.0,False,True
43598290,150661,1245906,497,6198133,Brandon Boston Jr.,MIL,SG,6200.0,False,True
43598291,150661,1245906,502,6198133,Brandon Boston Jr.,MIL,SG,6200.0,False,True
43598292,150661,1245906,503,6198133,Brandon Boston Jr.,MIL,SG,6200.0,False,True
43598293,150661,1197096,499,6198134,Enrique Freeman,MIN,PF,6100.0,False,True
43598294,150661,1197096,501,6198134,Enrique Freeman,MIN,PF,6100.0,False,True
43598295,150661,1197096,503,6198134,Enrique Freeman,MIN,PF,6100.0,False,True
43598296,150661,1243685,498,6198134,Jayson Kent,POR,SF/PF,5900.0,False,True
43598297,150661,1243685,499,6198134,Jayson Kent,POR,SF/PF,5900.0,False,True
43598298,150661,1243685,501,6198134,Jayson Kent,POR,SF/PF,5900.0,False,True
43598299,150661,1243685,503,6198134,Jayson Kent,POR,SF/PF,5900.0,False,True
43598300,150661,1175108,496,6198134,Damion Baugh,MIN,PG/SG,5800.0,False,True
43598301,150661,1175108,497,6198134,Damion Baugh,MIN,PG/SG,5800.0,False,True
43598302,150661,1175108,502,6198134,Damion Baugh,MIN,PG/SG,5800.0,False,True
43598303,150661,1175108,503,6198134,Damion Baugh,MIN,PG/SG,5800.0,False,True
43598304,150661,1231292,499,6198133,CJ Huntley,PHO,PF,5800.0,False,True
43598305,150661,1231292,501,6198133,CJ Huntley,PHO,PF,5800.0,False,True
43598306,150661,1231292,503,6198133,CJ Huntley,PHO,PF,5800.0,False,True
43598307,150661,1234814,496,6198134,Chris Youngblood,POR,PG/SG,5500.0,False,True
43598308,150661,1234814,497,6198134,Chris Youngblood,POR,PG/SG,5500.0,False,True
43598309,150661,1234814,502,6198134,Chris Youngblood,POR,PG/SG,5500.0,False,True
43598310,150661,1234814,503,6198134,Chris Youngblood,POR,PG/SG,5500.0,False,True
43598311,150661,1325097,499,6198134,Trey Kaufman-Renn,MIN,PF,5500.0,False,True
43598312,150661,1325097,501,6198134,Trey Kaufman-Renn,MIN,PF,5500.0,False,True
43598313,150661,1325097,503,6198134,Trey Kaufman-Renn,MIN,PF,5500.0,False,True
43598314,150661,1136746,496,6198133,Darius Brown II,PHO,PG/SG,5400.0,False,True
43598315,150661,1136746,497,6198133,Darius Brown II,PHO,PG/SG,5400.0,False,True
43598316,150661,1136746,502,6198133,Darius Brown II,PHO,PG/SG,5400.0,False,True
43598317,150661,1136746,503,6198133,Darius Brown II,PHO,PG/SG,5400.0,False,True
43598318,150661,1432129,499,6198133,Bogoljub Markovic,MIL,PF,5400.0,False,True
43598319,150661,1432129,501,6198133,Bogoljub Markovic,MIL,PF,5400.0,False,True
43598320,150661,1432129,503,6198133,Bogoljub Markovic,MIL,PF,5400.0,False,True
43598321,150661,1134766,496,6198133,Cormac Ryan,MIL,PG/SG,5300.0,False,True
43598322,150661,1134766,497,6198133,Cormac Ryan,MIL,PG/SG,5300.0,False,True
43598323,150661,1134766,502,6198133,Cormac Ryan,MIL,PG/SG,5300.0,False,True
43598324,150661,1134766,503,6198133,Cormac Ryan,MIL,PG/SG,5300.0,False,True
43598325,150661,1196146,496,6198134,Zyon Pullin,MIN,PG,5200.0,False,True
43598326,150661,1196146,502,6198134,Zyon Pullin,MIN,PG,5200.0,False,True
43598327,150661,1196146,503,6198134,Zyon Pullin,MIN,PG,5200.0,False,True
43598328,150661,1092124,498,6198133,Javonte Cooke,PHO,SF,5200.0,False,True
43598329,150661,1092124,501,6198133,Javonte Cooke,PHO,SF,5200.0,False,True
43598330,150661,1092124,503,6198133,Javonte Cooke,PHO,SF,5200.0,False,True
43598331,150661,1178150,500,6198133,Jesse Edwards,MIL,C,5100.0,False,True
43598332,150661,1178150,503,6198133,Jesse Edwards,MIL,C,5100.0,False,True
43598333,150661,1230357,496,6198134,DJ Steward,POR,PG/SG,5100.0,False,True
43598334,150661,1230357,497,6198134,DJ Steward,POR,PG/SG,5100.0,False,True
43598335,150661,1230357,502,6198134,DJ Steward,POR,PG/SG,5100.0,False,True
43598336,150661,1230357,503,6198134,DJ Steward,POR,PG/SG,5100.0,False,True
43598337,150661,1134005,496,6198133,Kira Lewis Jr.,MIL,PG,5000.0,False,True
43598338,150661,1134005,502,6198133,Kira Lewis Jr.,MIL,PG,5000.0,False,True
43598339,150661,1134005,503,6198133,Kira Lewis Jr.,MIL,PG,5000.0,False,True
43598340,150661,1253428,498,6198133,Zack Austin,MIL,SF/PF,4900.0,False,True
43598341,150661,1253428,499,6198133,Zack Austin,MIL,SF/PF,4900.0,False,True
43598342,150661,1253428,501,6198133,Zack Austin,MIL,SF/PF,4900.0,False,True
43598343,150661,1253428,503,6198133,Zack Austin,MIL,SF/PF,4900.0,False,True
43598344,150661,1179796,496,6198134,Quincy Olivari,POR,PG/SG,4900.0,False,True
43598345,150661,1179796,497,6198134,Quincy Olivari,POR,PG/SG,4900.0,False,True
43598346,150661,1179796,502,6198134,Quincy Olivari,POR,PG/SG,4900.0,False,True
43598347,150661,1179796,503,6198134,Quincy Olivari,POR,PG/SG,4900.0,False,True
43598348,150661,1136168,500,6198133,Jake Stephens,PHO,C,4900.0,False,True
43598349,150661,1136168,503,6198133,Jake Stephens,PHO,C,4900.0,False,True
43598350,150661,1186764,496,6198134,Donovan Williams,MIN,PG/SG,4900.0,False,True
43598351,150661,1186764,497,6198134,Donovan Williams,MIN,PG/SG,4900.0,False,True
43598352,150661,1186764,502,6198134,Donovan Williams,MIN,PG/SG,4900.0,False,True
43598353,150661,1186764,503,6198134,Donovan Williams,MIN,PG/SG,4900.0,False,True
43598354,150661,1326422,500,6198133,Rafael Castro,MIL,C,4800.0,False,True
43598355,150661,1326422,503,6198133,Rafael Castro,MIL,C,4800.0,False,True
43598356,150661,1174936,496,6198133,Jameer Nelson Jr.,PHO,PG/SG,4800.0,False,True
43598357,150661,1174936,497,6198133,Jameer Nelson Jr.,PHO,PG/SG,4800.0,False,True
43598358,150661,1174936,502,6198133,Jameer Nelson Jr.,PHO,PG/SG,4800.0,False,True
43598359,150661,1174936,503,6198133,Jameer Nelson Jr.,PHO,PG/SG,4800.0,False,True
43598360,150661,1323523,498,6198134,Chris Mantis,MIN,SF/PF,4800.0,False,True
43598361,150661,1323523,499,6198134,Chris Mantis,MIN,SF/PF,4800.0,False,True
43598362,150661,1323523,501,6198134,Chris Mantis,MIN,SF/PF,4800.0,False,True
43598363,150661,1323523,503,6198134,Chris Mantis,MIN,SF/PF,4800.0,False,True
43598364,150661,1401727,498,6198133,Reed Bailey,PHO,SF/PF,4700.0,False,True
43598365,150661,1401727,499,6198133,Reed Bailey,PHO,SF/PF,4700.0,False,True
43598366,150661,1401727,501,6198133,Reed Bailey,PHO,SF/PF,4700.0,False,True
43598367,150661,1401727,503,6198133,Reed Bailey,PHO,SF/PF,4700.0,False,True
43598368,150661,1422977,498,6198134,Toby Harris,MIN,SF/PF,4700.0,False,True
43598369,150661,1422977,499,6198134,Toby Harris,MIN,SF/PF,4700.0,False,True
43598370,150661,1422977,501,6198134,Toby Harris,MIN,SF/PF,4700.0,False,True
43598371,150661,1422977,503,6198134,Toby Harris,MIN,SF/PF,4700.0,False,True
43598372,150661,1324325,496,6198133,Sam Hoiberg,PHO,PG/SG,4600.0,False,True
43598373,150661,1324325,497,6198133,Sam Hoiberg,PHO,PG/SG,4600.0,False,True
43598374,150661,1324325,502,6198133,Sam Hoiberg,PHO,PG/SG,4600.0,False,True
43598375,150661,1324325,503,6198133,Sam Hoiberg,PHO,PG/SG,4600.0,False,True
43598376,150661,1326056,498,6198134,Devin McGlockton,MIN,SF/PF,4600.0,False,True
43598377,150661,1326056,499,6198134,Devin McGlockton,MIN,SF/PF,4600.0,False,True
43598378,150661,1326056,501,6198134,Devin McGlockton,MIN,SF/PF,4600.0,False,True
43598379,150661,1326056,503,6198134,Devin McGlockton,MIN,SF/PF,4600.0,False,True
43598380,150661,1340782,498,6198133,John Butler,MIL,SF/PF,4500.0,False,True
43598381,150661,1340782,499,6198133,John Butler,MIL,SF/PF,4500.0,False,True
43598382,150661,1340782,501,6198133,John Butler,MIL,SF/PF,4500.0,False,True
43598383,150661,1340782,503,6198133,John Butler,MIL,SF/PF,4500.0,False,True
43598384,150661,1231799,496,6198133,Tramon Mark,PHO,PG/SG,4500.0,False,True
43598385,150661,1231799,497,6198133,Tramon Mark,PHO,PG/SG,4500.0,False,True
43598386,150661,1231799,502,6198133,Tramon Mark,PHO,PG/SG,4500.0,False,True
43598387,150661,1231799,503,6198133,Tramon Mark,PHO,PG/SG,4500.0,False,True
43598388,150661,1401387,497,6198134,Barry Dunning Jr.,POR,SG/SF,4500.0,False,True
43598389,150661,1401387,498,6198134,Barry Dunning Jr.,POR,SG/SF,4500.0,False,True
43598390,150661,1401387,502,6198134,Barry Dunning Jr.,POR,SG/SF,4500.0,False,True
43598391,150661,1401387,501,6198134,Barry Dunning Jr.,POR,SG/SF,4500.0,False,True
43598392,150661,1401387,503,6198134,Barry Dunning Jr.,POR,SG/SF,4500.0,False,True
43598393,150661,1429346,498,6198133,Jalen Lewis,MIL,SF/PF,4400.0,False,True
43598394,150661,1429346,499,6198133,Jalen Lewis,MIL,SF/PF,4400.0,False,True
43598395,150661,1429346,501,6198133,Jalen Lewis,MIL,SF/PF,4400.0,False,True
43598396,150661,1429346,503,6198133,Jalen Lewis,MIL,SF/PF,4400.0,False,True
43598397,150661,1408442,496,6198134,Aidan Mahaney,MIN,PG/SG,4400.0,False,True
43598398,150661,1408442,497,6198134,Aidan Mahaney,MIN,PG/SG,4400.0,False,True
43598399,150661,1408442,502,6198134,Aidan Mahaney,MIN,PG/SG,4400.0,False,True
43598400,150661,1408442,503,6198134,Aidan Mahaney,MIN,PG/SG,4400.0,False,True
43598401,150661,1453380,498,6198134,Aliou Diarra,POR,SF/PF,4400.0,False,True
43598402,150661,1453380,499,6198134,Aliou Diarra,POR,SF/PF,4400.0,False,True
43598403,150661,1453380,501,6198134,Aliou Diarra,POR,SF/PF,4400.0,False,True
43598404,150661,1453380,503,6198134,Aliou Diarra,POR,SF/PF,4400.0,False,True
43598405,150661,1405733,498,6198133,Barry Evans,PHO,SF/PF,4300.0,False,True
43598406,150661,1405733,499,6198133,Barry Evans,PHO,SF/PF,4300.0,False,True
43598407,150661,1405733,501,6198133,Barry Evans,PHO,SF/PF,4300.0,False,True
43598408,150661,1405733,503,6198133,Barry Evans,PHO,SF/PF,4300.0,False,True
43598409,150661,1176203,498,6198133,Kuany Kuany,MIL,SF/PF,4300.0,False,True
43598410,150661,1176203,499,6198133,Kuany Kuany,MIL,SF/PF,4300.0,False,True
43598411,150661,1176203,501,6198133,Kuany Kuany,MIL,SF/PF,4300.0,False,True
43598412,150661,1176203,503,6198133,Kuany Kuany,MIL,SF/PF,4300.0,False,True
43598413,150661,1405882,496,6198134,Trey Campbell,MIN,PG/SG,4300.0,False,True
43598414,150661,1405882,497,6198134,Trey Campbell,MIN,PG/SG,4300.0,False,True
43598415,150661,1405882,502,6198134,Trey Campbell,MIN,PG/SG,4300.0,False,True
43598416,150661,1405882,503,6198134,Trey Campbell,MIN,PG/SG,4300.0,False,True
43598417,150661,1340214,496,6198133,Boopie Miller,MIL,PG/SG,4200.0,False,True
43598418,150661,1340214,497,6198133,Boopie Miller,MIL,PG/SG,4200.0,False,True
43598419,150661,1340214,502,6198133,Boopie Miller,MIL,PG/SG,4200.0,False,True
43598420,150661,1340214,503,6198133,Boopie Miller,MIL,PG/SG,4200.0,False,True
43598421,150661,1193101,496,6198134,Dajuan Harris Jr.,MIN,PG/SG,4200.0,False,True
43598422,150661,1193101,497,6198134,Dajuan Harris Jr.,MIN,PG/SG,4200.0,False,True
43598423,150661,1193101,502,6198134,Dajuan Harris Jr.,MIN,PG/SG,4200.0,False,True
43598424,150661,1193101,503,6198134,Dajuan Harris Jr.,MIN,PG/SG,4200.0,False,True
43598425,150661,1094731,496,6198134,Flynn Cameron,POR,PG/SG,4200.0,False,True
43598426,150661,1094731,497,6198134,Flynn Cameron,POR,PG/SG,4200.0,False,True
43598427,150661,1094731,502,6198134,Flynn Cameron,POR,PG/SG,4200.0,False,True
43598428,150661,1094731,503,6198134,Flynn Cameron,POR,PG/SG,4200.0,False,True
43598429,150661,1482255,496,6198133,Corey Camper Jr.,PHO,PG/SG,4100.0,False,True
43598430,150661,1482255,497,6198133,Corey Camper Jr.,PHO,PG/SG,4100.0,False,True
43598431,150661,1482255,502,6198133,Corey Camper Jr.,PHO,PG/SG,4100.0,False,True
43598432,150661,1482255,503,6198133,Corey Camper Jr.,PHO,PG/SG,4100.0,False,True
43598433,150661,608153,498,6198133,Aaron Williams,MIL,SF/PF,4100.0,False,True
43598434,150661,608153,499,6198133,Aaron Williams,MIL,SF/PF,4100.0,False,True
43598435,150661,608153,501,6198133,Aaron Williams,MIL,SF/PF,4100.0,False,True
43598436,150661,608153,503,6198133,Aaron Williams,MIL,SF/PF,4100.0,False,True
43598437,150661,1325434,498,6198134,Nate Santos,MIN,SF/PF,4100.0,False,True
43598438,150661,1325434,499,6198134,Nate Santos,MIN,SF/PF,4100.0,False,True
43598439,150661,1325434,501,6198134,Nate Santos,MIN,SF/PF,4100.0,False,True
43598440,150661,1325434,503,6198134,Nate Santos,MIN,SF/PF,4100.0,False,True
43598441,150661,1231852,498,6198134,Andrew Carr,POR,SF/PF,4100.0,False,True
43598442,150661,1231852,499,6198134,Andrew Carr,POR,SF/PF,4100.0,False,True
43598443,150661,1231852,501,6198134,Andrew Carr,POR,SF/PF,4100.0,False,True
43598444,150661,1231852,503,6198134,Andrew Carr,POR,SF/PF,4100.0,False,True
43598445,150661,1245902,496,6198133,Devin Askew,PHO,PG/SG,4000.0,False,True
43598446,150661,1245902,497,6198133,Devin Askew,PHO,PG/SG,4000.0,False,True
43598447,150661,1245902,502,6198133,Devin Askew,PHO,PG/SG,4000.0,False,True
43598448,150661,1245902,503,6198133,Devin Askew,PHO,PG/SG,4000.0,False,True
43598449,150661,1231377,497,6198133,Kobe Stewart,MIL,SG/SF,4000.0,False,True
43598450,150661,1231377,498,6198133,Kobe Stewart,MIL,SG/SF,4000.0,False,True
43598451,150661,1231377,502,6198133,Kobe Stewart,MIL,SG/SF,4000.0,False,True
43598452,150661,1231377,501,6198133,Kobe Stewart,MIL,SG/SF,4000.0,False,True
43598453,150661,1231377,503,6198133,Kobe Stewart,MIL,SG/SF,4000.0,False,True
43598454,150661,1193435,498,6198134,Jaylin Williams,MIN,SF/PF,4000.0,False,True
43598455,150661,1193435,499,6198134,Jaylin Williams,MIN,SF/PF,4000.0,False,True
43598456,150661,1193435,501,6198134,Jaylin Williams,MIN,SF/PF,4000.0,False,True
43598457,150661,1193435,503,6198134,Jaylin Williams,MIN,SF/PF,4000.0,False,True
43598458,150661,1325115,498,6198134,Frankie Fidler,POR,SF/PF,4000.0,False,True
43598459,150661,1325115,499,6198134,Frankie Fidler,POR,SF/PF,4000.0,False,True
43598460,150661,1325115,501,6198134,Frankie Fidler,POR,SF/PF,4000.0,False,True
43598461,150661,1325115,503,6198134,Frankie Fidler,POR,SF/PF,4000.0,False,True
43598462,150662,1590552,475,6198134,Joan Beringer,MIN,C,9800.0,False,True
43598463,150662,1193172,475,6198134,Jalen Bridges,POR,SF/PF,9600.0,False,True
43598464,150662,1591570,475,6198134,Hansen Yang,POR,C,9400.0,False,True
43598465,150662,1502168,475,6198134,Rocco Zikarsky,MIN,C,9200.0,False,True
43598466,150662,1429347,475,6198134,Jaylen Martin,POR,PG/SG,8800.0,False,True
43598467,150662,1197096,475,6198134,Enrique Freeman,MIN,PF,8200.0,False,True
43598468,150662,1243685,475,6198134,Jayson Kent,POR,SF/PF,7600.0,False,True
43598469,150662,1175108,475,6198134,Damion Baugh,MIN,PG/SG,6800.0,False,True
43598470,150662,1234814,475,6198134,Chris Youngblood,POR,PG/SG,6200.0,False,True
43598471,150662,1325097,475,6198134,Trey Kaufman-Renn,MIN,PF,5800.0,False,True
43598472,150662,1196146,475,6198134,Zyon Pullin,MIN,PG,5400.0,False,True
43598473,150662,1230357,475,6198134,DJ Steward,POR,PG/SG,5000.0,False,True
43598474,150662,1179796,475,6198134,Quincy Olivari,POR,PG/SG,4800.0,False,True
43598475,150662,1186764,475,6198134,Donovan Williams,MIN,PG/SG,4400.0,False,True
43598476,150662,1323523,475,6198134,Chris Mantis,MIN,SF/PF,3800.0,False,True
43598477,150662,1422977,475,6198134,Toby Harris,MIN,SF/PF,3600.0,False,True
43598478,150662,1326056,475,6198134,Devin McGlockton,MIN,SF/PF,3400.0,False,True
43598479,150662,1401387,475,6198134,Barry Dunning Jr.,POR,SG/SF,3200.0,False,True
43598480,150662,1408442,475,6198134,Aidan Mahaney,MIN,PG/SG,3000.0,False,True
43598481,150662,1453380,475,6198134,Aliou Diarra,POR,SF/PF,2800.0,False,True
43598482,150662,1405882,475,6198134,Trey Campbell,MIN,PG/SG,2600.0,False,True
43598483,150662,1193101,475,6198134,Dajuan Harris Jr.,MIN,PG/SG,2400.0,False,True
43598484,150662,1094731,475,6198134,Flynn Cameron,POR,PG/SG,2400.0,False,True
43598485,150662,1325434,475,6198134,Nate Santos,MIN,SF/PF,2200.0,False,True
43598486,150662,1231852,475,6198134,Andrew Carr,POR,SF/PF,2200.0,False,True
43598487,150662,1193435,475,6198134,Jaylin Williams,MIN,SF/PF,2000.0,False,True
43598488,150662,1325115,475,6198134,Frankie Fidler,POR,SF/PF,2000.0,False,True
43598489,150662,1590552,476,6198134,Joan Beringer,MIN,C,14700.0,False,True
43598490,150662,1193172,476,6198134,Jalen Bridges,POR,SF/PF,14400.0,False,True
43598491,150662,1591570,476,6198134,Hansen Yang,POR,C,14100.0,False,True
43598492,150662,1502168,476,6198134,Rocco Zikarsky,MIN,C,13800.0,False,True
43598493,150662,1429347,476,6198134,Jaylen Martin,POR,PG/SG,13200.0,False,True
43598494,150662,1197096,476,6198134,Enrique Freeman,MIN,PF,12300.0,False,True
43598495,150662,1243685,476,6198134,Jayson Kent,POR,SF/PF,11400.0,False,True
43598496,150662,1175108,476,6198134,Damion Baugh,MIN,PG/SG,10200.0,False,True
43598497,150662,1234814,476,6198134,Chris Youngblood,POR,PG/SG,9300.0,False,True
43598498,150662,1325097,476,6198134,Trey Kaufman-Renn,MIN,PF,8700.0,False,True
43598499,150662,1196146,476,6198134,Zyon Pullin,MIN,PG,8100.0,False,True
43598500,150662,1230357,476,6198134,DJ Steward,POR,PG/SG,7500.0,False,True
43598501,150662,1179796,476,6198134,Quincy Olivari,POR,PG/SG,7200.0,False,True
43598502,150662,1186764,476,6198134,Donovan Williams,MIN,PG/SG,6600.0,False,True
43598503,150662,1323523,476,6198134,Chris Mantis,MIN,SF/PF,5700.0,False,True
43598504,150662,1422977,476,6198134,Toby Harris,MIN,SF/PF,5400.0,False,True
43598505,150662,1326056,476,6198134,Devin McGlockton,MIN,SF/PF,5100.0,False,True
43598506,150662,1401387,476,6198134,Barry Dunning Jr.,POR,SG/SF,4800.0,False,True
43598507,150662,1408442,476,6198134,Aidan Mahaney,MIN,PG/SG,4500.0,False,True
43598508,150662,1453380,476,6198134,Aliou Diarra,POR,SF/PF,4200.0,False,True
43598509,150662,1405882,476,6198134,Trey Campbell,MIN,PG/SG,3900.0,False,True
43598510,150662,1193101,476,6198134,Dajuan Harris Jr.,MIN,PG/SG,3600.0,False,True
43598511,150662,1094731,476,6198134,Flynn Cameron,POR,PG/SG,3600.0,False,True
43598512,150662,1325434,476,6198134,Nate Santos,MIN,SF/PF,3300.0,False,True
43598513,150662,1231852,476,6198134,Andrew Carr,POR,SF/PF,3300.0,False,True
43598514,150662,1193435,476,6198134,Jaylin Williams,MIN,SF/PF,3000.0,False,True
43598515,150662,1325115,476,6198134,Frankie Fidler,POR,SF/PF,3000.0,False,True
