draftable_id,draft_group_id,player_id,roster_slot_id,competition_id,name,team,position_name,salary,is_disabled,is_swappable
43616938,150890,1238673,226,6163193,Angel Reese,ATL,SF/PF,11500.0,False,True
43616939,150890,1238673,227,6163193,Angel Reese,ATL,SF/PF,11500.0,False,True
43616940,150890,477107,226,6163195,Nneka Ogwumike,LAS,SF/PF,11400.0,False,True
43616941,150890,477107,227,6163195,Nneka Ogwumike,LAS,SF/PF,11400.0,False,True
43616942,150890,1192647,226,6163192,Aliyah Boston,IND,SF/PF,11300.0,False,True
43616943,150890,1192647,227,6163192,Aliyah Boston,IND,SF/PF,11300.0,False,True
43616944,150890,572461,226,6163196,Alyssa Thomas,PHX,SF/PF,11200.0,False,True
43616945,150890,572461,227,6163196,Alyssa Thomas,PHX,SF/PF,11200.0,False,True
43616946,150890,1238619,225,6163192,Caitlin Clark,IND,PG/SG,11000.0,False,True
43616947,150890,1238619,227,6163192,Caitlin Clark,IND,PG/SG,11000.0,False,True
43616948,150890,790367,225,6163195,Kelsey Plum,LAS,PG/SG,10900.0,False,True
43616949,150890,790367,227,6163195,Kelsey Plum,LAS,PG/SG,10900.0,False,True
43616950,150890,839540,225,6163192,Kelsey Mitchell,IND,PG/SG,10700.0,False,True
43616951,150890,839540,227,6163192,Kelsey Mitchell,IND,PG/SG,10700.0,False,True
43616952,150890,881835,225,6163193,Marina Mabrey,TOR,PG/SG,10600.0,False,True
43616953,150890,881835,227,6163193,Marina Mabrey,TOR,PG/SG,10600.0,False,True
43616954,150890,521933,226,6163196,Brittney Griner,CON,SF/PF,10200.0,False,True
43616955,150890,521933,227,6163196,Brittney Griner,CON,SF/PF,10200.0,False,True
43616956,150890,1238798,226,6163195,Kamilla Cardoso,CHI,SF/PF,10000.0,False,True
43616957,150890,1238798,227,6163195,Kamilla Cardoso,CHI,SF/PF,10000.0,False,True
43616958,150890,604730,226,6163195,Dearica Hamby,LAS,SF/PF,9900.0,False,True
43616959,150890,604730,227,6163195,Dearica Hamby,LAS,SF/PF,9900.0,False,True
43616960,150890,1511557,226,6163192,Dominique Malonga,SEA,SF/PF,9800.0,False,True
43616961,150890,1511557,227,6163192,Dominique Malonga,SEA,SF/PF,9800.0,False,True
43616962,150890,1133019,225,6163193,Rhyne Howard,ATL,PG/SG,9700.0,False,True
43616963,150890,1133019,227,6163193,Rhyne Howard,ATL,PG/SG,9700.0,False,True
43616964,150890,695695,225,6163193,Brittney Sykes,TOR,PG/SG,9600.0,False,True
43616965,150890,695695,227,6163193,Brittney Sykes,TOR,PG/SG,9600.0,False,True
43616966,150890,833156,226,6163195,Azura Stevens,CHI,SF/PF,9500.0,False,True
43616967,150890,833156,227,6163195,Azura Stevens,CHI,SF/PF,9500.0,False,True
43616968,150890,1508686,225,6163196,Leila Lacan,CON,PG/SG,9400.0,False,True
43616969,150890,1508686,227,6163196,Leila Lacan,CON,PG/SG,9400.0,False,True
43616970,150890,883614,225,6163192,Natisha Hiedeman,SEA,PG/SG,9300.0,False,True
43616971,150890,883614,227,6163192,Natisha Hiedeman,SEA,PG/SG,9300.0,False,True
43616972,150890,1409434,225,6163192,Flau'Jae Johnson,SEA,PG/SG,9200.0,False,True
43616973,150890,1409434,227,6163192,Flau'Jae Johnson,SEA,PG/SG,9200.0,False,True
43616974,150890,849339,225,6163193,Jordin Canada,ATL,PG/SG,9100.0,False,True
43616975,150890,849339,227,6163193,Jordin Canada,ATL,PG/SG,9100.0,False,True
43616976,150890,1123909,226,6163196,Olivia Nelson-Ododa,CON,SF/PF,9000.0,False,True
43616977,150890,1123909,227,6163196,Olivia Nelson-Ododa,CON,SF/PF,9000.0,False,True
43616978,150890,620494,226,6163193,Isabelle Harrison,TOR,SF/PF,8900.0,False,True
43616979,150890,620494,227,6163193,Isabelle Harrison,TOR,SF/PF,8900.0,False,True
43616980,150890,747487,225,6163193,Allisha Gray,ATL,PG/SG,8800.0,False,True
43616981,150890,747487,227,6163193,Allisha Gray,ATL,PG/SG,8800.0,False,True
43616982,150890,520283,225,6163195,Skylar Diggins,CHI,PG/SG,8700.0,False,True
43616983,150890,520283,227,6163195,Skylar Diggins,CHI,PG/SG,8700.0,False,True
43616984,150890,713447,225,6163196,Kahleah Copper,PHX,PG/SG,8500.0,False,True
43616985,150890,713447,227,6163196,Kahleah Copper,PHX,PG/SG,8500.0,False,True
43616986,150890,1514656,226,6163192,Awa Fam,SEA,SF/PF,8400.0,False,True
43616987,150890,1514656,227,6163192,Awa Fam,SEA,SF/PF,8400.0,False,True
43616988,150890,572456,225,6163195,Natasha Cloud,CHI,PG/SG,8200.0,False,True
43616989,150890,572456,227,6163195,Natasha Cloud,CHI,PG/SG,8200.0,False,True
43616990,150890,1217310,225,6163193,Julie Allemand,TOR,PG/SG,8000.0,False,True
43616991,150890,1217310,227,6163193,Julie Allemand,TOR,PG/SG,8000.0,False,True
43616992,150890,881754,226,6163193,Maria Conde,TOR,SF/PF,7900.0,False,True
43616993,150890,881754,227,6163193,Maria Conde,TOR,SF/PF,7900.0,False,True
43616994,150890,1132717,226,6163193,Nyara Sabally,TOR,SF/PF,7800.0,False,True
43616995,150890,1132717,227,6163193,Nyara Sabally,TOR,SF/PF,7800.0,False,True
43616996,150890,1138640,225,6163195,Rae Burrell,LAS,PG/SG,7700.0,False,True
43616997,150890,1138640,227,6163195,Rae Burrell,LAS,PG/SG,7700.0,False,True
43616998,150890,948349,226,6163196,Natasha Mack,PHX,SF/PF,7600.0,False,True
43616999,150890,948349,227,6163196,Natasha Mack,PHX,SF/PF,7600.0,False,True
43617000,150890,304189,225,6163196,DeWanna Bonner,PHX,PG/SG,7500.0,False,True
43617001,150890,304189,227,6163196,DeWanna Bonner,PHX,PG/SG,7500.0,False,True
43617002,150890,1410325,225,6163193,Kiki Rice,TOR,PG/SG,7400.0,False,True
43617003,150890,1410325,227,6163193,Kiki Rice,TOR,PG/SG,7400.0,False,True
43617004,150890,1646835,226,6163193,Laura Juskaite,TOR,SF/PF,7300.0,False,True
43617005,150890,1646835,227,6163193,Laura Juskaite,TOR,SF/PF,7300.0,False,True
43617006,150890,1239750,225,6163196,Charlisse Leger-Walker,CON,PG/SG,7200.0,False,True
43617007,150890,1239750,227,6163196,Charlisse Leger-Walker,CON,PG/SG,7200.0,False,True
43617008,150890,1182914,225,6163195,Sydney Taylor,CHI,PG/SG,7100.0,False,True
43617009,150890,1182914,227,6163195,Sydney Taylor,CHI,PG/SG,7100.0,False,True
43617010,150890,834728,225,6163195,Ariel Atkins,LAS,PG/SG,7000.0,False,True
43617011,150890,834728,227,6163195,Ariel Atkins,LAS,PG/SG,7000.0,False,True
43617012,150890,520294,225,6163195,Erica Wheeler,LAS,PG/SG,6900.0,False,True
43617013,150890,520294,227,6163195,Erica Wheeler,LAS,PG/SG,6900.0,False,True
43617014,150890,745114,226,6163193,Brionna Jones,ATL,SF/PF,6800.0,False,True
43617015,150890,745114,227,6163193,Brionna Jones,ATL,SF/PF,6800.0,False,True
43617016,150890,1127125,226,6163193,Naz Hillmon,ATL,SF/PF,6700.0,False,True
43617017,150890,1127125,227,6163193,Naz Hillmon,ATL,SF/PF,6700.0,False,True
43617018,150890,881350,225,6163196,Valeriane Ayayi,PHX,PG/SG,6600.0,False,True
43617019,150890,881350,227,6163196,Valeriane Ayayi,PHX,PG/SG,6600.0,False,True
43617020,150890,411926,225,6163195,Courtney Vandersloot,CHI,PG/SG,6500.0,False,True
43617021,150890,411926,227,6163195,Courtney Vandersloot,CHI,PG/SG,6500.0,False,True
43617022,150890,1237071,226,6163196,Aaliyah Edwards,CON,SF/PF,6400.0,False,True
43617023,150890,1237071,227,6163196,Aaliyah Edwards,CON,SF/PF,6400.0,False,True
43617024,150890,849343,226,6163192,Monique Billings,IND,SF/PF,6300.0,False,True
43617025,150890,849343,227,6163192,Monique Billings,IND,SF/PF,6300.0,False,True
43617026,150890,1348207,226,6163196,Aneesah Morrow,CON,SF/PF,6200.0,False,True
43617027,150890,1348207,227,6163196,Aneesah Morrow,CON,SF/PF,6200.0,False,True
43617028,150890,883058,225,6163196,Kennedy Burke,CON,PG/SG,6100.0,False,True
43617029,150890,883058,227,6163196,Kennedy Burke,CON,PG/SG,6100.0,False,True
43617030,150890,1165026,226,6163192,Ezi Magbegor,SEA,SF/PF,6000.0,False,True
43617031,150890,1165026,227,6163192,Ezi Magbegor,SEA,SF/PF,6000.0,False,True
43617032,150890,1178656,226,6163196,Diamond Miller,CON,SF/PF,5900.0,False,True
43617033,150890,1178656,227,6163196,Diamond Miller,CON,SF/PF,5900.0,False,True
43617034,150890,1383345,225,6163192,Jade Melbourne,SEA,PG/SG,5800.0,False,True
43617035,150890,1383345,227,6163192,Jade Melbourne,SEA,PG/SG,5800.0,False,True
43617036,150890,1238540,226,6163195,Cameron Brink,LAS,SF/PF,5700.0,False,True
43617037,150890,1238540,227,6163195,Cameron Brink,LAS,SF/PF,5700.0,False,True
43617038,150890,1577196,225,6163196,Monique Akoa Makani,PHX,PG/SG,5600.0,False,True
43617039,150890,1577196,227,6163196,Monique Akoa Makani,PHX,PG/SG,5600.0,False,True
43617040,150890,883559,225,6163192,Sophie Cunningham,IND,PG/SG,5500.0,False,True
43617041,150890,883559,227,6163192,Sophie Cunningham,IND,PG/SG,5500.0,False,True
43617042,150890,1410251,226,6163193,Madina Okot,ATL,SF/PF,5400.0,False,True
43617043,150890,1410251,227,6163193,Madina Okot,ATL,SF/PF,5400.0,False,True
43617044,150890,1338493,225,6163196,Saniya Rivers,CON,PG/SG,5300.0,False,True
43617045,150890,1338493,227,6163196,Saniya Rivers,CON,PG/SG,5300.0,False,True
43617046,150890,1140882,225,6163196,Lexi Held,PHX,PG/SG,5200.0,False,True
43617047,150890,1140882,227,6163196,Lexi Held,PHX,PG/SG,5200.0,False,True
43617048,150890,619768,226,6163193,Temi Fagbenle,TOR,SF/PF,5100.0,False,True
43617049,150890,619768,227,6163193,Temi Fagbenle,TOR,SF/PF,5100.0,False,True
43617050,150890,619511,226,6163195,Elizabeth Williams,CHI,SF/PF,5000.0,False,True
43617051,150890,619511,227,6163195,Elizabeth Williams,CHI,SF/PF,5000.0,False,True
43617052,150890,946830,225,6163192,Tyasha Harris,IND,PG/SG,4900.0,False,True
43617053,150890,946830,227,6163192,Tyasha Harris,IND,PG/SG,4900.0,False,True
43617054,150890,1410346,225,6163195,Gabriela Jaquez,CHI,PG/SG,4800.0,False,True
43617055,150890,1410346,227,6163195,Gabriela Jaquez,CHI,PG/SG,4800.0,False,True
43617056,150890,945691,225,6163195,DiJonai Carrington,CHI,PG/SG,4700.0,False,True
43617057,150890,945691,227,6163195,DiJonai Carrington,CHI,PG/SG,4700.0,False,True
43617058,150890,1132742,225,6163192,Lexie Hull,IND,PG/SG,4600.0,False,True
43617059,150890,1132742,227,6163192,Lexie Hull,IND,PG/SG,4600.0,False,True
43617060,150890,1646978,226,6163196,Noemie Brochant,PHX,SF/PF,4500.0,False,True
43617061,150890,1646978,227,6163196,Noemie Brochant,PHX,SF/PF,4500.0,False,True
43617062,150890,520308,226,6163193,Kayla Alexander,TOR,SF/PF,4400.0,False,True
43617063,150890,520308,227,6163193,Kayla Alexander,TOR,SF/PF,4400.0,False,True
43617064,150890,1178919,225,6163195,Jacy Sheldon,CHI,PG/SG,4300.0,False,True
43617065,150890,1178919,227,6163195,Jacy Sheldon,CHI,PG/SG,4300.0,False,True
43617066,150890,1343042,226,6163192,Makayla Timpson,IND,SF/PF,4200.0,False,True
43617067,150890,1343042,227,6163192,Makayla Timpson,IND,SF/PF,4200.0,False,True
43617068,150890,880872,226,6163192,Katie Lou Samuelson,SEA,SF/PF,4100.0,False,True
43617069,150890,880872,227,6163192,Katie Lou Samuelson,SEA,SF/PF,4100.0,False,True
43617070,150890,1338492,225,6163192,Raven Johnson,IND,PG/SG,4000.0,False,True
43617071,150890,1338492,227,6163192,Raven Johnson,IND,PG/SG,4000.0,False,True
43617072,150890,1179124,226,6163192,Jordan Horston,SEA,SF/PF,4000.0,False,True
43617073,150890,1179124,227,6163192,Jordan Horston,SEA,SF/PF,4000.0,False,True
43617074,150890,1508691,225,6163193,Isobel Borlase,ATL,PG/SG,3900.0,False,True
43617075,150890,1508691,227,6163193,Isobel Borlase,ATL,PG/SG,3900.0,False,True
43617076,150890,839858,225,6163193,Kia Nurse,TOR,PG/SG,3900.0,False,True
43617077,150890,839858,227,6163193,Kia Nurse,TOR,PG/SG,3900.0,False,True
43617078,150890,1646986,226,6163196,Nell Angloma,CON,SF/PF,3800.0,False,True
43617079,150890,1646986,227,6163196,Nell Angloma,CON,SF/PF,3800.0,False,True
43617080,150890,853608,226,6163192,Myisha Hines-Allen,IND,SF/PF,3800.0,False,True
43617081,150890,853608,227,6163192,Myisha Hines-Allen,IND,SF/PF,3800.0,False,True
43617082,150890,1192640,225,6163192,Zia Cooke,SEA,PG/SG,3700.0,False,True
43617083,150890,1192640,227,6163192,Zia Cooke,SEA,PG/SG,3700.0,False,True
43617084,150890,1651910,225,6163193,Tima Pouye,TOR,PG/SG,3700.0,False,True
43617085,150890,1651910,227,6163193,Tima Pouye,TOR,PG/SG,3700.0,False,True
43617086,150890,343891,225,6163196,Sami Whitcomb,PHX,PG/SG,3600.0,False,True
43617087,150890,343891,227,6163196,Sami Whitcomb,PHX,PG/SG,3600.0,False,True
43617088,150890,1080001,225,6163195,Kiana Williams,LAS,PG/SG,3600.0,False,True
43617089,150890,1080001,227,6163195,Kiana Williams,LAS,PG/SG,3600.0,False,True
43617090,150890,573848,226,6163192,Stefanie Dolson,SEA,SF/PF,3500.0,False,True
43617091,150890,573848,227,6163192,Stefanie Dolson,SEA,SF/PF,3500.0,False,True
43617092,150890,620680,225,6163195,Rachel Banham,CHI,PG/SG,3500.0,False,True
43617093,150890,620680,227,6163195,Rachel Banham,CHI,PG/SG,3500.0,False,True
43617094,150890,1079911,226,6163195,Chloe Bibby,CHI,SF/PF,3400.0,False,True
43617095,150890,1079911,227,6163195,Chloe Bibby,CHI,SF/PF,3400.0,False,True
43617096,150890,1383344,226,6163193,Sika Kone,ATL,SF/PF,3400.0,False,True
43617097,150890,1383344,227,6163193,Sika Kone,ATL,SF/PF,3400.0,False,True
43617098,150890,1409850,226,6163196,Raegan Beers,CON,SF/PF,3300.0,False,True
43617099,150890,1409850,227,6163196,Raegan Beers,CON,SF/PF,3300.0,False,True
43617100,150890,1239240,226,6163196,Marta Suarez,PHX,SF/PF,3300.0,False,True
43617101,150890,1239240,227,6163196,Marta Suarez,PHX,SF/PF,3300.0,False,True
43617102,150890,1237366,225,6163195,Aicha Coulibaly,CHI,PG/SG,3300.0,False,True
43617103,150890,1237366,227,6163195,Aicha Coulibaly,CHI,PG/SG,3300.0,False,True
43617104,150890,1239671,226,6163195,Maddy Westbeld,CHI,SF/PF,3200.0,False,True
43617105,150890,1239671,227,6163195,Maddy Westbeld,CHI,SF/PF,3200.0,False,True
43617106,150890,411640,226,6163195,Emma Cannon,LAS,SF/PF,3200.0,False,True
43617107,150890,411640,227,6163195,Emma Cannon,LAS,SF/PF,3200.0,False,True
43617108,150890,1293081,226,6163195,Jihyun Park,LAS,SF/PF,3200.0,False,True
43617109,150890,1293081,227,6163195,Jihyun Park,LAS,SF/PF,3200.0,False,True
43617110,150890,1237434,225,6163196,Hailey Van Lith,CON,PG/SG,3100.0,False,True
43617111,150890,1237434,227,6163196,Hailey Van Lith,CON,PG/SG,3100.0,False,True
43617112,150890,1329604,226,6163193,Teonni Key,TOR,SF/PF,3100.0,False,True
43617113,150890,1329604,227,6163193,Teonni Key,TOR,SF/PF,3100.0,False,True
43617114,150890,1240156,225,6163193,Te-Hina Paopao,ATL,PG/SG,3100.0,False,True
43617115,150890,1240156,227,6163193,Te-Hina Paopao,ATL,PG/SG,3100.0,False,True
43617116,150890,1330156,225,6163196,Gianna Kneepkens,CON,PG/SG,3100.0,False,True
43617117,150890,1330156,227,6163196,Gianna Kneepkens,CON,PG/SG,3100.0,False,True
43617118,150890,1313712,226,6163196,Kyara Linskens,PHX,SF/PF,3000.0,False,True
43617119,150890,1313712,227,6163196,Kyara Linskens,PHX,SF/PF,3000.0,False,True
43617120,150890,1178630,226,6163192,Mackenzie Holmes,SEA,SF/PF,3000.0,False,True
43617121,150890,1178630,227,6163192,Mackenzie Holmes,SEA,SF/PF,3000.0,False,True
43617122,150890,1409718,225,6163195,Chance Gray,LAS,PG/SG,3000.0,False,True
43617123,150890,1409718,227,6163195,Chance Gray,LAS,PG/SG,3000.0,False,True
43617124,150890,654576,226,6163192,Damiris Dantas,IND,SF/PF,3000.0,False,True
43617125,150890,654576,227,6163192,Damiris Dantas,IND,SF/PF,3000.0,False,True
43617126,150890,1409724,226,6163192,Grace VanSlooten,IND,SF/PF,3000.0,False,True
43617127,150890,1409724,227,6163192,Grace VanSlooten,IND,SF/PF,3000.0,False,True
43617128,150890,1179099,226,6163195,Rickea Jackson,CHI,SF/PF,3000.0,False,True
43617129,150890,1179099,227,6163195,Rickea Jackson,CHI,SF/PF,3000.0,False,True
43617130,150890,1178972,226,6163195,Alissa Pili,LAS,SF/PF,3000.0,False,True
43617131,150890,1178972,227,6163195,Alissa Pili,LAS,SF/PF,3000.0,False,True
43617132,150890,1329658,226,6163192,Taylor Thierry,SEA,SF/PF,3000.0,False,True
43617133,150890,1329658,227,6163192,Taylor Thierry,SEA,SF/PF,3000.0,False,True
43617134,150890,1655742,226,6163193,Ornella Bankole,TOR,SF/PF,3000.0,False,True
43617135,150890,1655742,227,6163193,Ornella Bankole,TOR,SF/PF,3000.0,False,True
43617136,150890,1409993,225,6163193,Indya Nivar,ATL,PG/SG,3000.0,False,True
43617137,150890,1409993,227,6163193,Indya Nivar,ATL,PG/SG,3000.0,False,True
43617138,150890,1178888,225,6163193,Jaylyn Sherrod,ATL,PG/SG,3000.0,False,True
43617139,150890,1178888,227,6163193,Jaylyn Sherrod,ATL,PG/SG,3000.0,False,True
43617140,150890,745113,225,6163193,Shatori Walker-Kimbrough,ATL,PG/SG,3000.0,False,True
43617141,150890,745113,227,6163193,Shatori Walker-Kimbrough,ATL,PG/SG,3000.0,False,True
43617142,150890,1238253,225,6163193,Aaliyah Nye,ATL,PG/SG,3000.0,False,True
43617143,150890,1238253,227,6163193,Aaliyah Nye,ATL,PG/SG,3000.0,False,True
43617144,150890,1338491,225,6163192,Bree Hall,IND,PG/SG,3000.0,False,True
43617145,150890,1338491,227,6163192,Bree Hall,IND,PG/SG,3000.0,False,True
43617146,150890,1409879,225,6163196,Shay Ciezki,PHX,PG/SG,3000.0,False,True
43617147,150890,1409879,227,6163196,Shay Ciezki,PHX,PG/SG,3000.0,False,True
43617148,150890,1646981,225,6163196,Quionche Carter,PHX,PG/SG,3000.0,False,True
43617149,150890,1646981,227,6163196,Quionche Carter,PHX,PG/SG,3000.0,False,True
43617150,150890,1127118,225,6163195,Kate Martin,LAS,PG/SG,3000.0,False,True
43617151,150890,1127118,227,6163195,Kate Martin,LAS,PG/SG,3000.0,False,True
43617152,150890,1408734,225,6163192,Taina Mair,SEA,PG/SG,3000.0,False,True
43617153,150890,1408734,227,6163192,Taina Mair,SEA,PG/SG,3000.0,False,True
43617154,150890,1408616,225,6163196,Ashlon Jackson,CON,PG/SG,3000.0,False,True
43617155,150890,1408616,227,6163196,Ashlon Jackson,CON,PG/SG,3000.0,False,True
43617156,150892,1238673,672,6163193,Angel Reese,ATL,SF/PF,,False,True
43617157,150892,477107,672,6163195,Nneka Ogwumike,LAS,SF/PF,,False,True
43617158,150892,1192647,672,6163192,Aliyah Boston,IND,SF/PF,,False,True
43617159,150892,572461,672,6163196,Alyssa Thomas,PHX,SF/PF,,False,True
43617160,150892,1238619,672,6163192,Caitlin Clark,IND,PG/SG,,False,True
43617161,150892,790367,672,6163195,Kelsey Plum,LAS,PG/SG,,False,True
43617162,150892,839540,672,6163192,Kelsey Mitchell,IND,PG/SG,,False,True
43617163,150892,881835,672,6163193,Marina Mabrey,TOR,PG/SG,,False,True
43617164,150892,521933,672,6163196,Brittney Griner,CON,SF/PF,,False,True
43617165,150892,1238798,672,6163195,Kamilla Cardoso,CHI,SF/PF,,False,True
43617166,150892,604730,672,6163195,Dearica Hamby,LAS,SF/PF,,False,True
43617167,150892,1511557,672,6163192,Dominique Malonga,SEA,SF/PF,,False,True
43617168,150892,1133019,672,6163193,Rhyne Howard,ATL,PG/SG,,False,True
43617169,150892,695695,672,6163193,Brittney Sykes,TOR,PG/SG,,False,True
43617170,150892,833156,672,6163195,Azura Stevens,CHI,SF/PF,,False,True
43617171,150892,1508686,672,6163196,Leila Lacan,CON,PG/SG,,False,True
43617172,150892,883614,672,6163192,Natisha Hiedeman,SEA,PG/SG,,False,True
43617173,150892,1409434,672,6163192,Flau'Jae Johnson,SEA,PG/SG,,False,True
43617174,150892,849339,672,6163193,Jordin Canada,ATL,PG/SG,,False,True
43617175,150892,1123909,672,6163196,Olivia Nelson-Ododa,CON,SF/PF,,False,True
43617176,150892,620494,672,6163193,Isabelle Harrison,TOR,SF/PF,,False,True
43617177,150892,747487,672,6163193,Allisha Gray,ATL,PG/SG,,False,True
43617178,150892,520283,672,6163195,Skylar Diggins,CHI,PG/SG,,False,True
43617179,150892,713447,672,6163196,Kahleah Copper,PHX,PG/SG,,False,True
43617180,150892,1514656,672,6163192,Awa Fam,SEA,SF/PF,,False,True
43617181,150892,572456,672,6163195,Natasha Cloud,CHI,PG/SG,,False,True
43617182,150892,1217310,672,6163193,Julie Allemand,TOR,PG/SG,,False,True
43617183,150892,881754,672,6163193,Maria Conde,TOR,SF/PF,,False,True
43617184,150892,1132717,672,6163193,Nyara Sabally,TOR,SF/PF,,False,True
43617185,150892,1138640,672,6163195,Rae Burrell,LAS,PG/SG,,False,True
43617186,150892,948349,672,6163196,Natasha Mack,PHX,SF/PF,,False,True
43617187,150892,304189,672,6163196,DeWanna Bonner,PHX,PG/SG,,False,True
43617188,150892,1410325,672,6163193,Kiki Rice,TOR,PG/SG,,False,True
43617189,150892,1646835,672,6163193,Laura Juskaite,TOR,SF/PF,,False,True
43617190,150892,1239750,672,6163196,Charlisse Leger-Walker,CON,PG/SG,,False,True
43617191,150892,1182914,672,6163195,Sydney Taylor,CHI,PG/SG,,False,True
43617192,150892,834728,672,6163195,Ariel Atkins,LAS,PG/SG,,False,True
43617193,150892,520294,672,6163195,Erica Wheeler,LAS,PG/SG,,False,True
43617194,150892,745114,672,6163193,Brionna Jones,ATL,SF/PF,,False,True
43617195,150892,1127125,672,6163193,Naz Hillmon,ATL,SF/PF,,False,True
43617196,150892,881350,672,6163196,Valeriane Ayayi,PHX,PG/SG,,False,True
43617197,150892,411926,672,6163195,Courtney Vandersloot,CHI,PG/SG,,False,True
43617198,150892,1237071,672,6163196,Aaliyah Edwards,CON,SF/PF,,False,True
43617199,150892,849343,672,6163192,Monique Billings,IND,SF/PF,,False,True
43617200,150892,1348207,672,6163196,Aneesah Morrow,CON,SF/PF,,False,True
43617201,150892,883058,672,6163196,Kennedy Burke,CON,PG/SG,,False,True
43617202,150892,1165026,672,6163192,Ezi Magbegor,SEA,SF/PF,,False,True
43617203,150892,1178656,672,6163196,Diamond Miller,CON,SF/PF,,False,True
43617204,150892,1383345,672,6163192,Jade Melbourne,SEA,PG/SG,,False,True
43617205,150892,1238540,672,6163195,Cameron Brink,LAS,SF/PF,,False,True
43617206,150892,1577196,672,6163196,Monique Akoa Makani,PHX,PG/SG,,False,True
43617207,150892,883559,672,6163192,Sophie Cunningham,IND,PG/SG,,False,True
43617208,150892,1410251,672,6163193,Madina Okot,ATL,SF/PF,,False,True
43617209,150892,1338493,672,6163196,Saniya Rivers,CON,PG/SG,,False,True
43617210,150892,1140882,672,6163196,Lexi Held,PHX,PG/SG,,False,True
43617211,150892,619768,672,6163193,Temi Fagbenle,TOR,SF/PF,,False,True
43617212,150892,619511,672,6163195,Elizabeth Williams,CHI,SF/PF,,False,True
43617213,150892,946830,672,6163192,Tyasha Harris,IND,PG/SG,,False,True
43617214,150892,1410346,672,6163195,Gabriela Jaquez,CHI,PG/SG,,False,True
43617215,150892,945691,672,6163195,DiJonai Carrington,CHI,PG/SG,,False,True
43617216,150892,1132742,672,6163192,Lexie Hull,IND,PG/SG,,False,True
43617217,150892,1646978,672,6163196,Noemie Brochant,PHX,SF/PF,,False,True
43617218,150892,520308,672,6163193,Kayla Alexander,TOR,SF/PF,,False,True
43617219,150892,1178919,672,6163195,Jacy Sheldon,CHI,PG/SG,,False,True
43617220,150892,1343042,672,6163192,Makayla Timpson,IND,SF/PF,,False,True
43617221,150892,880872,672,6163192,Katie Lou Samuelson,SEA,SF/PF,,False,True
43617222,150892,1338492,672,6163192,Raven Johnson,IND,PG/SG,,False,True
43617223,150892,1179124,672,6163192,Jordan Horston,SEA,SF/PF,,False,True
43617224,150892,1508691,672,6163193,Isobel Borlase,ATL,PG/SG,,False,True
43617225,150892,839858,672,6163193,Kia Nurse,TOR,PG/SG,,False,True
43617226,150892,1646986,672,6163196,Nell Angloma,CON,SF/PF,,False,True
43617227,150892,853608,672,6163192,Myisha Hines-Allen,IND,SF/PF,,False,True
43617228,150892,1192640,672,6163192,Zia Cooke,SEA,PG/SG,,False,True
43617229,150892,1651910,672,6163193,Tima Pouye,TOR,PG/SG,,False,True
43617230,150892,343891,672,6163196,Sami Whitcomb,PHX,PG/SG,,False,True
43617231,150892,1080001,672,6163195,Kiana Williams,LAS,PG/SG,,False,True
43617232,150892,573848,672,6163192,Stefanie Dolson,SEA,SF/PF,,False,True
43617233,150892,620680,672,6163195,Rachel Banham,CHI,PG/SG,,False,True
43617234,150892,1079911,672,6163195,Chloe Bibby,CHI,SF/PF,,False,True
43617235,150892,1383344,672,6163193,Sika Kone,ATL,SF/PF,,False,True
43617236,150892,1409850,672,6163196,Raegan Beers,CON,SF/PF,,False,True
43617237,150892,1239240,672,6163196,Marta Suarez,PHX,SF/PF,,False,True
43617238,150892,1237366,672,6163195,Aicha Coulibaly,CHI,PG/SG,,False,True
43617239,150892,1239671,672,6163195,Maddy Westbeld,CHI,SF/PF,,False,True
43617240,150892,411640,672,6163195,Emma Cannon,LAS,SF/PF,,False,True
43617241,150892,1293081,672,6163195,Jihyun Park,LAS,SF/PF,,False,True
43617242,150892,1237434,672,6163196,Hailey Van Lith,CON,PG/SG,,False,True
43617243,150892,1329604,672,6163193,Teonni Key,TOR,SF/PF,,False,True
43617244,150892,1240156,672,6163193,Te-Hina Paopao,ATL,PG/SG,,False,True
43617245,150892,1330156,672,6163196,Gianna Kneepkens,CON,PG/SG,,False,True
43617246,150892,1313712,672,6163196,Kyara Linskens,PHX,SF/PF,,False,True
43617247,150892,1178630,672,6163192,Mackenzie Holmes,SEA,SF/PF,,False,True
43617248,150892,1409718,672,6163195,Chance Gray,LAS,PG/SG,,False,True
43617249,150892,654576,672,6163192,Damiris Dantas,IND,SF/PF,,False,True
43617250,150892,1409724,672,6163192,Grace VanSlooten,IND,SF/PF,,False,True
43617251,150892,1179099,672,6163195,Rickea Jackson,CHI,SF/PF,,False,True
43617252,150892,1178972,672,6163195,Alissa Pili,LAS,SF/PF,,False,True
43617253,150892,1329658,672,6163192,Taylor Thierry,SEA,SF/PF,,False,True
43617254,150892,1655742,672,6163193,Ornella Bankole,TOR,SF/PF,,False,True
43617255,150892,1409993,672,6163193,Indya Nivar,ATL,PG/SG,,False,True
43617256,150892,1178888,672,6163193,Jaylyn Sherrod,ATL,PG/SG,,False,True
43617257,150892,745113,672,6163193,Shatori Walker-Kimbrough,ATL,PG/SG,,False,True
43617258,150892,1238253,672,6163193,Aaliyah Nye,ATL,PG/SG,,False,True
43617259,150892,1338491,672,6163192,Bree Hall,IND,PG/SG,,False,True
43617260,150892,1409879,672,6163196,Shay Ciezki,PHX,PG/SG,,False,True
43617261,150892,1646981,672,6163196,Quionche Carter,PHX,PG/SG,,False,True
43617262,150892,1127118,672,6163195,Kate Martin,LAS,PG/SG,,False,True
43617263,150892,1408734,672,6163192,Taina Mair,SEA,PG/SG,,False,True
43617264,150892,1408616,672,6163196,Ashlon Jackson,CON,PG/SG,,False,True
43617265,150891,1238673,633,6163193,Angel Reese,ATL,SF,,False,False
43617266,150891,1238673,465,6163193,Angel Reese,ATL,SF,,False,False
43617267,150891,1238673,636,6163193,Angel Reese,ATL,SF,,False,False
43617268,150891,477107,633,6163195,Nneka Ogwumike,LAS,SF,,False,False
43617269,150891,477107,465,6163195,Nneka Ogwumike,LAS,SF,,False,False
43617270,150891,477107,636,6163195,Nneka Ogwumike,LAS,SF,,False,False
43617271,150891,1192647,633,6163192,Aliyah Boston,IND,SF,,False,False
43617272,150891,1192647,465,6163192,Aliyah Boston,IND,SF,,False,False
43617273,150891,1192647,636,6163192,Aliyah Boston,IND,SF,,False,False
43617274,150891,572461,633,6163196,Alyssa Thomas,PHX,SF,,False,False
43617275,150891,572461,465,6163196,Alyssa Thomas,PHX,SF,,False,False
43617276,150891,572461,636,6163196,Alyssa Thomas,PHX,SF,,False,False
43617277,150891,1238619,464,6163192,Caitlin Clark,IND,PG,,False,False
43617278,150891,1238619,465,6163192,Caitlin Clark,IND,PG,,False,False
43617279,150891,1238619,636,6163192,Caitlin Clark,IND,PG,,False,False
43617280,150891,790367,464,6163195,Kelsey Plum,LAS,PG,,False,False
43617281,150891,790367,465,6163195,Kelsey Plum,LAS,PG,,False,False
43617282,150891,790367,636,6163195,Kelsey Plum,LAS,PG,,False,False
43617283,150891,839540,464,6163192,Kelsey Mitchell,IND,PG,,False,False
43617284,150891,839540,465,6163192,Kelsey Mitchell,IND,PG,,False,False
43617285,150891,839540,636,6163192,Kelsey Mitchell,IND,PG,,False,False
43617286,150891,881835,464,6163193,Marina Mabrey,TOR,PG,,False,False
43617287,150891,881835,465,6163193,Marina Mabrey,TOR,PG,,False,False
43617288,150891,881835,636,6163193,Marina Mabrey,TOR,PG,,False,False
43617289,150891,521933,633,6163196,Brittney Griner,CON,SF,,False,False
43617290,150891,521933,465,6163196,Brittney Griner,CON,SF,,False,False
43617291,150891,521933,636,6163196,Brittney Griner,CON,SF,,False,False
43617292,150891,1238798,633,6163195,Kamilla Cardoso,CHI,SF,,False,False
43617293,150891,1238798,465,6163195,Kamilla Cardoso,CHI,SF,,False,False
43617294,150891,1238798,636,6163195,Kamilla Cardoso,CHI,SF,,False,False
43617295,150891,604730,633,6163195,Dearica Hamby,LAS,SF,,False,False
43617296,150891,604730,465,6163195,Dearica Hamby,LAS,SF,,False,False
43617297,150891,604730,636,6163195,Dearica Hamby,LAS,SF,,False,False
43617298,150891,1511557,633,6163192,Dominique Malonga,SEA,SF,,False,False
43617299,150891,1511557,465,6163192,Dominique Malonga,SEA,SF,,False,False
43617300,150891,1511557,636,6163192,Dominique Malonga,SEA,SF,,False,False
43617301,150891,1133019,464,6163193,Rhyne Howard,ATL,PG,,False,False
43617302,150891,1133019,465,6163193,Rhyne Howard,ATL,PG,,False,False
43617303,150891,1133019,636,6163193,Rhyne Howard,ATL,PG,,False,False
43617304,150891,695695,464,6163193,Brittney Sykes,TOR,PG,,False,False
43617305,150891,695695,465,6163193,Brittney Sykes,TOR,PG,,False,False
43617306,150891,695695,636,6163193,Brittney Sykes,TOR,PG,,False,False
43617307,150891,833156,633,6163195,Azura Stevens,CHI,SF,,False,False
43617308,150891,833156,465,6163195,Azura Stevens,CHI,SF,,False,False
43617309,150891,833156,636,6163195,Azura Stevens,CHI,SF,,False,False
43617310,150891,1508686,464,6163196,Leila Lacan,CON,PG,,False,False
43617311,150891,1508686,465,6163196,Leila Lacan,CON,PG,,False,False
43617312,150891,1508686,636,6163196,Leila Lacan,CON,PG,,False,False
43617313,150891,883614,464,6163192,Natisha Hiedeman,SEA,PG,,False,False
43617314,150891,883614,465,6163192,Natisha Hiedeman,SEA,PG,,False,False
43617315,150891,883614,636,6163192,Natisha Hiedeman,SEA,PG,,False,False
43617316,150891,1409434,464,6163192,Flau'Jae Johnson,SEA,PG,,False,False
43617317,150891,1409434,465,6163192,Flau'Jae Johnson,SEA,PG,,False,False
43617318,150891,1409434,636,6163192,Flau'Jae Johnson,SEA,PG,,False,False
43617319,150891,849339,464,6163193,Jordin Canada,ATL,PG,,False,False
43617320,150891,849339,465,6163193,Jordin Canada,ATL,PG,,False,False
43617321,150891,849339,636,6163193,Jordin Canada,ATL,PG,,False,False
43617322,150891,1123909,633,6163196,Olivia Nelson-Ododa,CON,SF,,False,False
43617323,150891,1123909,465,6163196,Olivia Nelson-Ododa,CON,SF,,False,False
43617324,150891,1123909,636,6163196,Olivia Nelson-Ododa,CON,SF,,False,False
43617325,150891,620494,633,6163193,Isabelle Harrison,TOR,SF,,False,False
43617326,150891,620494,465,6163193,Isabelle Harrison,TOR,SF,,False,False
43617327,150891,620494,636,6163193,Isabelle Harrison,TOR,SF,,False,False
43617328,150891,747487,464,6163193,Allisha Gray,ATL,PG,,False,False
43617329,150891,747487,465,6163193,Allisha Gray,ATL,PG,,False,False
43617330,150891,747487,636,6163193,Allisha Gray,ATL,PG,,False,False
43617331,150891,520283,464,6163195,Skylar Diggins,CHI,PG,,False,False
43617332,150891,520283,465,6163195,Skylar Diggins,CHI,PG,,False,False
43617333,150891,520283,636,6163195,Skylar Diggins,CHI,PG,,False,False
43617334,150891,713447,464,6163196,Kahleah Copper,PHX,PG,,False,False
43617335,150891,713447,465,6163196,Kahleah Copper,PHX,PG,,False,False
43617336,150891,713447,636,6163196,Kahleah Copper,PHX,PG,,False,False
43617337,150891,1514656,633,6163192,Awa Fam,SEA,SF,,False,False
43617338,150891,1514656,465,6163192,Awa Fam,SEA,SF,,False,False
43617339,150891,1514656,636,6163192,Awa Fam,SEA,SF,,False,False
43617340,150891,572456,464,6163195,Natasha Cloud,CHI,PG,,False,False
43617341,150891,572456,465,6163195,Natasha Cloud,CHI,PG,,False,False
43617342,150891,572456,636,6163195,Natasha Cloud,CHI,PG,,False,False
43617343,150891,1217310,464,6163193,Julie Allemand,TOR,PG,,False,False
43617344,150891,1217310,465,6163193,Julie Allemand,TOR,PG,,False,False
43617345,150891,1217310,636,6163193,Julie Allemand,TOR,PG,,False,False
43617346,150891,881754,633,6163193,Maria Conde,TOR,SF,,False,False
43617347,150891,881754,465,6163193,Maria Conde,TOR,SF,,False,False
43617348,150891,881754,636,6163193,Maria Conde,TOR,SF,,False,False
43617349,150891,1132717,633,6163193,Nyara Sabally,TOR,SF,,False,False
43617350,150891,1132717,465,6163193,Nyara Sabally,TOR,SF,,False,False
43617351,150891,1132717,636,6163193,Nyara Sabally,TOR,SF,,False,False
43617352,150891,1138640,464,6163195,Rae Burrell,LAS,PG,,False,False
43617353,150891,1138640,465,6163195,Rae Burrell,LAS,PG,,False,False
43617354,150891,1138640,636,6163195,Rae Burrell,LAS,PG,,False,False
43617355,150891,948349,633,6163196,Natasha Mack,PHX,SF,,False,False
43617356,150891,948349,465,6163196,Natasha Mack,PHX,SF,,False,False
43617357,150891,948349,636,6163196,Natasha Mack,PHX,SF,,False,False
43617358,150891,304189,464,6163196,DeWanna Bonner,PHX,PG,,False,False
43617359,150891,304189,465,6163196,DeWanna Bonner,PHX,PG,,False,False
43617360,150891,304189,636,6163196,DeWanna Bonner,PHX,PG,,False,False
43617361,150891,1410325,464,6163193,Kiki Rice,TOR,PG,,False,False
43617362,150891,1410325,465,6163193,Kiki Rice,TOR,PG,,False,False
43617363,150891,1410325,636,6163193,Kiki Rice,TOR,PG,,False,False
43617364,150891,1646835,633,6163193,Laura Juskaite,TOR,SF,,False,False
43617365,150891,1646835,465,6163193,Laura Juskaite,TOR,SF,,False,False
43617366,150891,1646835,636,6163193,Laura Juskaite,TOR,SF,,False,False
43617367,150891,1239750,464,6163196,Charlisse Leger-Walker,CON,PG,,False,False
43617368,150891,1239750,465,6163196,Charlisse Leger-Walker,CON,PG,,False,False
43617369,150891,1239750,636,6163196,Charlisse Leger-Walker,CON,PG,,False,False
43617370,150891,1182914,464,6163195,Sydney Taylor,CHI,PG,,False,False
43617371,150891,1182914,465,6163195,Sydney Taylor,CHI,PG,,False,False
43617372,150891,1182914,636,6163195,Sydney Taylor,CHI,PG,,False,False
43617373,150891,834728,464,6163195,Ariel Atkins,LAS,PG,,False,False
43617374,150891,834728,465,6163195,Ariel Atkins,LAS,PG,,False,False
43617375,150891,834728,636,6163195,Ariel Atkins,LAS,PG,,False,False
43617376,150891,520294,464,6163195,Erica Wheeler,LAS,PG,,False,False
43617377,150891,520294,465,6163195,Erica Wheeler,LAS,PG,,False,False
43617378,150891,520294,636,6163195,Erica Wheeler,LAS,PG,,False,False
43617379,150891,745114,633,6163193,Brionna Jones,ATL,SF,,False,False
43617380,150891,745114,465,6163193,Brionna Jones,ATL,SF,,False,False
43617381,150891,745114,636,6163193,Brionna Jones,ATL,SF,,False,False
43617382,150891,1127125,633,6163193,Naz Hillmon,ATL,SF,,False,False
43617383,150891,1127125,465,6163193,Naz Hillmon,ATL,SF,,False,False
43617384,150891,1127125,636,6163193,Naz Hillmon,ATL,SF,,False,False
43617385,150891,881350,464,6163196,Valeriane Ayayi,PHX,PG,,False,False
43617386,150891,881350,465,6163196,Valeriane Ayayi,PHX,PG,,False,False
43617387,150891,881350,636,6163196,Valeriane Ayayi,PHX,PG,,False,False
43617388,150891,411926,464,6163195,Courtney Vandersloot,CHI,PG,,False,False
43617389,150891,411926,465,6163195,Courtney Vandersloot,CHI,PG,,False,False
43617390,150891,411926,636,6163195,Courtney Vandersloot,CHI,PG,,False,False
43617391,150891,1237071,633,6163196,Aaliyah Edwards,CON,SF,,False,False
43617392,150891,1237071,465,6163196,Aaliyah Edwards,CON,SF,,False,False
43617393,150891,1237071,636,6163196,Aaliyah Edwards,CON,SF,,False,False
43617394,150891,849343,633,6163192,Monique Billings,IND,SF,,False,False
43617395,150891,849343,465,6163192,Monique Billings,IND,SF,,False,False
43617396,150891,849343,636,6163192,Monique Billings,IND,SF,,False,False
43617397,150891,1348207,633,6163196,Aneesah Morrow,CON,SF,,False,False
43617398,150891,1348207,465,6163196,Aneesah Morrow,CON,SF,,False,False
43617399,150891,1348207,636,6163196,Aneesah Morrow,CON,SF,,False,False
43617400,150891,883058,464,6163196,Kennedy Burke,CON,PG,,False,False
43617401,150891,883058,465,6163196,Kennedy Burke,CON,PG,,False,False
43617402,150891,883058,636,6163196,Kennedy Burke,CON,PG,,False,False
43617403,150891,1165026,633,6163192,Ezi Magbegor,SEA,SF,,False,False
43617404,150891,1165026,465,6163192,Ezi Magbegor,SEA,SF,,False,False
43617405,150891,1165026,636,6163192,Ezi Magbegor,SEA,SF,,False,False
43617406,150891,1178656,633,6163196,Diamond Miller,CON,SF,,False,False
43617407,150891,1178656,465,6163196,Diamond Miller,CON,SF,,False,False
43617408,150891,1178656,636,6163196,Diamond Miller,CON,SF,,False,False
43617409,150891,1383345,464,6163192,Jade Melbourne,SEA,PG,,False,False
43617410,150891,1383345,465,6163192,Jade Melbourne,SEA,PG,,False,False
43617411,150891,1383345,636,6163192,Jade Melbourne,SEA,PG,,False,False
43617412,150891,1238540,633,6163195,Cameron Brink,LAS,SF,,False,False
43617413,150891,1238540,465,6163195,Cameron Brink,LAS,SF,,False,False
43617414,150891,1238540,636,6163195,Cameron Brink,LAS,SF,,False,False
43617415,150891,1577196,464,6163196,Monique Akoa Makani,PHX,PG,,False,False
43617416,150891,1577196,465,6163196,Monique Akoa Makani,PHX,PG,,False,False
43617417,150891,1577196,636,6163196,Monique Akoa Makani,PHX,PG,,False,False
43617418,150891,883559,464,6163192,Sophie Cunningham,IND,PG,,False,False
43617419,150891,883559,465,6163192,Sophie Cunningham,IND,PG,,False,False
43617420,150891,883559,636,6163192,Sophie Cunningham,IND,PG,,False,False
43617421,150891,1410251,633,6163193,Madina Okot,ATL,SF,,False,False
43617422,150891,1410251,465,6163193,Madina Okot,ATL,SF,,False,False
43617423,150891,1410251,636,6163193,Madina Okot,ATL,SF,,False,False
43617424,150891,1338493,464,6163196,Saniya Rivers,CON,PG,,False,False
43617425,150891,1338493,465,6163196,Saniya Rivers,CON,PG,,False,False
43617426,150891,1338493,636,6163196,Saniya Rivers,CON,PG,,False,False
43617427,150891,1140882,464,6163196,Lexi Held,PHX,PG,,False,False
43617428,150891,1140882,465,6163196,Lexi Held,PHX,PG,,False,False
43617429,150891,1140882,636,6163196,Lexi Held,PHX,PG,,False,False
43617430,150891,619768,633,6163193,Temi Fagbenle,TOR,SF,,False,False
43617431,150891,619768,465,6163193,Temi Fagbenle,TOR,SF,,False,False
43617432,150891,619768,636,6163193,Temi Fagbenle,TOR,SF,,False,False
43617433,150891,619511,633,6163195,Elizabeth Williams,CHI,SF,,False,False
43617434,150891,619511,465,6163195,Elizabeth Williams,CHI,SF,,False,False
43617435,150891,619511,636,6163195,Elizabeth Williams,CHI,SF,,False,False
43617436,150891,946830,464,6163192,Tyasha Harris,IND,PG,,False,False
43617437,150891,946830,465,6163192,Tyasha Harris,IND,PG,,False,False
43617438,150891,946830,636,6163192,Tyasha Harris,IND,PG,,False,False
43617439,150891,1410346,464,6163195,Gabriela Jaquez,CHI,PG,,False,False
43617440,150891,1410346,465,6163195,Gabriela Jaquez,CHI,PG,,False,False
43617441,150891,1410346,636,6163195,Gabriela Jaquez,CHI,PG,,False,False
43617442,150891,945691,464,6163195,DiJonai Carrington,CHI,PG,,False,False
43617443,150891,945691,465,6163195,DiJonai Carrington,CHI,PG,,False,False
43617444,150891,945691,636,6163195,DiJonai Carrington,CHI,PG,,False,False
43617445,150891,1132742,464,6163192,Lexie Hull,IND,PG,,False,False
43617446,150891,1132742,465,6163192,Lexie Hull,IND,PG,,False,False
43617447,150891,1132742,636,6163192,Lexie Hull,IND,PG,,False,False
43617448,150891,1646978,633,6163196,Noemie Brochant,PHX,SF,,False,False
43617449,150891,1646978,465,6163196,Noemie Brochant,PHX,SF,,False,False
43617450,150891,1646978,636,6163196,Noemie Brochant,PHX,SF,,False,False
43617451,150891,520308,633,6163193,Kayla Alexander,TOR,SF,,False,False
43617452,150891,520308,465,6163193,Kayla Alexander,TOR,SF,,False,False
43617453,150891,520308,636,6163193,Kayla Alexander,TOR,SF,,False,False
43617454,150891,1178919,464,6163195,Jacy Sheldon,CHI,PG,,False,False
43617455,150891,1178919,465,6163195,Jacy Sheldon,CHI,PG,,False,False
43617456,150891,1178919,636,6163195,Jacy Sheldon,CHI,PG,,False,False
43617457,150891,1343042,633,6163192,Makayla Timpson,IND,SF,,False,False
43617458,150891,1343042,465,6163192,Makayla Timpson,IND,SF,,False,False
43617459,150891,1343042,636,6163192,Makayla Timpson,IND,SF,,False,False
43617460,150891,880872,633,6163192,Katie Lou Samuelson,SEA,SF,,False,False
43617461,150891,880872,465,6163192,Katie Lou Samuelson,SEA,SF,,False,False
43617462,150891,880872,636,6163192,Katie Lou Samuelson,SEA,SF,,False,False
43617463,150891,1338492,464,6163192,Raven Johnson,IND,PG,,False,False
43617464,150891,1338492,465,6163192,Raven Johnson,IND,PG,,False,False
43617465,150891,1338492,636,6163192,Raven Johnson,IND,PG,,False,False
43617466,150891,1179124,633,6163192,Jordan Horston,SEA,SF,,False,False
43617467,150891,1179124,465,6163192,Jordan Horston,SEA,SF,,False,False
43617468,150891,1179124,636,6163192,Jordan Horston,SEA,SF,,False,False
43617469,150891,1508691,464,6163193,Isobel Borlase,ATL,PG,,False,False
43617470,150891,1508691,465,6163193,Isobel Borlase,ATL,PG,,False,False
43617471,150891,1508691,636,6163193,Isobel Borlase,ATL,PG,,False,False
43617472,150891,839858,464,6163193,Kia Nurse,TOR,PG,,False,False
43617473,150891,839858,465,6163193,Kia Nurse,TOR,PG,,False,False
43617474,150891,839858,636,6163193,Kia Nurse,TOR,PG,,False,False
43617475,150891,1646986,633,6163196,Nell Angloma,CON,SF,,False,False
43617476,150891,1646986,465,6163196,Nell Angloma,CON,SF,,False,False
43617477,150891,1646986,636,6163196,Nell Angloma,CON,SF,,False,False
43617478,150891,853608,633,6163192,Myisha Hines-Allen,IND,SF,,False,False
43617479,150891,853608,465,6163192,Myisha Hines-Allen,IND,SF,,False,False
43617480,150891,853608,636,6163192,Myisha Hines-Allen,IND,SF,,False,False
43617481,150891,1192640,464,6163192,Zia Cooke,SEA,PG,,False,False
43617482,150891,1192640,465,6163192,Zia Cooke,SEA,PG,,False,False
43617483,150891,1192640,636,6163192,Zia Cooke,SEA,PG,,False,False
43617484,150891,1651910,464,6163193,Tima Pouye,TOR,PG,,False,False
43617485,150891,1651910,465,6163193,Tima Pouye,TOR,PG,,False,False
43617486,150891,1651910,636,6163193,Tima Pouye,TOR,PG,,False,False
43617487,150891,343891,464,6163196,Sami Whitcomb,PHX,PG,,False,False
43617488,150891,343891,465,6163196,Sami Whitcomb,PHX,PG,,False,False
43617489,150891,343891,636,6163196,Sami Whitcomb,PHX,PG,,False,False
43617490,150891,1080001,464,6163195,Kiana Williams,LAS,PG,,False,False
43617491,150891,1080001,465,6163195,Kiana Williams,LAS,PG,,False,False
43617492,150891,1080001,636,6163195,Kiana Williams,LAS,PG,,False,False
43617493,150891,573848,633,6163192,Stefanie Dolson,SEA,SF,,False,False
43617494,150891,573848,465,6163192,Stefanie Dolson,SEA,SF,,False,False
43617495,150891,573848,636,6163192,Stefanie Dolson,SEA,SF,,False,False
43617496,150891,620680,464,6163195,Rachel Banham,CHI,PG,,False,False
43617497,150891,620680,465,6163195,Rachel Banham,CHI,PG,,False,False
43617498,150891,620680,636,6163195,Rachel Banham,CHI,PG,,False,False
43617499,150891,1079911,633,6163195,Chloe Bibby,CHI,SF,,False,False
43617500,150891,1079911,465,6163195,Chloe Bibby,CHI,SF,,False,False
43617501,150891,1079911,636,6163195,Chloe Bibby,CHI,SF,,False,False
43617502,150891,1383344,633,6163193,Sika Kone,ATL,SF,,False,False
43617503,150891,1383344,465,6163193,Sika Kone,ATL,SF,,False,False
43617504,150891,1383344,636,6163193,Sika Kone,ATL,SF,,False,False
43617505,150891,1409850,633,6163196,Raegan Beers,CON,SF,,False,False
43617506,150891,1409850,465,6163196,Raegan Beers,CON,SF,,False,False
43617507,150891,1409850,636,6163196,Raegan Beers,CON,SF,,False,False
43617508,150891,1239240,633,6163196,Marta Suarez,PHX,SF,,False,False
43617509,150891,1239240,465,6163196,Marta Suarez,PHX,SF,,False,False
43617510,150891,1239240,636,6163196,Marta Suarez,PHX,SF,,False,False
43617511,150891,1237366,464,6163195,Aicha Coulibaly,CHI,PG,,False,False
43617512,150891,1237366,465,6163195,Aicha Coulibaly,CHI,PG,,False,False
43617513,150891,1237366,636,6163195,Aicha Coulibaly,CHI,PG,,False,False
43617514,150891,1239671,633,6163195,Maddy Westbeld,CHI,SF,,False,False
43617515,150891,1239671,465,6163195,Maddy Westbeld,CHI,SF,,False,False
43617516,150891,1239671,636,6163195,Maddy Westbeld,CHI,SF,,False,False
43617517,150891,411640,633,6163195,Emma Cannon,LAS,SF,,False,False
43617518,150891,411640,465,6163195,Emma Cannon,LAS,SF,,False,False
43617519,150891,411640,636,6163195,Emma Cannon,LAS,SF,,False,False
43617520,150891,1293081,633,6163195,Jihyun Park,LAS,SF,,False,False
43617521,150891,1293081,465,6163195,Jihyun Park,LAS,SF,,False,False
43617522,150891,1293081,636,6163195,Jihyun Park,LAS,SF,,False,False
43617523,150891,1237434,464,6163196,Hailey Van Lith,CON,PG,,False,False
43617524,150891,1237434,465,6163196,Hailey Van Lith,CON,PG,,False,False
43617525,150891,1237434,636,6163196,Hailey Van Lith,CON,PG,,False,False
43617526,150891,1329604,633,6163193,Teonni Key,TOR,SF,,False,False
43617527,150891,1329604,465,6163193,Teonni Key,TOR,SF,,False,False
43617528,150891,1329604,636,6163193,Teonni Key,TOR,SF,,False,False
43617529,150891,1240156,464,6163193,Te-Hina Paopao,ATL,PG,,False,False
43617530,150891,1240156,465,6163193,Te-Hina Paopao,ATL,PG,,False,False
43617531,150891,1240156,636,6163193,Te-Hina Paopao,ATL,PG,,False,False
43617532,150891,1330156,464,6163196,Gianna Kneepkens,CON,PG,,False,False
43617533,150891,1330156,465,6163196,Gianna Kneepkens,CON,PG,,False,False
43617534,150891,1330156,636,6163196,Gianna Kneepkens,CON,PG,,False,False
43617535,150891,1313712,633,6163196,Kyara Linskens,PHX,SF,,False,False
43617536,150891,1313712,465,6163196,Kyara Linskens,PHX,SF,,False,False
43617537,150891,1313712,636,6163196,Kyara Linskens,PHX,SF,,False,False
43617538,150891,1178630,633,6163192,Mackenzie Holmes,SEA,SF,,False,False
43617539,150891,1178630,465,6163192,Mackenzie Holmes,SEA,SF,,False,False
43617540,150891,1178630,636,6163192,Mackenzie Holmes,SEA,SF,,False,False
43617541,150891,1409718,464,6163195,Chance Gray,LAS,PG,,False,False
43617542,150891,1409718,465,6163195,Chance Gray,LAS,PG,,False,False
43617543,150891,1409718,636,6163195,Chance Gray,LAS,PG,,False,False
43617544,150891,654576,633,6163192,Damiris Dantas,IND,SF,,False,False
43617545,150891,654576,465,6163192,Damiris Dantas,IND,SF,,False,False
43617546,150891,654576,636,6163192,Damiris Dantas,IND,SF,,False,False
43617547,150891,1409724,633,6163192,Grace VanSlooten,IND,SF,,False,False
43617548,150891,1409724,465,6163192,Grace VanSlooten,IND,SF,,False,False
43617549,150891,1409724,636,6163192,Grace VanSlooten,IND,SF,,False,False
43617550,150891,1179099,633,6163195,Rickea Jackson,CHI,SF,,False,False
43617551,150891,1179099,465,6163195,Rickea Jackson,CHI,SF,,False,False
43617552,150891,1179099,636,6163195,Rickea Jackson,CHI,SF,,False,False
43617553,150891,1178972,633,6163195,Alissa Pili,LAS,SF,,False,False
43617554,150891,1178972,465,6163195,Alissa Pili,LAS,SF,,False,False
43617555,150891,1178972,636,6163195,Alissa Pili,LAS,SF,,False,False
43617556,150891,1329658,633,6163192,Taylor Thierry,SEA,SF,,False,False
43617557,150891,1329658,465,6163192,Taylor Thierry,SEA,SF,,False,False
43617558,150891,1329658,636,6163192,Taylor Thierry,SEA,SF,,False,False
43617559,150891,1655742,633,6163193,Ornella Bankole,TOR,SF,,False,False
43617560,150891,1655742,465,6163193,Ornella Bankole,TOR,SF,,False,False
43617561,150891,1655742,636,6163193,Ornella Bankole,TOR,SF,,False,False
43617562,150891,1409993,464,6163193,Indya Nivar,ATL,PG,,False,False
43617563,150891,1409993,465,6163193,Indya Nivar,ATL,PG,,False,False
43617564,150891,1409993,636,6163193,Indya Nivar,ATL,PG,,False,False
43617565,150891,1178888,464,6163193,Jaylyn Sherrod,ATL,PG,,False,False
43617566,150891,1178888,465,6163193,Jaylyn Sherrod,ATL,PG,,False,False
43617567,150891,1178888,636,6163193,Jaylyn Sherrod,ATL,PG,,False,False
43617568,150891,745113,464,6163193,Shatori Walker-Kimbrough,ATL,PG,,False,False
43617569,150891,745113,465,6163193,Shatori Walker-Kimbrough,ATL,PG,,False,False
43617570,150891,745113,636,6163193,Shatori Walker-Kimbrough,ATL,PG,,False,False
43617571,150891,1238253,464,6163193,Aaliyah Nye,ATL,PG,,False,False
43617572,150891,1238253,465,6163193,Aaliyah Nye,ATL,PG,,False,False
43617573,150891,1238253,636,6163193,Aaliyah Nye,ATL,PG,,False,False
43617574,150891,1338491,464,6163192,Bree Hall,IND,PG,,False,False
43617575,150891,1338491,465,6163192,Bree Hall,IND,PG,,False,False
43617576,150891,1338491,636,6163192,Bree Hall,IND,PG,,False,False
43617577,150891,1409879,464,6163196,Shay Ciezki,PHX,PG,,False,False
43617578,150891,1409879,465,6163196,Shay Ciezki,PHX,PG,,False,False
43617579,150891,1409879,636,6163196,Shay Ciezki,PHX,PG,,False,False
43617580,150891,1646981,464,6163196,Quionche Carter,PHX,PG,,False,False
43617581,150891,1646981,465,6163196,Quionche Carter,PHX,PG,,False,False
43617582,150891,1646981,636,6163196,Quionche Carter,PHX,PG,,False,False
43617583,150891,1127118,464,6163195,Kate Martin,LAS,PG,,False,False
43617584,150891,1127118,465,6163195,Kate Martin,LAS,PG,,False,False
43617585,150891,1127118,636,6163195,Kate Martin,LAS,PG,,False,False
43617586,150891,1408734,464,6163192,Taina Mair,SEA,PG,,False,False
43617587,150891,1408734,465,6163192,Taina Mair,SEA,PG,,False,False
43617588,150891,1408734,636,6163192,Taina Mair,SEA,PG,,False,False
43617589,150891,1408616,464,6163196,Ashlon Jackson,CON,PG,,False,False
43617590,150891,1408616,465,6163196,Ashlon Jackson,CON,PG,,False,False
43617591,150891,1408616,636,6163196,Ashlon Jackson,CON,PG,,False,False
43618108,150893,1192647,475,6163192,Aliyah Boston,IND,SF/PF,11400.0,False,True
43618109,150893,1238619,475,6163192,Caitlin Clark,IND,PG/SG,11000.0,False,True
43618110,150893,839540,475,6163192,Kelsey Mitchell,IND,PG/SG,10800.0,False,True
43618111,150893,1511557,475,6163192,Dominique Malonga,SEA,SF/PF,9600.0,False,True
43618112,150893,883614,475,6163192,Natisha Hiedeman,SEA,PG/SG,9000.0,False,True
43618113,150893,1409434,475,6163192,Flau'Jae Johnson,SEA,PG/SG,8800.0,False,True
43618114,150893,1514656,475,6163192,Awa Fam,SEA,SF/PF,8200.0,False,True
43618115,150893,849343,475,6163192,Monique Billings,IND,SF/PF,6200.0,False,True
43618116,150893,1383345,475,6163192,Jade Melbourne,SEA,PG/SG,5600.0,False,True
43618117,150893,883559,475,6163192,Sophie Cunningham,IND,PG/SG,5400.0,False,True
43618118,150893,946830,475,6163192,Tyasha Harris,IND,PG/SG,4800.0,False,True
43618119,150893,1132742,475,6163192,Lexie Hull,IND,PG/SG,4600.0,False,True
43618120,150893,1343042,475,6163192,Makayla Timpson,IND,SF/PF,4200.0,False,True
43618121,150893,880872,475,6163192,Katie Lou Samuelson,SEA,SF/PF,3800.0,False,True
43618122,150893,1179124,475,6163192,Jordan Horston,SEA,SF/PF,3600.0,False,True
43618123,150893,1338492,475,6163192,Raven Johnson,IND,PG/SG,3400.0,False,True
43618124,150893,853608,475,6163192,Myisha Hines-Allen,IND,SF/PF,3200.0,False,True
43618125,150893,1192640,475,6163192,Zia Cooke,SEA,PG/SG,3000.0,False,True
43618126,150893,573848,475,6163192,Stefanie Dolson,SEA,SF/PF,2800.0,False,True
43618127,150893,654576,475,6163192,Damiris Dantas,IND,SF/PF,2000.0,False,True
43618128,150893,1178630,475,6163192,Mackenzie Holmes,SEA,SF/PF,2000.0,False,True
43618129,150893,1329658,475,6163192,Taylor Thierry,SEA,SF/PF,2000.0,False,True
43618130,150893,1409724,475,6163192,Grace VanSlooten,IND,SF/PF,2000.0,False,True
43618131,150893,1338491,475,6163192,Bree Hall,IND,PG/SG,2000.0,False,True
43618132,150893,1165026,475,6163192,Ezi Magbegor,SEA,SF/PF,6000.0,False,True
43618133,150893,1408734,475,6163192,Taina Mair,SEA,PG/SG,2000.0,False,True
43618134,150893,1192647,476,6163192,Aliyah Boston,IND,SF/PF,17100.0,False,True
43618135,150893,1238619,476,6163192,Caitlin Clark,IND,PG/SG,16500.0,False,True
43618136,150893,839540,476,6163192,Kelsey Mitchell,IND,PG/SG,16200.0,False,True
43618137,150893,1511557,476,6163192,Dominique Malonga,SEA,SF/PF,14400.0,False,True
43618138,150893,883614,476,6163192,Natisha Hiedeman,SEA,PG/SG,13500.0,False,True
43618139,150893,1409434,476,6163192,Flau'Jae Johnson,SEA,PG/SG,13200.0,False,True
43618140,150893,1514656,476,6163192,Awa Fam,SEA,SF/PF,12300.0,False,True
43618141,150893,849343,476,6163192,Monique Billings,IND,SF/PF,9300.0,False,True
43618142,150893,1383345,476,6163192,Jade Melbourne,SEA,PG/SG,8400.0,False,True
43618143,150893,883559,476,6163192,Sophie Cunningham,IND,PG/SG,8100.0,False,True
43618144,150893,946830,476,6163192,Tyasha Harris,IND,PG/SG,7200.0,False,True
43618145,150893,1132742,476,6163192,Lexie Hull,IND,PG/SG,6900.0,False,True
43618146,150893,1343042,476,6163192,Makayla Timpson,IND,SF/PF,6300.0,False,True
43618147,150893,880872,476,6163192,Katie Lou Samuelson,SEA,SF/PF,5700.0,False,True
43618148,150893,1179124,476,6163192,Jordan Horston,SEA,SF/PF,5400.0,False,True
43618149,150893,1338492,476,6163192,Raven Johnson,IND,PG/SG,5100.0,False,True
43618150,150893,853608,476,6163192,Myisha Hines-Allen,IND,SF/PF,4800.0,False,True
43618151,150893,1192640,476,6163192,Zia Cooke,SEA,PG/SG,4500.0,False,True
43618152,150893,573848,476,6163192,Stefanie Dolson,SEA,SF/PF,4200.0,False,True
43618153,150893,654576,476,6163192,Damiris Dantas,IND,SF/PF,3000.0,False,True
43618154,150893,1178630,476,6163192,Mackenzie Holmes,SEA,SF/PF,3000.0,False,True
43618155,150893,1329658,476,6163192,Taylor Thierry,SEA,SF/PF,3000.0,False,True
43618156,150893,1409724,476,6163192,Grace VanSlooten,IND,SF/PF,3000.0,False,True
43618157,150893,1338491,476,6163192,Bree Hall,IND,PG/SG,3000.0,False,True
43618158,150893,1165026,476,6163192,Ezi Magbegor,SEA,SF/PF,9000.0,False,True
43618159,150893,1408734,476,6163192,Taina Mair,SEA,PG/SG,3000.0,False,True
43618160,150894,572461,475,6163196,Alyssa Thomas,PHX,SF/PF,11400.0,False,True
43618161,150894,521933,475,6163196,Brittney Griner,CON,SF/PF,10200.0,False,True
43618162,150894,1508686,475,6163196,Leila Lacan,CON,PG/SG,9400.0,False,True
43618163,150894,1123909,475,6163196,Olivia Nelson-Ododa,CON,SF/PF,9000.0,False,True
43618164,150894,713447,475,6163196,Kahleah Copper,PHX,PG/SG,8400.0,False,True
43618165,150894,304189,475,6163196,DeWanna Bonner,PHX,PG/SG,7400.0,False,True
43618166,150894,1239750,475,6163196,Charlisse Leger-Walker,CON,PG/SG,7200.0,False,True
43618167,150894,881350,475,6163196,Valeriane Ayayi,PHX,PG/SG,6600.0,False,True
43618168,150894,1237071,475,6163196,Aaliyah Edwards,CON,SF/PF,6400.0,False,True
43618169,150894,883058,475,6163196,Kennedy Burke,CON,PG/SG,6000.0,False,True
43618170,150894,1178656,475,6163196,Diamond Miller,CON,SF/PF,5800.0,False,True
43618171,150894,1577196,475,6163196,Monique Akoa Makani,PHX,PG/SG,5600.0,False,True
43618172,150894,1140882,475,6163196,Lexi Held,PHX,PG/SG,5200.0,False,True
43618173,150894,1646978,475,6163196,Noemie Brochant,PHX,SF/PF,4400.0,False,True
43618174,150894,1646986,475,6163196,Nell Angloma,CON,SF/PF,3800.0,False,True
43618175,150894,343891,475,6163196,Sami Whitcomb,PHX,PG/SG,3200.0,False,True
43618176,150894,1409850,475,6163196,Raegan Beers,CON,SF/PF,2800.0,False,True
43618177,150894,1239240,475,6163196,Marta Suarez,PHX,SF/PF,2600.0,False,True
43618178,150894,1237434,475,6163196,Hailey Van Lith,CON,PG/SG,2400.0,False,True
43618179,150894,1330156,475,6163196,Gianna Kneepkens,CON,PG/SG,2200.0,False,True
43618180,150894,1313712,475,6163196,Kyara Linskens,PHX,SF/PF,2000.0,False,True
43618181,150894,948349,475,6163196,Natasha Mack,PHX,SF/PF,7600.0,False,True
43618182,150894,1348207,475,6163196,Aneesah Morrow,CON,SF/PF,6200.0,False,True
43618183,150894,1338493,475,6163196,Saniya Rivers,CON,PG/SG,5400.0,False,True
43618184,150894,1646981,475,6163196,Quionche Carter,PHX,PG/SG,2000.0,False,True
43618185,150894,1408616,475,6163196,Ashlon Jackson,CON,PG/SG,2000.0,False,True
43618186,150894,1409879,475,6163196,Shay Ciezki,PHX,PG/SG,2000.0,False,True
43618187,150894,572461,476,6163196,Alyssa Thomas,PHX,SF/PF,17100.0,False,True
43618188,150894,521933,476,6163196,Brittney Griner,CON,SF/PF,15300.0,False,True
43618189,150894,1508686,476,6163196,Leila Lacan,CON,PG/SG,14100.0,False,True
43618190,150894,1123909,476,6163196,Olivia Nelson-Ododa,CON,SF/PF,13500.0,False,True
43618191,150894,713447,476,6163196,Kahleah Copper,PHX,PG/SG,12600.0,False,True
43618192,150894,304189,476,6163196,DeWanna Bonner,PHX,PG/SG,11100.0,False,True
43618193,150894,1239750,476,6163196,Charlisse Leger-Walker,CON,PG/SG,10800.0,False,True
43618194,150894,881350,476,6163196,Valeriane Ayayi,PHX,PG/SG,9900.0,False,True
43618195,150894,1237071,476,6163196,Aaliyah Edwards,CON,SF/PF,9600.0,False,True
43618196,150894,883058,476,6163196,Kennedy Burke,CON,PG/SG,9000.0,False,True
43618197,150894,1178656,476,6163196,Diamond Miller,CON,SF/PF,8700.0,False,True
43618198,150894,1577196,476,6163196,Monique Akoa Makani,PHX,PG/SG,8400.0,False,True
43618199,150894,1140882,476,6163196,Lexi Held,PHX,PG/SG,7800.0,False,True
43618200,150894,1646978,476,6163196,Noemie Brochant,PHX,SF/PF,6600.0,False,True
43618201,150894,1646986,476,6163196,Nell Angloma,CON,SF/PF,5700.0,False,True
43618202,150894,343891,476,6163196,Sami Whitcomb,PHX,PG/SG,4800.0,False,True
43618203,150894,1409850,476,6163196,Raegan Beers,CON,SF/PF,4200.0,False,True
43618204,150894,1239240,476,6163196,Marta Suarez,PHX,SF/PF,3900.0,False,True
43618205,150894,1237434,476,6163196,Hailey Van Lith,CON,PG/SG,3600.0,False,True
43618206,150894,1330156,476,6163196,Gianna Kneepkens,CON,PG/SG,3300.0,False,True
43618207,150894,1313712,476,6163196,Kyara Linskens,PHX,SF/PF,3000.0,False,True
43618208,150894,948349,476,6163196,Natasha Mack,PHX,SF/PF,11400.0,False,True
43618209,150894,1348207,476,6163196,Aneesah Morrow,CON,SF/PF,9300.0,False,True
43618210,150894,1338493,476,6163196,Saniya Rivers,CON,PG/SG,8100.0,False,True
43618211,150894,1646981,476,6163196,Quionche Carter,PHX,PG/SG,3000.0,False,True
43618212,150894,1408616,476,6163196,Ashlon Jackson,CON,PG/SG,3000.0,False,True
43618213,150894,1409879,476,6163196,Shay Ciezki,PHX,PG/SG,3000.0,False,True
43618422,150906,1605148,498,6198157,Caleb Wilson,CHI,SF,9000.0,False,True
43618423,150906,1605148,501,6198157,Caleb Wilson,CHI,SF,9000.0,False,True
43618424,150906,1605148,503,6198157,Caleb Wilson,CHI,SF,9000.0,False,True
43618425,150906,1522910,498,6198156,Liam McNeeley,CHA,SF,8800.0,False,True
43618426,150906,1522910,501,6198156,Liam McNeeley,CHA,SF,8800.0,False,True
43618427,150906,1522910,503,6198156,Liam McNeeley,CHA,SF,8800.0,False,True
43618428,150906,1326453,500,6198156,Maxime Raynaud,SAC,C,8700.0,False,True
43618429,150906,1326453,503,6198156,Maxime Raynaud,SAC,C,8700.0,False,True
43618430,150906,1236052,500,6198156,Ryan Kalkbrenner,CHA,C,8100.0,False,True
43618431,150906,1236052,503,6198156,Ryan Kalkbrenner,CHA,C,8100.0,False,True
43618432,150906,1591016,496,6198156,Darius Acuff Jr.,SAC,PG,7800.0,False,True
43618433,150906,1591016,502,6198156,Darius Acuff Jr.,SAC,PG,7800.0,False,True
43618434,150906,1591016,503,6198156,Darius Acuff Jr.,SAC,PG,7800.0,False,True
43618435,150906,1500958,498,6198157,Noa Essengue,CHI,SF/PF,7700.0,False,True
43618436,150906,1500958,499,6198157,Noa Essengue,CHI,SF/PF,7700.0,False,True
43618437,150906,1500958,501,6198157,Noa Essengue,CHI,SF/PF,7700.0,False,True
43618438,150906,1500958,503,6198157,Noa Essengue,CHI,SF/PF,7700.0,False,True
43618439,150906,1251665,500,6198156,Dylan Cardwell,SAC,C,7600.0,False,True
43618440,150906,1251665,503,6198156,Dylan Cardwell,SAC,C,7600.0,False,True
43618441,150906,1591014,497,6198157,Meleek Thomas,CLE,SG,7500.0,False,True
43618442,150906,1591014,502,6198157,Meleek Thomas,CLE,SG,7500.0,False,True
43618443,150906,1591014,503,6198157,Meleek Thomas,CLE,SG,7500.0,False,True
43618444,150906,1232338,498,6198156,Sion James,CHA,SF,7400.0,False,True
43618445,150906,1232338,501,6198156,Sion James,CHA,SF,7400.0,False,True
43618446,150906,1232338,503,6198156,Sion James,CHA,SF,7400.0,False,True
43618447,150906,1461413,497,6198157,Dailyn Swain,CHI,SG/SF,7300.0,False,True
43618448,150906,1461413,498,6198157,Dailyn Swain,CHI,SG/SF,7300.0,False,True
43618449,150906,1461413,502,6198157,Dailyn Swain,CHI,SG/SF,7300.0,False,True
43618450,150906,1461413,501,6198157,Dailyn Swain,CHI,SG/SF,7300.0,False,True
43618451,150906,1461413,503,6198157,Dailyn Swain,CHI,SG/SF,7300.0,False,True
43618452,150906,1232529,497,6198156,Nique Clifford,SAC,SG/SF,7200.0,False,True
43618453,150906,1232529,498,6198156,Nique Clifford,SAC,SG/SF,7200.0,False,True
43618454,150906,1232529,502,6198156,Nique Clifford,SAC,SG/SF,7200.0,False,True
43618455,150906,1232529,501,6198156,Nique Clifford,SAC,SG/SF,7200.0,False,True
43618456,150906,1232529,503,6198156,Nique Clifford,SAC,SG/SF,7200.0,False,True
43618457,150906,1504463,499,6198156,Tidjane Salaun,CHA,PF,7100.0,False,True
43618458,150906,1504463,501,6198156,Tidjane Salaun,CHA,PF,7100.0,False,True
43618459,150906,1504463,503,6198156,Tidjane Salaun,CHA,PF,7100.0,False,True
43618460,150906,1403628,498,6198157,Nae'Qwan Tomlin,CLE,SF/PF,7000.0,False,True
43618461,150906,1403628,499,6198157,Nae'Qwan Tomlin,CLE,SF/PF,7000.0,False,True
43618462,150906,1403628,501,6198157,Nae'Qwan Tomlin,CLE,SF/PF,7000.0,False,True
43618463,150906,1403628,503,6198157,Nae'Qwan Tomlin,CLE,SF/PF,7000.0,False,True
43618464,150906,1596690,499,6198156,Hannes Steinbach,CHA,PF,6800.0,False,True
43618465,150906,1596690,501,6198156,Hannes Steinbach,CHA,PF,6800.0,False,True
43618466,150906,1596690,503,6198156,Hannes Steinbach,CHA,PF,6800.0,False,True
43618467,150906,1404902,498,6198156,Jonathan Mogbo,SAC,SF/PF,6600.0,False,True
43618468,150906,1404902,499,6198156,Jonathan Mogbo,SAC,SF/PF,6600.0,False,True
43618469,150906,1404902,501,6198156,Jonathan Mogbo,SAC,SF/PF,6600.0,False,True
43618470,150906,1404902,503,6198156,Jonathan Mogbo,SAC,SF/PF,6600.0,False,True
43618471,150906,1325163,496,6198157,Malaki Branham,CLE,PG/SG,6500.0,False,True
43618472,150906,1325163,497,6198157,Malaki Branham,CLE,PG/SG,6500.0,False,True
43618473,150906,1325163,502,6198157,Malaki Branham,CLE,PG/SG,6500.0,False,True
43618474,150906,1325163,503,6198157,Malaki Branham,CLE,PG/SG,6500.0,False,True
43618475,150906,1193678,496,6198157,Antonio Reeves,CHI,PG/SG,6300.0,False,True
43618476,150906,1193678,497,6198157,Antonio Reeves,CHI,PG/SG,6300.0,False,True
43618477,150906,1193678,502,6198157,Antonio Reeves,CHI,PG/SG,6300.0,False,True
43618478,150906,1193678,503,6198157,Antonio Reeves,CHI,PG/SG,6300.0,False,True
43618479,150906,1482016,496,6198157,Riley Minix,CLE,PG/SG,6200.0,False,True
43618480,150906,1482016,497,6198157,Riley Minix,CLE,PG/SG,6200.0,False,True
43618481,150906,1482016,502,6198157,Riley Minix,CLE,PG/SG,6200.0,False,True
43618482,150906,1482016,503,6198157,Riley Minix,CLE,PG/SG,6200.0,False,True
43618483,150906,1522597,496,6198156,Christian Anderson,CHA,PG,6000.0,False,True
43618484,150906,1522597,502,6198156,Christian Anderson,CHA,PG,6000.0,False,True
43618485,150906,1522597,503,6198156,Christian Anderson,CHA,PG,6000.0,False,True
43618486,150906,1482051,499,6198156,Michael Ajayi,CHA,PF,5800.0,False,True
43618487,150906,1482051,501,6198156,Michael Ajayi,CHA,PF,5800.0,False,True
43618488,150906,1482051,503,6198156,Michael Ajayi,CHA,PF,5800.0,False,True
43618489,150906,1403617,497,6198156,Emanuel Sharp,SAC,SG,5700.0,False,True
43618490,150906,1403617,502,6198156,Emanuel Sharp,SAC,SG,5700.0,False,True
43618491,150906,1403617,503,6198156,Emanuel Sharp,SAC,SG,5700.0,False,True
43618492,150906,1340732,496,6198157,Jaylin Sellers,CHI,PG/SG,5600.0,False,True
43618493,150906,1340732,497,6198157,Jaylin Sellers,CHI,PG/SG,5600.0,False,True
43618494,150906,1340732,502,6198157,Jaylin Sellers,CHI,PG/SG,5600.0,False,True
43618495,150906,1340732,503,6198157,Jaylin Sellers,CHI,PG/SG,5600.0,False,True
43618496,150906,1416381,500,6198157,Ernest Udeh Jr.,CLE,C,5500.0,False,True
43618497,150906,1416381,503,6198157,Ernest Udeh Jr.,CLE,C,5500.0,False,True
43618498,150906,1365403,498,6198156,Alex Karaban,SAC,SF,5400.0,False,True
43618499,150906,1365403,501,6198156,Alex Karaban,SAC,SF,5400.0,False,True
43618500,150906,1365403,503,6198156,Alex Karaban,SAC,SF,5400.0,False,True
43618501,150906,1323513,500,6198157,Charles Bediako,CHI,C,5300.0,False,True
43618502,150906,1323513,503,6198157,Charles Bediako,CHI,C,5300.0,False,True
43618503,150906,1413172,496,6198156,Kylan Boswell,CHA,PG,5200.0,False,True
43618504,150906,1413172,502,6198156,Kylan Boswell,CHA,PG,5200.0,False,True
43618505,150906,1413172,503,6198156,Kylan Boswell,CHA,PG,5200.0,False,True
43618506,150906,1328253,496,6198157,Kennedy Chandler,CHI,PG/SG,5100.0,False,True
43618507,150906,1328253,497,6198157,Kennedy Chandler,CHI,PG/SG,5100.0,False,True
43618508,150906,1328253,502,6198157,Kennedy Chandler,CHI,PG/SG,5100.0,False,True
43618509,150906,1328253,503,6198157,Kennedy Chandler,CHI,PG/SG,5100.0,False,True
43618510,150906,1251673,496,6198157,Jaxson Robinson,CLE,PG/SG,5000.0,False,True
43618511,150906,1251673,497,6198157,Jaxson Robinson,CLE,PG/SG,5000.0,False,True
43618512,150906,1251673,502,6198157,Jaxson Robinson,CLE,PG/SG,5000.0,False,True
43618513,150906,1251673,503,6198157,Jaxson Robinson,CLE,PG/SG,5000.0,False,True
43618514,150906,1174887,498,6198157,Tristan Enaruna,CLE,SF/PF,4900.0,False,True
43618515,150906,1174887,499,6198157,Tristan Enaruna,CLE,SF/PF,4900.0,False,True
43618516,150906,1174887,501,6198157,Tristan Enaruna,CLE,SF/PF,4900.0,False,True
43618517,150906,1174887,503,6198157,Tristan Enaruna,CLE,SF/PF,4900.0,False,True
43618518,150906,1405698,499,6198157,Tobe Awaka,CHI,PF,4800.0,False,True
43618519,150906,1405698,501,6198157,Tobe Awaka,CHI,PF,4800.0,False,True
43618520,150906,1405698,503,6198157,Tobe Awaka,CHI,PF,4800.0,False,True
43618521,150906,1136581,496,6198156,Adam Flagler,SAC,PG/SG,4700.0,False,True
43618522,150906,1136581,497,6198156,Adam Flagler,SAC,PG/SG,4700.0,False,True
43618523,150906,1136581,502,6198156,Adam Flagler,SAC,PG/SG,4700.0,False,True
43618524,150906,1136581,503,6198156,Adam Flagler,SAC,PG/SG,4700.0,False,True
43618525,150906,1132310,496,6198157,Dane Goodwin,CLE,PG/SG,4700.0,False,True
43618526,150906,1132310,497,6198157,Dane Goodwin,CLE,PG/SG,4700.0,False,True
43618527,150906,1132310,502,6198157,Dane Goodwin,CLE,PG/SG,4700.0,False,True
43618528,150906,1132310,503,6198157,Dane Goodwin,CLE,PG/SG,4700.0,False,True
43618529,150906,1076185,500,6198157,Malik Williams,CHI,C,4600.0,False,True
43618530,150906,1076185,503,6198157,Malik Williams,CHI,C,4600.0,False,True
43618531,150906,1232533,498,6198156,Cameron Matthews,CHA,SF/PF,4600.0,False,True
43618532,150906,1232533,499,6198156,Cameron Matthews,CHA,SF/PF,4600.0,False,True
43618533,150906,1232533,501,6198156,Cameron Matthews,CHA,SF/PF,4600.0,False,True
43618534,150906,1232533,503,6198156,Cameron Matthews,CHA,SF/PF,4600.0,False,True
43618535,150906,1405695,496,6198156,B.J. Edwards,SAC,PG/SG,4500.0,False,True
43618536,150906,1405695,497,6198156,B.J. Edwards,SAC,PG/SG,4500.0,False,True
43618537,150906,1405695,502,6198156,B.J. Edwards,SAC,PG/SG,4500.0,False,True
43618538,150906,1405695,503,6198156,B.J. Edwards,SAC,PG/SG,4500.0,False,True
43618539,150906,1420694,496,6198157,Xaivian Lee,CLE,PG/SG,4500.0,False,True
43618540,150906,1420694,497,6198157,Xaivian Lee,CLE,PG/SG,4500.0,False,True
43618541,150906,1420694,502,6198157,Xaivian Lee,CLE,PG/SG,4500.0,False,True
43618542,150906,1420694,503,6198157,Xaivian Lee,CLE,PG/SG,4500.0,False,True
43618543,150906,1406775,498,6198156,Marquel Sutton,SAC,SF/PF,4500.0,False,True
43618544,150906,1406775,499,6198156,Marquel Sutton,SAC,SF/PF,4500.0,False,True
43618545,150906,1406775,501,6198156,Marquel Sutton,SAC,SF/PF,4500.0,False,True
43618546,150906,1406775,503,6198156,Marquel Sutton,SAC,SF/PF,4500.0,False,True
43618547,150906,1193615,498,6198157,Rashaun Agee,CLE,SF/PF,4400.0,False,True
43618548,150906,1193615,499,6198157,Rashaun Agee,CLE,SF/PF,4400.0,False,True
43618549,150906,1193615,501,6198157,Rashaun Agee,CLE,SF/PF,4400.0,False,True
43618550,150906,1193615,503,6198157,Rashaun Agee,CLE,SF/PF,4400.0,False,True
43618551,150906,1176113,496,6198157,Boo Buie,CHI,PG/SG,4400.0,False,True
43618552,150906,1176113,497,6198157,Boo Buie,CHI,PG/SG,4400.0,False,True
43618553,150906,1176113,502,6198157,Boo Buie,CHI,PG/SG,4400.0,False,True
43618554,150906,1176113,503,6198157,Boo Buie,CHI,PG/SG,4400.0,False,True
43618555,150906,1417207,496,6198157,Donovan Atwell,CHI,PG/SG,4400.0,False,True
43618556,150906,1417207,497,6198157,Donovan Atwell,CHI,PG/SG,4400.0,False,True
43618557,150906,1417207,502,6198157,Donovan Atwell,CHI,PG/SG,4400.0,False,True
43618558,150906,1417207,503,6198157,Donovan Atwell,CHI,PG/SG,4400.0,False,True
43618559,150906,1231948,496,6198157,Ian Martinez,CLE,PG/SG,4300.0,False,True
43618560,150906,1231948,497,6198157,Ian Martinez,CLE,PG/SG,4300.0,False,True
43618561,150906,1231948,502,6198157,Ian Martinez,CLE,PG/SG,4300.0,False,True
43618562,150906,1231948,503,6198157,Ian Martinez,CLE,PG/SG,4300.0,False,True
43618563,150906,1232079,496,6198156,Latrell Wrightsell Jr.,CHA,PG/SG,4300.0,False,True
43618564,150906,1232079,497,6198156,Latrell Wrightsell Jr.,CHA,PG/SG,4300.0,False,True
43618565,150906,1232079,502,6198156,Latrell Wrightsell Jr.,CHA,PG/SG,4300.0,False,True
43618566,150906,1232079,503,6198156,Latrell Wrightsell Jr.,CHA,PG/SG,4300.0,False,True
43618567,150906,1518772,496,6198156,Isaiah Stevens,SAC,PG/SG,4300.0,False,True
43618568,150906,1518772,497,6198156,Isaiah Stevens,SAC,PG/SG,4300.0,False,True
43618569,150906,1518772,502,6198156,Isaiah Stevens,SAC,PG/SG,4300.0,False,True
43618570,150906,1518772,503,6198156,Isaiah Stevens,SAC,PG/SG,4300.0,False,True
43618571,150906,1481251,498,6198157,Tre'Von Spillers,CLE,SF/PF,4200.0,False,True
43618572,150906,1481251,499,6198157,Tre'Von Spillers,CLE,SF/PF,4200.0,False,True
43618573,150906,1481251,501,6198157,Tre'Von Spillers,CLE,SF/PF,4200.0,False,True
43618574,150906,1481251,503,6198157,Tre'Von Spillers,CLE,SF/PF,4200.0,False,True
43618575,150906,1236654,500,6198156,Viktor Lakhin,SAC,C,4200.0,False,True
43618576,150906,1236654,503,6198156,Viktor Lakhin,SAC,C,4200.0,False,True
43618577,150906,1343680,498,6198156,Wyatt Fricks,CHA,SF/PF,4200.0,False,True
43618578,150906,1343680,499,6198156,Wyatt Fricks,CHA,SF/PF,4200.0,False,True
43618579,150906,1343680,501,6198156,Wyatt Fricks,CHA,SF/PF,4200.0,False,True
43618580,150906,1343680,503,6198156,Wyatt Fricks,CHA,SF/PF,4200.0,False,True
43618581,150906,1145994,496,6198156,Terrell Brown Jr.,CHA,PG/SG,4100.0,False,True
43618582,150906,1145994,497,6198156,Terrell Brown Jr.,CHA,PG/SG,4100.0,False,True
43618583,150906,1145994,502,6198156,Terrell Brown Jr.,CHA,PG/SG,4100.0,False,True
43618584,150906,1145994,503,6198156,Terrell Brown Jr.,CHA,PG/SG,4100.0,False,True
43618585,150906,1175017,496,6198157,Sean East II,CLE,PG/SG,4100.0,False,True
43618586,150906,1175017,497,6198157,Sean East II,CLE,PG/SG,4100.0,False,True
43618587,150906,1175017,502,6198157,Sean East II,CLE,PG/SG,4100.0,False,True
43618588,150906,1175017,503,6198157,Sean East II,CLE,PG/SG,4100.0,False,True
43618589,150906,1536964,498,6198156,Elias Ralph,SAC,SF/PF,4100.0,False,True
43618590,150906,1536964,499,6198156,Elias Ralph,SAC,SF/PF,4100.0,False,True
43618591,150906,1536964,501,6198156,Elias Ralph,SAC,SF/PF,4100.0,False,True
43618592,150906,1536964,503,6198156,Elias Ralph,SAC,SF/PF,4100.0,False,True
43618593,150906,1137221,498,6198157,Keyshawn Bryant,CHI,SF/PF,4000.0,False,True
43618594,150906,1137221,499,6198157,Keyshawn Bryant,CHI,SF/PF,4000.0,False,True
43618595,150906,1137221,501,6198157,Keyshawn Bryant,CHI,SF/PF,4000.0,False,True
43618596,150906,1137221,503,6198157,Keyshawn Bryant,CHI,SF/PF,4000.0,False,True
43618597,150906,1343026,496,6198157,Houston Mallette,CHI,PG/SG,4000.0,False,True
43618598,150906,1343026,497,6198157,Houston Mallette,CHI,PG/SG,4000.0,False,True
43618599,150906,1343026,502,6198157,Houston Mallette,CHI,PG/SG,4000.0,False,True
43618600,150906,1343026,503,6198157,Houston Mallette,CHI,PG/SG,4000.0,False,True
43618601,150906,1532772,496,6198156,Mitch Mascari,SAC,PG/SG,4000.0,False,True
43618602,150906,1532772,497,6198156,Mitch Mascari,SAC,PG/SG,4000.0,False,True
43618603,150906,1532772,502,6198156,Mitch Mascari,SAC,PG/SG,4000.0,False,True
43618604,150906,1532772,503,6198156,Mitch Mascari,SAC,PG/SG,4000.0,False,True
43618605,150906,1401767,496,6198156,Max Mackinnon,CHA,PG/SG,4000.0,False,True
43618606,150906,1401767,497,6198156,Max Mackinnon,CHA,PG/SG,4000.0,False,True
43618607,150906,1401767,502,6198156,Max Mackinnon,CHA,PG/SG,4000.0,False,True
43618608,150906,1401767,503,6198156,Max Mackinnon,CHA,PG/SG,4000.0,False,True
43618609,150906,1405042,498,6198157,Jalen Washington,CHI,SF/PF,4000.0,False,True
43618610,150906,1405042,499,6198157,Jalen Washington,CHI,SF/PF,4000.0,False,True
43618611,150906,1405042,501,6198157,Jalen Washington,CHI,SF/PF,4000.0,False,True
43618612,150906,1405042,503,6198157,Jalen Washington,CHI,SF/PF,4000.0,False,True
43618613,150906,1401593,496,6198156,Anthony Dell'Orso,SAC,PG/SG,4000.0,False,True
43618614,150906,1401593,497,6198156,Anthony Dell'Orso,SAC,PG/SG,4000.0,False,True
43618615,150906,1401593,502,6198156,Anthony Dell'Orso,SAC,PG/SG,4000.0,False,True
43618616,150906,1401593,503,6198156,Anthony Dell'Orso,SAC,PG/SG,4000.0,False,True
43618617,150906,1190373,498,6198156,Josiah Allick,CHA,SF/PF,4000.0,False,True
43618618,150906,1190373,499,6198156,Josiah Allick,CHA,SF/PF,4000.0,False,True
43618619,150906,1190373,501,6198156,Josiah Allick,CHA,SF/PF,4000.0,False,True
43618620,150906,1190373,503,6198156,Josiah Allick,CHA,SF/PF,4000.0,False,True
43618621,150906,1401585,498,6198157,Grant Newell,CHI,SF/PF,4000.0,False,True
43618622,150906,1401585,499,6198157,Grant Newell,CHI,SF/PF,4000.0,False,True
43618623,150906,1401585,501,6198157,Grant Newell,CHI,SF/PF,4000.0,False,True
43618624,150906,1401585,503,6198157,Grant Newell,CHI,SF/PF,4000.0,False,True
43618625,150907,1594900,497,6198160,Darryn Peterson,UTA,SG,8700.0,False,True
43618626,150907,1594900,502,6198160,Darryn Peterson,UTA,SG,8700.0,False,True
43618627,150907,1594900,503,6198160,Darryn Peterson,UTA,SG,8700.0,False,True
43618628,150907,1403624,498,6198159,Isaac Jones,DET,SF/PF,8400.0,False,True
43618629,150907,1403624,499,6198159,Isaac Jones,DET,SF/PF,8400.0,False,True
43618630,150907,1403624,501,6198159,Isaac Jones,DET,SF/PF,8400.0,False,True
43618631,150907,1403624,503,6198159,Isaac Jones,DET,SF/PF,8400.0,False,True
43618632,150907,1500956,498,6198158,Pacome Dadiet,NY,SF,8300.0,False,True
43618633,150907,1500956,501,6198158,Pacome Dadiet,NY,SF,8300.0,False,True
43618634,150907,1500956,503,6198158,Pacome Dadiet,NY,SF,8300.0,False,True
43618635,150907,1589783,497,6198161,Keaton Wagler,LAC,SG,8200.0,False,True
43618636,150907,1589783,502,6198161,Keaton Wagler,LAC,SG,8200.0,False,True
43618637,150907,1589783,503,6198161,Keaton Wagler,LAC,SG,8200.0,False,True
43618638,150907,1519363,499,6198160,Ace Bailey,UTA,PF,8000.0,False,True
43618639,150907,1519363,501,6198160,Ace Bailey,UTA,PF,8000.0,False,True
43618640,150907,1519363,503,6198160,Ace Bailey,UTA,PF,8000.0,False,True
43618641,150907,1520671,499,6198158,Morez Johnson,DAL,PF,7900.0,False,True
43618642,150907,1520671,501,6198158,Morez Johnson,DAL,PF,7900.0,False,True
43618643,150907,1520671,503,6198158,Morez Johnson,DAL,PF,7900.0,False,True
43618644,150907,1437712,498,6198158,Mohamed Diawara,NY,SF,7800.0,False,True
43618645,150907,1437712,501,6198158,Mohamed Diawara,NY,SF,7800.0,False,True
43618646,150907,1437712,503,6198158,Mohamed Diawara,NY,SF,7800.0,False,True
43618647,150907,1231938,497,6198161,Kobe Sanders,LAC,SG,7700.0,False,True
43618648,150907,1231938,502,6198161,Kobe Sanders,LAC,SG,7700.0,False,True
43618649,150907,1231938,503,6198161,Kobe Sanders,LAC,SG,7700.0,False,True
43618650,150907,1590552,500,6198161,Joan Beringer,MIN,C,7600.0,False,True
43618651,150907,1590552,503,6198161,Joan Beringer,MIN,C,7600.0,False,True
43618652,150907,1232481,497,6198159,Chaz Lanier,DET,SG,7500.0,False,True
43618653,150907,1232481,502,6198159,Chaz Lanier,DET,SG,7500.0,False,True
43618654,150907,1232481,503,6198159,Chaz Lanier,DET,SG,7500.0,False,True
43618655,150907,1328254,500,6198160,Jonas Aidoo,UTA,C,7400.0,False,True
43618656,150907,1328254,503,6198160,Jonas Aidoo,UTA,C,7400.0,False,True
43618657,150907,1591570,500,6198160,Hansen Yang,POR,C,7300.0,False,True
43618658,150907,1591570,503,6198160,Hansen Yang,POR,C,7300.0,False,True
43618659,150907,1196146,496,6198161,Zyon Pullin,MIN,PG,7200.0,False,True
43618660,150907,1196146,502,6198161,Zyon Pullin,MIN,PG,7200.0,False,True
43618661,150907,1196146,503,6198161,Zyon Pullin,MIN,PG,7200.0,False,True
43618662,150907,1231442,498,6198158,Dillon Jones,NY,SF/PF,7100.0,False,True
43618663,150907,1231442,499,6198158,Dillon Jones,NY,SF/PF,7100.0,False,True
43618664,150907,1231442,501,6198158,Dillon Jones,NY,SF/PF,7100.0,False,True
43618665,150907,1231442,503,6198158,Dillon Jones,NY,SF/PF,7100.0,False,True
43618666,150907,1654519,496,6198158,Jack Kayil,NY,PG,7000.0,False,True
43618667,150907,1654519,502,6198158,Jack Kayil,NY,PG,7000.0,False,True
43618668,150907,1654519,503,6198158,Jack Kayil,NY,PG,7000.0,False,True
43618669,150907,1231386,498,6198161,Norchad Omier,LAC,SF/PF,7000.0,False,True
43618670,150907,1231386,499,6198161,Norchad Omier,LAC,SF/PF,7000.0,False,True
43618671,150907,1231386,501,6198161,Norchad Omier,LAC,SF/PF,7000.0,False,True
43618672,150907,1231386,503,6198161,Norchad Omier,LAC,SF/PF,7000.0,False,True
43618673,150907,1241594,500,6198159,Vladislav Goldin,MIA,C,6900.0,False,True
43618674,150907,1241594,503,6198159,Vladislav Goldin,MIA,C,6900.0,False,True
43618675,150907,1593398,496,6198159,Ebuka Okorie,DET,PG,6900.0,False,True
43618676,150907,1593398,502,6198159,Ebuka Okorie,DET,PG,6900.0,False,True
43618677,150907,1593398,503,6198159,Ebuka Okorie,DET,PG,6900.0,False,True
43618678,150907,1402304,499,6198161,Baba Miller,LAC,PF,6800.0,False,True
43618679,150907,1402304,501,6198161,Baba Miller,LAC,PF,6800.0,False,True
43618680,150907,1402304,503,6198161,Baba Miller,LAC,PF,6800.0,False,True
43618681,150907,1429347,496,6198160,Jaylen Martin,POR,PG/SG,6800.0,False,True
43618682,150907,1429347,497,6198160,Jaylen Martin,POR,PG/SG,6800.0,False,True
43618683,150907,1429347,502,6198160,Jaylen Martin,POR,PG/SG,6800.0,False,True
43618684,150907,1429347,503,6198160,Jaylen Martin,POR,PG/SG,6800.0,False,True
43618685,150907,1193172,498,6198160,Jalen Bridges,POR,SF/PF,6700.0,False,True
43618686,150907,1193172,499,6198160,Jalen Bridges,POR,SF/PF,6700.0,False,True
43618687,150907,1193172,501,6198160,Jalen Bridges,POR,SF/PF,6700.0,False,True
43618688,150907,1193172,503,6198160,Jalen Bridges,POR,SF/PF,6700.0,False,True
43618689,150907,1458830,498,6198160,Cody Williams,UTA,SF/PF,6700.0,False,True
43618690,150907,1458830,499,6198160,Cody Williams,UTA,SF/PF,6700.0,False,True
43618691,150907,1458830,501,6198160,Cody Williams,UTA,SF/PF,6700.0,False,True
43618692,150907,1458830,503,6198160,Cody Williams,UTA,SF/PF,6700.0,False,True
43618693,150907,1460155,497,6198161,Cam Christie,LAC,SG,6600.0,False,True
43618694,150907,1460155,502,6198161,Cam Christie,LAC,SG,6600.0,False,True
43618695,150907,1460155,503,6198161,Cam Christie,LAC,SG,6600.0,False,True
43618696,150907,1176274,496,6198159,Jahmir Young,MIA,PG/SG,6600.0,False,True
43618697,150907,1176274,497,6198159,Jahmir Young,MIA,PG/SG,6600.0,False,True
43618698,150907,1176274,502,6198159,Jahmir Young,MIA,PG/SG,6600.0,False,True
43618699,150907,1176274,503,6198159,Jahmir Young,MIA,PG/SG,6600.0,False,True
43618700,150907,1231665,496,6198158,Jaden Springer,DAL,PG/SG,6500.0,False,True
43618701,150907,1231665,497,6198158,Jaden Springer,DAL,PG/SG,6500.0,False,True
43618702,150907,1231665,502,6198158,Jaden Springer,DAL,PG/SG,6500.0,False,True
43618703,150907,1231665,503,6198158,Jaden Springer,DAL,PG/SG,6500.0,False,True
43618704,150907,1405312,498,6198161,Nick Martinelli,LAC,SF,6500.0,False,True
43618705,150907,1405312,501,6198161,Nick Martinelli,LAC,SF,6500.0,False,True
43618706,150907,1405312,503,6198161,Nick Martinelli,LAC,SF,6500.0,False,True
43618707,150907,1502168,500,6198161,Rocco Zikarsky,MIN,C,6400.0,False,True
43618708,150907,1502168,503,6198161,Rocco Zikarsky,MIN,C,6400.0,False,True
43618709,150907,1243685,498,6198160,Jayson Kent,POR,SF/PF,6400.0,False,True
43618710,150907,1243685,499,6198160,Jayson Kent,POR,SF/PF,6400.0,False,True
43618711,150907,1243685,501,6198160,Jayson Kent,POR,SF/PF,6400.0,False,True
43618712,150907,1243685,503,6198160,Jayson Kent,POR,SF/PF,6400.0,False,True
43618713,150907,1405046,497,6198158,Tyler Nickel,NY,SG/SF,6300.0,False,True
43618714,150907,1405046,498,6198158,Tyler Nickel,NY,SG/SF,6300.0,False,True
43618715,150907,1405046,502,6198158,Tyler Nickel,NY,SG/SF,6300.0,False,True
43618716,150907,1405046,501,6198158,Tyler Nickel,NY,SG/SF,6300.0,False,True
43618717,150907,1405046,503,6198158,Tyler Nickel,NY,SG/SF,6300.0,False,True
43618718,150907,1519129,497,6198161,Isaiah Evans,MIN,SG,6300.0,False,True
43618719,150907,1519129,502,6198161,Isaiah Evans,MIN,SG,6300.0,False,True
43618720,150907,1519129,503,6198161,Isaiah Evans,MIN,SG,6300.0,False,True
43618721,150907,1197462,496,6198159,Myron Gardner,MIA,PG/SG,6200.0,False,True
43618722,150907,1197462,497,6198159,Myron Gardner,MIA,PG/SG,6200.0,False,True
43618723,150907,1197462,502,6198159,Myron Gardner,MIA,PG/SG,6200.0,False,True
43618724,150907,1197462,503,6198159,Myron Gardner,MIA,PG/SG,6200.0,False,True
43618725,150907,1405618,497,6198159,Ryan Conwell,MIA,SG,6200.0,False,True
43618726,150907,1405618,502,6198159,Ryan Conwell,MIA,SG,6200.0,False,True
43618727,150907,1405618,503,6198159,Ryan Conwell,MIA,SG,6200.0,False,True
43618728,150907,1326079,496,6198161,Sean Pedulla,LAC,PG/SG,6100.0,False,True
43618729,150907,1326079,497,6198161,Sean Pedulla,LAC,PG/SG,6100.0,False,True
43618730,150907,1326079,502,6198161,Sean Pedulla,LAC,PG/SG,6100.0,False,True
43618731,150907,1326079,503,6198161,Sean Pedulla,LAC,PG/SG,6100.0,False,True
43618732,150907,1654518,497,6198158,Sergio de Larrea,DAL,SG,6100.0,False,True
43618733,150907,1654518,502,6198158,Sergio de Larrea,DAL,SG,6100.0,False,True
43618734,150907,1654518,503,6198158,Sergio de Larrea,DAL,SG,6100.0,False,True
43618735,150907,1234814,496,6198160,Chris Youngblood,POR,PG/SG,6000.0,False,True
43618736,150907,1234814,497,6198160,Chris Youngblood,POR,PG/SG,6000.0,False,True
43618737,150907,1234814,502,6198160,Chris Youngblood,POR,PG/SG,6000.0,False,True
43618738,150907,1234814,503,6198160,Chris Youngblood,POR,PG/SG,6000.0,False,True
43618739,150907,1401394,496,6198159,Tre Donaldson,MIA,PG,6000.0,False,True
43618740,150907,1401394,502,6198159,Tre Donaldson,MIA,PG,6000.0,False,True
43618741,150907,1401394,503,6198159,Tre Donaldson,MIA,PG,6000.0,False,True
43618742,150907,1342729,497,6198159,Kendall Brown,MIA,SG/SF,5900.0,False,True
43618743,150907,1342729,498,6198159,Kendall Brown,MIA,SG/SF,5900.0,False,True
43618744,150907,1342729,502,6198159,Kendall Brown,MIA,SG/SF,5900.0,False,True
43618745,150907,1342729,501,6198159,Kendall Brown,MIA,SG/SF,5900.0,False,True
43618746,150907,1342729,503,6198159,Kendall Brown,MIA,SG/SF,5900.0,False,True
43618747,150907,1197096,499,6198161,Enrique Freeman,MIN,PF,5900.0,False,True
43618748,150907,1197096,501,6198161,Enrique Freeman,MIN,PF,5900.0,False,True
43618749,150907,1197096,503,6198161,Enrique Freeman,MIN,PF,5900.0,False,True
43618750,150907,1135193,498,6198158,Liam Robbins,NY,SF/PF,5800.0,False,True
43618751,150907,1135193,499,6198158,Liam Robbins,NY,SF/PF,5800.0,False,True
43618752,150907,1135193,501,6198158,Liam Robbins,NY,SF/PF,5800.0,False,True
43618753,150907,1135193,503,6198158,Liam Robbins,NY,SF/PF,5800.0,False,True
43618754,150907,1176770,499,6198160,Orlando Robinson,UTA,PF/C,5800.0,False,True
43618755,150907,1176770,500,6198160,Orlando Robinson,UTA,PF/C,5800.0,False,True
43618756,150907,1176770,501,6198160,Orlando Robinson,UTA,PF/C,5800.0,False,True
43618757,150907,1176770,503,6198160,Orlando Robinson,UTA,PF/C,5800.0,False,True
43618758,150907,1323621,496,6198158,Ryan Nembhard,DAL,PG/SG,5700.0,False,True
43618759,150907,1323621,497,6198158,Ryan Nembhard,DAL,PG/SG,5700.0,False,True
43618760,150907,1323621,502,6198158,Ryan Nembhard,DAL,PG/SG,5700.0,False,True
43618761,150907,1323621,503,6198158,Ryan Nembhard,DAL,PG/SG,5700.0,False,True
43618762,150907,1323990,496,6198159,Trevor Keels,MIA,PG/SG,5700.0,False,True
43618763,150907,1323990,497,6198159,Trevor Keels,MIA,PG/SG,5700.0,False,True
43618764,150907,1323990,502,6198159,Trevor Keels,MIA,PG/SG,5700.0,False,True
43618765,150907,1323990,503,6198159,Trevor Keels,MIA,PG/SG,5700.0,False,True
43618766,150907,1323633,496,6198160,Trey Alexander,UTA,PG/SG,5600.0,False,True
43618767,150907,1323633,497,6198160,Trey Alexander,UTA,PG/SG,5600.0,False,True
43618768,150907,1323633,502,6198160,Trey Alexander,UTA,PG/SG,5600.0,False,True
43618769,150907,1323633,503,6198160,Trey Alexander,UTA,PG/SG,5600.0,False,True
43618770,150907,1409675,500,6198159,Ugonna Onyenso,DET,C,5600.0,False,True
43618771,150907,1409675,503,6198159,Ugonna Onyenso,DET,C,5600.0,False,True
43618772,150907,1654816,497,6198158,Vsevolod Ishchenko,DAL,SG,5500.0,False,True
43618773,150907,1654816,502,6198158,Vsevolod Ishchenko,DAL,SG,5500.0,False,True
43618774,150907,1654816,503,6198158,Vsevolod Ishchenko,DAL,SG,5500.0,False,True
43618775,150907,1186764,496,6198161,Donovan Williams,MIN,PG/SG,5500.0,False,True
43618776,150907,1186764,497,6198161,Donovan Williams,MIN,PG/SG,5500.0,False,True
43618777,150907,1186764,502,6198161,Donovan Williams,MIN,PG/SG,5500.0,False,True
43618778,150907,1186764,503,6198161,Donovan Williams,MIN,PG/SG,5500.0,False,True
43618779,150907,1175300,496,6198158,Darin Green Jr.,DAL,PG/SG,5400.0,False,True
43618780,150907,1175300,497,6198158,Darin Green Jr.,DAL,PG/SG,5400.0,False,True
43618781,150907,1175300,502,6198158,Darin Green Jr.,DAL,PG/SG,5400.0,False,True
43618782,150907,1175300,503,6198158,Darin Green Jr.,DAL,PG/SG,5400.0,False,True
43618783,150907,1179796,496,6198160,Quincy Olivari,POR,PG/SG,5400.0,False,True
43618784,150907,1179796,497,6198160,Quincy Olivari,POR,PG/SG,5400.0,False,True
43618785,150907,1179796,502,6198160,Quincy Olivari,POR,PG/SG,5400.0,False,True
43618786,150907,1179796,503,6198160,Quincy Olivari,POR,PG/SG,5400.0,False,True
43618787,150907,1175108,496,6198161,Damion Baugh,MIN,PG/SG,5300.0,False,True
43618788,150907,1175108,497,6198161,Damion Baugh,MIN,PG/SG,5300.0,False,True
43618789,150907,1175108,502,6198161,Damion Baugh,MIN,PG/SG,5300.0,False,True
43618790,150907,1175108,503,6198161,Damion Baugh,MIN,PG/SG,5300.0,False,True
43618791,150907,1232503,496,6198158,Toby Okani,NY,PG/SG,5300.0,False,True
43618792,150907,1232503,497,6198158,Toby Okani,NY,PG/SG,5300.0,False,True
43618793,150907,1232503,502,6198158,Toby Okani,NY,PG/SG,5300.0,False,True
43618794,150907,1232503,503,6198158,Toby Okani,NY,PG/SG,5300.0,False,True
43618795,150907,1340786,496,6198160,Matthew Cleveland,UTA,PG/SG,5200.0,False,True
43618796,150907,1340786,497,6198160,Matthew Cleveland,UTA,PG/SG,5200.0,False,True
43618797,150907,1340786,502,6198160,Matthew Cleveland,UTA,PG/SG,5200.0,False,True
43618798,150907,1340786,503,6198160,Matthew Cleveland,UTA,PG/SG,5200.0,False,True
43618799,150907,1325097,499,6198161,Trey Kaufman-Renn,MIN,PF,5200.0,False,True
43618800,150907,1325097,501,6198161,Trey Kaufman-Renn,MIN,PF,5200.0,False,True
43618801,150907,1325097,503,6198161,Trey Kaufman-Renn,MIN,PF,5200.0,False,True
43618802,150907,1232539,499,6198160,Andersson Garcia,UTA,PF,5100.0,False,True
43618803,150907,1232539,501,6198160,Andersson Garcia,UTA,PF,5100.0,False,True
43618804,150907,1232539,503,6198160,Andersson Garcia,UTA,PF,5100.0,False,True
43618805,150907,1176279,496,6198159,Brice Williams,DET,PG/SG,5100.0,False,True
43618806,150907,1176279,497,6198159,Brice Williams,DET,PG/SG,5100.0,False,True
43618807,150907,1176279,502,6198159,Brice Williams,DET,PG/SG,5100.0,False,True
43618808,150907,1176279,503,6198159,Brice Williams,DET,PG/SG,5100.0,False,True
43618809,150907,1343052,496,6198158,John Poulakidas,DAL,PG/SG,5000.0,False,True
43618810,150907,1343052,497,6198158,John Poulakidas,DAL,PG/SG,5000.0,False,True
43618811,150907,1343052,502,6198158,John Poulakidas,DAL,PG/SG,5000.0,False,True
43618812,150907,1343052,503,6198158,John Poulakidas,DAL,PG/SG,5000.0,False,True
43618813,150907,1408263,498,6198158,Tobi Lawal,DAL,SF,5000.0,False,True
43618814,150907,1408263,501,6198158,Tobi Lawal,DAL,SF,5000.0,False,True
43618815,150907,1408263,503,6198158,Tobi Lawal,DAL,SF,5000.0,False,True
43618816,150907,1343051,496,6198160,Bez Mbeng,UTA,PG/SG,5000.0,False,True
43618817,150907,1343051,497,6198160,Bez Mbeng,UTA,PG/SG,5000.0,False,True
43618818,150907,1343051,502,6198160,Bez Mbeng,UTA,PG/SG,5000.0,False,True
43618819,150907,1343051,503,6198160,Bez Mbeng,UTA,PG/SG,5000.0,False,True
43618820,150907,1145246,498,6198158,Kaodirichi Akobundu-Ehiogu,DAL,SF/PF,4900.0,False,True
43618821,150907,1145246,499,6198158,Kaodirichi Akobundu-Ehiogu,DAL,SF/PF,4900.0,False,True
43618822,150907,1145246,501,6198158,Kaodirichi Akobundu-Ehiogu,DAL,SF/PF,4900.0,False,True
43618823,150907,1145246,503,6198158,Kaodirichi Akobundu-Ehiogu,DAL,SF/PF,4900.0,False,True
43618824,150907,1429357,499,6198158,Tyler Smith,DAL,PF,4900.0,False,True
43618825,150907,1429357,501,6198158,Tyler Smith,DAL,PF,4900.0,False,True
43618826,150907,1429357,503,6198158,Tyler Smith,DAL,PF,4900.0,False,True
43618827,150907,1134179,497,6198160,Blake Hinson,UTA,SG,4900.0,False,True
43618828,150907,1134179,502,6198160,Blake Hinson,UTA,SG,4900.0,False,True
43618829,150907,1134179,503,6198160,Blake Hinson,UTA,SG,4900.0,False,True
43618830,150907,1528636,496,6198159,Nate Kingz,MIA,PG/SG,4800.0,False,True
43618831,150907,1528636,497,6198159,Nate Kingz,MIA,PG/SG,4800.0,False,True
43618832,150907,1528636,502,6198159,Nate Kingz,MIA,PG/SG,4800.0,False,True
43618833,150907,1528636,503,6198159,Nate Kingz,MIA,PG/SG,4800.0,False,True
43618834,150907,1408200,496,6198158,Treysen Eaglestaff,NY,PG/SG,4800.0,False,True
43618835,150907,1408200,497,6198158,Treysen Eaglestaff,NY,PG/SG,4800.0,False,True
43618836,150907,1408200,502,6198158,Treysen Eaglestaff,NY,PG/SG,4800.0,False,True
43618837,150907,1408200,503,6198158,Treysen Eaglestaff,NY,PG/SG,4800.0,False,True
43618838,150907,1482267,496,6198160,Hayden Gray,UTA,PG/SG,4800.0,False,True
43618839,150907,1482267,497,6198160,Hayden Gray,UTA,PG/SG,4800.0,False,True
43618840,150907,1482267,502,6198160,Hayden Gray,UTA,PG/SG,4800.0,False,True
43618841,150907,1482267,503,6198160,Hayden Gray,UTA,PG/SG,4800.0,False,True
43618842,150907,1232447,498,6198161,Jahmyl Telfort,LAC,SF/PF,4700.0,False,True
43618843,150907,1232447,499,6198161,Jahmyl Telfort,LAC,SF/PF,4700.0,False,True
43618844,150907,1232447,501,6198161,Jahmyl Telfort,LAC,SF/PF,4700.0,False,True
43618845,150907,1232447,503,6198161,Jahmyl Telfort,LAC,SF/PF,4700.0,False,True
43618846,150907,1453380,498,6198160,Aliou Diarra,POR,SF/PF,4700.0,False,True
43618847,150907,1453380,499,6198160,Aliou Diarra,POR,SF/PF,4700.0,False,True
43618848,150907,1453380,501,6198160,Aliou Diarra,POR,SF/PF,4700.0,False,True
43618849,150907,1453380,503,6198160,Aliou Diarra,POR,SF/PF,4700.0,False,True
43618850,150907,1232444,496,6198159,J'Vonne Hadley,MIA,PG/SG,4700.0,False,True
43618851,150907,1232444,497,6198159,J'Vonne Hadley,MIA,PG/SG,4700.0,False,True
43618852,150907,1232444,502,6198159,J'Vonne Hadley,MIA,PG/SG,4700.0,False,True
43618853,150907,1232444,503,6198159,J'Vonne Hadley,MIA,PG/SG,4700.0,False,True
43618854,150907,1230357,496,6198160,DJ Steward,POR,PG/SG,4600.0,False,True
43618855,150907,1230357,497,6198160,DJ Steward,POR,PG/SG,4600.0,False,True
43618856,150907,1230357,502,6198160,DJ Steward,POR,PG/SG,4600.0,False,True
43618857,150907,1230357,503,6198160,DJ Steward,POR,PG/SG,4600.0,False,True
43618858,150907,1408465,498,6198159,Keyshawn Hall,MIA,SF/PF,4600.0,False,True
43618859,150907,1408465,499,6198159,Keyshawn Hall,MIA,SF/PF,4600.0,False,True
43618860,150907,1408465,501,6198159,Keyshawn Hall,MIA,SF/PF,4600.0,False,True
43618861,150907,1408465,503,6198159,Keyshawn Hall,MIA,SF/PF,4600.0,False,True
43618862,150907,1405326,498,6198158,Jorge Diaz Graham,DAL,SF/PF,4600.0,False,True
43618863,150907,1405326,499,6198158,Jorge Diaz Graham,DAL,SF/PF,4600.0,False,True
43618864,150907,1405326,501,6198158,Jorge Diaz Graham,DAL,SF/PF,4600.0,False,True
43618865,150907,1405326,503,6198158,Jorge Diaz Graham,DAL,SF/PF,4600.0,False,True
43618866,150907,1245938,498,6198158,Lance Ware,NY,SF/PF,4600.0,False,True
43618867,150907,1245938,499,6198158,Lance Ware,NY,SF/PF,4600.0,False,True
43618868,150907,1245938,501,6198158,Lance Ware,NY,SF/PF,4600.0,False,True
43618869,150907,1245938,503,6198158,Lance Ware,NY,SF/PF,4600.0,False,True
43618870,150907,1325434,498,6198161,Nate Santos,MIN,SF/PF,4600.0,False,True
43618871,150907,1325434,499,6198161,Nate Santos,MIN,SF/PF,4600.0,False,True
43618872,150907,1325434,501,6198161,Nate Santos,MIN,SF/PF,4600.0,False,True
43618873,150907,1325434,503,6198161,Nate Santos,MIN,SF/PF,4600.0,False,True
43618874,150907,1406802,496,6198159,Drake Allen,DET,PG/SG,4500.0,False,True
43618875,150907,1406802,497,6198159,Drake Allen,DET,PG/SG,4500.0,False,True
43618876,150907,1406802,502,6198159,Drake Allen,DET,PG/SG,4500.0,False,True
43618877,150907,1406802,503,6198159,Drake Allen,DET,PG/SG,4500.0,False,True
43618878,150907,1405899,496,6198158,Oziyah Sellers,NY,PG/SG,4500.0,False,True
43618879,150907,1405899,497,6198158,Oziyah Sellers,NY,PG/SG,4500.0,False,True
43618880,150907,1405899,502,6198158,Oziyah Sellers,NY,PG/SG,4500.0,False,True
43618881,150907,1405899,503,6198158,Oziyah Sellers,NY,PG/SG,4500.0,False,True
43618882,150907,1405903,496,6198159,Tre White,MIA,PG/SG,4500.0,False,True
43618883,150907,1405903,497,6198159,Tre White,MIA,PG/SG,4500.0,False,True
43618884,150907,1405903,502,6198159,Tre White,MIA,PG/SG,4500.0,False,True
43618885,150907,1405903,503,6198159,Tre White,MIA,PG/SG,4500.0,False,True
43618886,150907,1401387,497,6198160,Barry Dunning Jr.,POR,SG/SF,4500.0,False,True
43618887,150907,1401387,498,6198160,Barry Dunning Jr.,POR,SG/SF,4500.0,False,True
43618888,150907,1401387,502,6198160,Barry Dunning Jr.,POR,SG/SF,4500.0,False,True
43618889,150907,1401387,501,6198160,Barry Dunning Jr.,POR,SG/SF,4500.0,False,True
43618890,150907,1401387,503,6198160,Barry Dunning Jr.,POR,SG/SF,4500.0,False,True
43618891,150907,1251745,498,6198158,Nick Jourdain,NY,SF/PF,4500.0,False,True
43618892,150907,1251745,499,6198158,Nick Jourdain,NY,SF/PF,4500.0,False,True
43618893,150907,1251745,501,6198158,Nick Jourdain,NY,SF/PF,4500.0,False,True
43618894,150907,1251745,503,6198158,Nick Jourdain,NY,SF/PF,4500.0,False,True
43618895,150907,1404043,496,6198159,Jaden Henley,DET,PG/SG,4400.0,False,True
43618896,150907,1404043,497,6198159,Jaden Henley,DET,PG/SG,4400.0,False,True
43618897,150907,1404043,502,6198159,Jaden Henley,DET,PG/SG,4400.0,False,True
43618898,150907,1404043,503,6198159,Jaden Henley,DET,PG/SG,4400.0,False,True
43618899,150907,1345648,496,6198158,Langston Wilson,NY,PG/SG,4400.0,False,True
43618900,150907,1345648,497,6198158,Langston Wilson,NY,PG/SG,4400.0,False,True
43618901,150907,1345648,502,6198158,Langston Wilson,NY,PG/SG,4400.0,False,True
43618902,150907,1345648,503,6198158,Langston Wilson,NY,PG/SG,4400.0,False,True
43618903,150907,1408253,496,6198159,Roddy Gayle Jr.,DET,PG/SG,4400.0,False,True
43618904,150907,1408253,497,6198159,Roddy Gayle Jr.,DET,PG/SG,4400.0,False,True
43618905,150907,1408253,502,6198159,Roddy Gayle Jr.,DET,PG/SG,4400.0,False,True
43618906,150907,1408253,503,6198159,Roddy Gayle Jr.,DET,PG/SG,4400.0,False,True
43618907,150907,1323682,498,6198159,Ian Schieffelin,MIA,SF/PF,4400.0,False,True
43618908,150907,1323682,499,6198159,Ian Schieffelin,MIA,SF/PF,4400.0,False,True
43618909,150907,1323682,501,6198159,Ian Schieffelin,MIA,SF/PF,4400.0,False,True
43618910,150907,1323682,503,6198159,Ian Schieffelin,MIA,SF/PF,4400.0,False,True
43618911,150907,1327795,496,6198160,Justin Harmon,UTA,PG/SG,4400.0,False,True
43618912,150907,1327795,497,6198160,Justin Harmon,UTA,PG/SG,4400.0,False,True
43618913,150907,1327795,502,6198160,Justin Harmon,UTA,PG/SG,4400.0,False,True
43618914,150907,1327795,503,6198160,Justin Harmon,UTA,PG/SG,4400.0,False,True
43618915,150907,1405367,496,6198161,Fletcher Loyer,LAC,PG/SG,4300.0,False,True
43618916,150907,1405367,497,6198161,Fletcher Loyer,LAC,PG/SG,4300.0,False,True
43618917,150907,1405367,502,6198161,Fletcher Loyer,LAC,PG/SG,4300.0,False,True
43618918,150907,1405367,503,6198161,Fletcher Loyer,LAC,PG/SG,4300.0,False,True
43618919,150907,1231852,498,6198160,Andrew Carr,POR,SF/PF,4300.0,False,True
43618920,150907,1231852,499,6198160,Andrew Carr,POR,SF/PF,4300.0,False,True
43618921,150907,1231852,501,6198160,Andrew Carr,POR,SF/PF,4300.0,False,True
43618922,150907,1231852,503,6198160,Andrew Carr,POR,SF/PF,4300.0,False,True
43618923,150907,1657336,497,6198158,Akoi Yuot,NY,SG,4300.0,False,True
43618924,150907,1657336,502,6198158,Akoi Yuot,NY,SG,4300.0,False,True
43618925,150907,1657336,503,6198158,Akoi Yuot,NY,SG,4300.0,False,True
43618926,150907,1340722,498,6198159,Basheer Jihad,DET,SF/PF,4300.0,False,True
43618927,150907,1340722,499,6198159,Basheer Jihad,DET,SF/PF,4300.0,False,True
43618928,150907,1340722,501,6198159,Basheer Jihad,DET,SF/PF,4300.0,False,True
43618929,150907,1340722,503,6198159,Basheer Jihad,DET,SF/PF,4300.0,False,True
43618930,150907,1403632,498,6198159,Ezra Ausar,MIA,SF/PF,4300.0,False,True
43618931,150907,1403632,499,6198159,Ezra Ausar,MIA,SF/PF,4300.0,False,True
43618932,150907,1403632,501,6198159,Ezra Ausar,MIA,SF/PF,4300.0,False,True
43618933,150907,1403632,503,6198159,Ezra Ausar,MIA,SF/PF,4300.0,False,True
43618934,150907,1402285,496,6198161,Riley Kugel,LAC,PG/SG,4200.0,False,True
43618935,150907,1402285,497,6198161,Riley Kugel,LAC,PG/SG,4200.0,False,True
43618936,150907,1402285,502,6198161,Riley Kugel,LAC,PG/SG,4200.0,False,True
43618937,150907,1402285,503,6198161,Riley Kugel,LAC,PG/SG,4200.0,False,True
43618938,150907,1325115,498,6198160,Frankie Fidler,POR,SF/PF,4200.0,False,True
43618939,150907,1325115,499,6198160,Frankie Fidler,POR,SF/PF,4200.0,False,True
43618940,150907,1325115,501,6198160,Frankie Fidler,POR,SF/PF,4200.0,False,True
43618941,150907,1325115,503,6198160,Frankie Fidler,POR,SF/PF,4200.0,False,True
43618942,150907,1134758,498,6198160,Kylor Kelley,UTA,SF/PF,4200.0,False,True
43618943,150907,1134758,499,6198160,Kylor Kelley,UTA,SF/PF,4200.0,False,True
43618944,150907,1134758,501,6198160,Kylor Kelley,UTA,SF/PF,4200.0,False,True
43618945,150907,1134758,503,6198160,Kylor Kelley,UTA,SF/PF,4200.0,False,True
43618946,150907,1357735,498,6198158,Keith Palek III,NY,SF/PF,4200.0,False,True
43618947,150907,1357735,499,6198158,Keith Palek III,NY,SF/PF,4200.0,False,True
43618948,150907,1357735,501,6198158,Keith Palek III,NY,SF/PF,4200.0,False,True
43618949,150907,1357735,503,6198158,Keith Palek III,NY,SF/PF,4200.0,False,True
43618950,150907,1333783,497,6198160,Tamar Bates,UTA,SG,4200.0,False,True
43618951,150907,1333783,502,6198160,Tamar Bates,UTA,SG,4200.0,False,True
43618952,150907,1333783,503,6198160,Tamar Bates,UTA,SG,4200.0,False,True
43618953,150907,1094731,496,6198160,Flynn Cameron,POR,PG/SG,4100.0,False,True
43618954,150907,1094731,497,6198160,Flynn Cameron,POR,PG/SG,4100.0,False,True
43618955,150907,1094731,502,6198160,Flynn Cameron,POR,PG/SG,4100.0,False,True
43618956,150907,1094731,503,6198160,Flynn Cameron,POR,PG/SG,4100.0,False,True
43618957,150907,1231555,498,6198159,Steven Crowl,DET,SF/PF,4100.0,False,True
43618958,150907,1231555,499,6198159,Steven Crowl,DET,SF/PF,4100.0,False,True
43618959,150907,1231555,501,6198159,Steven Crowl,DET,SF/PF,4100.0,False,True
43618960,150907,1231555,503,6198159,Steven Crowl,DET,SF/PF,4100.0,False,True
43618961,150907,1406922,496,6198158,Will Johnston,NY,PG/SG,4100.0,False,True
43618962,150907,1406922,497,6198158,Will Johnston,NY,PG/SG,4100.0,False,True
43618963,150907,1406922,502,6198158,Will Johnston,NY,PG/SG,4100.0,False,True
43618964,150907,1406922,503,6198158,Will Johnston,NY,PG/SG,4100.0,False,True
43618965,150907,1481234,497,6198159,Corey Stephenson,DET,SG/SF,4100.0,False,True
43618966,150907,1481234,498,6198159,Corey Stephenson,DET,SG/SF,4100.0,False,True
43618967,150907,1481234,502,6198159,Corey Stephenson,DET,SG/SF,4100.0,False,True
43618968,150907,1481234,501,6198159,Corey Stephenson,DET,SG/SF,4100.0,False,True
43618969,150907,1481234,503,6198159,Corey Stephenson,DET,SG/SF,4100.0,False,True
43618970,150907,1193435,498,6198161,Jaylin Williams,MIN,SF/PF,4100.0,False,True
43618971,150907,1193435,499,6198161,Jaylin Williams,MIN,SF/PF,4100.0,False,True
43618972,150907,1193435,501,6198161,Jaylin Williams,MIN,SF/PF,4100.0,False,True
43618973,150907,1193435,503,6198161,Jaylin Williams,MIN,SF/PF,4100.0,False,True
43618974,150907,1560464,496,6198159,Orlando Thomas,DET,PG/SG,4000.0,False,True
43618975,150907,1560464,497,6198159,Orlando Thomas,DET,PG/SG,4000.0,False,True
43618976,150907,1560464,502,6198159,Orlando Thomas,DET,PG/SG,4000.0,False,True
43618977,150907,1560464,503,6198159,Orlando Thomas,DET,PG/SG,4000.0,False,True
43618978,150907,1405882,496,6198161,Trey Campbell,MIN,PG/SG,4000.0,False,True
43618979,150907,1405882,497,6198161,Trey Campbell,MIN,PG/SG,4000.0,False,True
43618980,150907,1405882,502,6198161,Trey Campbell,MIN,PG/SG,4000.0,False,True
43618981,150907,1405882,503,6198161,Trey Campbell,MIN,PG/SG,4000.0,False,True
43618982,150907,1323523,498,6198161,Chris Mantis,MIN,SF/PF,4000.0,False,True
43618983,150907,1323523,499,6198161,Chris Mantis,MIN,SF/PF,4000.0,False,True
43618984,150907,1323523,501,6198161,Chris Mantis,MIN,SF/PF,4000.0,False,True
43618985,150907,1323523,503,6198161,Chris Mantis,MIN,SF/PF,4000.0,False,True
43618986,150907,1422977,498,6198161,Toby Harris,MIN,SF/PF,4000.0,False,True
43618987,150907,1422977,499,6198161,Toby Harris,MIN,SF/PF,4000.0,False,True
43618988,150907,1422977,501,6198161,Toby Harris,MIN,SF/PF,4000.0,False,True
43618989,150907,1422977,503,6198161,Toby Harris,MIN,SF/PF,4000.0,False,True
43618990,150907,1490077,498,6198159,Latavious Mitchell,DET,SF/PF,4000.0,False,True
43618991,150907,1490077,499,6198159,Latavious Mitchell,DET,SF/PF,4000.0,False,True
43618992,150907,1490077,501,6198159,Latavious Mitchell,DET,SF/PF,4000.0,False,True
43618993,150907,1490077,503,6198159,Latavious Mitchell,DET,SF/PF,4000.0,False,True
43618994,150907,1326056,498,6198161,Devin McGlockton,MIN,SF/PF,4000.0,False,True
43618995,150907,1326056,499,6198161,Devin McGlockton,MIN,SF/PF,4000.0,False,True
43618996,150907,1326056,501,6198161,Devin McGlockton,MIN,SF/PF,4000.0,False,True
43618997,150907,1326056,503,6198161,Devin McGlockton,MIN,SF/PF,4000.0,False,True
43618998,150907,1324084,498,6198158,Ja'Vier Francis,DAL,SF/PF,4000.0,False,True
43618999,150907,1324084,499,6198158,Ja'Vier Francis,DAL,SF/PF,4000.0,False,True
43619000,150907,1324084,501,6198158,Ja'Vier Francis,DAL,SF/PF,4000.0,False,True
43619001,150907,1324084,503,6198158,Ja'Vier Francis,DAL,SF/PF,4000.0,False,True
43619002,150907,1176244,498,6198160,Eric Dixon,UTA,SF/PF,4000.0,False,True
43619003,150907,1176244,499,6198160,Eric Dixon,UTA,SF/PF,4000.0,False,True
43619004,150907,1176244,501,6198160,Eric Dixon,UTA,SF/PF,4000.0,False,True
43619005,150907,1176244,503,6198160,Eric Dixon,UTA,SF/PF,4000.0,False,True
43619006,150907,1326890,496,6198158,Erik Reynolds II,NY,PG/SG,4000.0,False,True
43619007,150907,1326890,497,6198158,Erik Reynolds II,NY,PG/SG,4000.0,False,True
43619008,150907,1326890,502,6198158,Erik Reynolds II,NY,PG/SG,4000.0,False,True
43619009,150907,1326890,503,6198158,Erik Reynolds II,NY,PG/SG,4000.0,False,True
43619010,150907,1420755,500,6198159,Arnas Sakenis,MIA,C,4000.0,False,True
43619011,150907,1420755,503,6198159,Arnas Sakenis,MIA,C,4000.0,False,True
43619012,150907,1408442,496,6198161,Aidan Mahaney,MIN,PG/SG,4000.0,False,True
43619013,150907,1408442,497,6198161,Aidan Mahaney,MIN,PG/SG,4000.0,False,True
43619014,150907,1408442,502,6198161,Aidan Mahaney,MIN,PG/SG,4000.0,False,True
43619015,150907,1408442,503,6198161,Aidan Mahaney,MIN,PG/SG,4000.0,False,True
43619016,150907,1193984,496,6198160,Max Abmas,UTA,PG/SG,4000.0,False,True
43619017,150907,1193984,497,6198160,Max Abmas,UTA,PG/SG,4000.0,False,True
43619018,150907,1193984,502,6198160,Max Abmas,UTA,PG/SG,4000.0,False,True
43619019,150907,1193984,503,6198160,Max Abmas,UTA,PG/SG,4000.0,False,True
43619020,150907,1340701,496,6198158,Jaden Akins,NY,PG/SG,4000.0,False,True
43619021,150907,1340701,497,6198158,Jaden Akins,NY,PG/SG,4000.0,False,True
43619022,150907,1340701,502,6198158,Jaden Akins,NY,PG/SG,4000.0,False,True
43619023,150907,1340701,503,6198158,Jaden Akins,NY,PG/SG,4000.0,False,True
43619024,150907,1193101,496,6198161,Dajuan Harris Jr.,MIN,PG/SG,4000.0,False,True
43619025,150907,1193101,497,6198161,Dajuan Harris Jr.,MIN,PG/SG,4000.0,False,True
43619026,150907,1193101,502,6198161,Dajuan Harris Jr.,MIN,PG/SG,4000.0,False,True
43619027,150907,1193101,503,6198161,Dajuan Harris Jr.,MIN,PG/SG,4000.0,False,True
43619028,150907,1266174,496,6198159,Meechie Johnson,MIA,PG/SG,4000.0,False,True
43619029,150907,1266174,497,6198159,Meechie Johnson,MIA,PG/SG,4000.0,False,True
43619030,150907,1266174,502,6198159,Meechie Johnson,MIA,PG/SG,4000.0,False,True
43619031,150907,1266174,503,6198159,Meechie Johnson,MIA,PG/SG,4000.0,False,True
43619032,150907,1176278,498,6198161,Zach Freemantle,LAC,SF/PF,4000.0,False,True
43619033,150907,1176278,499,6198161,Zach Freemantle,LAC,SF/PF,4000.0,False,True
43619034,150907,1176278,501,6198161,Zach Freemantle,LAC,SF/PF,4000.0,False,True
43619035,150907,1176278,503,6198161,Zach Freemantle,LAC,SF/PF,4000.0,False,True
43619036,150907,1257476,496,6198161,Themus Fulks,LAC,PG/SG,4000.0,False,True
43619037,150907,1257476,497,6198161,Themus Fulks,LAC,PG/SG,4000.0,False,True
43619038,150907,1257476,502,6198161,Themus Fulks,LAC,PG/SG,4000.0,False,True
43619039,150907,1257476,503,6198161,Themus Fulks,LAC,PG/SG,4000.0,False,True
43619040,150907,1413220,498,6198160,Jaxon Kohler,UTA,SF/PF,4000.0,False,True
43619041,150907,1413220,499,6198160,Jaxon Kohler,UTA,SF/PF,4000.0,False,True
43619042,150907,1413220,501,6198160,Jaxon Kohler,UTA,SF/PF,4000.0,False,True
43619043,150907,1413220,503,6198160,Jaxon Kohler,UTA,SF/PF,4000.0,False,True
43619044,150907,1416410,500,6198160,Micah Handlogten,UTA,C,4000.0,False,True
43619045,150907,1416410,503,6198160,Micah Handlogten,UTA,C,4000.0,False,True
43619046,150907,1406916,499,6198160,Mohamed Wague,UTA,PF/C,4000.0,False,True
43619047,150907,1406916,500,6198160,Mohamed Wague,UTA,PF/C,4000.0,False,True
43619048,150907,1406916,501,6198160,Mohamed Wague,UTA,PF/C,4000.0,False,True
43619049,150907,1406916,503,6198160,Mohamed Wague,UTA,PF/C,4000.0,False,True
43619050,150907,1405328,498,6198158,Guillermo Diaz Graham,DAL,SF/PF,4000.0,False,True
43619051,150907,1405328,499,6198158,Guillermo Diaz Graham,DAL,SF/PF,4000.0,False,True
43619052,150907,1405328,501,6198158,Guillermo Diaz Graham,DAL,SF/PF,4000.0,False,True
43619053,150907,1405328,503,6198158,Guillermo Diaz Graham,DAL,SF/PF,4000.0,False,True
43619054,150907,1351088,496,6198159,Cam Carter,MIA,PG/SG,4000.0,False,True
43619055,150907,1351088,497,6198159,Cam Carter,MIA,PG/SG,4000.0,False,True
43619056,150907,1351088,502,6198159,Cam Carter,MIA,PG/SG,4000.0,False,True
43619057,150907,1351088,503,6198159,Cam Carter,MIA,PG/SG,4000.0,False,True
43619058,150907,1134005,496,6198160,Kira Lewis Jr.,POR,PG/SG,4400.0,False,True
43619059,150907,1134005,497,6198160,Kira Lewis Jr.,POR,PG/SG,4400.0,False,True
43619060,150907,1134005,502,6198160,Kira Lewis Jr.,POR,PG/SG,4400.0,False,True
43619061,150907,1134005,503,6198160,Kira Lewis Jr.,POR,PG/SG,4400.0,False,True
43619062,150908,1594900,464,6198160,Darryn Peterson,UTA,SG,,False,False
43619063,150908,1594900,465,6198160,Darryn Peterson,UTA,SG,,False,False
43619064,150908,1594900,636,6198160,Darryn Peterson,UTA,SG,,False,False
43619065,150908,1403624,633,6198159,Isaac Jones,DET,SF,,False,False
43619066,150908,1403624,465,6198159,Isaac Jones,DET,SF,,False,False
43619067,150908,1403624,636,6198159,Isaac Jones,DET,SF,,False,False
43619068,150908,1500956,633,6198158,Pacome Dadiet,NY,SF,,False,False
43619069,150908,1500956,465,6198158,Pacome Dadiet,NY,SF,,False,False
43619070,150908,1500956,636,6198158,Pacome Dadiet,NY,SF,,False,False
43619071,150908,1589783,464,6198161,Keaton Wagler,LAC,SG,,False,False
43619072,150908,1589783,465,6198161,Keaton Wagler,LAC,SG,,False,False
43619073,150908,1589783,636,6198161,Keaton Wagler,LAC,SG,,False,False
43619074,150908,1519363,633,6198160,Ace Bailey,UTA,PF,,False,False
43619075,150908,1519363,465,6198160,Ace Bailey,UTA,PF,,False,False
43619076,150908,1519363,636,6198160,Ace Bailey,UTA,PF,,False,False
43619077,150908,1520671,633,6198158,Morez Johnson,DAL,PF,,False,False
43619078,150908,1520671,465,6198158,Morez Johnson,DAL,PF,,False,False
43619079,150908,1520671,636,6198158,Morez Johnson,DAL,PF,,False,False
43619080,150908,1437712,633,6198158,Mohamed Diawara,NY,SF,,False,False
43619081,150908,1437712,465,6198158,Mohamed Diawara,NY,SF,,False,False
43619082,150908,1437712,636,6198158,Mohamed Diawara,NY,SF,,False,False
43619083,150908,1231938,464,6198161,Kobe Sanders,LAC,SG,,False,False
43619084,150908,1231938,465,6198161,Kobe Sanders,LAC,SG,,False,False
43619085,150908,1231938,636,6198161,Kobe Sanders,LAC,SG,,False,False
43619086,150908,1590552,633,6198161,Joan Beringer,MIN,C,,False,False
43619087,150908,1590552,465,6198161,Joan Beringer,MIN,C,,False,False
43619088,150908,1590552,636,6198161,Joan Beringer,MIN,C,,False,False
43619089,150908,1232481,464,6198159,Chaz Lanier,DET,SG,,False,False
43619090,150908,1232481,465,6198159,Chaz Lanier,DET,SG,,False,False
43619091,150908,1232481,636,6198159,Chaz Lanier,DET,SG,,False,False
43619092,150908,1328254,633,6198160,Jonas Aidoo,UTA,C,,False,False
43619093,150908,1328254,465,6198160,Jonas Aidoo,UTA,C,,False,False
43619094,150908,1328254,636,6198160,Jonas Aidoo,UTA,C,,False,False
43619095,150908,1591570,633,6198160,Hansen Yang,POR,C,,False,False
43619096,150908,1591570,465,6198160,Hansen Yang,POR,C,,False,False
43619097,150908,1591570,636,6198160,Hansen Yang,POR,C,,False,False
43619098,150908,1196146,464,6198161,Zyon Pullin,MIN,PG,,False,False
43619099,150908,1196146,465,6198161,Zyon Pullin,MIN,PG,,False,False
43619100,150908,1196146,636,6198161,Zyon Pullin,MIN,PG,,False,False
43619101,150908,1231442,633,6198158,Dillon Jones,NY,SF,,False,False
43619102,150908,1231442,465,6198158,Dillon Jones,NY,SF,,False,False
43619103,150908,1231442,636,6198158,Dillon Jones,NY,SF,,False,False
43619104,150908,1654519,464,6198158,Jack Kayil,NY,PG,,False,False
43619105,150908,1654519,465,6198158,Jack Kayil,NY,PG,,False,False
43619106,150908,1654519,636,6198158,Jack Kayil,NY,PG,,False,False
43619107,150908,1231386,633,6198161,Norchad Omier,LAC,SF,,False,False
43619108,150908,1231386,465,6198161,Norchad Omier,LAC,SF,,False,False
43619109,150908,1231386,636,6198161,Norchad Omier,LAC,SF,,False,False
43619110,150908,1241594,633,6198159,Vladislav Goldin,MIA,C,,False,False
43619111,150908,1241594,465,6198159,Vladislav Goldin,MIA,C,,False,False
43619112,150908,1241594,636,6198159,Vladislav Goldin,MIA,C,,False,False
43619113,150908,1593398,464,6198159,Ebuka Okorie,DET,PG,,False,False
43619114,150908,1593398,465,6198159,Ebuka Okorie,DET,PG,,False,False
43619115,150908,1593398,636,6198159,Ebuka Okorie,DET,PG,,False,False
43619116,150908,1402304,633,6198161,Baba Miller,LAC,PF,,False,False
43619117,150908,1402304,465,6198161,Baba Miller,LAC,PF,,False,False
43619118,150908,1402304,636,6198161,Baba Miller,LAC,PF,,False,False
43619119,150908,1429347,464,6198160,Jaylen Martin,POR,PG,,False,False
43619120,150908,1429347,465,6198160,Jaylen Martin,POR,PG,,False,False
43619121,150908,1429347,636,6198160,Jaylen Martin,POR,PG,,False,False
43619122,150908,1193172,633,6198160,Jalen Bridges,POR,SF,,False,False
43619123,150908,1193172,465,6198160,Jalen Bridges,POR,SF,,False,False
43619124,150908,1193172,636,6198160,Jalen Bridges,POR,SF,,False,False
43619125,150908,1458830,633,6198160,Cody Williams,UTA,SF,,False,False
43619126,150908,1458830,465,6198160,Cody Williams,UTA,SF,,False,False
43619127,150908,1458830,636,6198160,Cody Williams,UTA,SF,,False,False
43619128,150908,1460155,464,6198161,Cam Christie,LAC,SG,,False,False
43619129,150908,1460155,465,6198161,Cam Christie,LAC,SG,,False,False
43619130,150908,1460155,636,6198161,Cam Christie,LAC,SG,,False,False
43619131,150908,1176274,464,6198159,Jahmir Young,MIA,PG,,False,False
43619132,150908,1176274,465,6198159,Jahmir Young,MIA,PG,,False,False
43619133,150908,1176274,636,6198159,Jahmir Young,MIA,PG,,False,False
43619134,150908,1231665,464,6198158,Jaden Springer,DAL,PG,,False,False
43619135,150908,1231665,465,6198158,Jaden Springer,DAL,PG,,False,False
43619136,150908,1231665,636,6198158,Jaden Springer,DAL,PG,,False,False
43619137,150908,1405312,633,6198161,Nick Martinelli,LAC,SF,,False,False
43619138,150908,1405312,465,6198161,Nick Martinelli,LAC,SF,,False,False
43619139,150908,1405312,636,6198161,Nick Martinelli,LAC,SF,,False,False
43619140,150908,1502168,633,6198161,Rocco Zikarsky,MIN,C,,False,False
43619141,150908,1502168,465,6198161,Rocco Zikarsky,MIN,C,,False,False
43619142,150908,1502168,636,6198161,Rocco Zikarsky,MIN,C,,False,False
43619143,150908,1243685,633,6198160,Jayson Kent,POR,SF,,False,False
43619144,150908,1243685,465,6198160,Jayson Kent,POR,SF,,False,False
43619145,150908,1243685,636,6198160,Jayson Kent,POR,SF,,False,False
43619146,150908,1405046,633,6198158,Tyler Nickel,NY,SF,,False,False
43619147,150908,1405046,465,6198158,Tyler Nickel,NY,SF,,False,False
43619148,150908,1405046,636,6198158,Tyler Nickel,NY,SF,,False,False
43619149,150908,1519129,464,6198161,Isaiah Evans,MIN,SG,,False,False
43619150,150908,1519129,465,6198161,Isaiah Evans,MIN,SG,,False,False
43619151,150908,1519129,636,6198161,Isaiah Evans,MIN,SG,,False,False
43619152,150908,1197462,464,6198159,Myron Gardner,MIA,PG,,False,False
43619153,150908,1197462,465,6198159,Myron Gardner,MIA,PG,,False,False
43619154,150908,1197462,636,6198159,Myron Gardner,MIA,PG,,False,False
43619155,150908,1405618,464,6198159,Ryan Conwell,MIA,SG,,False,False
43619156,150908,1405618,465,6198159,Ryan Conwell,MIA,SG,,False,False
43619157,150908,1405618,636,6198159,Ryan Conwell,MIA,SG,,False,False
43619158,150908,1326079,464,6198161,Sean Pedulla,LAC,PG,,False,False
43619159,150908,1326079,465,6198161,Sean Pedulla,LAC,PG,,False,False
43619160,150908,1326079,636,6198161,Sean Pedulla,LAC,PG,,False,False
43619161,150908,1654518,464,6198158,Sergio de Larrea,DAL,SG,,False,False
43619162,150908,1654518,465,6198158,Sergio de Larrea,DAL,SG,,False,False
43619163,150908,1654518,636,6198158,Sergio de Larrea,DAL,SG,,False,False
43619164,150908,1234814,464,6198160,Chris Youngblood,POR,PG,,False,False
43619165,150908,1234814,465,6198160,Chris Youngblood,POR,PG,,False,False
43619166,150908,1234814,636,6198160,Chris Youngblood,POR,PG,,False,False
43619167,150908,1401394,464,6198159,Tre Donaldson,MIA,PG,,False,False
43619168,150908,1401394,465,6198159,Tre Donaldson,MIA,PG,,False,False
43619169,150908,1401394,636,6198159,Tre Donaldson,MIA,PG,,False,False
43619170,150908,1342729,633,6198159,Kendall Brown,MIA,SF,,False,False
43619171,150908,1342729,465,6198159,Kendall Brown,MIA,SF,,False,False
43619172,150908,1342729,636,6198159,Kendall Brown,MIA,SF,,False,False
43619173,150908,1197096,633,6198161,Enrique Freeman,MIN,PF,,False,False
43619174,150908,1197096,465,6198161,Enrique Freeman,MIN,PF,,False,False
43619175,150908,1197096,636,6198161,Enrique Freeman,MIN,PF,,False,False
43619176,150908,1135193,633,6198158,Liam Robbins,NY,SF,,False,False
43619177,150908,1135193,465,6198158,Liam Robbins,NY,SF,,False,False
43619178,150908,1135193,636,6198158,Liam Robbins,NY,SF,,False,False
43619179,150908,1176770,633,6198160,Orlando Robinson,UTA,PF,,False,False
43619180,150908,1176770,465,6198160,Orlando Robinson,UTA,PF,,False,False
43619181,150908,1176770,636,6198160,Orlando Robinson,UTA,PF,,False,False
43619182,150908,1323621,464,6198158,Ryan Nembhard,DAL,PG,,False,False
43619183,150908,1323621,465,6198158,Ryan Nembhard,DAL,PG,,False,False
43619184,150908,1323621,636,6198158,Ryan Nembhard,DAL,PG,,False,False
43619185,150908,1323990,464,6198159,Trevor Keels,MIA,PG,,False,False
43619186,150908,1323990,465,6198159,Trevor Keels,MIA,PG,,False,False
43619187,150908,1323990,636,6198159,Trevor Keels,MIA,PG,,False,False
43619188,150908,1323633,464,6198160,Trey Alexander,UTA,PG,,False,False
43619189,150908,1323633,465,6198160,Trey Alexander,UTA,PG,,False,False
43619190,150908,1323633,636,6198160,Trey Alexander,UTA,PG,,False,False
43619191,150908,1409675,633,6198159,Ugonna Onyenso,DET,C,,False,False
43619192,150908,1409675,465,6198159,Ugonna Onyenso,DET,C,,False,False
43619193,150908,1409675,636,6198159,Ugonna Onyenso,DET,C,,False,False
43619194,150908,1654816,464,6198158,Vsevolod Ishchenko,DAL,SG,,False,False
43619195,150908,1654816,465,6198158,Vsevolod Ishchenko,DAL,SG,,False,False
43619196,150908,1654816,636,6198158,Vsevolod Ishchenko,DAL,SG,,False,False
43619197,150908,1186764,464,6198161,Donovan Williams,MIN,PG,,False,False
43619198,150908,1186764,465,6198161,Donovan Williams,MIN,PG,,False,False
43619199,150908,1186764,636,6198161,Donovan Williams,MIN,PG,,False,False
43619200,150908,1175300,464,6198158,Darin Green Jr.,DAL,PG,,False,False
43619201,150908,1175300,465,6198158,Darin Green Jr.,DAL,PG,,False,False
43619202,150908,1175300,636,6198158,Darin Green Jr.,DAL,PG,,False,False
43619203,150908,1179796,464,6198160,Quincy Olivari,POR,PG,,False,False
43619204,150908,1179796,465,6198160,Quincy Olivari,POR,PG,,False,False
43619205,150908,1179796,636,6198160,Quincy Olivari,POR,PG,,False,False
43619206,150908,1175108,464,6198161,Damion Baugh,MIN,PG,,False,False
43619207,150908,1175108,465,6198161,Damion Baugh,MIN,PG,,False,False
43619208,150908,1175108,636,6198161,Damion Baugh,MIN,PG,,False,False
43619209,150908,1232503,464,6198158,Toby Okani,NY,PG,,False,False
43619210,150908,1232503,465,6198158,Toby Okani,NY,PG,,False,False
43619211,150908,1232503,636,6198158,Toby Okani,NY,PG,,False,False
43619212,150908,1340786,464,6198160,Matthew Cleveland,UTA,PG,,False,False
43619213,150908,1340786,465,6198160,Matthew Cleveland,UTA,PG,,False,False
43619214,150908,1340786,636,6198160,Matthew Cleveland,UTA,PG,,False,False
43619215,150908,1325097,633,6198161,Trey Kaufman-Renn,MIN,PF,,False,False
43619216,150908,1325097,465,6198161,Trey Kaufman-Renn,MIN,PF,,False,False
43619217,150908,1325097,636,6198161,Trey Kaufman-Renn,MIN,PF,,False,False
43619218,150908,1232539,633,6198160,Andersson Garcia,UTA,PF,,False,False
43619219,150908,1232539,465,6198160,Andersson Garcia,UTA,PF,,False,False
43619220,150908,1232539,636,6198160,Andersson Garcia,UTA,PF,,False,False
43619221,150908,1176279,464,6198159,Brice Williams,DET,PG,,False,False
43619222,150908,1176279,465,6198159,Brice Williams,DET,PG,,False,False
43619223,150908,1176279,636,6198159,Brice Williams,DET,PG,,False,False
43619224,150908,1343052,464,6198158,John Poulakidas,DAL,PG,,False,False
43619225,150908,1343052,465,6198158,John Poulakidas,DAL,PG,,False,False
43619226,150908,1343052,636,6198158,John Poulakidas,DAL,PG,,False,False
43619227,150908,1408263,633,6198158,Tobi Lawal,DAL,SF,,False,False
43619228,150908,1408263,465,6198158,Tobi Lawal,DAL,SF,,False,False
43619229,150908,1408263,636,6198158,Tobi Lawal,DAL,SF,,False,False
43619230,150908,1343051,464,6198160,Bez Mbeng,UTA,PG,,False,False
43619231,150908,1343051,465,6198160,Bez Mbeng,UTA,PG,,False,False
43619232,150908,1343051,636,6198160,Bez Mbeng,UTA,PG,,False,False
43619233,150908,1145246,633,6198158,Kaodirichi Akobundu-Ehiogu,DAL,SF,,False,False
43619234,150908,1145246,465,6198158,Kaodirichi Akobundu-Ehiogu,DAL,SF,,False,False
43619235,150908,1145246,636,6198158,Kaodirichi Akobundu-Ehiogu,DAL,SF,,False,False
43619236,150908,1429357,633,6198158,Tyler Smith,DAL,PF,,False,False
43619237,150908,1429357,465,6198158,Tyler Smith,DAL,PF,,False,False
43619238,150908,1429357,636,6198158,Tyler Smith,DAL,PF,,False,False
43619239,150908,1134179,464,6198160,Blake Hinson,UTA,SG,,False,False
43619240,150908,1134179,465,6198160,Blake Hinson,UTA,SG,,False,False
43619241,150908,1134179,636,6198160,Blake Hinson,UTA,SG,,False,False
43619242,150908,1528636,464,6198159,Nate Kingz,MIA,PG,,False,False
43619243,150908,1528636,465,6198159,Nate Kingz,MIA,PG,,False,False
43619244,150908,1528636,636,6198159,Nate Kingz,MIA,PG,,False,False
43619245,150908,1408200,464,6198158,Treysen Eaglestaff,NY,PG,,False,False
43619246,150908,1408200,465,6198158,Treysen Eaglestaff,NY,PG,,False,False
43619247,150908,1408200,636,6198158,Treysen Eaglestaff,NY,PG,,False,False
43619248,150908,1482267,464,6198160,Hayden Gray,UTA,PG,,False,False
43619249,150908,1482267,465,6198160,Hayden Gray,UTA,PG,,False,False
43619250,150908,1482267,636,6198160,Hayden Gray,UTA,PG,,False,False
43619251,150908,1232447,633,6198161,Jahmyl Telfort,LAC,SF,,False,False
43619252,150908,1232447,465,6198161,Jahmyl Telfort,LAC,SF,,False,False
43619253,150908,1232447,636,6198161,Jahmyl Telfort,LAC,SF,,False,False
43619254,150908,1453380,633,6198160,Aliou Diarra,POR,SF,,False,False
43619255,150908,1453380,465,6198160,Aliou Diarra,POR,SF,,False,False
43619256,150908,1453380,636,6198160,Aliou Diarra,POR,SF,,False,False
43619257,150908,1232444,464,6198159,J'Vonne Hadley,MIA,PG,,False,False
43619258,150908,1232444,465,6198159,J'Vonne Hadley,MIA,PG,,False,False
43619259,150908,1232444,636,6198159,J'Vonne Hadley,MIA,PG,,False,False
43619260,150908,1230357,464,6198160,DJ Steward,POR,PG,,False,False
43619261,150908,1230357,465,6198160,DJ Steward,POR,PG,,False,False
43619262,150908,1230357,636,6198160,DJ Steward,POR,PG,,False,False
43619263,150908,1408465,633,6198159,Keyshawn Hall,MIA,SF,,False,False
43619264,150908,1408465,465,6198159,Keyshawn Hall,MIA,SF,,False,False
43619265,150908,1408465,636,6198159,Keyshawn Hall,MIA,SF,,False,False
43619266,150908,1405326,633,6198158,Jorge Diaz Graham,DAL,SF,,False,False
43619267,150908,1405326,465,6198158,Jorge Diaz Graham,DAL,SF,,False,False
43619268,150908,1405326,636,6198158,Jorge Diaz Graham,DAL,SF,,False,False
43619269,150908,1245938,633,6198158,Lance Ware,NY,SF,,False,False
43619270,150908,1245938,465,6198158,Lance Ware,NY,SF,,False,False
43619271,150908,1245938,636,6198158,Lance Ware,NY,SF,,False,False
43619272,150908,1325434,633,6198161,Nate Santos,MIN,SF,,False,False
43619273,150908,1325434,465,6198161,Nate Santos,MIN,SF,,False,False
43619274,150908,1325434,636,6198161,Nate Santos,MIN,SF,,False,False
43619275,150908,1406802,464,6198159,Drake Allen,DET,PG,,False,False
43619276,150908,1406802,465,6198159,Drake Allen,DET,PG,,False,False
43619277,150908,1406802,636,6198159,Drake Allen,DET,PG,,False,False
43619278,150908,1405899,464,6198158,Oziyah Sellers,NY,PG,,False,False
43619279,150908,1405899,465,6198158,Oziyah Sellers,NY,PG,,False,False
43619280,150908,1405899,636,6198158,Oziyah Sellers,NY,PG,,False,False
43619281,150908,1405903,464,6198159,Tre White,MIA,PG,,False,False
43619282,150908,1405903,465,6198159,Tre White,MIA,PG,,False,False
43619283,150908,1405903,636,6198159,Tre White,MIA,PG,,False,False
43619284,150908,1401387,633,6198160,Barry Dunning Jr.,POR,SF,,False,False
43619285,150908,1401387,465,6198160,Barry Dunning Jr.,POR,SF,,False,False
43619286,150908,1401387,636,6198160,Barry Dunning Jr.,POR,SF,,False,False
43619287,150908,1251745,633,6198158,Nick Jourdain,NY,SF,,False,False
43619288,150908,1251745,465,6198158,Nick Jourdain,NY,SF,,False,False
43619289,150908,1251745,636,6198158,Nick Jourdain,NY,SF,,False,False
43619290,150908,1404043,464,6198159,Jaden Henley,DET,PG,,False,False
43619291,150908,1404043,465,6198159,Jaden Henley,DET,PG,,False,False
43619292,150908,1404043,636,6198159,Jaden Henley,DET,PG,,False,False
43619293,150908,1345648,464,6198158,Langston Wilson,NY,PG,,False,False
43619294,150908,1345648,465,6198158,Langston Wilson,NY,PG,,False,False
43619295,150908,1345648,636,6198158,Langston Wilson,NY,PG,,False,False
43619296,150908,1408253,464,6198159,Roddy Gayle Jr.,DET,PG,,False,False
43619297,150908,1408253,465,6198159,Roddy Gayle Jr.,DET,PG,,False,False
43619298,150908,1408253,636,6198159,Roddy Gayle Jr.,DET,PG,,False,False
43619299,150908,1323682,633,6198159,Ian Schieffelin,MIA,SF,,False,False
43619300,150908,1323682,465,6198159,Ian Schieffelin,MIA,SF,,False,False
43619301,150908,1323682,636,6198159,Ian Schieffelin,MIA,SF,,False,False
43619302,150908,1327795,464,6198160,Justin Harmon,UTA,PG,,False,False
43619303,150908,1327795,465,6198160,Justin Harmon,UTA,PG,,False,False
43619304,150908,1327795,636,6198160,Justin Harmon,UTA,PG,,False,False
43619305,150908,1405367,464,6198161,Fletcher Loyer,LAC,PG,,False,False
43619306,150908,1405367,465,6198161,Fletcher Loyer,LAC,PG,,False,False
43619307,150908,1405367,636,6198161,Fletcher Loyer,LAC,PG,,False,False
43619308,150908,1231852,633,6198160,Andrew Carr,POR,SF,,False,False
43619309,150908,1231852,465,6198160,Andrew Carr,POR,SF,,False,False
43619310,150908,1231852,636,6198160,Andrew Carr,POR,SF,,False,False
43619311,150908,1657336,464,6198158,Akoi Yuot,NY,SG,,False,False
43619312,150908,1657336,465,6198158,Akoi Yuot,NY,SG,,False,False
43619313,150908,1657336,636,6198158,Akoi Yuot,NY,SG,,False,False
43619314,150908,1340722,633,6198159,Basheer Jihad,DET,SF,,False,False
43619315,150908,1340722,465,6198159,Basheer Jihad,DET,SF,,False,False
43619316,150908,1340722,636,6198159,Basheer Jihad,DET,SF,,False,False
43619317,150908,1403632,633,6198159,Ezra Ausar,MIA,SF,,False,False
43619318,150908,1403632,465,6198159,Ezra Ausar,MIA,SF,,False,False
43619319,150908,1403632,636,6198159,Ezra Ausar,MIA,SF,,False,False
43619320,150908,1402285,464,6198161,Riley Kugel,LAC,PG,,False,False
43619321,150908,1402285,465,6198161,Riley Kugel,LAC,PG,,False,False
43619322,150908,1402285,636,6198161,Riley Kugel,LAC,PG,,False,False
43619323,150908,1325115,633,6198160,Frankie Fidler,POR,SF,,False,False
43619324,150908,1325115,465,6198160,Frankie Fidler,POR,SF,,False,False
43619325,150908,1325115,636,6198160,Frankie Fidler,POR,SF,,False,False
43619326,150908,1134758,633,6198160,Kylor Kelley,UTA,SF,,False,False
43619327,150908,1134758,465,6198160,Kylor Kelley,UTA,SF,,False,False
43619328,150908,1134758,636,6198160,Kylor Kelley,UTA,SF,,False,False
43619329,150908,1357735,633,6198158,Keith Palek III,NY,SF,,False,False
43619330,150908,1357735,465,6198158,Keith Palek III,NY,SF,,False,False
43619331,150908,1357735,636,6198158,Keith Palek III,NY,SF,,False,False
43619332,150908,1333783,464,6198160,Tamar Bates,UTA,SG,,False,False
43619333,150908,1333783,465,6198160,Tamar Bates,UTA,SG,,False,False
43619334,150908,1333783,636,6198160,Tamar Bates,UTA,SG,,False,False
43619335,150908,1094731,464,6198160,Flynn Cameron,POR,PG,,False,False
43619336,150908,1094731,465,6198160,Flynn Cameron,POR,PG,,False,False
43619337,150908,1094731,636,6198160,Flynn Cameron,POR,PG,,False,False
43619338,150908,1231555,633,6198159,Steven Crowl,DET,SF,,False,False
43619339,150908,1231555,465,6198159,Steven Crowl,DET,SF,,False,False
43619340,150908,1231555,636,6198159,Steven Crowl,DET,SF,,False,False
43619341,150908,1406922,464,6198158,Will Johnston,NY,PG,,False,False
43619342,150908,1406922,465,6198158,Will Johnston,NY,PG,,False,False
43619343,150908,1406922,636,6198158,Will Johnston,NY,PG,,False,False
43619344,150908,1481234,633,6198159,Corey Stephenson,DET,SF,,False,False
43619345,150908,1481234,465,6198159,Corey Stephenson,DET,SF,,False,False
43619346,150908,1481234,636,6198159,Corey Stephenson,DET,SF,,False,False
43619347,150908,1193435,633,6198161,Jaylin Williams,MIN,SF,,False,False
43619348,150908,1193435,465,6198161,Jaylin Williams,MIN,SF,,False,False
43619349,150908,1193435,636,6198161,Jaylin Williams,MIN,SF,,False,False
43619350,150908,1560464,464,6198159,Orlando Thomas,DET,PG,,False,False
43619351,150908,1560464,465,6198159,Orlando Thomas,DET,PG,,False,False
43619352,150908,1560464,636,6198159,Orlando Thomas,DET,PG,,False,False
43619353,150908,1405882,464,6198161,Trey Campbell,MIN,PG,,False,False
43619354,150908,1405882,465,6198161,Trey Campbell,MIN,PG,,False,False
43619355,150908,1405882,636,6198161,Trey Campbell,MIN,PG,,False,False
43619356,150908,1323523,633,6198161,Chris Mantis,MIN,SF,,False,False
43619357,150908,1323523,465,6198161,Chris Mantis,MIN,SF,,False,False
43619358,150908,1323523,636,6198161,Chris Mantis,MIN,SF,,False,False
43619359,150908,1422977,633,6198161,Toby Harris,MIN,SF,,False,False
43619360,150908,1422977,465,6198161,Toby Harris,MIN,SF,,False,False
43619361,150908,1422977,636,6198161,Toby Harris,MIN,SF,,False,False
43619362,150908,1490077,633,6198159,Latavious Mitchell,DET,SF,,False,False
43619363,150908,1490077,465,6198159,Latavious Mitchell,DET,SF,,False,False
43619364,150908,1490077,636,6198159,Latavious Mitchell,DET,SF,,False,False
43619365,150908,1326056,633,6198161,Devin McGlockton,MIN,SF,,False,False
43619366,150908,1326056,465,6198161,Devin McGlockton,MIN,SF,,False,False
43619367,150908,1326056,636,6198161,Devin McGlockton,MIN,SF,,False,False
43619368,150908,1324084,633,6198158,Ja'Vier Francis,DAL,SF,,False,False
43619369,150908,1324084,465,6198158,Ja'Vier Francis,DAL,SF,,False,False
43619370,150908,1324084,636,6198158,Ja'Vier Francis,DAL,SF,,False,False
43619371,150908,1176244,633,6198160,Eric Dixon,UTA,SF,,False,False
43619372,150908,1176244,465,6198160,Eric Dixon,UTA,SF,,False,False
43619373,150908,1176244,636,6198160,Eric Dixon,UTA,SF,,False,False
43619374,150908,1326890,464,6198158,Erik Reynolds II,NY,PG,,False,False
43619375,150908,1326890,465,6198158,Erik Reynolds II,NY,PG,,False,False
43619376,150908,1326890,636,6198158,Erik Reynolds II,NY,PG,,False,False
43619377,150908,1420755,633,6198159,Arnas Sakenis,MIA,C,,False,False
43619378,150908,1420755,465,6198159,Arnas Sakenis,MIA,C,,False,False
43619379,150908,1420755,636,6198159,Arnas Sakenis,MIA,C,,False,False
43619380,150908,1408442,464,6198161,Aidan Mahaney,MIN,PG,,False,False
43619381,150908,1408442,465,6198161,Aidan Mahaney,MIN,PG,,False,False
43619382,150908,1408442,636,6198161,Aidan Mahaney,MIN,PG,,False,False
43619383,150908,1193984,464,6198160,Max Abmas,UTA,PG,,False,False
43619384,150908,1193984,465,6198160,Max Abmas,UTA,PG,,False,False
43619385,150908,1193984,636,6198160,Max Abmas,UTA,PG,,False,False
43619386,150908,1340701,464,6198158,Jaden Akins,NY,PG,,False,False
43619387,150908,1340701,465,6198158,Jaden Akins,NY,PG,,False,False
43619388,150908,1340701,636,6198158,Jaden Akins,NY,PG,,False,False
43619389,150908,1193101,464,6198161,Dajuan Harris Jr.,MIN,PG,,False,False
43619390,150908,1193101,465,6198161,Dajuan Harris Jr.,MIN,PG,,False,False
43619391,150908,1193101,636,6198161,Dajuan Harris Jr.,MIN,PG,,False,False
43619392,150908,1266174,464,6198159,Meechie Johnson,MIA,PG,,False,False
43619393,150908,1266174,465,6198159,Meechie Johnson,MIA,PG,,False,False
43619394,150908,1266174,636,6198159,Meechie Johnson,MIA,PG,,False,False
43619395,150908,1176278,633,6198161,Zach Freemantle,LAC,SF,,False,False
43619396,150908,1176278,465,6198161,Zach Freemantle,LAC,SF,,False,False
43619397,150908,1176278,636,6198161,Zach Freemantle,LAC,SF,,False,False
43619398,150908,1257476,464,6198161,Themus Fulks,LAC,PG,,False,False
43619399,150908,1257476,465,6198161,Themus Fulks,LAC,PG,,False,False
43619400,150908,1257476,636,6198161,Themus Fulks,LAC,PG,,False,False
43619401,150908,1413220,633,6198160,Jaxon Kohler,UTA,SF,,False,False
43619402,150908,1413220,465,6198160,Jaxon Kohler,UTA,SF,,False,False
43619403,150908,1413220,636,6198160,Jaxon Kohler,UTA,SF,,False,False
43619404,150908,1416410,633,6198160,Micah Handlogten,UTA,C,,False,False
43619405,150908,1416410,465,6198160,Micah Handlogten,UTA,C,,False,False
43619406,150908,1416410,636,6198160,Micah Handlogten,UTA,C,,False,False
43619407,150908,1406916,633,6198160,Mohamed Wague,UTA,PF,,False,False
43619408,150908,1406916,465,6198160,Mohamed Wague,UTA,PF,,False,False
43619409,150908,1406916,636,6198160,Mohamed Wague,UTA,PF,,False,False
43619410,150908,1405328,633,6198158,Guillermo Diaz Graham,DAL,SF,,False,False
43619411,150908,1405328,465,6198158,Guillermo Diaz Graham,DAL,SF,,False,False
43619412,150908,1405328,636,6198158,Guillermo Diaz Graham,DAL,SF,,False,False
43619413,150908,1351088,464,6198159,Cam Carter,MIA,PG,,False,False
43619414,150908,1351088,465,6198159,Cam Carter,MIA,PG,,False,False
43619415,150908,1351088,636,6198159,Cam Carter,MIA,PG,,False,False
43619416,150908,1134005,464,6198160,Kira Lewis Jr.,POR,PG,,False,False
43619417,150908,1134005,465,6198160,Kira Lewis Jr.,POR,PG,,False,False
43619418,150908,1134005,636,6198160,Kira Lewis Jr.,POR,PG,,False,False
43619419,150909,1594900,497,6198160,Darryn Peterson,UTA,SG,8700.0,False,True
43619420,150909,1594900,502,6198160,Darryn Peterson,UTA,SG,8700.0,False,True
43619421,150909,1594900,503,6198160,Darryn Peterson,UTA,SG,8700.0,False,True
43619422,150909,1589783,497,6198161,Keaton Wagler,LAC,SG,8200.0,False,True
43619423,150909,1589783,502,6198161,Keaton Wagler,LAC,SG,8200.0,False,True
43619424,150909,1589783,503,6198161,Keaton Wagler,LAC,SG,8200.0,False,True
43619425,150909,1519363,499,6198160,Ace Bailey,UTA,PF,8000.0,False,True
43619426,150909,1519363,501,6198160,Ace Bailey,UTA,PF,8000.0,False,True
43619427,150909,1519363,503,6198160,Ace Bailey,UTA,PF,8000.0,False,True
43619428,150909,1231938,497,6198161,Kobe Sanders,LAC,SG,7700.0,False,True
43619429,150909,1231938,502,6198161,Kobe Sanders,LAC,SG,7700.0,False,True
43619430,150909,1231938,503,6198161,Kobe Sanders,LAC,SG,7700.0,False,True
43619431,150909,1590552,500,6198161,Joan Beringer,MIN,C,7600.0,False,True
43619432,150909,1590552,503,6198161,Joan Beringer,MIN,C,7600.0,False,True
43619433,150909,1328254,500,6198160,Jonas Aidoo,UTA,C,7400.0,False,True
43619434,150909,1328254,503,6198160,Jonas Aidoo,UTA,C,7400.0,False,True
43619435,150909,1591570,500,6198160,Hansen Yang,POR,C,7300.0,False,True
43619436,150909,1591570,503,6198160,Hansen Yang,POR,C,7300.0,False,True
43619437,150909,1196146,496,6198161,Zyon Pullin,MIN,PG,7200.0,False,True
43619438,150909,1196146,502,6198161,Zyon Pullin,MIN,PG,7200.0,False,True
43619439,150909,1196146,503,6198161,Zyon Pullin,MIN,PG,7200.0,False,True
43619440,150909,1231386,498,6198161,Norchad Omier,LAC,SF/PF,7000.0,False,True
43619441,150909,1231386,499,6198161,Norchad Omier,LAC,SF/PF,7000.0,False,True
43619442,150909,1231386,501,6198161,Norchad Omier,LAC,SF/PF,7000.0,False,True
43619443,150909,1231386,503,6198161,Norchad Omier,LAC,SF/PF,7000.0,False,True
43619444,150909,1402304,499,6198161,Baba Miller,LAC,PF,6800.0,False,True
43619445,150909,1402304,501,6198161,Baba Miller,LAC,PF,6800.0,False,True
43619446,150909,1402304,503,6198161,Baba Miller,LAC,PF,6800.0,False,True
43619447,150909,1429347,496,6198160,Jaylen Martin,POR,PG/SG,6800.0,False,True
43619448,150909,1429347,497,6198160,Jaylen Martin,POR,PG/SG,6800.0,False,True
43619449,150909,1429347,502,6198160,Jaylen Martin,POR,PG/SG,6800.0,False,True
43619450,150909,1429347,503,6198160,Jaylen Martin,POR,PG/SG,6800.0,False,True
43619451,150909,1193172,498,6198160,Jalen Bridges,POR,SF/PF,6700.0,False,True
43619452,150909,1193172,499,6198160,Jalen Bridges,POR,SF/PF,6700.0,False,True
43619453,150909,1193172,501,6198160,Jalen Bridges,POR,SF/PF,6700.0,False,True
43619454,150909,1193172,503,6198160,Jalen Bridges,POR,SF/PF,6700.0,False,True
43619455,150909,1458830,498,6198160,Cody Williams,UTA,SF/PF,6700.0,False,True
43619456,150909,1458830,499,6198160,Cody Williams,UTA,SF/PF,6700.0,False,True
43619457,150909,1458830,501,6198160,Cody Williams,UTA,SF/PF,6700.0,False,True
43619458,150909,1458830,503,6198160,Cody Williams,UTA,SF/PF,6700.0,False,True
43619459,150909,1460155,497,6198161,Cam Christie,LAC,SG,6600.0,False,True
43619460,150909,1460155,502,6198161,Cam Christie,LAC,SG,6600.0,False,True
43619461,150909,1460155,503,6198161,Cam Christie,LAC,SG,6600.0,False,True
43619462,150909,1405312,498,6198161,Nick Martinelli,LAC,SF,6500.0,False,True
43619463,150909,1405312,501,6198161,Nick Martinelli,LAC,SF,6500.0,False,True
43619464,150909,1405312,503,6198161,Nick Martinelli,LAC,SF,6500.0,False,True
43619465,150909,1502168,500,6198161,Rocco Zikarsky,MIN,C,6400.0,False,True
43619466,150909,1502168,503,6198161,Rocco Zikarsky,MIN,C,6400.0,False,True
43619467,150909,1243685,498,6198160,Jayson Kent,POR,SF/PF,6400.0,False,True
43619468,150909,1243685,499,6198160,Jayson Kent,POR,SF/PF,6400.0,False,True
43619469,150909,1243685,501,6198160,Jayson Kent,POR,SF/PF,6400.0,False,True
43619470,150909,1243685,503,6198160,Jayson Kent,POR,SF/PF,6400.0,False,True
43619471,150909,1519129,497,6198161,Isaiah Evans,MIN,SG,6300.0,False,True
43619472,150909,1519129,502,6198161,Isaiah Evans,MIN,SG,6300.0,False,True
43619473,150909,1519129,503,6198161,Isaiah Evans,MIN,SG,6300.0,False,True
43619474,150909,1326079,496,6198161,Sean Pedulla,LAC,PG/SG,6100.0,False,True
43619475,150909,1326079,497,6198161,Sean Pedulla,LAC,PG/SG,6100.0,False,True
43619476,150909,1326079,502,6198161,Sean Pedulla,LAC,PG/SG,6100.0,False,True
43619477,150909,1326079,503,6198161,Sean Pedulla,LAC,PG/SG,6100.0,False,True
43619478,150909,1234814,496,6198160,Chris Youngblood,POR,PG/SG,6000.0,False,True
43619479,150909,1234814,497,6198160,Chris Youngblood,POR,PG/SG,6000.0,False,True
43619480,150909,1234814,502,6198160,Chris Youngblood,POR,PG/SG,6000.0,False,True
43619481,150909,1234814,503,6198160,Chris Youngblood,POR,PG/SG,6000.0,False,True
43619482,150909,1197096,499,6198161,Enrique Freeman,MIN,PF,5900.0,False,True
43619483,150909,1197096,501,6198161,Enrique Freeman,MIN,PF,5900.0,False,True
43619484,150909,1197096,503,6198161,Enrique Freeman,MIN,PF,5900.0,False,True
43619485,150909,1176770,499,6198160,Orlando Robinson,UTA,PF/C,5800.0,False,True
43619486,150909,1176770,500,6198160,Orlando Robinson,UTA,PF/C,5800.0,False,True
43619487,150909,1176770,501,6198160,Orlando Robinson,UTA,PF/C,5800.0,False,True
43619488,150909,1176770,503,6198160,Orlando Robinson,UTA,PF/C,5800.0,False,True
43619489,150909,1323633,496,6198160,Trey Alexander,UTA,PG/SG,5600.0,False,True
43619490,150909,1323633,497,6198160,Trey Alexander,UTA,PG/SG,5600.0,False,True
43619491,150909,1323633,502,6198160,Trey Alexander,UTA,PG/SG,5600.0,False,True
43619492,150909,1323633,503,6198160,Trey Alexander,UTA,PG/SG,5600.0,False,True
43619493,150909,1186764,496,6198161,Donovan Williams,MIN,PG/SG,5500.0,False,True
43619494,150909,1186764,497,6198161,Donovan Williams,MIN,PG/SG,5500.0,False,True
43619495,150909,1186764,502,6198161,Donovan Williams,MIN,PG/SG,5500.0,False,True
43619496,150909,1186764,503,6198161,Donovan Williams,MIN,PG/SG,5500.0,False,True
43619497,150909,1179796,496,6198160,Quincy Olivari,POR,PG/SG,5400.0,False,True
43619498,150909,1179796,497,6198160,Quincy Olivari,POR,PG/SG,5400.0,False,True
43619499,150909,1179796,502,6198160,Quincy Olivari,POR,PG/SG,5400.0,False,True
43619500,150909,1179796,503,6198160,Quincy Olivari,POR,PG/SG,5400.0,False,True
43619501,150909,1175108,496,6198161,Damion Baugh,MIN,PG/SG,5300.0,False,True
43619502,150909,1175108,497,6198161,Damion Baugh,MIN,PG/SG,5300.0,False,True
43619503,150909,1175108,502,6198161,Damion Baugh,MIN,PG/SG,5300.0,False,True
43619504,150909,1175108,503,6198161,Damion Baugh,MIN,PG/SG,5300.0,False,True
43619505,150909,1340786,496,6198160,Matthew Cleveland,UTA,PG/SG,5200.0,False,True
43619506,150909,1340786,497,6198160,Matthew Cleveland,UTA,PG/SG,5200.0,False,True
43619507,150909,1340786,502,6198160,Matthew Cleveland,UTA,PG/SG,5200.0,False,True
43619508,150909,1340786,503,6198160,Matthew Cleveland,UTA,PG/SG,5200.0,False,True
43619509,150909,1325097,499,6198161,Trey Kaufman-Renn,MIN,PF,5200.0,False,True
43619510,150909,1325097,501,6198161,Trey Kaufman-Renn,MIN,PF,5200.0,False,True
43619511,150909,1325097,503,6198161,Trey Kaufman-Renn,MIN,PF,5200.0,False,True
43619512,150909,1232539,499,6198160,Andersson Garcia,UTA,PF,5100.0,False,True
43619513,150909,1232539,501,6198160,Andersson Garcia,UTA,PF,5100.0,False,True
43619514,150909,1232539,503,6198160,Andersson Garcia,UTA,PF,5100.0,False,True
43619515,150909,1343051,496,6198160,Bez Mbeng,UTA,PG/SG,5000.0,False,True
43619516,150909,1343051,497,6198160,Bez Mbeng,UTA,PG/SG,5000.0,False,True
43619517,150909,1343051,502,6198160,Bez Mbeng,UTA,PG/SG,5000.0,False,True
43619518,150909,1343051,503,6198160,Bez Mbeng,UTA,PG/SG,5000.0,False,True
43619519,150909,1134179,497,6198160,Blake Hinson,UTA,SG,4900.0,False,True
43619520,150909,1134179,502,6198160,Blake Hinson,UTA,SG,4900.0,False,True
43619521,150909,1134179,503,6198160,Blake Hinson,UTA,SG,4900.0,False,True
43619522,150909,1482267,496,6198160,Hayden Gray,UTA,PG/SG,4800.0,False,True
43619523,150909,1482267,497,6198160,Hayden Gray,UTA,PG/SG,4800.0,False,True
43619524,150909,1482267,502,6198160,Hayden Gray,UTA,PG/SG,4800.0,False,True
43619525,150909,1482267,503,6198160,Hayden Gray,UTA,PG/SG,4800.0,False,True
43619526,150909,1232447,498,6198161,Jahmyl Telfort,LAC,SF/PF,4700.0,False,True
43619527,150909,1232447,499,6198161,Jahmyl Telfort,LAC,SF/PF,4700.0,False,True
43619528,150909,1232447,501,6198161,Jahmyl Telfort,LAC,SF/PF,4700.0,False,True
43619529,150909,1232447,503,6198161,Jahmyl Telfort,LAC,SF/PF,4700.0,False,True
43619530,150909,1453380,498,6198160,Aliou Diarra,POR,SF/PF,4700.0,False,True
43619531,150909,1453380,499,6198160,Aliou Diarra,POR,SF/PF,4700.0,False,True
43619532,150909,1453380,501,6198160,Aliou Diarra,POR,SF/PF,4700.0,False,True
43619533,150909,1453380,503,6198160,Aliou Diarra,POR,SF/PF,4700.0,False,True
43619534,150909,1230357,496,6198160,DJ Steward,POR,PG/SG,4600.0,False,True
43619535,150909,1230357,497,6198160,DJ Steward,POR,PG/SG,4600.0,False,True
43619536,150909,1230357,502,6198160,DJ Steward,POR,PG/SG,4600.0,False,True
43619537,150909,1230357,503,6198160,DJ Steward,POR,PG/SG,4600.0,False,True
43619538,150909,1325434,498,6198161,Nate Santos,MIN,SF/PF,4600.0,False,True
43619539,150909,1325434,499,6198161,Nate Santos,MIN,SF/PF,4600.0,False,True
43619540,150909,1325434,501,6198161,Nate Santos,MIN,SF/PF,4600.0,False,True
43619541,150909,1325434,503,6198161,Nate Santos,MIN,SF/PF,4600.0,False,True
43619542,150909,1401387,497,6198160,Barry Dunning Jr.,POR,SG/SF,4500.0,False,True
43619543,150909,1401387,498,6198160,Barry Dunning Jr.,POR,SG/SF,4500.0,False,True
43619544,150909,1401387,502,6198160,Barry Dunning Jr.,POR,SG/SF,4500.0,False,True
43619545,150909,1401387,501,6198160,Barry Dunning Jr.,POR,SG/SF,4500.0,False,True
43619546,150909,1401387,503,6198160,Barry Dunning Jr.,POR,SG/SF,4500.0,False,True
43619547,150909,1327795,496,6198160,Justin Harmon,UTA,PG/SG,4400.0,False,True
43619548,150909,1327795,497,6198160,Justin Harmon,UTA,PG/SG,4400.0,False,True
43619549,150909,1327795,502,6198160,Justin Harmon,UTA,PG/SG,4400.0,False,True
43619550,150909,1327795,503,6198160,Justin Harmon,UTA,PG/SG,4400.0,False,True
43619551,150909,1405367,496,6198161,Fletcher Loyer,LAC,PG/SG,4300.0,False,True
43619552,150909,1405367,497,6198161,Fletcher Loyer,LAC,PG/SG,4300.0,False,True
43619553,150909,1405367,502,6198161,Fletcher Loyer,LAC,PG/SG,4300.0,False,True
43619554,150909,1405367,503,6198161,Fletcher Loyer,LAC,PG/SG,4300.0,False,True
43619555,150909,1231852,498,6198160,Andrew Carr,POR,SF/PF,4300.0,False,True
43619556,150909,1231852,499,6198160,Andrew Carr,POR,SF/PF,4300.0,False,True
43619557,150909,1231852,501,6198160,Andrew Carr,POR,SF/PF,4300.0,False,True
43619558,150909,1231852,503,6198160,Andrew Carr,POR,SF/PF,4300.0,False,True
43619559,150909,1402285,496,6198161,Riley Kugel,LAC,PG/SG,4200.0,False,True
43619560,150909,1402285,497,6198161,Riley Kugel,LAC,PG/SG,4200.0,False,True
43619561,150909,1402285,502,6198161,Riley Kugel,LAC,PG/SG,4200.0,False,True
43619562,150909,1402285,503,6198161,Riley Kugel,LAC,PG/SG,4200.0,False,True
43619563,150909,1325115,498,6198160,Frankie Fidler,POR,SF/PF,4200.0,False,True
43619564,150909,1325115,499,6198160,Frankie Fidler,POR,SF/PF,4200.0,False,True
43619565,150909,1325115,501,6198160,Frankie Fidler,POR,SF/PF,4200.0,False,True
43619566,150909,1325115,503,6198160,Frankie Fidler,POR,SF/PF,4200.0,False,True
43619567,150909,1134758,498,6198160,Kylor Kelley,UTA,SF/PF,4200.0,False,True
43619568,150909,1134758,499,6198160,Kylor Kelley,UTA,SF/PF,4200.0,False,True
43619569,150909,1134758,501,6198160,Kylor Kelley,UTA,SF/PF,4200.0,False,True
43619570,150909,1134758,503,6198160,Kylor Kelley,UTA,SF/PF,4200.0,False,True
43619571,150909,1333783,497,6198160,Tamar Bates,UTA,SG,4200.0,False,True
43619572,150909,1333783,502,6198160,Tamar Bates,UTA,SG,4200.0,False,True
43619573,150909,1333783,503,6198160,Tamar Bates,UTA,SG,4200.0,False,True
43619574,150909,1094731,496,6198160,Flynn Cameron,POR,PG/SG,4100.0,False,True
43619575,150909,1094731,497,6198160,Flynn Cameron,POR,PG/SG,4100.0,False,True
43619576,150909,1094731,502,6198160,Flynn Cameron,POR,PG/SG,4100.0,False,True
43619577,150909,1094731,503,6198160,Flynn Cameron,POR,PG/SG,4100.0,False,True
43619578,150909,1193435,498,6198161,Jaylin Williams,MIN,SF/PF,4100.0,False,True
43619579,150909,1193435,499,6198161,Jaylin Williams,MIN,SF/PF,4100.0,False,True
43619580,150909,1193435,501,6198161,Jaylin Williams,MIN,SF/PF,4100.0,False,True
43619581,150909,1193435,503,6198161,Jaylin Williams,MIN,SF/PF,4100.0,False,True
43619582,150909,1405882,496,6198161,Trey Campbell,MIN,PG/SG,4000.0,False,True
43619583,150909,1405882,497,6198161,Trey Campbell,MIN,PG/SG,4000.0,False,True
43619584,150909,1405882,502,6198161,Trey Campbell,MIN,PG/SG,4000.0,False,True
43619585,150909,1405882,503,6198161,Trey Campbell,MIN,PG/SG,4000.0,False,True
43619586,150909,1323523,498,6198161,Chris Mantis,MIN,SF/PF,4000.0,False,True
43619587,150909,1323523,499,6198161,Chris Mantis,MIN,SF/PF,4000.0,False,True
43619588,150909,1323523,501,6198161,Chris Mantis,MIN,SF/PF,4000.0,False,True
43619589,150909,1323523,503,6198161,Chris Mantis,MIN,SF/PF,4000.0,False,True
43619590,150909,1422977,498,6198161,Toby Harris,MIN,SF/PF,4000.0,False,True
43619591,150909,1422977,499,6198161,Toby Harris,MIN,SF/PF,4000.0,False,True
43619592,150909,1422977,501,6198161,Toby Harris,MIN,SF/PF,4000.0,False,True
43619593,150909,1422977,503,6198161,Toby Harris,MIN,SF/PF,4000.0,False,True
43619594,150909,1326056,498,6198161,Devin McGlockton,MIN,SF/PF,4000.0,False,True
43619595,150909,1326056,499,6198161,Devin McGlockton,MIN,SF/PF,4000.0,False,True
43619596,150909,1326056,501,6198161,Devin McGlockton,MIN,SF/PF,4000.0,False,True
43619597,150909,1326056,503,6198161,Devin McGlockton,MIN,SF/PF,4000.0,False,True
43619598,150909,1176244,498,6198160,Eric Dixon,UTA,SF/PF,4000.0,False,True
43619599,150909,1176244,499,6198160,Eric Dixon,UTA,SF/PF,4000.0,False,True
43619600,150909,1176244,501,6198160,Eric Dixon,UTA,SF/PF,4000.0,False,True
43619601,150909,1176244,503,6198160,Eric Dixon,UTA,SF/PF,4000.0,False,True
43619602,150909,1408442,496,6198161,Aidan Mahaney,MIN,PG/SG,4000.0,False,True
43619603,150909,1408442,497,6198161,Aidan Mahaney,MIN,PG/SG,4000.0,False,True
43619604,150909,1408442,502,6198161,Aidan Mahaney,MIN,PG/SG,4000.0,False,True
43619605,150909,1408442,503,6198161,Aidan Mahaney,MIN,PG/SG,4000.0,False,True
43619606,150909,1193984,496,6198160,Max Abmas,UTA,PG/SG,4000.0,False,True
43619607,150909,1193984,497,6198160,Max Abmas,UTA,PG/SG,4000.0,False,True
43619608,150909,1193984,502,6198160,Max Abmas,UTA,PG/SG,4000.0,False,True
43619609,150909,1193984,503,6198160,Max Abmas,UTA,PG/SG,4000.0,False,True
43619610,150909,1193101,496,6198161,Dajuan Harris Jr.,MIN,PG/SG,4000.0,False,True
43619611,150909,1193101,497,6198161,Dajuan Harris Jr.,MIN,PG/SG,4000.0,False,True
43619612,150909,1193101,502,6198161,Dajuan Harris Jr.,MIN,PG/SG,4000.0,False,True
43619613,150909,1193101,503,6198161,Dajuan Harris Jr.,MIN,PG/SG,4000.0,False,True
43619614,150909,1176278,498,6198161,Zach Freemantle,LAC,SF/PF,4000.0,False,True
43619615,150909,1176278,499,6198161,Zach Freemantle,LAC,SF/PF,4000.0,False,True
43619616,150909,1176278,501,6198161,Zach Freemantle,LAC,SF/PF,4000.0,False,True
43619617,150909,1176278,503,6198161,Zach Freemantle,LAC,SF/PF,4000.0,False,True
43619618,150909,1257476,496,6198161,Themus Fulks,LAC,PG/SG,4000.0,False,True
43619619,150909,1257476,497,6198161,Themus Fulks,LAC,PG/SG,4000.0,False,True
43619620,150909,1257476,502,6198161,Themus Fulks,LAC,PG/SG,4000.0,False,True
43619621,150909,1257476,503,6198161,Themus Fulks,LAC,PG/SG,4000.0,False,True
43619622,150909,1413220,498,6198160,Jaxon Kohler,UTA,SF/PF,4000.0,False,True
43619623,150909,1413220,499,6198160,Jaxon Kohler,UTA,SF/PF,4000.0,False,True
43619624,150909,1413220,501,6198160,Jaxon Kohler,UTA,SF/PF,4000.0,False,True
43619625,150909,1413220,503,6198160,Jaxon Kohler,UTA,SF/PF,4000.0,False,True
43619626,150909,1416410,500,6198160,Micah Handlogten,UTA,C,4000.0,False,True
43619627,150909,1416410,503,6198160,Micah Handlogten,UTA,C,4000.0,False,True
43619628,150909,1406916,499,6198160,Mohamed Wague,UTA,PF/C,4000.0,False,True
43619629,150909,1406916,500,6198160,Mohamed Wague,UTA,PF/C,4000.0,False,True
43619630,150909,1406916,501,6198160,Mohamed Wague,UTA,PF/C,4000.0,False,True
43619631,150909,1406916,503,6198160,Mohamed Wague,UTA,PF/C,4000.0,False,True
43619632,150909,1134005,496,6198160,Kira Lewis Jr.,POR,PG/SG,4400.0,False,True
43619633,150909,1134005,497,6198160,Kira Lewis Jr.,POR,PG/SG,4400.0,False,True
43619634,150909,1134005,502,6198160,Kira Lewis Jr.,POR,PG/SG,4400.0,False,True
43619635,150909,1134005,503,6198160,Kira Lewis Jr.,POR,PG/SG,4400.0,False,True
43619636,150910,1589783,494,6198161,Keaton Wagler,LAC,SG,10200.0,False,True
43619637,150910,1231938,494,6198161,Kobe Sanders,LAC,SG,9800.0,False,True
43619638,150910,1590552,494,6198161,Joan Beringer,MIN,C,9600.0,False,True
43619639,150910,1196146,494,6198161,Zyon Pullin,MIN,PG,8600.0,False,True
43619640,150910,1231386,494,6198161,Norchad Omier,LAC,SF/PF,8400.0,False,True
43619641,150910,1402304,494,6198161,Baba Miller,LAC,PF,7800.0,False,True
43619642,150910,1460155,494,6198161,Cam Christie,LAC,SG,7200.0,False,True
43619643,150910,1405312,494,6198161,Nick Martinelli,LAC,SF,7000.0,False,True
43619644,150910,1502168,494,6198161,Rocco Zikarsky,MIN,C,6600.0,False,True
43619645,150910,1519129,494,6198161,Isaiah Evans,MIN,SG,6000.0,False,True
43619646,150910,1326079,494,6198161,Sean Pedulla,LAC,PG/SG,5600.0,False,True
43619647,150910,1197096,494,6198161,Enrique Freeman,MIN,PF,5400.0,False,True
43619648,150910,1186764,494,6198161,Donovan Williams,MIN,PG/SG,5000.0,False,True
43619649,150910,1175108,494,6198161,Damion Baugh,MIN,PG/SG,4800.0,False,True
43619650,150910,1325097,494,6198161,Trey Kaufman-Renn,MIN,PF,4400.0,False,True
43619651,150910,1232447,494,6198161,Jahmyl Telfort,LAC,SF/PF,3600.0,False,True
43619652,150910,1325434,494,6198161,Nate Santos,MIN,SF/PF,3200.0,False,True
43619653,150910,1405367,494,6198161,Fletcher Loyer,LAC,PG/SG,3000.0,False,True
43619654,150910,1402285,494,6198161,Riley Kugel,LAC,PG/SG,2800.0,False,True
43619655,150910,1193435,494,6198161,Jaylin Williams,MIN,SF/PF,2400.0,False,True
43619656,150910,1405882,494,6198161,Trey Campbell,MIN,PG/SG,2000.0,False,True
43619657,150910,1323523,494,6198161,Chris Mantis,MIN,SF/PF,2000.0,False,True
43619658,150910,1422977,494,6198161,Toby Harris,MIN,SF/PF,2000.0,False,True
43619659,150910,1326056,494,6198161,Devin McGlockton,MIN,SF/PF,2000.0,False,True
43619660,150910,1408442,494,6198161,Aidan Mahaney,MIN,PG/SG,2000.0,False,True
43619661,150910,1193101,494,6198161,Dajuan Harris Jr.,MIN,PG/SG,2000.0,False,True
43619662,150910,1176278,494,6198161,Zach Freemantle,LAC,SF/PF,2000.0,False,True
43619663,150910,1257476,494,6198161,Themus Fulks,LAC,PG/SG,2000.0,False,True
43619664,150910,1589783,495,6198161,Keaton Wagler,LAC,SG,15300.0,False,True
43619665,150910,1231938,495,6198161,Kobe Sanders,LAC,SG,14700.0,False,True
43619666,150910,1590552,495,6198161,Joan Beringer,MIN,C,14400.0,False,True
43619667,150910,1196146,495,6198161,Zyon Pullin,MIN,PG,12900.0,False,True
43619668,150910,1231386,495,6198161,Norchad Omier,LAC,SF/PF,12600.0,False,True
43619669,150910,1402304,495,6198161,Baba Miller,LAC,PF,11700.0,False,True
43619670,150910,1460155,495,6198161,Cam Christie,LAC,SG,10800.0,False,True
43619671,150910,1405312,495,6198161,Nick Martinelli,LAC,SF,10500.0,False,True
43619672,150910,1502168,495,6198161,Rocco Zikarsky,MIN,C,9900.0,False,True
43619673,150910,1519129,495,6198161,Isaiah Evans,MIN,SG,9000.0,False,True
43619674,150910,1326079,495,6198161,Sean Pedulla,LAC,PG/SG,8400.0,False,True
43619675,150910,1197096,495,6198161,Enrique Freeman,MIN,PF,8100.0,False,True
43619676,150910,1186764,495,6198161,Donovan Williams,MIN,PG/SG,7500.0,False,True
43619677,150910,1175108,495,6198161,Damion Baugh,MIN,PG/SG,7200.0,False,True
43619678,150910,1325097,495,6198161,Trey Kaufman-Renn,MIN,PF,6600.0,False,True
43619679,150910,1232447,495,6198161,Jahmyl Telfort,LAC,SF/PF,5400.0,False,True
43619680,150910,1325434,495,6198161,Nate Santos,MIN,SF/PF,4800.0,False,True
43619681,150910,1405367,495,6198161,Fletcher Loyer,LAC,PG/SG,4500.0,False,True
43619682,150910,1402285,495,6198161,Riley Kugel,LAC,PG/SG,4200.0,False,True
43619683,150910,1193435,495,6198161,Jaylin Williams,MIN,SF/PF,3600.0,False,True
43619684,150910,1405882,495,6198161,Trey Campbell,MIN,PG/SG,3000.0,False,True
43619685,150910,1323523,495,6198161,Chris Mantis,MIN,SF/PF,3000.0,False,True
43619686,150910,1422977,495,6198161,Toby Harris,MIN,SF/PF,3000.0,False,True
43619687,150910,1326056,495,6198161,Devin McGlockton,MIN,SF/PF,3000.0,False,True
43619688,150910,1408442,495,6198161,Aidan Mahaney,MIN,PG/SG,3000.0,False,True
43619689,150910,1193101,495,6198161,Dajuan Harris Jr.,MIN,PG/SG,3000.0,False,True
43619690,150910,1176278,495,6198161,Zach Freemantle,LAC,SF/PF,3000.0,False,True
43619691,150910,1257476,495,6198161,Themus Fulks,LAC,PG/SG,3000.0,False,True
