draftable_id,draft_group_id,player_id,roster_slot_id,competition_id,name,team,position_name,salary,is_disabled,is_swappable
43571216,150595,882899,226,6163163,Jessica Shepard,DAL,SF/PF,11500.0,False,True
43571217,150595,882899,227,6163163,Jessica Shepard,DAL,SF/PF,11500.0,False,True
43571218,150595,477107,226,6163165,Nneka Ogwumike,LAS,SF/PF,11100.0,False,True
43571219,150595,477107,227,6163165,Nneka Ogwumike,LAS,SF/PF,11100.0,False,True
43571220,150595,1237074,225,6163163,Paige Bueckers,DAL,PG/SG,11000.0,False,True
43571221,150595,1237074,227,6163163,Paige Bueckers,DAL,PG/SG,11000.0,False,True
43571222,150595,790367,225,6163165,Kelsey Plum,LAS,PG/SG,10900.0,False,True
43571223,150595,790367,227,6163165,Kelsey Plum,LAS,PG/SG,10900.0,False,True
43571224,150595,521933,226,6163162,Brittney Griner,CON,SF/PF,10500.0,False,True
43571225,150595,521933,227,6163162,Brittney Griner,CON,SF/PF,10500.0,False,True
43571226,150595,881835,225,6163163,Marina Mabrey,TOR,PG/SG,10200.0,False,True
43571227,150595,881835,227,6163163,Marina Mabrey,TOR,PG/SG,10200.0,False,True
43571228,150595,604730,226,6163165,Dearica Hamby,LAS,SF/PF,10000.0,False,True
43571229,150595,604730,227,6163165,Dearica Hamby,LAS,SF/PF,10000.0,False,True
43571230,150595,1238798,226,6163165,Kamilla Cardoso,CHI,SF/PF,9900.0,False,True
43571231,150595,1238798,227,6163165,Kamilla Cardoso,CHI,SF/PF,9900.0,False,True
43571232,150595,695695,225,6163163,Brittney Sykes,TOR,PG/SG,9700.0,False,True
43571233,150595,695695,227,6163163,Brittney Sykes,TOR,PG/SG,9700.0,False,True
43571234,150595,1127174,225,6163162,Veronica Burton,GSV,PG/SG,9500.0,False,True
43571235,150595,1127174,227,6163162,Veronica Burton,GSV,PG/SG,9500.0,False,True
43571236,150595,620494,226,6163163,Isabelle Harrison,TOR,SF/PF,9400.0,False,True
43571237,150595,620494,227,6163163,Isabelle Harrison,TOR,SF/PF,9400.0,False,True
43571238,150595,1508686,225,6163162,Leila Lacan,CON,PG/SG,9200.0,False,True
43571239,150595,1508686,227,6163162,Leila Lacan,CON,PG/SG,9200.0,False,True
43571240,150595,833156,226,6163165,Azura Stevens,CHI,SF/PF,9000.0,False,True
43571241,150595,833156,227,6163165,Azura Stevens,CHI,SF/PF,9000.0,False,True
43571242,150595,520283,225,6163165,Skylar Diggins,CHI,PG/SG,8900.0,False,True
43571243,150595,520283,227,6163165,Skylar Diggins,CHI,PG/SG,8900.0,False,True
43571244,150595,1123909,226,6163162,Olivia Nelson-Ododa,CON,SF/PF,8800.0,False,True
43571245,150595,1123909,227,6163162,Olivia Nelson-Ododa,CON,SF/PF,8800.0,False,True
43571246,150595,839859,226,6163162,Gabby Williams,GSV,SF/PF,8600.0,False,True
43571247,150595,839859,227,6163162,Gabby Williams,GSV,SF/PF,8600.0,False,True
43571248,150595,1132717,226,6163163,Nyara Sabally,TOR,SF/PF,8500.0,False,True
43571249,150595,1132717,227,6163163,Nyara Sabally,TOR,SF/PF,8500.0,False,True
43571250,150595,1330005,225,6163163,Azzi Fudd,DAL,PG/SG,8300.0,False,True
43571251,150595,1330005,227,6163163,Azzi Fudd,DAL,PG/SG,8300.0,False,True
43571252,150595,1217310,225,6163163,Julie Allemand,TOR,PG/SG,8100.0,False,True
43571253,150595,1217310,227,6163163,Julie Allemand,TOR,PG/SG,8100.0,False,True
43571254,150595,572456,225,6163165,Natasha Cloud,CHI,PG/SG,7900.0,False,True
43571255,150595,572456,227,6163165,Natasha Cloud,CHI,PG/SG,7900.0,False,True
43571256,150595,1511559,226,6163162,Janelle Salaun,GSV,SF/PF,7800.0,False,True
43571257,150595,1511559,227,6163162,Janelle Salaun,GSV,SF/PF,7800.0,False,True
43571258,150595,881754,226,6163163,Maria Conde,TOR,SF/PF,7700.0,False,True
43571259,150595,881754,227,6163163,Maria Conde,TOR,SF/PF,7700.0,False,True
43571260,150595,570043,226,6163162,Kayla Thornton,GSV,SF/PF,7500.0,False,True
43571261,150595,570043,227,6163162,Kayla Thornton,GSV,SF/PF,7500.0,False,True
43571262,150595,1239750,225,6163162,Charlisse Leger-Walker,CON,PG/SG,7400.0,False,True
43571263,150595,1239750,227,6163162,Charlisse Leger-Walker,CON,PG/SG,7400.0,False,True
43571264,150595,1410325,225,6163163,Kiki Rice,TOR,PG/SG,7300.0,False,True
43571265,150595,1410325,227,6163163,Kiki Rice,TOR,PG/SG,7300.0,False,True
43571266,150595,880980,225,6163163,Arike Ogunbowale,DAL,PG/SG,7200.0,False,True
43571267,150595,880980,227,6163163,Arike Ogunbowale,DAL,PG/SG,7200.0,False,True
43571268,150595,1182914,225,6163165,Sydney Taylor,CHI,PG/SG,7100.0,False,True
43571269,150595,1182914,227,6163165,Sydney Taylor,CHI,PG/SG,7100.0,False,True
43571270,150595,1282435,226,6163163,Awak Kuier,DAL,SF/PF,7000.0,False,True
43571271,150595,1282435,227,6163163,Awak Kuier,DAL,SF/PF,7000.0,False,True
43571272,150595,520294,225,6163165,Erica Wheeler,LAS,PG/SG,6900.0,False,True
43571273,150595,520294,227,6163165,Erica Wheeler,LAS,PG/SG,6900.0,False,True
43571274,150595,834728,225,6163165,Ariel Atkins,LAS,PG/SG,6800.0,False,True
43571275,150595,834728,227,6163165,Ariel Atkins,LAS,PG/SG,6800.0,False,True
43571276,150595,1138640,225,6163165,Rae Burrell,LAS,PG/SG,6700.0,False,True
43571277,150595,1138640,227,6163165,Rae Burrell,LAS,PG/SG,6700.0,False,True
43571278,150595,619369,226,6163162,Kiah Stokes,GSV,SF/PF,6600.0,False,True
43571279,150595,619369,227,6163162,Kiah Stokes,GSV,SF/PF,6600.0,False,True
43571280,150595,1238540,226,6163165,Cameron Brink,LAS,SF/PF,6500.0,False,True
43571281,150595,1238540,227,6163165,Cameron Brink,LAS,SF/PF,6500.0,False,True
43571282,150595,1646835,226,6163163,Laura Juskaite,TOR,SF/PF,6400.0,False,True
43571283,150595,1646835,227,6163163,Laura Juskaite,TOR,SF/PF,6400.0,False,True
43571284,150595,1348207,226,6163162,Aneesah Morrow,CON,SF/PF,6300.0,False,True
43571285,150595,1348207,227,6163162,Aneesah Morrow,CON,SF/PF,6300.0,False,True
43571286,150595,883058,225,6163162,Kennedy Burke,CON,PG/SG,6200.0,False,True
43571287,150595,883058,227,6163162,Kennedy Burke,CON,PG/SG,6200.0,False,True
43571288,150595,411926,225,6163165,Courtney Vandersloot,CHI,PG/SG,6100.0,False,True
43571289,150595,411926,227,6163165,Courtney Vandersloot,CHI,PG/SG,6100.0,False,True
43571290,150595,1074085,226,6163162,Cecilia Zandalasini,GSV,SF/PF,6000.0,False,True
43571291,150595,1074085,227,6163162,Cecilia Zandalasini,GSV,SF/PF,6000.0,False,True
43571292,150595,1237071,226,6163162,Aaliyah Edwards,CON,SF/PF,5900.0,False,True
43571293,150595,1237071,227,6163162,Aaliyah Edwards,CON,SF/PF,5900.0,False,True
43571294,150595,945094,225,6163162,Kaila Charles,GSV,PG/SG,5800.0,False,True
43571295,150595,945094,227,6163162,Kaila Charles,GSV,PG/SG,5800.0,False,True
43571296,150595,1338493,225,6163162,Saniya Rivers,CON,PG/SG,5700.0,False,True
43571297,150595,1338493,227,6163162,Saniya Rivers,CON,PG/SG,5700.0,False,True
43571298,150595,1178656,226,6163162,Diamond Miller,CON,SF/PF,5600.0,False,True
43571299,150595,1178656,227,6163162,Diamond Miller,CON,SF/PF,5600.0,False,True
43571300,150595,619768,226,6163163,Temi Fagbenle,TOR,SF/PF,5400.0,False,True
43571301,150595,619768,227,6163163,Temi Fagbenle,TOR,SF/PF,5400.0,False,True
43571302,150595,1178919,225,6163165,Jacy Sheldon,CHI,PG/SG,5200.0,False,True
43571303,150595,1178919,227,6163165,Jacy Sheldon,CHI,PG/SG,5200.0,False,True
43571304,150595,1410346,225,6163165,Gabriela Jaquez,CHI,PG/SG,5100.0,False,True
43571305,150595,1410346,227,6163165,Gabriela Jaquez,CHI,PG/SG,5100.0,False,True
43571306,150595,839858,225,6163163,Kia Nurse,TOR,PG/SG,5000.0,False,True
43571307,150595,839858,227,6163163,Kia Nurse,TOR,PG/SG,5000.0,False,True
43571308,150595,945691,225,6163165,DiJonai Carrington,CHI,PG/SG,4900.0,False,True
43571309,150595,945691,227,6163165,DiJonai Carrington,CHI,PG/SG,4900.0,False,True
43571310,150595,1346972,225,6163162,Kaitlyn Chen,GSV,PG/SG,4800.0,False,True
43571311,150595,1346972,227,6163162,Kaitlyn Chen,GSV,PG/SG,4800.0,False,True
43571312,150595,619511,226,6163165,Elizabeth Williams,CHI,SF/PF,4700.0,False,True
43571313,150595,619511,227,6163165,Elizabeth Williams,CHI,SF/PF,4700.0,False,True
43571314,150595,1192652,226,6163162,Laeticia Amihere,GSV,SF/PF,4600.0,False,True
43571315,150595,1192652,227,6163162,Laeticia Amihere,GSV,SF/PF,4600.0,False,True
43571316,150595,473026,225,6163162,Tiffany Hayes,GSV,PG/SG,4500.0,False,True
43571317,150595,473026,227,6163162,Tiffany Hayes,GSV,PG/SG,4500.0,False,True
43571318,150595,883053,226,6163163,Alanna Smith,DAL,SF/PF,4400.0,False,True
43571319,150595,883053,227,6163163,Alanna Smith,DAL,SF/PF,4400.0,False,True
43571320,150595,1651910,225,6163163,Tima Pouye,TOR,PG/SG,4300.0,False,True
43571321,150595,1651910,227,6163163,Tima Pouye,TOR,PG/SG,4300.0,False,True
43571322,150595,411640,226,6163165,Emma Cannon,LAS,SF/PF,4200.0,False,True
43571323,150595,411640,227,6163165,Emma Cannon,LAS,SF/PF,4200.0,False,True
43571324,150595,1329600,225,6163163,Aziaha James,DAL,PG/SG,4100.0,False,True
43571325,150595,1329600,227,6163163,Aziaha James,DAL,PG/SG,4100.0,False,True
43571326,150595,1237366,225,6163165,Aicha Coulibaly,CHI,PG/SG,4000.0,False,True
43571327,150595,1237366,227,6163165,Aicha Coulibaly,CHI,PG/SG,4000.0,False,True
43571328,150595,1293081,226,6163165,Jihyun Park,LAS,SF/PF,3900.0,False,True
43571329,150595,1293081,227,6163165,Jihyun Park,LAS,SF/PF,3900.0,False,True
43571330,150595,569060,225,6163163,Odyssey Sims,DAL,PG/SG,3800.0,False,True
43571331,150595,569060,227,6163163,Odyssey Sims,DAL,PG/SG,3800.0,False,True
43571332,150595,1080001,225,6163165,Kiana Williams,LAS,PG/SG,3700.0,False,True
43571333,150595,1080001,227,6163165,Kiana Williams,LAS,PG/SG,3700.0,False,True
43571334,150595,1127118,225,6163165,Kate Martin,LAS,PG/SG,3600.0,False,True
43571335,150595,1127118,227,6163165,Kate Martin,LAS,PG/SG,3600.0,False,True
43571336,150595,1329604,226,6163163,Teonni Key,TOR,SF/PF,3600.0,False,True
43571337,150595,1329604,227,6163163,Teonni Key,TOR,SF/PF,3600.0,False,True
43571338,150595,1409718,225,6163165,Chance Gray,LAS,PG/SG,3500.0,False,True
43571339,150595,1409718,227,6163165,Chance Gray,LAS,PG/SG,3500.0,False,True
43571340,150595,1138386,226,6163163,Maddy Siegrist,DAL,SF/PF,3500.0,False,True
43571341,150595,1138386,227,6163163,Maddy Siegrist,DAL,SF/PF,3500.0,False,True
43571342,150595,620680,225,6163165,Rachel Banham,CHI,PG/SG,3400.0,False,True
43571343,150595,620680,227,6163165,Rachel Banham,CHI,PG/SG,3400.0,False,True
43571344,150595,1409850,226,6163162,Raegan Beers,CON,SF/PF,3300.0,False,True
43571345,150595,1409850,227,6163162,Raegan Beers,CON,SF/PF,3300.0,False,True
43571346,150595,1179099,226,6163165,Rickea Jackson,CHI,SF/PF,3000.0,False,True
43571347,150595,1179099,227,6163165,Rickea Jackson,CHI,SF/PF,3000.0,False,True
43571348,150595,1282439,226,6163162,Iliana Rupert,GSV,SF/PF,3000.0,False,True
43571349,150595,1282439,227,6163162,Iliana Rupert,GSV,SF/PF,3000.0,False,True
43571350,150595,1165550,226,6163163,Li Yueru,DAL,SF/PF,3000.0,False,True
43571351,150595,1165550,227,6163163,Li Yueru,DAL,SF/PF,3000.0,False,True
43571352,150595,1655742,226,6163163,Ornella Bankole,TOR,SF/PF,3000.0,False,True
43571353,150595,1655742,227,6163163,Ornella Bankole,TOR,SF/PF,3000.0,False,True
43571354,150595,1178972,226,6163165,Alissa Pili,LAS,SF/PF,3000.0,False,True
43571355,150595,1178972,227,6163165,Alissa Pili,LAS,SF/PF,3000.0,False,True
43571356,150595,924755,225,6163163,Sug Sutton,DAL,PG/SG,3000.0,False,True
43571357,150595,924755,227,6163163,Sug Sutton,DAL,PG/SG,3000.0,False,True
43571358,150595,303756,226,6163163,Alysha Clark,DAL,SF/PF,3000.0,False,True
43571359,150595,303756,227,6163163,Alysha Clark,DAL,SF/PF,3000.0,False,True
43571360,150595,1330156,225,6163162,Gianna Kneepkens,CON,PG/SG,3000.0,False,True
43571361,150595,1330156,227,6163162,Gianna Kneepkens,CON,PG/SG,3000.0,False,True
43571362,150595,1237434,225,6163162,Hailey Van Lith,CON,PG/SG,3000.0,False,True
43571363,150595,1237434,227,6163162,Hailey Van Lith,CON,PG/SG,3000.0,False,True
43571364,150595,1646986,226,6163162,Nell Angloma,CON,SF/PF,3000.0,False,True
43571365,150595,1646986,227,6163162,Nell Angloma,CON,SF/PF,3000.0,False,True
43571366,150595,1408616,225,6163162,Ashlon Jackson,CON,PG/SG,3000.0,False,True
43571367,150595,1408616,227,6163162,Ashlon Jackson,CON,PG/SG,3000.0,False,True
43571368,150595,1079911,226,6163165,Chloe Bibby,CHI,SF/PF,3000.0,False,True
43571369,150595,1079911,227,6163165,Chloe Bibby,CHI,SF/PF,3000.0,False,True
43571370,150595,1189694,225,6163163,Haley Jones,DAL,PG/SG,3000.0,False,True
43571371,150595,1189694,227,6163163,Haley Jones,DAL,PG/SG,3000.0,False,True
43571372,150595,1646925,225,6163163,Costanza Verona,DAL,PG/SG,3000.0,False,True
43571373,150595,1646925,227,6163163,Costanza Verona,DAL,PG/SG,3000.0,False,True
43571374,150595,1239671,226,6163165,Maddy Westbeld,CHI,SF/PF,3000.0,False,True
43571375,150595,1239671,227,6163165,Maddy Westbeld,CHI,SF/PF,3000.0,False,True
43571376,150595,1582285,226,6163162,Juste Jocyte,GSV,SF/PF,3000.0,False,True
43571377,150595,1582285,227,6163162,Juste Jocyte,GSV,SF/PF,3000.0,False,True
43571378,150595,945689,226,6163162,Nadia Fingall,GSV,SF/PF,3000.0,False,True
43571379,150595,945689,227,6163162,Nadia Fingall,GSV,SF/PF,3000.0,False,True
43571380,150595,1646923,225,6163162,Miela Sowah,GSV,PG/SG,3000.0,False,True
43571381,150595,1646923,227,6163162,Miela Sowah,GSV,PG/SG,3000.0,False,True
43571382,150595,1189691,226,6163162,Ashten Prechtel,GSV,SF/PF,3000.0,False,True
43571383,150595,1189691,227,6163162,Ashten Prechtel,GSV,SF/PF,3000.0,False,True
43571384,150596,882899,633,6163163,Jessica Shepard,DAL,SF,,False,False
43571385,150596,882899,465,6163163,Jessica Shepard,DAL,SF,,False,False
43571386,150596,882899,636,6163163,Jessica Shepard,DAL,SF,,False,False
43571387,150596,477107,633,6163165,Nneka Ogwumike,LAS,SF,,False,False
43571388,150596,477107,465,6163165,Nneka Ogwumike,LAS,SF,,False,False
43571389,150596,477107,636,6163165,Nneka Ogwumike,LAS,SF,,False,False
43571390,150596,1237074,464,6163163,Paige Bueckers,DAL,PG,,False,False
43571391,150596,1237074,465,6163163,Paige Bueckers,DAL,PG,,False,False
43571392,150596,1237074,636,6163163,Paige Bueckers,DAL,PG,,False,False
43571393,150596,790367,464,6163165,Kelsey Plum,LAS,PG,,False,False
43571394,150596,790367,465,6163165,Kelsey Plum,LAS,PG,,False,False
43571395,150596,790367,636,6163165,Kelsey Plum,LAS,PG,,False,False
43571396,150596,521933,633,6163162,Brittney Griner,CON,SF,,False,False
43571397,150596,521933,465,6163162,Brittney Griner,CON,SF,,False,False
43571398,150596,521933,636,6163162,Brittney Griner,CON,SF,,False,False
43571399,150596,881835,464,6163163,Marina Mabrey,TOR,PG,,False,False
43571400,150596,881835,465,6163163,Marina Mabrey,TOR,PG,,False,False
43571401,150596,881835,636,6163163,Marina Mabrey,TOR,PG,,False,False
43571402,150596,604730,633,6163165,Dearica Hamby,LAS,SF,,False,False
43571403,150596,604730,465,6163165,Dearica Hamby,LAS,SF,,False,False
43571404,150596,604730,636,6163165,Dearica Hamby,LAS,SF,,False,False
43571405,150596,1238798,633,6163165,Kamilla Cardoso,CHI,SF,,False,False
43571406,150596,1238798,465,6163165,Kamilla Cardoso,CHI,SF,,False,False
43571407,150596,1238798,636,6163165,Kamilla Cardoso,CHI,SF,,False,False
43571408,150596,695695,464,6163163,Brittney Sykes,TOR,PG,,False,False
43571409,150596,695695,465,6163163,Brittney Sykes,TOR,PG,,False,False
43571410,150596,695695,636,6163163,Brittney Sykes,TOR,PG,,False,False
43571411,150596,1127174,464,6163162,Veronica Burton,GSV,PG,,False,False
43571412,150596,1127174,465,6163162,Veronica Burton,GSV,PG,,False,False
43571413,150596,1127174,636,6163162,Veronica Burton,GSV,PG,,False,False
43571414,150596,620494,633,6163163,Isabelle Harrison,TOR,SF,,False,False
43571415,150596,620494,465,6163163,Isabelle Harrison,TOR,SF,,False,False
43571416,150596,620494,636,6163163,Isabelle Harrison,TOR,SF,,False,False
43571417,150596,1508686,464,6163162,Leila Lacan,CON,PG,,False,False
43571418,150596,1508686,465,6163162,Leila Lacan,CON,PG,,False,False
43571419,150596,1508686,636,6163162,Leila Lacan,CON,PG,,False,False
43571420,150596,833156,633,6163165,Azura Stevens,CHI,SF,,False,False
43571421,150596,833156,465,6163165,Azura Stevens,CHI,SF,,False,False
43571422,150596,833156,636,6163165,Azura Stevens,CHI,SF,,False,False
43571423,150596,520283,464,6163165,Skylar Diggins,CHI,PG,,False,False
43571424,150596,520283,465,6163165,Skylar Diggins,CHI,PG,,False,False
43571425,150596,520283,636,6163165,Skylar Diggins,CHI,PG,,False,False
43571426,150596,1123909,633,6163162,Olivia Nelson-Ododa,CON,SF,,False,False
43571427,150596,1123909,465,6163162,Olivia Nelson-Ododa,CON,SF,,False,False
43571428,150596,1123909,636,6163162,Olivia Nelson-Ododa,CON,SF,,False,False
43571429,150596,839859,633,6163162,Gabby Williams,GSV,SF,,False,False
43571430,150596,839859,465,6163162,Gabby Williams,GSV,SF,,False,False
43571431,150596,839859,636,6163162,Gabby Williams,GSV,SF,,False,False
43571432,150596,1132717,633,6163163,Nyara Sabally,TOR,SF,,False,False
43571433,150596,1132717,465,6163163,Nyara Sabally,TOR,SF,,False,False
43571434,150596,1132717,636,6163163,Nyara Sabally,TOR,SF,,False,False
43571435,150596,1330005,464,6163163,Azzi Fudd,DAL,PG,,False,False
43571436,150596,1330005,465,6163163,Azzi Fudd,DAL,PG,,False,False
43571437,150596,1330005,636,6163163,Azzi Fudd,DAL,PG,,False,False
43571438,150596,1217310,464,6163163,Julie Allemand,TOR,PG,,False,False
43571439,150596,1217310,465,6163163,Julie Allemand,TOR,PG,,False,False
43571440,150596,1217310,636,6163163,Julie Allemand,TOR,PG,,False,False
43571441,150596,572456,464,6163165,Natasha Cloud,CHI,PG,,False,False
43571442,150596,572456,465,6163165,Natasha Cloud,CHI,PG,,False,False
43571443,150596,572456,636,6163165,Natasha Cloud,CHI,PG,,False,False
43571444,150596,1511559,633,6163162,Janelle Salaun,GSV,SF,,False,False
43571445,150596,1511559,465,6163162,Janelle Salaun,GSV,SF,,False,False
43571446,150596,1511559,636,6163162,Janelle Salaun,GSV,SF,,False,False
43571447,150596,881754,633,6163163,Maria Conde,TOR,SF,,False,False
43571448,150596,881754,465,6163163,Maria Conde,TOR,SF,,False,False
43571449,150596,881754,636,6163163,Maria Conde,TOR,SF,,False,False
43571450,150596,570043,633,6163162,Kayla Thornton,GSV,SF,,False,False
43571451,150596,570043,465,6163162,Kayla Thornton,GSV,SF,,False,False
43571452,150596,570043,636,6163162,Kayla Thornton,GSV,SF,,False,False
43571453,150596,1239750,464,6163162,Charlisse Leger-Walker,CON,PG,,False,False
43571454,150596,1239750,465,6163162,Charlisse Leger-Walker,CON,PG,,False,False
43571455,150596,1239750,636,6163162,Charlisse Leger-Walker,CON,PG,,False,False
43571456,150596,1410325,464,6163163,Kiki Rice,TOR,PG,,False,False
43571457,150596,1410325,465,6163163,Kiki Rice,TOR,PG,,False,False
43571458,150596,1410325,636,6163163,Kiki Rice,TOR,PG,,False,False
43571459,150596,880980,464,6163163,Arike Ogunbowale,DAL,PG,,False,False
43571460,150596,880980,465,6163163,Arike Ogunbowale,DAL,PG,,False,False
43571461,150596,880980,636,6163163,Arike Ogunbowale,DAL,PG,,False,False
43571462,150596,1182914,464,6163165,Sydney Taylor,CHI,PG,,False,False
43571463,150596,1182914,465,6163165,Sydney Taylor,CHI,PG,,False,False
43571464,150596,1182914,636,6163165,Sydney Taylor,CHI,PG,,False,False
43571465,150596,1282435,633,6163163,Awak Kuier,DAL,SF,,False,False
43571466,150596,1282435,465,6163163,Awak Kuier,DAL,SF,,False,False
43571467,150596,1282435,636,6163163,Awak Kuier,DAL,SF,,False,False
43571468,150596,520294,464,6163165,Erica Wheeler,LAS,PG,,False,False
43571469,150596,520294,465,6163165,Erica Wheeler,LAS,PG,,False,False
43571470,150596,520294,636,6163165,Erica Wheeler,LAS,PG,,False,False
43571471,150596,834728,464,6163165,Ariel Atkins,LAS,PG,,False,False
43571472,150596,834728,465,6163165,Ariel Atkins,LAS,PG,,False,False
43571473,150596,834728,636,6163165,Ariel Atkins,LAS,PG,,False,False
43571474,150596,1138640,464,6163165,Rae Burrell,LAS,PG,,False,False
43571475,150596,1138640,465,6163165,Rae Burrell,LAS,PG,,False,False
43571476,150596,1138640,636,6163165,Rae Burrell,LAS,PG,,False,False
43571477,150596,619369,633,6163162,Kiah Stokes,GSV,SF,,False,False
43571478,150596,619369,465,6163162,Kiah Stokes,GSV,SF,,False,False
43571479,150596,619369,636,6163162,Kiah Stokes,GSV,SF,,False,False
43571480,150596,1238540,633,6163165,Cameron Brink,LAS,SF,,False,False
43571481,150596,1238540,465,6163165,Cameron Brink,LAS,SF,,False,False
43571482,150596,1238540,636,6163165,Cameron Brink,LAS,SF,,False,False
43571483,150596,1646835,633,6163163,Laura Juskaite,TOR,SF,,False,False
43571484,150596,1646835,465,6163163,Laura Juskaite,TOR,SF,,False,False
43571485,150596,1646835,636,6163163,Laura Juskaite,TOR,SF,,False,False
43571486,150596,1348207,633,6163162,Aneesah Morrow,CON,SF,,False,False
43571487,150596,1348207,465,6163162,Aneesah Morrow,CON,SF,,False,False
43571488,150596,1348207,636,6163162,Aneesah Morrow,CON,SF,,False,False
43571489,150596,883058,464,6163162,Kennedy Burke,CON,PG,,False,False
43571490,150596,883058,465,6163162,Kennedy Burke,CON,PG,,False,False
43571491,150596,883058,636,6163162,Kennedy Burke,CON,PG,,False,False
43571492,150596,411926,464,6163165,Courtney Vandersloot,CHI,PG,,False,False
43571493,150596,411926,465,6163165,Courtney Vandersloot,CHI,PG,,False,False
43571494,150596,411926,636,6163165,Courtney Vandersloot,CHI,PG,,False,False
43571495,150596,1074085,633,6163162,Cecilia Zandalasini,GSV,SF,,False,False
43571496,150596,1074085,465,6163162,Cecilia Zandalasini,GSV,SF,,False,False
43571497,150596,1074085,636,6163162,Cecilia Zandalasini,GSV,SF,,False,False
43571498,150596,1237071,633,6163162,Aaliyah Edwards,CON,SF,,False,False
43571499,150596,1237071,465,6163162,Aaliyah Edwards,CON,SF,,False,False
43571500,150596,1237071,636,6163162,Aaliyah Edwards,CON,SF,,False,False
43571501,150596,945094,464,6163162,Kaila Charles,GSV,PG,,False,False
43571502,150596,945094,465,6163162,Kaila Charles,GSV,PG,,False,False
43571503,150596,945094,636,6163162,Kaila Charles,GSV,PG,,False,False
43571504,150596,1338493,464,6163162,Saniya Rivers,CON,PG,,False,False
43571505,150596,1338493,465,6163162,Saniya Rivers,CON,PG,,False,False
43571506,150596,1338493,636,6163162,Saniya Rivers,CON,PG,,False,False
43571507,150596,1178656,633,6163162,Diamond Miller,CON,SF,,False,False
43571508,150596,1178656,465,6163162,Diamond Miller,CON,SF,,False,False
43571509,150596,1178656,636,6163162,Diamond Miller,CON,SF,,False,False
43571510,150596,619768,633,6163163,Temi Fagbenle,TOR,SF,,False,False
43571511,150596,619768,465,6163163,Temi Fagbenle,TOR,SF,,False,False
43571512,150596,619768,636,6163163,Temi Fagbenle,TOR,SF,,False,False
43571513,150596,1178919,464,6163165,Jacy Sheldon,CHI,PG,,False,False
43571514,150596,1178919,465,6163165,Jacy Sheldon,CHI,PG,,False,False
43571515,150596,1178919,636,6163165,Jacy Sheldon,CHI,PG,,False,False
43571516,150596,1410346,464,6163165,Gabriela Jaquez,CHI,PG,,False,False
43571517,150596,1410346,465,6163165,Gabriela Jaquez,CHI,PG,,False,False
43571518,150596,1410346,636,6163165,Gabriela Jaquez,CHI,PG,,False,False
43571519,150596,839858,464,6163163,Kia Nurse,TOR,PG,,False,False
43571520,150596,839858,465,6163163,Kia Nurse,TOR,PG,,False,False
43571521,150596,839858,636,6163163,Kia Nurse,TOR,PG,,False,False
43571522,150596,945691,464,6163165,DiJonai Carrington,CHI,PG,,False,False
43571523,150596,945691,465,6163165,DiJonai Carrington,CHI,PG,,False,False
43571524,150596,945691,636,6163165,DiJonai Carrington,CHI,PG,,False,False
43571525,150596,1346972,464,6163162,Kaitlyn Chen,GSV,PG,,False,False
43571526,150596,1346972,465,6163162,Kaitlyn Chen,GSV,PG,,False,False
43571527,150596,1346972,636,6163162,Kaitlyn Chen,GSV,PG,,False,False
43571528,150596,619511,633,6163165,Elizabeth Williams,CHI,SF,,False,False
43571529,150596,619511,465,6163165,Elizabeth Williams,CHI,SF,,False,False
43571530,150596,619511,636,6163165,Elizabeth Williams,CHI,SF,,False,False
43571531,150596,1192652,633,6163162,Laeticia Amihere,GSV,SF,,False,False
43571532,150596,1192652,465,6163162,Laeticia Amihere,GSV,SF,,False,False
43571533,150596,1192652,636,6163162,Laeticia Amihere,GSV,SF,,False,False
43571534,150596,473026,464,6163162,Tiffany Hayes,GSV,PG,,False,False
43571535,150596,473026,465,6163162,Tiffany Hayes,GSV,PG,,False,False
43571536,150596,473026,636,6163162,Tiffany Hayes,GSV,PG,,False,False
43571537,150596,883053,633,6163163,Alanna Smith,DAL,SF,,False,False
43571538,150596,883053,465,6163163,Alanna Smith,DAL,SF,,False,False
43571539,150596,883053,636,6163163,Alanna Smith,DAL,SF,,False,False
43571540,150596,1651910,464,6163163,Tima Pouye,TOR,PG,,False,False
43571541,150596,1651910,465,6163163,Tima Pouye,TOR,PG,,False,False
43571542,150596,1651910,636,6163163,Tima Pouye,TOR,PG,,False,False
43571543,150596,411640,633,6163165,Emma Cannon,LAS,SF,,False,False
43571544,150596,411640,465,6163165,Emma Cannon,LAS,SF,,False,False
43571545,150596,411640,636,6163165,Emma Cannon,LAS,SF,,False,False
43571546,150596,1329600,464,6163163,Aziaha James,DAL,PG,,False,False
43571547,150596,1329600,465,6163163,Aziaha James,DAL,PG,,False,False
43571548,150596,1329600,636,6163163,Aziaha James,DAL,PG,,False,False
43571549,150596,1237366,464,6163165,Aicha Coulibaly,CHI,PG,,False,False
43571550,150596,1237366,465,6163165,Aicha Coulibaly,CHI,PG,,False,False
43571551,150596,1237366,636,6163165,Aicha Coulibaly,CHI,PG,,False,False
43571552,150596,1293081,633,6163165,Jihyun Park,LAS,SF,,False,False
43571553,150596,1293081,465,6163165,Jihyun Park,LAS,SF,,False,False
43571554,150596,1293081,636,6163165,Jihyun Park,LAS,SF,,False,False
43571555,150596,569060,464,6163163,Odyssey Sims,DAL,PG,,False,False
43571556,150596,569060,465,6163163,Odyssey Sims,DAL,PG,,False,False
43571557,150596,569060,636,6163163,Odyssey Sims,DAL,PG,,False,False
43571558,150596,1080001,464,6163165,Kiana Williams,LAS,PG,,False,False
43571559,150596,1080001,465,6163165,Kiana Williams,LAS,PG,,False,False
43571560,150596,1080001,636,6163165,Kiana Williams,LAS,PG,,False,False
43571561,150596,1127118,464,6163165,Kate Martin,LAS,PG,,False,False
43571562,150596,1127118,465,6163165,Kate Martin,LAS,PG,,False,False
43571563,150596,1127118,636,6163165,Kate Martin,LAS,PG,,False,False
43571564,150596,1329604,633,6163163,Teonni Key,TOR,SF,,False,False
43571565,150596,1329604,465,6163163,Teonni Key,TOR,SF,,False,False
43571566,150596,1329604,636,6163163,Teonni Key,TOR,SF,,False,False
43571567,150596,1409718,464,6163165,Chance Gray,LAS,PG,,False,False
43571568,150596,1409718,465,6163165,Chance Gray,LAS,PG,,False,False
43571569,150596,1409718,636,6163165,Chance Gray,LAS,PG,,False,False
43571570,150596,1138386,633,6163163,Maddy Siegrist,DAL,SF,,False,False
43571571,150596,1138386,465,6163163,Maddy Siegrist,DAL,SF,,False,False
43571572,150596,1138386,636,6163163,Maddy Siegrist,DAL,SF,,False,False
43571573,150596,620680,464,6163165,Rachel Banham,CHI,PG,,False,False
43571574,150596,620680,465,6163165,Rachel Banham,CHI,PG,,False,False
43571575,150596,620680,636,6163165,Rachel Banham,CHI,PG,,False,False
43571576,150596,1409850,633,6163162,Raegan Beers,CON,SF,,False,False
43571577,150596,1409850,465,6163162,Raegan Beers,CON,SF,,False,False
43571578,150596,1409850,636,6163162,Raegan Beers,CON,SF,,False,False
43571579,150596,1179099,633,6163165,Rickea Jackson,CHI,SF,,False,False
43571580,150596,1179099,465,6163165,Rickea Jackson,CHI,SF,,False,False
43571581,150596,1179099,636,6163165,Rickea Jackson,CHI,SF,,False,False
43571582,150596,1282439,633,6163162,Iliana Rupert,GSV,SF,,False,False
43571583,150596,1282439,465,6163162,Iliana Rupert,GSV,SF,,False,False
43571584,150596,1282439,636,6163162,Iliana Rupert,GSV,SF,,False,False
43571585,150596,1165550,633,6163163,Li Yueru,DAL,SF,,False,False
43571586,150596,1165550,465,6163163,Li Yueru,DAL,SF,,False,False
43571587,150596,1165550,636,6163163,Li Yueru,DAL,SF,,False,False
43571588,150596,1655742,633,6163163,Ornella Bankole,TOR,SF,,False,False
43571589,150596,1655742,465,6163163,Ornella Bankole,TOR,SF,,False,False
43571590,150596,1655742,636,6163163,Ornella Bankole,TOR,SF,,False,False
43571591,150596,1178972,633,6163165,Alissa Pili,LAS,SF,,False,False
43571592,150596,1178972,465,6163165,Alissa Pili,LAS,SF,,False,False
43571593,150596,1178972,636,6163165,Alissa Pili,LAS,SF,,False,False
43571594,150596,924755,464,6163163,Sug Sutton,DAL,PG,,False,False
43571595,150596,924755,465,6163163,Sug Sutton,DAL,PG,,False,False
43571596,150596,924755,636,6163163,Sug Sutton,DAL,PG,,False,False
43571597,150596,303756,633,6163163,Alysha Clark,DAL,SF,,False,False
43571598,150596,303756,465,6163163,Alysha Clark,DAL,SF,,False,False
43571599,150596,303756,636,6163163,Alysha Clark,DAL,SF,,False,False
43571600,150596,1330156,464,6163162,Gianna Kneepkens,CON,PG,,False,False
43571601,150596,1330156,465,6163162,Gianna Kneepkens,CON,PG,,False,False
43571602,150596,1330156,636,6163162,Gianna Kneepkens,CON,PG,,False,False
43571603,150596,1237434,464,6163162,Hailey Van Lith,CON,PG,,False,False
43571604,150596,1237434,465,6163162,Hailey Van Lith,CON,PG,,False,False
43571605,150596,1237434,636,6163162,Hailey Van Lith,CON,PG,,False,False
43571606,150596,1646986,633,6163162,Nell Angloma,CON,SF,,False,False
43571607,150596,1646986,465,6163162,Nell Angloma,CON,SF,,False,False
43571608,150596,1646986,636,6163162,Nell Angloma,CON,SF,,False,False
43571609,150596,1408616,464,6163162,Ashlon Jackson,CON,PG,,False,False
43571610,150596,1408616,465,6163162,Ashlon Jackson,CON,PG,,False,False
43571611,150596,1408616,636,6163162,Ashlon Jackson,CON,PG,,False,False
43571612,150596,1079911,633,6163165,Chloe Bibby,CHI,SF,,False,False
43571613,150596,1079911,465,6163165,Chloe Bibby,CHI,SF,,False,False
43571614,150596,1079911,636,6163165,Chloe Bibby,CHI,SF,,False,False
43571615,150596,1189694,464,6163163,Haley Jones,DAL,PG,,False,False
43571616,150596,1189694,465,6163163,Haley Jones,DAL,PG,,False,False
43571617,150596,1189694,636,6163163,Haley Jones,DAL,PG,,False,False
43571618,150596,1646925,464,6163163,Costanza Verona,DAL,PG,,False,False
43571619,150596,1646925,465,6163163,Costanza Verona,DAL,PG,,False,False
43571620,150596,1646925,636,6163163,Costanza Verona,DAL,PG,,False,False
43571621,150596,1239671,633,6163165,Maddy Westbeld,CHI,SF,,False,False
43571622,150596,1239671,465,6163165,Maddy Westbeld,CHI,SF,,False,False
43571623,150596,1239671,636,6163165,Maddy Westbeld,CHI,SF,,False,False
43571624,150596,1582285,633,6163162,Juste Jocyte,GSV,SF,,False,False
43571625,150596,1582285,465,6163162,Juste Jocyte,GSV,SF,,False,False
43571626,150596,1582285,636,6163162,Juste Jocyte,GSV,SF,,False,False
43571627,150596,945689,633,6163162,Nadia Fingall,GSV,SF,,False,False
43571628,150596,945689,465,6163162,Nadia Fingall,GSV,SF,,False,False
43571629,150596,945689,636,6163162,Nadia Fingall,GSV,SF,,False,False
43571630,150596,1646923,464,6163162,Miela Sowah,GSV,PG,,False,False
43571631,150596,1646923,465,6163162,Miela Sowah,GSV,PG,,False,False
43571632,150596,1646923,636,6163162,Miela Sowah,GSV,PG,,False,False
43571633,150596,1189691,633,6163162,Ashten Prechtel,GSV,SF,,False,False
43571634,150596,1189691,465,6163162,Ashten Prechtel,GSV,SF,,False,False
43571635,150596,1189691,636,6163162,Ashten Prechtel,GSV,SF,,False,False
43571636,150597,882899,672,6163163,Jessica Shepard,DAL,SF/PF,,False,True
43571637,150597,477107,672,6163165,Nneka Ogwumike,LAS,SF/PF,,False,True
43571638,150597,1237074,672,6163163,Paige Bueckers,DAL,PG/SG,,False,True
43571639,150597,790367,672,6163165,Kelsey Plum,LAS,PG/SG,,False,True
43571640,150597,521933,672,6163162,Brittney Griner,CON,SF/PF,,False,True
43571641,150597,881835,672,6163163,Marina Mabrey,TOR,PG/SG,,False,True
43571642,150597,604730,672,6163165,Dearica Hamby,LAS,SF/PF,,False,True
43571643,150597,1238798,672,6163165,Kamilla Cardoso,CHI,SF/PF,,False,True
43571644,150597,695695,672,6163163,Brittney Sykes,TOR,PG/SG,,False,True
43571645,150597,1127174,672,6163162,Veronica Burton,GSV,PG/SG,,False,True
43571646,150597,620494,672,6163163,Isabelle Harrison,TOR,SF/PF,,False,True
43571647,150597,1508686,672,6163162,Leila Lacan,CON,PG/SG,,False,True
43571648,150597,833156,672,6163165,Azura Stevens,CHI,SF/PF,,False,True
43571649,150597,520283,672,6163165,Skylar Diggins,CHI,PG/SG,,False,True
43571650,150597,1123909,672,6163162,Olivia Nelson-Ododa,CON,SF/PF,,False,True
43571651,150597,839859,672,6163162,Gabby Williams,GSV,SF/PF,,False,True
43571652,150597,1132717,672,6163163,Nyara Sabally,TOR,SF/PF,,False,True
43571653,150597,1330005,672,6163163,Azzi Fudd,DAL,PG/SG,,False,True
43571654,150597,1217310,672,6163163,Julie Allemand,TOR,PG/SG,,False,True
43571655,150597,572456,672,6163165,Natasha Cloud,CHI,PG/SG,,False,True
43571656,150597,1511559,672,6163162,Janelle Salaun,GSV,SF/PF,,False,True
43571657,150597,881754,672,6163163,Maria Conde,TOR,SF/PF,,False,True
43571658,150597,570043,672,6163162,Kayla Thornton,GSV,SF/PF,,False,True
43571659,150597,1239750,672,6163162,Charlisse Leger-Walker,CON,PG/SG,,False,True
43571660,150597,1410325,672,6163163,Kiki Rice,TOR,PG/SG,,False,True
43571661,150597,880980,672,6163163,Arike Ogunbowale,DAL,PG/SG,,False,True
43571662,150597,1182914,672,6163165,Sydney Taylor,CHI,PG/SG,,False,True
43571663,150597,1282435,672,6163163,Awak Kuier,DAL,SF/PF,,False,True
43571664,150597,520294,672,6163165,Erica Wheeler,LAS,PG/SG,,False,True
43571665,150597,834728,672,6163165,Ariel Atkins,LAS,PG/SG,,False,True
43571666,150597,1138640,672,6163165,Rae Burrell,LAS,PG/SG,,False,True
43571667,150597,619369,672,6163162,Kiah Stokes,GSV,SF/PF,,False,True
43571668,150597,1238540,672,6163165,Cameron Brink,LAS,SF/PF,,False,True
43571669,150597,1646835,672,6163163,Laura Juskaite,TOR,SF/PF,,False,True
43571670,150597,1348207,672,6163162,Aneesah Morrow,CON,SF/PF,,False,True
43571671,150597,883058,672,6163162,Kennedy Burke,CON,PG/SG,,False,True
43571672,150597,411926,672,6163165,Courtney Vandersloot,CHI,PG/SG,,False,True
43571673,150597,1074085,672,6163162,Cecilia Zandalasini,GSV,SF/PF,,False,True
43571674,150597,1237071,672,6163162,Aaliyah Edwards,CON,SF/PF,,False,True
43571675,150597,945094,672,6163162,Kaila Charles,GSV,PG/SG,,False,True
43571676,150597,1338493,672,6163162,Saniya Rivers,CON,PG/SG,,False,True
43571677,150597,1178656,672,6163162,Diamond Miller,CON,SF/PF,,False,True
43571678,150597,619768,672,6163163,Temi Fagbenle,TOR,SF/PF,,False,True
43571679,150597,1178919,672,6163165,Jacy Sheldon,CHI,PG/SG,,False,True
43571680,150597,1410346,672,6163165,Gabriela Jaquez,CHI,PG/SG,,False,True
43571681,150597,839858,672,6163163,Kia Nurse,TOR,PG/SG,,False,True
43571682,150597,945691,672,6163165,DiJonai Carrington,CHI,PG/SG,,False,True
43571683,150597,1346972,672,6163162,Kaitlyn Chen,GSV,PG/SG,,False,True
43571684,150597,619511,672,6163165,Elizabeth Williams,CHI,SF/PF,,False,True
43571685,150597,1192652,672,6163162,Laeticia Amihere,GSV,SF/PF,,False,True
43571686,150597,473026,672,6163162,Tiffany Hayes,GSV,PG/SG,,False,True
43571687,150597,883053,672,6163163,Alanna Smith,DAL,SF/PF,,False,True
43571688,150597,1651910,672,6163163,Tima Pouye,TOR,PG/SG,,False,True
43571689,150597,411640,672,6163165,Emma Cannon,LAS,SF/PF,,False,True
43571690,150597,1329600,672,6163163,Aziaha James,DAL,PG/SG,,False,True
43571691,150597,1237366,672,6163165,Aicha Coulibaly,CHI,PG/SG,,False,True
43571692,150597,1293081,672,6163165,Jihyun Park,LAS,SF/PF,,False,True
43571693,150597,569060,672,6163163,Odyssey Sims,DAL,PG/SG,,False,True
43571694,150597,1080001,672,6163165,Kiana Williams,LAS,PG/SG,,False,True
43571695,150597,1127118,672,6163165,Kate Martin,LAS,PG/SG,,False,True
43571696,150597,1329604,672,6163163,Teonni Key,TOR,SF/PF,,False,True
43571697,150597,1409718,672,6163165,Chance Gray,LAS,PG/SG,,False,True
43571698,150597,1138386,672,6163163,Maddy Siegrist,DAL,SF/PF,,False,True
43571699,150597,620680,672,6163165,Rachel Banham,CHI,PG/SG,,False,True
43571700,150597,1409850,672,6163162,Raegan Beers,CON,SF/PF,,False,True
43571701,150597,1179099,672,6163165,Rickea Jackson,CHI,SF/PF,,False,True
43571702,150597,1282439,672,6163162,Iliana Rupert,GSV,SF/PF,,False,True
43571703,150597,1165550,672,6163163,Li Yueru,DAL,SF/PF,,False,True
43571704,150597,1655742,672,6163163,Ornella Bankole,TOR,SF/PF,,False,True
43571705,150597,1178972,672,6163165,Alissa Pili,LAS,SF/PF,,False,True
43571706,150597,924755,672,6163163,Sug Sutton,DAL,PG/SG,,False,True
43571707,150597,303756,672,6163163,Alysha Clark,DAL,SF/PF,,False,True
43571708,150597,1330156,672,6163162,Gianna Kneepkens,CON,PG/SG,,False,True
43571709,150597,1237434,672,6163162,Hailey Van Lith,CON,PG/SG,,False,True
43571710,150597,1646986,672,6163162,Nell Angloma,CON,SF/PF,,False,True
43571711,150597,1408616,672,6163162,Ashlon Jackson,CON,PG/SG,,False,True
43571712,150597,1079911,672,6163165,Chloe Bibby,CHI,SF/PF,,False,True
43571713,150597,1189694,672,6163163,Haley Jones,DAL,PG/SG,,False,True
43571714,150597,1646925,672,6163163,Costanza Verona,DAL,PG/SG,,False,True
43571715,150597,1239671,672,6163165,Maddy Westbeld,CHI,SF/PF,,False,True
43571716,150597,1582285,672,6163162,Juste Jocyte,GSV,SF/PF,,False,True
43571717,150597,945689,672,6163162,Nadia Fingall,GSV,SF/PF,,False,True
43571718,150597,1646923,672,6163162,Miela Sowah,GSV,PG/SG,,False,True
43571719,150597,1189691,672,6163162,Ashten Prechtel,GSV,SF/PF,,False,True
43574447,150598,477107,475,6163165,Nneka Ogwumike,LAS,SF/PF,11800.0,False,True
43574448,150598,604730,475,6163165,Dearica Hamby,LAS,SF/PF,10400.0,False,True
43574449,150598,1238798,475,6163165,Kamilla Cardoso,CHI,SF/PF,10200.0,False,True
43574450,150598,833156,475,6163165,Azura Stevens,CHI,SF/PF,9400.0,False,True
43574451,150598,572456,475,6163165,Natasha Cloud,CHI,PG/SG,8200.0,False,True
43574452,150598,1182914,475,6163165,Sydney Taylor,CHI,PG/SG,7400.0,False,True
43574453,150598,520294,475,6163165,Erica Wheeler,LAS,PG/SG,7200.0,False,True
43574454,150598,834728,475,6163165,Ariel Atkins,LAS,PG/SG,7000.0,False,True
43574455,150598,1138640,475,6163165,Rae Burrell,LAS,PG/SG,6800.0,False,True
43574456,150598,411926,475,6163165,Courtney Vandersloot,CHI,PG/SG,6200.0,False,True
43574457,150598,1178919,475,6163165,Jacy Sheldon,CHI,PG/SG,5200.0,False,True
43574458,150598,1410346,475,6163165,Gabriela Jaquez,CHI,PG/SG,4800.0,False,True
43574459,150598,619511,475,6163165,Elizabeth Williams,CHI,SF/PF,4200.0,False,True
43574460,150598,411640,475,6163165,Emma Cannon,LAS,SF/PF,3800.0,False,True
43574461,150598,1237366,475,6163165,Aicha Coulibaly,CHI,PG/SG,3600.0,False,True
43574462,150598,1293081,475,6163165,Jihyun Park,LAS,SF/PF,3400.0,False,True
43574463,150598,1080001,475,6163165,Kiana Williams,LAS,PG/SG,3200.0,False,True
43574464,150598,1127118,475,6163165,Kate Martin,LAS,PG/SG,3000.0,False,True
43574465,150598,1409718,475,6163165,Chance Gray,LAS,PG/SG,2800.0,False,True
43574466,150598,620680,475,6163165,Rachel Banham,CHI,PG/SG,2600.0,False,True
43574467,150598,1178972,475,6163165,Alissa Pili,LAS,SF/PF,2000.0,False,True
43574468,150598,790367,475,6163165,Kelsey Plum,LAS,PG/SG,10600.0,False,True
43574469,150598,520283,475,6163165,Skylar Diggins,CHI,PG/SG,9200.0,False,True
43574470,150598,1238540,475,6163165,Cameron Brink,LAS,SF/PF,6600.0,False,True
43574471,150598,945691,475,6163165,DiJonai Carrington,CHI,PG/SG,4600.0,False,True
43574472,150598,1079911,475,6163165,Chloe Bibby,CHI,SF/PF,2000.0,False,True
43574473,150598,1179099,475,6163165,Rickea Jackson,CHI,SF/PF,2000.0,False,True
43574474,150598,1239671,475,6163165,Maddy Westbeld,CHI,SF/PF,2000.0,False,True
43574475,150598,477107,476,6163165,Nneka Ogwumike,LAS,SF/PF,17700.0,False,True
43574476,150598,604730,476,6163165,Dearica Hamby,LAS,SF/PF,15600.0,False,True
43574477,150598,1238798,476,6163165,Kamilla Cardoso,CHI,SF/PF,15300.0,False,True
43574478,150598,833156,476,6163165,Azura Stevens,CHI,SF/PF,14100.0,False,True
43574479,150598,572456,476,6163165,Natasha Cloud,CHI,PG/SG,12300.0,False,True
43574480,150598,1182914,476,6163165,Sydney Taylor,CHI,PG/SG,11100.0,False,True
43574481,150598,520294,476,6163165,Erica Wheeler,LAS,PG/SG,10800.0,False,True
43574482,150598,834728,476,6163165,Ariel Atkins,LAS,PG/SG,10500.0,False,True
43574483,150598,1138640,476,6163165,Rae Burrell,LAS,PG/SG,10200.0,False,True
43574484,150598,411926,476,6163165,Courtney Vandersloot,CHI,PG/SG,9300.0,False,True
43574485,150598,1178919,476,6163165,Jacy Sheldon,CHI,PG/SG,7800.0,False,True
43574486,150598,1410346,476,6163165,Gabriela Jaquez,CHI,PG/SG,7200.0,False,True
43574487,150598,619511,476,6163165,Elizabeth Williams,CHI,SF/PF,6300.0,False,True
43574488,150598,411640,476,6163165,Emma Cannon,LAS,SF/PF,5700.0,False,True
43574489,150598,1237366,476,6163165,Aicha Coulibaly,CHI,PG/SG,5400.0,False,True
43574490,150598,1293081,476,6163165,Jihyun Park,LAS,SF/PF,5100.0,False,True
43574491,150598,1080001,476,6163165,Kiana Williams,LAS,PG/SG,4800.0,False,True
43574492,150598,1127118,476,6163165,Kate Martin,LAS,PG/SG,4500.0,False,True
43574493,150598,1409718,476,6163165,Chance Gray,LAS,PG/SG,4200.0,False,True
43574494,150598,620680,476,6163165,Rachel Banham,CHI,PG/SG,3900.0,False,True
43574495,150598,1178972,476,6163165,Alissa Pili,LAS,SF/PF,3000.0,False,True
43574496,150598,790367,476,6163165,Kelsey Plum,LAS,PG/SG,15900.0,False,True
43574497,150598,520283,476,6163165,Skylar Diggins,CHI,PG/SG,13800.0,False,True
43574498,150598,1238540,476,6163165,Cameron Brink,LAS,SF/PF,9900.0,False,True
43574499,150598,945691,476,6163165,DiJonai Carrington,CHI,PG/SG,6900.0,False,True
43574500,150598,1079911,476,6163165,Chloe Bibby,CHI,SF/PF,3000.0,False,True
43574501,150598,1179099,476,6163165,Rickea Jackson,CHI,SF/PF,3000.0,False,True
43574502,150598,1239671,476,6163165,Maddy Westbeld,CHI,SF/PF,3000.0,False,True
43577622,150390,1593658,496,6198092,Mikel Brown Jr.,BKN,PG,8800.0,False,True
43577623,150390,1593658,502,6198092,Mikel Brown Jr.,BKN,PG,8800.0,False,True
43577624,150390,1593658,503,6198092,Mikel Brown Jr.,BKN,PG,8800.0,False,True
43577625,150390,1523978,496,6198092,Egor Demin,BKN,PG,8500.0,False,True
43577626,150390,1523978,502,6198092,Egor Demin,BKN,PG,8500.0,False,True
43577627,150390,1523978,503,6198092,Egor Demin,BKN,PG,8500.0,False,True
43577628,150390,1610164,497,6198090,Brayden Burries,MIL,SG,8400.0,False,True
43577629,150390,1610164,502,6198090,Brayden Burries,MIL,SG,8400.0,False,True
43577630,150390,1610164,503,6198090,Brayden Burries,MIL,SG,8400.0,False,True
43577631,150390,1415928,499,6198092,Danny Wolf,BKN,PF,8300.0,False,True
43577632,150390,1415928,501,6198092,Danny Wolf,BKN,PF,8300.0,False,True
43577633,150390,1415928,503,6198092,Danny Wolf,BKN,PF,8300.0,False,True
43577634,150390,1453977,496,6198091,Yuki Kawamura,IND,PG,8100.0,False,True
43577635,150390,1453977,502,6198091,Yuki Kawamura,IND,PG,8100.0,False,True
43577636,150390,1453977,503,6198091,Yuki Kawamura,IND,PG,8100.0,False,True
43577637,150390,1323636,496,6198093,KJ Simpson,DEN,PG/SG,8000.0,False,True
43577638,150390,1323636,497,6198093,KJ Simpson,DEN,PG/SG,8000.0,False,True
43577639,150390,1323636,502,6198093,KJ Simpson,DEN,PG/SG,8000.0,False,True
43577640,150390,1323636,503,6198093,KJ Simpson,DEN,PG/SG,8000.0,False,True
43577641,150390,1448788,496,6198090,Kasparas Jakucionis,MIL,PG,7900.0,False,True
43577642,150390,1448788,502,6198090,Kasparas Jakucionis,MIL,PG,7900.0,False,True
43577643,150390,1448788,503,6198090,Kasparas Jakucionis,MIL,PG,7900.0,False,True
43577644,150390,1403628,499,6198091,Nae'Qwan Tomlin,CLE,PF,7800.0,False,True
43577645,150390,1403628,501,6198091,Nae'Qwan Tomlin,CLE,PF,7800.0,False,True
43577646,150390,1403628,503,6198091,Nae'Qwan Tomlin,CLE,PF,7800.0,False,True
43577647,150390,1437712,498,6198092,Mohamed Diawara,NY,SF,7700.0,False,True
43577648,150390,1437712,501,6198092,Mohamed Diawara,NY,SF,7700.0,False,True
43577649,150390,1437712,503,6198092,Mohamed Diawara,NY,SF,7700.0,False,True
43577650,150390,1343005,496,6198092,Hunter Sallis,BKN,PG/SG,7600.0,False,True
43577651,150390,1343005,497,6198092,Hunter Sallis,BKN,PG/SG,7600.0,False,True
43577652,150390,1343005,502,6198092,Hunter Sallis,BKN,PG/SG,7600.0,False,True
43577653,150390,1343005,503,6198092,Hunter Sallis,BKN,PG/SG,7600.0,False,True
43577654,150390,1253947,496,6198093,Mark Sears,DEN,PG,7500.0,False,True
43577655,150390,1253947,502,6198093,Mark Sears,DEN,PG,7500.0,False,True
43577656,150390,1253947,503,6198093,Mark Sears,DEN,PG,7500.0,False,True
43577657,150390,1245906,497,6198090,Brandon Boston Jr.,MIL,SG,7400.0,False,True
43577658,150390,1245906,502,6198090,Brandon Boston Jr.,MIL,SG,7400.0,False,True
43577659,150390,1245906,503,6198090,Brandon Boston Jr.,MIL,SG,7400.0,False,True
43577660,150390,1197462,496,6198090,Myron Gardner,MIA,PG/SG,7300.0,False,True
43577661,150390,1197462,497,6198090,Myron Gardner,MIA,PG/SG,7300.0,False,True
43577662,150390,1197462,502,6198090,Myron Gardner,MIA,PG/SG,7300.0,False,True
43577663,150390,1197462,503,6198090,Myron Gardner,MIA,PG/SG,7300.0,False,True
43577664,150390,1500956,498,6198092,Pacome Dadiet,NY,SF,7200.0,False,True
43577665,150390,1500956,501,6198092,Pacome Dadiet,NY,SF,7200.0,False,True
43577666,150390,1500956,503,6198092,Pacome Dadiet,NY,SF,7200.0,False,True
43577667,150390,1590554,497,6198092,Ben Saraf,BKN,SG,7100.0,False,True
43577668,150390,1590554,502,6198092,Ben Saraf,BKN,SG,7100.0,False,True
43577669,150390,1590554,503,6198092,Ben Saraf,BKN,SG,7100.0,False,True
43577670,150390,1176631,498,6198093,Isaiah Crawford,HOU,SF/PF,7100.0,False,True
43577671,150390,1176631,499,6198093,Isaiah Crawford,HOU,SF/PF,7100.0,False,True
43577672,150390,1176631,501,6198093,Isaiah Crawford,HOU,SF/PF,7100.0,False,True
43577673,150390,1176631,503,6198093,Isaiah Crawford,HOU,SF/PF,7100.0,False,True
43577674,150390,1241594,500,6198090,Vladislav Goldin,MIA,C,7000.0,False,True
43577675,150390,1241594,503,6198090,Vladislav Goldin,MIA,C,7000.0,False,True
43577676,150390,1542179,498,6198092,Drake Powell,BKN,SF,7000.0,False,True
43577677,150390,1542179,501,6198092,Drake Powell,BKN,SF,7000.0,False,True
43577678,150390,1542179,503,6198092,Drake Powell,BKN,SF,7000.0,False,True
43577679,150390,1324173,496,6198090,Kam Jones,MIL,PG,7000.0,False,True
43577680,150390,1324173,502,6198090,Kam Jones,MIL,PG,7000.0,False,True
43577681,150390,1324173,503,6198090,Kam Jones,MIL,PG,7000.0,False,True
43577682,150390,1243726,496,6198091,Taelon Peter,IND,PG/SG,6900.0,False,True
43577683,150390,1243726,497,6198091,Taelon Peter,IND,PG/SG,6900.0,False,True
43577684,150390,1243726,502,6198091,Taelon Peter,IND,PG/SG,6900.0,False,True
43577685,150390,1243726,503,6198091,Taelon Peter,IND,PG/SG,6900.0,False,True
43577686,150390,1482016,498,6198091,Riley Minix,CLE,SF,6900.0,False,True
43577687,150390,1482016,501,6198091,Riley Minix,CLE,SF,6900.0,False,True
43577688,150390,1482016,503,6198091,Riley Minix,CLE,SF,6900.0,False,True
43577689,150390,1352114,497,6198090,Luke Travers,MIL,SG,6800.0,False,True
43577690,150390,1352114,502,6198090,Luke Travers,MIL,SG,6800.0,False,True
43577691,150390,1352114,503,6198090,Luke Travers,MIL,SG,6800.0,False,True
43577692,150390,1174846,497,6198093,Tristen Newton,HOU,SG,6700.0,False,True
43577693,150390,1174846,502,6198093,Tristen Newton,HOU,SG,6700.0,False,True
43577694,150390,1174846,503,6198093,Tristen Newton,HOU,SG,6700.0,False,True
43577695,150390,1325163,496,6198091,Malaki Branham,CLE,PG/SG,6600.0,False,True
43577696,150390,1325163,497,6198091,Malaki Branham,CLE,PG/SG,6600.0,False,True
43577697,150390,1325163,502,6198091,Malaki Branham,CLE,PG/SG,6600.0,False,True
43577698,150390,1325163,503,6198091,Malaki Branham,CLE,PG/SG,6600.0,False,True
43577699,150390,1231442,498,6198092,Dillon Jones,NY,SF/PF,6500.0,False,True
43577700,150390,1231442,499,6198092,Dillon Jones,NY,SF/PF,6500.0,False,True
43577701,150390,1231442,501,6198092,Dillon Jones,NY,SF/PF,6500.0,False,True
43577702,150390,1231442,503,6198092,Dillon Jones,NY,SF/PF,6500.0,False,True
43577703,150390,1405461,499,6198092,Tyler Bilodeau,BKN,PF,6300.0,False,True
43577704,150390,1405461,501,6198092,Tyler Bilodeau,BKN,PF,6300.0,False,True
43577705,150390,1405461,503,6198092,Tyler Bilodeau,BKN,PF,6300.0,False,True
43577706,150390,1271709,497,6198093,Daishen Nix,HOU,SG,6200.0,False,True
43577707,150390,1271709,502,6198093,Daishen Nix,HOU,SG,6200.0,False,True
43577708,150390,1271709,503,6198093,Daishen Nix,HOU,SG,6200.0,False,True
43577709,150390,1186155,498,6198091,Keion Brooks Jr.,IND,SF/PF,6200.0,False,True
43577710,150390,1186155,499,6198091,Keion Brooks Jr.,IND,SF/PF,6200.0,False,True
43577711,150390,1186155,501,6198091,Keion Brooks Jr.,IND,SF/PF,6200.0,False,True
43577712,150390,1186155,503,6198091,Keion Brooks Jr.,IND,SF/PF,6200.0,False,True
43577713,150390,1405618,497,6198090,Ryan Conwell,MIA,SG,6200.0,False,True
43577714,150390,1405618,502,6198090,Ryan Conwell,MIA,SG,6200.0,False,True
43577715,150390,1405618,503,6198090,Ryan Conwell,MIA,SG,6200.0,False,True
43577716,150390,1475170,498,6198092,Chaney Johnson,BKN,SF,6000.0,False,True
43577717,150390,1475170,501,6198092,Chaney Johnson,BKN,SF,6000.0,False,True
43577718,150390,1475170,503,6198092,Chaney Johnson,BKN,SF,6000.0,False,True
43577719,150390,1405372,496,6198091,Braden Smith,IND,PG,6000.0,False,True
43577720,150390,1405372,502,6198091,Braden Smith,IND,PG,6000.0,False,True
43577721,150390,1405372,503,6198091,Braden Smith,IND,PG,6000.0,False,True
43577722,150390,1342729,497,6198090,Kendall Brown,MIA,SG/SF,5800.0,False,True
43577723,150390,1342729,498,6198090,Kendall Brown,MIA,SG/SF,5800.0,False,True
43577724,150390,1342729,502,6198090,Kendall Brown,MIA,SG/SF,5800.0,False,True
43577725,150390,1342729,501,6198090,Kendall Brown,MIA,SG/SF,5800.0,False,True
43577726,150390,1342729,503,6198090,Kendall Brown,MIA,SG/SF,5800.0,False,True
43577727,150390,1591014,497,6198091,Meleek Thomas,CLE,SG,5800.0,False,True
43577728,150390,1591014,502,6198091,Meleek Thomas,CLE,SG,5800.0,False,True
43577729,150390,1591014,503,6198091,Meleek Thomas,CLE,SG,5800.0,False,True
43577730,150390,1405046,497,6198092,Tyler Nickel,NY,SG/SF,5800.0,False,True
43577731,150390,1405046,498,6198092,Tyler Nickel,NY,SG/SF,5800.0,False,True
43577732,150390,1405046,502,6198092,Tyler Nickel,NY,SG/SF,5800.0,False,True
43577733,150390,1405046,501,6198092,Tyler Nickel,NY,SG/SF,5800.0,False,True
43577734,150390,1405046,503,6198092,Tyler Nickel,NY,SG/SF,5800.0,False,True
43577735,150390,950903,496,6198093,DeJon Jarreau,DEN,PG/SG,5800.0,False,True
43577736,150390,950903,497,6198093,DeJon Jarreau,DEN,PG/SG,5800.0,False,True
43577737,150390,950903,502,6198093,DeJon Jarreau,DEN,PG/SG,5800.0,False,True
43577738,150390,950903,503,6198093,DeJon Jarreau,DEN,PG/SG,5800.0,False,True
43577739,150390,1134766,496,6198090,Cormac Ryan,MIL,PG/SG,5700.0,False,True
43577740,150390,1134766,497,6198090,Cormac Ryan,MIL,PG/SG,5700.0,False,True
43577741,150390,1134766,502,6198090,Cormac Ryan,MIL,PG/SG,5700.0,False,True
43577742,150390,1134766,503,6198090,Cormac Ryan,MIL,PG/SG,5700.0,False,True
43577743,150390,1416381,500,6198091,Ernest Udeh Jr.,CLE,C,5600.0,False,True
43577744,150390,1416381,503,6198091,Ernest Udeh Jr.,CLE,C,5600.0,False,True
43577745,150390,1340791,498,6198093,Bryce Hopkins,DEN,SF,5500.0,False,True
43577746,150390,1340791,501,6198093,Bryce Hopkins,DEN,SF,5500.0,False,True
43577747,150390,1340791,503,6198093,Bryce Hopkins,DEN,SF,5500.0,False,True
43577748,150390,1135981,499,6198091,Jalen Slawson,IND,PF,5500.0,False,True
43577749,150390,1135981,501,6198091,Jalen Slawson,IND,PF,5500.0,False,True
43577750,150390,1135981,503,6198091,Jalen Slawson,IND,PF,5500.0,False,True
43577751,150390,1408255,496,6198093,Bruce Thornton,HOU,PG,5400.0,False,True
43577752,150390,1408255,502,6198093,Bruce Thornton,HOU,PG,5400.0,False,True
43577753,150390,1408255,503,6198093,Bruce Thornton,HOU,PG,5400.0,False,True
43577754,150390,1232503,496,6198092,Toby Okani,NY,PG/SG,5400.0,False,True
43577755,150390,1232503,497,6198092,Toby Okani,NY,PG/SG,5400.0,False,True
43577756,150390,1232503,502,6198092,Toby Okani,NY,PG/SG,5400.0,False,True
43577757,150390,1232503,503,6198092,Toby Okani,NY,PG/SG,5400.0,False,True
43577758,150390,1134005,496,6198090,Kira Lewis Jr.,MIL,PG,5300.0,False,True
43577759,150390,1134005,502,6198090,Kira Lewis Jr.,MIL,PG,5300.0,False,True
43577760,150390,1134005,503,6198090,Kira Lewis Jr.,MIL,PG,5300.0,False,True
43577761,150390,1401394,496,6198090,Tre Donaldson,MIA,PG,5300.0,False,True
43577762,150390,1401394,502,6198090,Tre Donaldson,MIA,PG,5300.0,False,True
43577763,150390,1401394,503,6198090,Tre Donaldson,MIA,PG,5300.0,False,True
43577764,150390,1133857,498,6198093,Miller Kopp,HOU,SF/PF,5200.0,False,True
43577765,150390,1133857,499,6198093,Miller Kopp,HOU,SF/PF,5200.0,False,True
43577766,150390,1133857,501,6198093,Miller Kopp,HOU,SF/PF,5200.0,False,True
43577767,150390,1133857,503,6198093,Miller Kopp,HOU,SF/PF,5200.0,False,True
43577768,150390,1326422,500,6198090,Rafael Castro,MIL,C,5200.0,False,True
43577769,150390,1326422,503,6198090,Rafael Castro,MIL,C,5200.0,False,True
43577770,150390,1232497,498,6198092,Grant Nelson,BKN,SF/PF,5200.0,False,True
43577771,150390,1232497,499,6198092,Grant Nelson,BKN,SF/PF,5200.0,False,True
43577772,150390,1232497,501,6198092,Grant Nelson,BKN,SF/PF,5200.0,False,True
43577773,150390,1232497,503,6198092,Grant Nelson,BKN,SF/PF,5200.0,False,True
43577774,150390,1061641,498,6198091,Alex Reese,IND,SF/PF,5200.0,False,True
43577775,150390,1061641,499,6198091,Alex Reese,IND,SF/PF,5200.0,False,True
43577776,150390,1061641,501,6198091,Alex Reese,IND,SF/PF,5200.0,False,True
43577777,150390,1061641,503,6198091,Alex Reese,IND,SF/PF,5200.0,False,True
43577778,150390,1176274,496,6198090,Jahmir Young,MIA,PG/SG,5100.0,False,True
43577779,150390,1176274,497,6198090,Jahmir Young,MIA,PG/SG,5100.0,False,True
43577780,150390,1176274,502,6198090,Jahmir Young,MIA,PG/SG,5100.0,False,True
43577781,150390,1176274,503,6198090,Jahmir Young,MIA,PG/SG,5100.0,False,True
43577782,150390,1182151,497,6198093,Jahmi'us Ramsey,DEN,SG,5100.0,False,True
43577783,150390,1182151,502,6198093,Jahmi'us Ramsey,DEN,SG,5100.0,False,True
43577784,150390,1182151,503,6198093,Jahmi'us Ramsey,DEN,SG,5100.0,False,True
43577785,150390,1174887,499,6198091,Tristan Enaruna,CLE,PF,5000.0,False,True
43577786,150390,1174887,501,6198091,Tristan Enaruna,CLE,PF,5000.0,False,True
43577787,150390,1174887,503,6198091,Tristan Enaruna,CLE,PF,5000.0,False,True
43577788,150390,1134332,496,6198091,Taevion Kinsey,IND,PG/SG,5000.0,False,True
43577789,150390,1134332,497,6198091,Taevion Kinsey,IND,PG/SG,5000.0,False,True
43577790,150390,1134332,502,6198091,Taevion Kinsey,IND,PG/SG,5000.0,False,True
43577791,150390,1134332,503,6198091,Taevion Kinsey,IND,PG/SG,5000.0,False,True
43577792,150390,1135193,498,6198092,Liam Robbins,NY,SF/PF,5000.0,False,True
43577793,150390,1135193,499,6198092,Liam Robbins,NY,SF/PF,5000.0,False,True
43577794,150390,1135193,501,6198092,Liam Robbins,NY,SF/PF,5000.0,False,True
43577795,150390,1135193,503,6198092,Liam Robbins,NY,SF/PF,5000.0,False,True
43577796,150390,1323990,496,6198090,Trevor Keels,MIA,PG/SG,5000.0,False,True
43577797,150390,1323990,497,6198090,Trevor Keels,MIA,PG/SG,5000.0,False,True
43577798,150390,1323990,502,6198090,Trevor Keels,MIA,PG/SG,5000.0,False,True
43577799,150390,1323990,503,6198090,Trevor Keels,MIA,PG/SG,5000.0,False,True
43577800,150390,1178150,500,6198090,Jesse Edwards,MIL,C,5000.0,False,True
43577801,150390,1178150,503,6198090,Jesse Edwards,MIL,C,5000.0,False,True
43577802,150390,1132913,496,6198093,Erik Stevenson,DEN,PG/SG,5000.0,False,True
43577803,150390,1132913,497,6198093,Erik Stevenson,DEN,PG/SG,5000.0,False,True
43577804,150390,1132913,502,6198093,Erik Stevenson,DEN,PG/SG,5000.0,False,True
43577805,150390,1132913,503,6198093,Erik Stevenson,DEN,PG/SG,5000.0,False,True
43577806,150390,1253428,498,6198090,Zack Austin,MIL,SF/PF,5000.0,False,True
43577807,150390,1253428,499,6198090,Zack Austin,MIL,SF/PF,5000.0,False,True
43577808,150390,1253428,501,6198090,Zack Austin,MIL,SF/PF,5000.0,False,True
43577809,150390,1253428,503,6198090,Zack Austin,MIL,SF/PF,5000.0,False,True
43577810,150390,1135289,498,6198091,Gabe McGlothan,IND,SF/PF,4900.0,False,True
43577811,150390,1135289,499,6198091,Gabe McGlothan,IND,SF/PF,4900.0,False,True
43577812,150390,1135289,501,6198091,Gabe McGlothan,IND,SF/PF,4900.0,False,True
43577813,150390,1135289,503,6198091,Gabe McGlothan,IND,SF/PF,4900.0,False,True
43577814,150390,1432129,499,6198090,Bogoljub Markovic,MIL,PF,4900.0,False,True
43577815,150390,1432129,501,6198090,Bogoljub Markovic,MIL,PF,4900.0,False,True
43577816,150390,1432129,503,6198090,Bogoljub Markovic,MIL,PF,4900.0,False,True
43577817,150390,1408465,498,6198090,Keyshawn Hall,MIA,SF/PF,4900.0,False,True
43577818,150390,1408465,499,6198090,Keyshawn Hall,MIA,SF/PF,4900.0,False,True
43577819,150390,1408465,501,6198090,Keyshawn Hall,MIA,SF/PF,4900.0,False,True
43577820,150390,1408465,503,6198090,Keyshawn Hall,MIA,SF/PF,4900.0,False,True
43577821,150390,1408200,496,6198092,Treysen Eaglestaff,NY,PG/SG,4900.0,False,True
43577822,150390,1408200,497,6198092,Treysen Eaglestaff,NY,PG/SG,4900.0,False,True
43577823,150390,1408200,502,6198092,Treysen Eaglestaff,NY,PG/SG,4900.0,False,True
43577824,150390,1408200,503,6198092,Treysen Eaglestaff,NY,PG/SG,4900.0,False,True
43577825,150390,1487427,496,6198093,Aaron Nkrumah,DEN,PG/SG,4900.0,False,True
43577826,150390,1487427,497,6198093,Aaron Nkrumah,DEN,PG/SG,4900.0,False,True
43577827,150390,1487427,502,6198093,Aaron Nkrumah,DEN,PG/SG,4900.0,False,True
43577828,150390,1487427,503,6198093,Aaron Nkrumah,DEN,PG/SG,4900.0,False,True
43577829,150390,1340782,498,6198090,John Butler,MIL,SF/PF,4800.0,False,True
43577830,150390,1340782,499,6198090,John Butler,MIL,SF/PF,4800.0,False,True
43577831,150390,1340782,501,6198090,John Butler,MIL,SF/PF,4800.0,False,True
43577832,150390,1340782,503,6198090,John Butler,MIL,SF/PF,4800.0,False,True
43577833,150390,1528636,496,6198090,Nate Kingz,MIA,PG/SG,4800.0,False,True
43577834,150390,1528636,497,6198090,Nate Kingz,MIA,PG/SG,4800.0,False,True
43577835,150390,1528636,502,6198090,Nate Kingz,MIA,PG/SG,4800.0,False,True
43577836,150390,1528636,503,6198090,Nate Kingz,MIA,PG/SG,4800.0,False,True
43577837,150390,1345648,496,6198092,Langston Wilson,NY,PG/SG,4800.0,False,True
43577838,150390,1345648,497,6198092,Langston Wilson,NY,PG/SG,4800.0,False,True
43577839,150390,1345648,502,6198092,Langston Wilson,NY,PG/SG,4800.0,False,True
43577840,150390,1345648,503,6198092,Langston Wilson,NY,PG/SG,4800.0,False,True
43577841,150390,1231627,497,6198093,Matthew Murrell,DEN,SG,4800.0,False,True
43577842,150390,1231627,502,6198093,Matthew Murrell,DEN,SG,4800.0,False,True
43577843,150390,1231627,503,6198093,Matthew Murrell,DEN,SG,4800.0,False,True
43577844,150390,1132310,496,6198091,Dane Goodwin,CLE,PG/SG,4800.0,False,True
43577845,150390,1132310,497,6198091,Dane Goodwin,CLE,PG/SG,4800.0,False,True
43577846,150390,1132310,502,6198091,Dane Goodwin,CLE,PG/SG,4800.0,False,True
43577847,150390,1132310,503,6198091,Dane Goodwin,CLE,PG/SG,4800.0,False,True
43577848,150390,1357746,499,6198093,Michael Foster,HOU,PF,4800.0,False,True
43577849,150390,1357746,501,6198093,Michael Foster,HOU,PF,4800.0,False,True
43577850,150390,1357746,503,6198093,Michael Foster,HOU,PF,4800.0,False,True
43577851,150390,1323682,498,6198090,Ian Schieffelin,MIA,SF/PF,4700.0,False,True
43577852,150390,1323682,499,6198090,Ian Schieffelin,MIA,SF/PF,4700.0,False,True
43577853,150390,1323682,501,6198090,Ian Schieffelin,MIA,SF/PF,4700.0,False,True
43577854,150390,1323682,503,6198090,Ian Schieffelin,MIA,SF/PF,4700.0,False,True
43577855,150390,1251673,496,6198091,Jaxson Robinson,CLE,PG/SG,4700.0,False,True
43577856,150390,1251673,497,6198091,Jaxson Robinson,CLE,PG/SG,4700.0,False,True
43577857,150390,1251673,502,6198091,Jaxson Robinson,CLE,PG/SG,4700.0,False,True
43577858,150390,1251673,503,6198091,Jaxson Robinson,CLE,PG/SG,4700.0,False,True
43577859,150390,1402846,496,6198091,Tamin Lipsey,IND,PG/SG,4700.0,False,True
43577860,150390,1402846,497,6198091,Tamin Lipsey,IND,PG/SG,4700.0,False,True
43577861,150390,1402846,502,6198091,Tamin Lipsey,IND,PG/SG,4700.0,False,True
43577862,150390,1402846,503,6198091,Tamin Lipsey,IND,PG/SG,4700.0,False,True
43577863,150390,1408109,498,6198092,Duke Brennan,BKN,SF/PF,4700.0,False,True
43577864,150390,1408109,499,6198092,Duke Brennan,BKN,SF/PF,4700.0,False,True
43577865,150390,1408109,501,6198092,Duke Brennan,BKN,SF/PF,4700.0,False,True
43577866,150390,1408109,503,6198092,Duke Brennan,BKN,SF/PF,4700.0,False,True
43577867,150390,1176528,498,6198093,Chris Ledlum,HOU,SF/PF,4700.0,False,True
43577868,150390,1176528,499,6198093,Chris Ledlum,HOU,SF/PF,4700.0,False,True
43577869,150390,1176528,501,6198093,Chris Ledlum,HOU,SF/PF,4700.0,False,True
43577870,150390,1176528,503,6198093,Chris Ledlum,HOU,SF/PF,4700.0,False,True
43577871,150390,1657336,497,6198092,Akoi Yuot,NY,SG,4700.0,False,True
43577872,150390,1657336,502,6198092,Akoi Yuot,NY,SG,4700.0,False,True
43577873,150390,1657336,503,6198092,Akoi Yuot,NY,SG,4700.0,False,True
43577874,150390,1089686,498,6198093,E.J. Anosike,DEN,SF/PF,4700.0,False,True
43577875,150390,1089686,499,6198093,E.J. Anosike,DEN,SF/PF,4700.0,False,True
43577876,150390,1089686,501,6198093,E.J. Anosike,DEN,SF/PF,4700.0,False,True
43577877,150390,1089686,503,6198093,E.J. Anosike,DEN,SF/PF,4700.0,False,True
43577878,150390,1429346,498,6198090,Jalen Lewis,MIL,SF/PF,4600.0,False,True
43577879,150390,1429346,499,6198090,Jalen Lewis,MIL,SF/PF,4600.0,False,True
43577880,150390,1429346,501,6198090,Jalen Lewis,MIL,SF/PF,4600.0,False,True
43577881,150390,1429346,503,6198090,Jalen Lewis,MIL,SF/PF,4600.0,False,True
43577882,150390,1403632,498,6198090,Ezra Ausar,MIA,SF/PF,4600.0,False,True
43577883,150390,1403632,499,6198090,Ezra Ausar,MIA,SF/PF,4600.0,False,True
43577884,150390,1403632,501,6198090,Ezra Ausar,MIA,SF/PF,4600.0,False,True
43577885,150390,1403632,503,6198090,Ezra Ausar,MIA,SF/PF,4600.0,False,True
43577886,150390,1231948,496,6198091,Ian Martinez,CLE,PG/SG,4600.0,False,True
43577887,150390,1231948,497,6198091,Ian Martinez,CLE,PG/SG,4600.0,False,True
43577888,150390,1231948,502,6198091,Ian Martinez,CLE,PG/SG,4600.0,False,True
43577889,150390,1231948,503,6198091,Ian Martinez,CLE,PG/SG,4600.0,False,True
43577890,150390,1193990,499,6198091,Rienk Mast,IND,PF/C,4600.0,False,True
43577891,150390,1193990,500,6198091,Rienk Mast,IND,PF/C,4600.0,False,True
43577892,150390,1193990,501,6198091,Rienk Mast,IND,PF/C,4600.0,False,True
43577893,150390,1193990,503,6198091,Rienk Mast,IND,PF/C,4600.0,False,True
43577894,150390,1481728,498,6198092,Ben Humrichous,BKN,SF/PF,4600.0,False,True
43577895,150390,1481728,499,6198092,Ben Humrichous,BKN,SF/PF,4600.0,False,True
43577896,150390,1481728,501,6198092,Ben Humrichous,BKN,SF/PF,4600.0,False,True
43577897,150390,1481728,503,6198092,Ben Humrichous,BKN,SF/PF,4600.0,False,True
43577898,150390,1334229,498,6198093,Ben Middlebrooks,HOU,SF/PF,4600.0,False,True
43577899,150390,1334229,499,6198093,Ben Middlebrooks,HOU,SF/PF,4600.0,False,True
43577900,150390,1334229,501,6198093,Ben Middlebrooks,HOU,SF/PF,4600.0,False,True
43577901,150390,1334229,503,6198093,Ben Middlebrooks,HOU,SF/PF,4600.0,False,True
43577902,150390,1357735,498,6198092,Keith Palek III,NY,SF/PF,4600.0,False,True
43577903,150390,1357735,499,6198092,Keith Palek III,NY,SF/PF,4600.0,False,True
43577904,150390,1357735,501,6198092,Keith Palek III,NY,SF/PF,4600.0,False,True
43577905,150390,1357735,503,6198092,Keith Palek III,NY,SF/PF,4600.0,False,True
43577906,150390,1327770,500,6198093,Giovanni Emejuru,DEN,C,4600.0,False,True
43577907,150390,1327770,503,6198093,Giovanni Emejuru,DEN,C,4600.0,False,True
43577908,150390,1176203,498,6198090,Kuany Kuany,MIL,SF/PF,4500.0,False,True
43577909,150390,1176203,499,6198090,Kuany Kuany,MIL,SF/PF,4500.0,False,True
43577910,150390,1176203,501,6198090,Kuany Kuany,MIL,SF/PF,4500.0,False,True
43577911,150390,1176203,503,6198090,Kuany Kuany,MIL,SF/PF,4500.0,False,True
43577912,150390,1405903,496,6198090,Tre White,MIA,PG/SG,4500.0,False,True
43577913,150390,1405903,497,6198090,Tre White,MIA,PG/SG,4500.0,False,True
43577914,150390,1405903,502,6198090,Tre White,MIA,PG/SG,4500.0,False,True
43577915,150390,1405903,503,6198090,Tre White,MIA,PG/SG,4500.0,False,True
43577916,150390,1193615,498,6198091,Rashaun Agee,CLE,SF/PF,4500.0,False,True
43577917,150390,1193615,499,6198091,Rashaun Agee,CLE,SF/PF,4500.0,False,True
43577918,150390,1193615,501,6198091,Rashaun Agee,CLE,SF/PF,4500.0,False,True
43577919,150390,1193615,503,6198091,Rashaun Agee,CLE,SF/PF,4500.0,False,True
43577920,150390,1323927,498,6198091,Kowacie Reeves Jr.,IND,SF/PF,4500.0,False,True
43577921,150390,1323927,499,6198091,Kowacie Reeves Jr.,IND,SF/PF,4500.0,False,True
43577922,150390,1323927,501,6198091,Kowacie Reeves Jr.,IND,SF/PF,4500.0,False,True
43577923,150390,1323927,503,6198091,Kowacie Reeves Jr.,IND,SF/PF,4500.0,False,True
43577924,150390,1405959,496,6198092,Dion Brown,BKN,PG/SG,4500.0,False,True
43577925,150390,1405959,497,6198092,Dion Brown,BKN,PG/SG,4500.0,False,True
43577926,150390,1405959,502,6198092,Dion Brown,BKN,PG/SG,4500.0,False,True
43577927,150390,1405959,503,6198092,Dion Brown,BKN,PG/SG,4500.0,False,True
43577928,150390,1408145,496,6198093,Quadir Copeland,HOU,PG/SG,4500.0,False,True
43577929,150390,1408145,497,6198093,Quadir Copeland,HOU,PG/SG,4500.0,False,True
43577930,150390,1408145,502,6198093,Quadir Copeland,HOU,PG/SG,4500.0,False,True
43577931,150390,1408145,503,6198093,Quadir Copeland,HOU,PG/SG,4500.0,False,True
43577932,150390,1406922,496,6198092,Will Johnston,NY,PG/SG,4500.0,False,True
43577933,150390,1406922,497,6198092,Will Johnston,NY,PG/SG,4500.0,False,True
43577934,150390,1406922,502,6198092,Will Johnston,NY,PG/SG,4500.0,False,True
43577935,150390,1406922,503,6198092,Will Johnston,NY,PG/SG,4500.0,False,True
43577936,150390,1401379,496,6198093,Rylan Griffen,DEN,PG/SG,4500.0,False,True
43577937,150390,1401379,497,6198093,Rylan Griffen,DEN,PG/SG,4500.0,False,True
43577938,150390,1401379,502,6198093,Rylan Griffen,DEN,PG/SG,4500.0,False,True
43577939,150390,1401379,503,6198093,Rylan Griffen,DEN,PG/SG,4500.0,False,True
43577940,150390,1420755,500,6198090,Arnas Sakenis,MIA,C,4400.0,False,True
43577941,150390,1420755,503,6198090,Arnas Sakenis,MIA,C,4400.0,False,True
43577942,150390,1481251,498,6198091,Tre'Von Spillers,CLE,SF/PF,4400.0,False,True
43577943,150390,1481251,499,6198091,Tre'Von Spillers,CLE,SF/PF,4400.0,False,True
43577944,150390,1481251,501,6198091,Tre'Von Spillers,CLE,SF/PF,4400.0,False,True
43577945,150390,1481251,503,6198091,Tre'Von Spillers,CLE,SF/PF,4400.0,False,True
43577946,150390,1340768,496,6198091,Jalen Warley,IND,PG/SG,4400.0,False,True
43577947,150390,1340768,497,6198091,Jalen Warley,IND,PG/SG,4400.0,False,True
43577948,150390,1340768,502,6198091,Jalen Warley,IND,PG/SG,4400.0,False,True
43577949,150390,1340768,503,6198091,Jalen Warley,IND,PG/SG,4400.0,False,True
43577950,150390,1405899,496,6198092,Oziyah Sellers,NY,PG/SG,4400.0,False,True
43577951,150390,1405899,497,6198092,Oziyah Sellers,NY,PG/SG,4400.0,False,True
43577952,150390,1405899,502,6198092,Oziyah Sellers,NY,PG/SG,4400.0,False,True
43577953,150390,1405899,503,6198092,Oziyah Sellers,NY,PG/SG,4400.0,False,True
43577954,150390,1231378,498,6198093,Efe Abogidi,DEN,SF/PF,4400.0,False,True
43577955,150390,1231378,499,6198093,Efe Abogidi,DEN,SF/PF,4400.0,False,True
43577956,150390,1231378,501,6198093,Efe Abogidi,DEN,SF/PF,4400.0,False,True
43577957,150390,1231378,503,6198093,Efe Abogidi,DEN,SF/PF,4400.0,False,True
43577958,150390,1405968,500,6198091,Keba Keita,IND,C,4300.0,False,True
43577959,150390,1405968,503,6198091,Keba Keita,IND,C,4300.0,False,True
43577960,150390,1418010,498,6198092,John Ukomadu,BKN,SF/PF,4300.0,False,True
43577961,150390,1418010,499,6198092,John Ukomadu,BKN,SF/PF,4300.0,False,True
43577962,150390,1418010,501,6198092,John Ukomadu,BKN,SF/PF,4300.0,False,True
43577963,150390,1418010,503,6198092,John Ukomadu,BKN,SF/PF,4300.0,False,True
43577964,150390,1324179,496,6198093,Stevie Mitchell,HOU,PG/SG,4300.0,False,True
43577965,150390,1324179,497,6198093,Stevie Mitchell,HOU,PG/SG,4300.0,False,True
43577966,150390,1324179,502,6198093,Stevie Mitchell,HOU,PG/SG,4300.0,False,True
43577967,150390,1324179,503,6198093,Stevie Mitchell,HOU,PG/SG,4300.0,False,True
43577968,150390,1326890,496,6198092,Erik Reynolds II,NY,PG/SG,4300.0,False,True
43577969,150390,1326890,497,6198092,Erik Reynolds II,NY,PG/SG,4300.0,False,True
43577970,150390,1326890,502,6198092,Erik Reynolds II,NY,PG/SG,4300.0,False,True
43577971,150390,1326890,503,6198092,Erik Reynolds II,NY,PG/SG,4300.0,False,True
43577972,150390,1403601,497,6198093,Mark Mitchell,DEN,SG/SF,4300.0,False,True
43577973,150390,1403601,498,6198093,Mark Mitchell,DEN,SG/SF,4300.0,False,True
43577974,150390,1403601,502,6198093,Mark Mitchell,DEN,SG/SF,4300.0,False,True
43577975,150390,1403601,501,6198093,Mark Mitchell,DEN,SG/SF,4300.0,False,True
43577976,150390,1403601,503,6198093,Mark Mitchell,DEN,SG/SF,4300.0,False,True
43577977,150390,1340214,496,6198090,Boopie Miller,MIL,PG/SG,4300.0,False,True
43577978,150390,1340214,497,6198090,Boopie Miller,MIL,PG/SG,4300.0,False,True
43577979,150390,1340214,502,6198090,Boopie Miller,MIL,PG/SG,4300.0,False,True
43577980,150390,1340214,503,6198090,Boopie Miller,MIL,PG/SG,4300.0,False,True
43577981,150390,1232444,496,6198090,J'Vonne Hadley,MIA,PG/SG,4200.0,False,True
43577982,150390,1232444,497,6198090,J'Vonne Hadley,MIA,PG/SG,4200.0,False,True
43577983,150390,1232444,502,6198090,J'Vonne Hadley,MIA,PG/SG,4200.0,False,True
43577984,150390,1232444,503,6198090,J'Vonne Hadley,MIA,PG/SG,4200.0,False,True
43577985,150390,1420694,496,6198091,Xaivian Lee,CLE,PG/SG,4200.0,False,True
43577986,150390,1420694,497,6198091,Xaivian Lee,CLE,PG/SG,4200.0,False,True
43577987,150390,1420694,502,6198091,Xaivian Lee,CLE,PG/SG,4200.0,False,True
43577988,150390,1420694,503,6198091,Xaivian Lee,CLE,PG/SG,4200.0,False,True
43577989,150390,1340701,496,6198092,Jaden Akins,NY,PG/SG,4200.0,False,True
43577990,150390,1340701,497,6198092,Jaden Akins,NY,PG/SG,4200.0,False,True
43577991,150390,1340701,502,6198092,Jaden Akins,NY,PG/SG,4200.0,False,True
43577992,150390,1340701,503,6198092,Jaden Akins,NY,PG/SG,4200.0,False,True
43577993,150390,1232441,498,6198093,Osayi Osifo,DEN,SF/PF,4200.0,False,True
43577994,150390,1232441,499,6198093,Osayi Osifo,DEN,SF/PF,4200.0,False,True
43577995,150390,1232441,501,6198093,Osayi Osifo,DEN,SF/PF,4200.0,False,True
43577996,150390,1232441,503,6198093,Osayi Osifo,DEN,SF/PF,4200.0,False,True
43577997,150390,608153,498,6198090,Aaron Williams,MIL,SF/PF,4200.0,False,True
43577998,150390,608153,499,6198090,Aaron Williams,MIL,SF/PF,4200.0,False,True
43577999,150390,608153,501,6198090,Aaron Williams,MIL,SF/PF,4200.0,False,True
43578000,150390,608153,503,6198090,Aaron Williams,MIL,SF/PF,4200.0,False,True
43578001,150390,1266174,496,6198090,Meechie Johnson,MIA,PG/SG,4100.0,False,True
43578002,150390,1266174,497,6198090,Meechie Johnson,MIA,PG/SG,4100.0,False,True
43578003,150390,1266174,502,6198090,Meechie Johnson,MIA,PG/SG,4100.0,False,True
43578004,150390,1266174,503,6198090,Meechie Johnson,MIA,PG/SG,4100.0,False,True
43578005,150390,1656691,498,6198091,MJ Iraldi,IND,SF/PF,4100.0,False,True
43578006,150390,1656691,499,6198091,MJ Iraldi,IND,SF/PF,4100.0,False,True
43578007,150390,1656691,501,6198091,MJ Iraldi,IND,SF/PF,4100.0,False,True
43578008,150390,1656691,503,6198091,MJ Iraldi,IND,SF/PF,4100.0,False,True
43578009,150390,1345138,497,6198092,Aaron Scott,BKN,SG/SF,4100.0,False,True
43578010,150390,1345138,498,6198092,Aaron Scott,BKN,SG/SF,4100.0,False,True
43578011,150390,1345138,502,6198092,Aaron Scott,BKN,SG/SF,4100.0,False,True
43578012,150390,1345138,501,6198092,Aaron Scott,BKN,SG/SF,4100.0,False,True
43578013,150390,1345138,503,6198092,Aaron Scott,BKN,SG/SF,4100.0,False,True
43578014,150390,1350609,497,6198093,Davide Casarin,HOU,SG,4100.0,False,True
43578015,150390,1350609,502,6198093,Davide Casarin,HOU,SG,4100.0,False,True
43578016,150390,1350609,503,6198093,Davide Casarin,HOU,SG,4100.0,False,True
43578017,150390,1245938,498,6198092,Lance Ware,NY,SF/PF,4100.0,False,True
43578018,150390,1245938,499,6198092,Lance Ware,NY,SF/PF,4100.0,False,True
43578019,150390,1245938,501,6198092,Lance Ware,NY,SF/PF,4100.0,False,True
43578020,150390,1245938,503,6198092,Lance Ware,NY,SF/PF,4100.0,False,True
43578021,150390,1231921,497,6198093,Coleman Hawkins,DEN,SG/SF,4100.0,False,True
43578022,150390,1231921,498,6198093,Coleman Hawkins,DEN,SG/SF,4100.0,False,True
43578023,150390,1231921,502,6198093,Coleman Hawkins,DEN,SG/SF,4100.0,False,True
43578024,150390,1231921,501,6198093,Coleman Hawkins,DEN,SG/SF,4100.0,False,True
43578025,150390,1231921,503,6198093,Coleman Hawkins,DEN,SG/SF,4100.0,False,True
43578026,150390,1351088,496,6198090,Cam Carter,MIA,PG/SG,4000.0,False,True
43578027,150390,1351088,497,6198090,Cam Carter,MIA,PG/SG,4000.0,False,True
43578028,150390,1351088,502,6198090,Cam Carter,MIA,PG/SG,4000.0,False,True
43578029,150390,1351088,503,6198090,Cam Carter,MIA,PG/SG,4000.0,False,True
43578030,150390,1175017,496,6198091,Sean East II,CLE,PG/SG,4000.0,False,True
43578031,150390,1175017,497,6198091,Sean East II,CLE,PG/SG,4000.0,False,True
43578032,150390,1175017,502,6198091,Sean East II,CLE,PG/SG,4000.0,False,True
43578033,150390,1175017,503,6198091,Sean East II,CLE,PG/SG,4000.0,False,True
43578034,150390,1328236,496,6198091,Cameron Hildreth,IND,PG/SG,4000.0,False,True
43578035,150390,1328236,497,6198091,Cameron Hildreth,IND,PG/SG,4000.0,False,True
43578036,150390,1328236,502,6198091,Cameron Hildreth,IND,PG/SG,4000.0,False,True
43578037,150390,1328236,503,6198091,Cameron Hildreth,IND,PG/SG,4000.0,False,True
43578038,150390,1138202,496,6198092,"Dwight Murray, Jr.",BKN,PG/SG,4000.0,False,True
43578039,150390,1138202,497,6198092,"Dwight Murray, Jr.",BKN,PG/SG,4000.0,False,True
43578040,150390,1138202,502,6198092,"Dwight Murray, Jr.",BKN,PG/SG,4000.0,False,True
43578041,150390,1138202,503,6198092,"Dwight Murray, Jr.",BKN,PG/SG,4000.0,False,True
43578042,150390,1482307,500,6198093,Oscar Cluff,HOU,C,4000.0,False,True
43578043,150390,1482307,503,6198093,Oscar Cluff,HOU,C,4000.0,False,True
43578044,150390,1251745,498,6198092,Nick Jourdain,NY,SF/PF,4000.0,False,True
43578045,150390,1251745,499,6198092,Nick Jourdain,NY,SF/PF,4000.0,False,True
43578046,150390,1251745,501,6198092,Nick Jourdain,NY,SF/PF,4000.0,False,True
43578047,150390,1251745,503,6198092,Nick Jourdain,NY,SF/PF,4000.0,False,True
43578048,150390,1231389,496,6198093,TJ Bamba,DEN,PG/SG,4000.0,False,True
43578049,150390,1231389,497,6198093,TJ Bamba,DEN,PG/SG,4000.0,False,True
43578050,150390,1231389,502,6198093,TJ Bamba,DEN,PG/SG,4000.0,False,True
43578051,150390,1231389,503,6198093,TJ Bamba,DEN,PG/SG,4000.0,False,True
43578052,150390,1231377,497,6198090,Kobe Stewart,MIL,SG/SF,4000.0,False,True
43578053,150390,1231377,498,6198090,Kobe Stewart,MIL,SG/SF,4000.0,False,True
43578054,150390,1231377,502,6198090,Kobe Stewart,MIL,SG/SF,4000.0,False,True
43578055,150390,1231377,501,6198090,Kobe Stewart,MIL,SG/SF,4000.0,False,True
43578056,150390,1231377,503,6198090,Kobe Stewart,MIL,SG/SF,4000.0,False,True
43578057,150391,1593986,499,6198094,Cameron Boozer,MEM,PF,9000.0,False,True
43578058,150391,1593986,501,6198094,Cameron Boozer,MEM,PF,9000.0,False,True
43578059,150391,1593986,503,6198094,Cameron Boozer,MEM,PF,9000.0,False,True
43578060,150391,1605148,498,6198094,Caleb Wilson,CHI,SF,8700.0,False,True
43578061,150391,1605148,501,6198094,Caleb Wilson,CHI,SF,8700.0,False,True
43578062,150391,1605148,503,6198094,Caleb Wilson,CHI,SF,8700.0,False,True
43578063,150391,1405861,498,6198094,Taylor Hendricks,MEM,SF/PF,8600.0,False,True
43578064,150391,1405861,499,6198094,Taylor Hendricks,MEM,SF/PF,8600.0,False,True
43578065,150391,1405861,501,6198094,Taylor Hendricks,MEM,SF/PF,8600.0,False,True
43578066,150391,1405861,503,6198094,Taylor Hendricks,MEM,SF/PF,8600.0,False,True
43578067,150391,1465110,499,6198095,Collin Murray-Boyles,TOR,PF,8500.0,False,True
43578068,150391,1465110,501,6198095,Collin Murray-Boyles,TOR,PF,8500.0,False,True
43578069,150391,1465110,503,6198095,Collin Murray-Boyles,TOR,PF,8500.0,False,True
43578070,150391,1461413,498,6198094,Dailyn Swain,CHI,SF,8400.0,False,True
43578071,150391,1461413,501,6198094,Dailyn Swain,CHI,SF,8400.0,False,True
43578072,150391,1461413,503,6198094,Dailyn Swain,CHI,SF,8400.0,False,True
43578073,150391,1351367,496,6198094,Cedric Coward,MEM,PG/SG,8200.0,False,True
43578074,150391,1351367,497,6198094,Cedric Coward,MEM,PG/SG,8200.0,False,True
43578075,150391,1351367,502,6198094,Cedric Coward,MEM,PG/SG,8200.0,False,True
43578076,150391,1351367,503,6198094,Cedric Coward,MEM,PG/SG,8200.0,False,True
43578077,150391,1538643,498,6198095,Allen Graves,TOR,SF/PF,8000.0,False,True
43578078,150391,1538643,499,6198095,Allen Graves,TOR,SF/PF,8000.0,False,True
43578079,150391,1538643,501,6198095,Allen Graves,TOR,SF/PF,8000.0,False,True
43578080,150391,1538643,503,6198095,Allen Graves,TOR,SF/PF,8000.0,False,True
43578081,150391,1500958,499,6198094,Noa Essengue,CHI,PF,7900.0,False,True
43578082,150391,1500958,501,6198094,Noa Essengue,CHI,PF,7900.0,False,True
43578083,150391,1500958,503,6198094,Noa Essengue,CHI,PF,7900.0,False,True
43578084,150391,1232028,500,6198095,Amari Williams,BOS,C,7800.0,False,True
43578085,150391,1232028,503,6198095,Amari Williams,BOS,C,7800.0,False,True
43578086,150391,1324003,496,6198094,Javon Small,MEM,PG/SG,7700.0,False,True
43578087,150391,1324003,497,6198094,Javon Small,MEM,PG/SG,7700.0,False,True
43578088,150391,1324003,502,6198094,Javon Small,MEM,PG/SG,7700.0,False,True
43578089,150391,1324003,503,6198094,Javon Small,MEM,PG/SG,7700.0,False,True
43578090,150391,1480184,500,6198096,Aday Mara,OKC,C,7600.0,False,True
43578091,150391,1480184,503,6198096,Aday Mara,OKC,C,7600.0,False,True
43578092,150391,1328248,496,6198094,Jahmai Mashack,MEM,PG/SG,7500.0,False,True
43578093,150391,1328248,497,6198094,Jahmai Mashack,MEM,PG/SG,7500.0,False,True
43578094,150391,1328248,502,6198094,Jahmai Mashack,MEM,PG/SG,7500.0,False,True
43578095,150391,1328248,503,6198094,Jahmai Mashack,MEM,PG/SG,7500.0,False,True
43578096,150391,1193678,496,6198094,Antonio Reeves,CHI,PG/SG,7400.0,False,True
43578097,150391,1193678,497,6198094,Antonio Reeves,CHI,PG/SG,7400.0,False,True
43578098,150391,1193678,502,6198094,Antonio Reeves,CHI,PG/SG,7400.0,False,True
43578099,150391,1193678,503,6198094,Antonio Reeves,CHI,PG/SG,7400.0,False,True
43578100,150391,1590553,498,6198095,Hugo Gonzalez,BOS,SF,7300.0,False,True
43578101,150391,1590553,501,6198095,Hugo Gonzalez,BOS,SF,7300.0,False,True
43578102,150391,1590553,503,6198095,Hugo Gonzalez,BOS,SF,7300.0,False,True
43578103,150391,1191196,498,6198096,Anton Watson,LAL,SF/PF,7200.0,False,True
43578104,150391,1191196,499,6198096,Anton Watson,LAL,SF/PF,7200.0,False,True
43578105,150391,1191196,501,6198096,Anton Watson,LAL,SF/PF,7200.0,False,True
43578106,150391,1191196,503,6198096,Anton Watson,LAL,SF/PF,7200.0,False,True
43578107,150391,1232344,496,6198095,Alijah Martin,TOR,PG/SG,7100.0,False,True
43578108,150391,1232344,497,6198095,Alijah Martin,TOR,PG/SG,7100.0,False,True
43578109,150391,1232344,502,6198095,Alijah Martin,TOR,PG/SG,7100.0,False,True
43578110,150391,1232344,503,6198095,Alijah Martin,TOR,PG/SG,7100.0,False,True
43578111,150391,1193172,498,6198097,Jalen Bridges,POR,SF/PF,7000.0,False,True
43578112,150391,1193172,499,6198097,Jalen Bridges,POR,SF/PF,7000.0,False,True
43578113,150391,1193172,501,6198097,Jalen Bridges,POR,SF/PF,7000.0,False,True
43578114,150391,1193172,503,6198097,Jalen Bridges,POR,SF/PF,7000.0,False,True
43578115,150391,1465506,500,6198097,Khaman Maluach,PHO,C,7000.0,False,True
43578116,150391,1465506,503,6198097,Khaman Maluach,PHO,C,7000.0,False,True
43578117,150391,1405622,499,6198097,Rasheer Fleming,PHO,PF,6900.0,False,True
43578118,150391,1405622,501,6198097,Rasheer Fleming,PHO,PF,6900.0,False,True
43578119,150391,1405622,503,6198097,Rasheer Fleming,PHO,PF,6900.0,False,True
43578120,150391,1547672,500,6198096,Thomas Sorber,OKC,C,6800.0,False,True
43578121,150391,1547672,503,6198096,Thomas Sorber,OKC,C,6800.0,False,True
43578122,150391,1176674,497,6198095,John Tonje,BOS,SG,6700.0,False,True
43578123,150391,1176674,502,6198095,John Tonje,BOS,SG,6700.0,False,True
43578124,150391,1176674,503,6198095,John Tonje,BOS,SG,6700.0,False,True
43578125,150391,1591570,500,6198097,Hansen Yang,POR,C,6600.0,False,True
43578126,150391,1591570,503,6198097,Hansen Yang,POR,C,6600.0,False,True
43578127,150391,1243633,497,6198097,Koby Brea,PHO,SG,6500.0,False,True
43578128,150391,1243633,502,6198097,Koby Brea,PHO,SG,6500.0,False,True
43578129,150391,1243633,503,6198097,Koby Brea,PHO,SG,6500.0,False,True
43578130,150391,1324660,496,6198096,Brooks Barnhizer,OKC,PG/SG,6500.0,False,True
43578131,150391,1324660,497,6198096,Brooks Barnhizer,OKC,PG/SG,6500.0,False,True
43578132,150391,1324660,502,6198096,Brooks Barnhizer,OKC,PG/SG,6500.0,False,True
43578133,150391,1324660,503,6198096,Brooks Barnhizer,OKC,PG/SG,6500.0,False,True
43578134,150391,1338969,497,6198094,Walter Clayton Jr.,MEM,SG,6500.0,False,True
43578135,150391,1338969,502,6198094,Walter Clayton Jr.,MEM,SG,6500.0,False,True
43578136,150391,1338969,503,6198094,Walter Clayton Jr.,MEM,SG,6500.0,False,True
43578137,150391,1327212,496,6198095,Chucky Hepburn,TOR,PG,6400.0,False,True
43578138,150391,1327212,502,6198095,Chucky Hepburn,TOR,PG,6400.0,False,True
43578139,150391,1327212,503,6198095,Chucky Hepburn,TOR,PG,6400.0,False,True
43578140,150391,1460958,497,6198096,Cameron Carr,LAL,SG,6300.0,False,True
43578141,150391,1460958,502,6198096,Cameron Carr,LAL,SG,6300.0,False,True
43578142,150391,1460958,503,6198096,Cameron Carr,LAL,SG,6300.0,False,True
43578143,150391,1429347,496,6198097,Jaylen Martin,POR,PG/SG,6200.0,False,True
43578144,150391,1429347,497,6198097,Jaylen Martin,POR,PG/SG,6200.0,False,True
43578145,150391,1429347,502,6198097,Jaylen Martin,POR,PG/SG,6200.0,False,True
43578146,150391,1429347,503,6198097,Jaylen Martin,POR,PG/SG,6200.0,False,True
43578147,150391,1408189,498,6198096,Adou Thiero,LAL,SF,6000.0,False,True
43578148,150391,1408189,501,6198096,Adou Thiero,LAL,SF,6000.0,False,True
43578149,150391,1408189,503,6198096,Adou Thiero,LAL,SF,6000.0,False,True
43578150,150391,1532771,496,6198096,Bennett Stirtz,OKC,PG,6000.0,False,True
43578151,150391,1532771,502,6198096,Bennett Stirtz,OKC,PG,6000.0,False,True
43578152,150391,1532771,503,6198096,Bennett Stirtz,OKC,PG,6000.0,False,True
43578153,150391,1654517,498,6198094,Karim Lopez,MEM,SF,5800.0,False,True
43578154,150391,1654517,501,6198094,Karim Lopez,MEM,SF,5800.0,False,True
43578155,150391,1654517,503,6198094,Karim Lopez,MEM,SF,5800.0,False,True
43578156,150391,1234814,496,6198097,Chris Youngblood,POR,PG/SG,5800.0,False,True
43578157,150391,1234814,497,6198097,Chris Youngblood,POR,PG/SG,5800.0,False,True
43578158,150391,1234814,502,6198097,Chris Youngblood,POR,PG/SG,5800.0,False,True
43578159,150391,1234814,503,6198097,Chris Youngblood,POR,PG/SG,5800.0,False,True
43578160,150391,1405416,496,6198096,Otega Oweh,OKC,PG/SG,5800.0,False,True
43578161,150391,1405416,497,6198096,Otega Oweh,OKC,PG/SG,5800.0,False,True
43578162,150391,1405416,502,6198096,Otega Oweh,OKC,PG/SG,5800.0,False,True
43578163,150391,1405416,503,6198096,Otega Oweh,OKC,PG/SG,5800.0,False,True
43578164,150391,1593958,500,6198095,Chris Cenac Jr.,BOS,C,5800.0,False,True
43578165,150391,1593958,503,6198095,Chris Cenac Jr.,BOS,C,5800.0,False,True
43578166,150391,1401378,496,6198095,Jaden Bradley,TOR,PG/SG,5800.0,False,True
43578167,150391,1401378,497,6198095,Jaden Bradley,TOR,PG/SG,5800.0,False,True
43578168,150391,1401378,502,6198095,Jaden Bradley,TOR,PG/SG,5800.0,False,True
43578169,150391,1401378,503,6198095,Jaden Bradley,TOR,PG/SG,5800.0,False,True
43578170,150391,1610167,499,6198097,Koa Peat,PHO,PF,5800.0,False,True
43578171,150391,1610167,501,6198097,Koa Peat,PHO,PF,5800.0,False,True
43578172,150391,1610167,503,6198097,Koa Peat,PHO,PF,5800.0,False,True
43578173,150391,1232601,496,6198096,Chris Manon,LAL,PG/SG,5700.0,False,True
43578174,150391,1232601,497,6198096,Chris Manon,LAL,PG/SG,5700.0,False,True
43578175,150391,1232601,502,6198096,Chris Manon,LAL,PG/SG,5700.0,False,True
43578176,150391,1232601,503,6198096,Chris Manon,LAL,PG/SG,5700.0,False,True
43578177,150391,1408158,498,6198095,Dillon Mitchell,BOS,SF,5700.0,False,True
43578178,150391,1408158,501,6198095,Dillon Mitchell,BOS,SF,5700.0,False,True
43578179,150391,1408158,503,6198095,Dillon Mitchell,BOS,SF,5700.0,False,True
43578180,150391,1231292,499,6198097,CJ Huntley,PHO,PF,5500.0,False,True
43578181,150391,1231292,501,6198097,CJ Huntley,PHO,PF,5500.0,False,True
43578182,150391,1231292,503,6198097,CJ Huntley,PHO,PF,5500.0,False,True
43578183,150391,1328253,496,6198094,Kennedy Chandler,CHI,PG/SG,5500.0,False,True
43578184,150391,1328253,497,6198094,Kennedy Chandler,CHI,PG/SG,5500.0,False,True
43578185,150391,1328253,502,6198094,Kennedy Chandler,CHI,PG/SG,5500.0,False,True
43578186,150391,1328253,503,6198094,Kennedy Chandler,CHI,PG/SG,5500.0,False,True
43578187,150391,1243685,498,6198097,Jayson Kent,POR,SF/PF,5400.0,False,True
43578188,150391,1243685,499,6198097,Jayson Kent,POR,SF/PF,5400.0,False,True
43578189,150391,1243685,501,6198097,Jayson Kent,POR,SF/PF,5400.0,False,True
43578190,150391,1243685,503,6198097,Jayson Kent,POR,SF/PF,5400.0,False,True
43578191,150391,1323685,496,6198095,Curtis Jones,BOS,PG/SG,5300.0,False,True
43578192,150391,1323685,497,6198095,Curtis Jones,BOS,PG/SG,5300.0,False,True
43578193,150391,1323685,502,6198095,Curtis Jones,BOS,PG/SG,5300.0,False,True
43578194,150391,1323685,503,6198095,Curtis Jones,BOS,PG/SG,5300.0,False,True
43578195,150391,1324180,498,6198096,Payton Sandfort,OKC,SF/PF,5300.0,False,True
43578196,150391,1324180,499,6198096,Payton Sandfort,OKC,SF/PF,5300.0,False,True
43578197,150391,1324180,501,6198096,Payton Sandfort,OKC,SF/PF,5300.0,False,True
43578198,150391,1324180,503,6198096,Payton Sandfort,OKC,SF/PF,5300.0,False,True
43578199,150391,1092124,498,6198097,Javonte Cooke,PHO,SF,5300.0,False,True
43578200,150391,1092124,501,6198097,Javonte Cooke,PHO,SF,5300.0,False,True
43578201,150391,1092124,503,6198097,Javonte Cooke,PHO,SF,5300.0,False,True
43578202,150391,1427004,498,6198096,AK Okereke,LAL,SF,5300.0,False,True
43578203,150391,1427004,501,6198096,AK Okereke,LAL,SF,5300.0,False,True
43578204,150391,1427004,503,6198096,AK Okereke,LAL,SF,5300.0,False,True
43578205,150391,1175025,498,6198094,Tyler Burton,MEM,SF/PF,5200.0,False,True
43578206,150391,1175025,499,6198094,Tyler Burton,MEM,SF/PF,5200.0,False,True
43578207,150391,1175025,501,6198094,Tyler Burton,MEM,SF/PF,5200.0,False,True
43578208,150391,1175025,503,6198094,Tyler Burton,MEM,SF/PF,5200.0,False,True
43578209,150391,1179796,496,6198097,Quincy Olivari,POR,PG/SG,5200.0,False,True
43578210,150391,1179796,497,6198097,Quincy Olivari,POR,PG/SG,5200.0,False,True
43578211,150391,1179796,502,6198097,Quincy Olivari,POR,PG/SG,5200.0,False,True
43578212,150391,1179796,503,6198097,Quincy Olivari,POR,PG/SG,5200.0,False,True
43578213,150391,1340732,497,6198094,Jaylin Sellers,CHI,SG,5200.0,False,True
43578214,150391,1340732,502,6198094,Jaylin Sellers,CHI,SG,5200.0,False,True
43578215,150391,1340732,503,6198094,Jaylin Sellers,CHI,SG,5200.0,False,True
43578216,150391,1401446,497,6198096,Peter Suder,LAL,SG,5100.0,False,True
43578217,150391,1401446,502,6198096,Peter Suder,LAL,SG,5100.0,False,True
43578218,150391,1401446,503,6198096,Peter Suder,LAL,SG,5100.0,False,True
43578219,150391,1405698,499,6198094,Tobe Awaka,CHI,PF,5100.0,False,True
43578220,150391,1405698,501,6198094,Tobe Awaka,CHI,PF,5100.0,False,True
43578221,150391,1405698,503,6198094,Tobe Awaka,CHI,PF,5100.0,False,True
43578222,150391,1230357,496,6198097,DJ Steward,POR,PG/SG,5000.0,False,True
43578223,150391,1230357,497,6198097,DJ Steward,POR,PG/SG,5000.0,False,True
43578224,150391,1230357,502,6198097,DJ Steward,POR,PG/SG,5000.0,False,True
43578225,150391,1230357,503,6198097,DJ Steward,POR,PG/SG,5000.0,False,True
43578226,150391,1136746,496,6198097,Darius Brown II,PHO,PG/SG,5000.0,False,True
43578227,150391,1136746,497,6198097,Darius Brown II,PHO,PG/SG,5000.0,False,True
43578228,150391,1136746,502,6198097,Darius Brown II,PHO,PG/SG,5000.0,False,True
43578229,150391,1136746,503,6198097,Darius Brown II,PHO,PG/SG,5000.0,False,True
43578230,150391,1189241,497,6198095,Seth Lundy,TOR,SG/SF,5000.0,False,True
43578231,150391,1189241,498,6198095,Seth Lundy,TOR,SG/SF,5000.0,False,True
43578232,150391,1189241,502,6198095,Seth Lundy,TOR,SG/SF,5000.0,False,True
43578233,150391,1189241,501,6198095,Seth Lundy,TOR,SG/SF,5000.0,False,True
43578234,150391,1189241,503,6198095,Seth Lundy,TOR,SG/SF,5000.0,False,True
43578235,150391,1140338,496,6198096,Buddy Boeheim,OKC,PG/SG,5000.0,False,True
43578236,150391,1140338,497,6198096,Buddy Boeheim,OKC,PG/SG,5000.0,False,True
43578237,150391,1140338,502,6198096,Buddy Boeheim,OKC,PG/SG,5000.0,False,True
43578238,150391,1140338,503,6198096,Buddy Boeheim,OKC,PG/SG,5000.0,False,True
43578239,150391,1413222,500,6198094,Carson Cooper,MEM,C,5000.0,False,True
43578240,150391,1413222,503,6198094,Carson Cooper,MEM,C,5000.0,False,True
43578241,150391,1176113,496,6198094,Boo Buie,CHI,PG/SG,5000.0,False,True
43578242,150391,1176113,497,6198094,Boo Buie,CHI,PG/SG,5000.0,False,True
43578243,150391,1176113,502,6198094,Boo Buie,CHI,PG/SG,5000.0,False,True
43578244,150391,1176113,503,6198094,Boo Buie,CHI,PG/SG,5000.0,False,True
43578245,150391,1345658,498,6198095,Jamarion Sharp,TOR,SF/PF,4900.0,False,True
43578246,150391,1345658,499,6198095,Jamarion Sharp,TOR,SF/PF,4900.0,False,True
43578247,150391,1345658,501,6198095,Jamarion Sharp,TOR,SF/PF,4900.0,False,True
43578248,150391,1345658,503,6198095,Jamarion Sharp,TOR,SF/PF,4900.0,False,True
43578249,150391,1402843,496,6198096,Josh Dix,OKC,PG/SG,4900.0,False,True
43578250,150391,1402843,497,6198096,Josh Dix,OKC,PG/SG,4900.0,False,True
43578251,150391,1402843,502,6198096,Josh Dix,OKC,PG/SG,4900.0,False,True
43578252,150391,1402843,503,6198096,Josh Dix,OKC,PG/SG,4900.0,False,True
43578253,150391,1078666,498,6198096,Zhaire Smith,LAL,SF,4900.0,False,True
43578254,150391,1078666,501,6198096,Zhaire Smith,LAL,SF,4900.0,False,True
43578255,150391,1078666,503,6198096,Zhaire Smith,LAL,SF,4900.0,False,True
43578256,150391,1076185,500,6198094,Malik Williams,CHI,C,4900.0,False,True
43578257,150391,1076185,503,6198094,Malik Williams,CHI,C,4900.0,False,True
43578258,150391,1323643,500,6198094,Lawson Lovering,MEM,C,4800.0,False,True
43578259,150391,1323643,503,6198094,Lawson Lovering,MEM,C,4800.0,False,True
43578260,150391,1502252,497,6198095,Kyle Mangas,BOS,SG,4800.0,False,True
43578261,150391,1502252,502,6198095,Kyle Mangas,BOS,SG,4800.0,False,True
43578262,150391,1502252,503,6198095,Kyle Mangas,BOS,SG,4800.0,False,True
43578263,150391,1326876,500,6198095,Nate Bittle,TOR,C,4800.0,False,True
43578264,150391,1326876,503,6198095,Nate Bittle,TOR,C,4800.0,False,True
43578265,150391,1538641,498,6198096,Elijah Mahi,OKC,SF/PF,4800.0,False,True
43578266,150391,1538641,499,6198096,Elijah Mahi,OKC,SF/PF,4800.0,False,True
43578267,150391,1538641,501,6198096,Elijah Mahi,OKC,SF/PF,4800.0,False,True
43578268,150391,1538641,503,6198096,Elijah Mahi,OKC,SF/PF,4800.0,False,True
43578269,150391,1324092,498,6198096,Luke Goode,LAL,SF/PF,4800.0,False,True
43578270,150391,1324092,499,6198096,Luke Goode,LAL,SF/PF,4800.0,False,True
43578271,150391,1324092,501,6198096,Luke Goode,LAL,SF/PF,4800.0,False,True
43578272,150391,1324092,503,6198096,Luke Goode,LAL,SF/PF,4800.0,False,True
43578273,150391,1136168,500,6198097,Jake Stephens,PHO,C,4800.0,False,True
43578274,150391,1136168,503,6198097,Jake Stephens,PHO,C,4800.0,False,True
43578275,150391,1340218,498,6198095,Tucker DeVries,BOS,SF/PF,4700.0,False,True
43578276,150391,1340218,499,6198095,Tucker DeVries,BOS,SF/PF,4700.0,False,True
43578277,150391,1340218,501,6198095,Tucker DeVries,BOS,SF/PF,4700.0,False,True
43578278,150391,1340218,503,6198095,Tucker DeVries,BOS,SF/PF,4700.0,False,True
43578279,150391,1243566,498,6198095,Aziz Bandaogo,TOR,SF/PF,4700.0,False,True
43578280,150391,1243566,499,6198095,Aziz Bandaogo,TOR,SF/PF,4700.0,False,True
43578281,150391,1243566,501,6198095,Aziz Bandaogo,TOR,SF/PF,4700.0,False,True
43578282,150391,1243566,503,6198095,Aziz Bandaogo,TOR,SF/PF,4700.0,False,True
43578283,150391,1401454,498,6198096,Sam Alexis,OKC,SF/PF,4700.0,False,True
43578284,150391,1401454,499,6198096,Sam Alexis,OKC,SF/PF,4700.0,False,True
43578285,150391,1401454,501,6198096,Sam Alexis,OKC,SF/PF,4700.0,False,True
43578286,150391,1401454,503,6198096,Sam Alexis,OKC,SF/PF,4700.0,False,True
43578287,150391,1403951,496,6198096,Chase Ross,LAL,PG/SG,4700.0,False,True
43578288,150391,1403951,497,6198096,Chase Ross,LAL,PG/SG,4700.0,False,True
43578289,150391,1403951,502,6198096,Chase Ross,LAL,PG/SG,4700.0,False,True
43578290,150391,1403951,503,6198096,Chase Ross,LAL,PG/SG,4700.0,False,True
43578291,150391,1323513,500,6198094,Charles Bediako,CHI,C,4700.0,False,True
43578292,150391,1323513,503,6198094,Charles Bediako,CHI,C,4700.0,False,True
43578293,150391,1348260,496,6198095,Malik Thomas,TOR,PG/SG,4600.0,False,True
43578294,150391,1348260,497,6198095,Malik Thomas,TOR,PG/SG,4600.0,False,True
43578295,150391,1348260,502,6198095,Malik Thomas,TOR,PG/SG,4600.0,False,True
43578296,150391,1348260,503,6198095,Malik Thomas,TOR,PG/SG,4600.0,False,True
43578297,150391,1406785,496,6198096,Lamar Wilkerson,OKC,PG/SG,4600.0,False,True
43578298,150391,1406785,497,6198096,Lamar Wilkerson,OKC,PG/SG,4600.0,False,True
43578299,150391,1406785,502,6198096,Lamar Wilkerson,OKC,PG/SG,4600.0,False,True
43578300,150391,1406785,503,6198096,Lamar Wilkerson,OKC,PG/SG,4600.0,False,True
43578301,150391,1328242,496,6198096,Robert McCray V,LAL,PG/SG,4600.0,False,True
43578302,150391,1328242,497,6198096,Robert McCray V,LAL,PG/SG,4600.0,False,True
43578303,150391,1328242,502,6198096,Robert McCray V,LAL,PG/SG,4600.0,False,True
43578304,150391,1328242,503,6198096,Robert McCray V,LAL,PG/SG,4600.0,False,True
43578305,150391,1401387,497,6198097,Barry Dunning Jr.,POR,SG/SF,4600.0,False,True
43578306,150391,1401387,498,6198097,Barry Dunning Jr.,POR,SG/SF,4600.0,False,True
43578307,150391,1401387,502,6198097,Barry Dunning Jr.,POR,SG/SF,4600.0,False,True
43578308,150391,1401387,501,6198097,Barry Dunning Jr.,POR,SG/SF,4600.0,False,True
43578309,150391,1401387,503,6198097,Barry Dunning Jr.,POR,SG/SF,4600.0,False,True
43578310,150391,1174936,496,6198097,Jameer Nelson Jr.,PHO,PG/SG,4600.0,False,True
43578311,150391,1174936,497,6198097,Jameer Nelson Jr.,PHO,PG/SG,4600.0,False,True
43578312,150391,1174936,502,6198097,Jameer Nelson Jr.,PHO,PG/SG,4600.0,False,True
43578313,150391,1174936,503,6198097,Jameer Nelson Jr.,PHO,PG/SG,4600.0,False,True
43578314,150391,1401533,498,6198095,Chauncey Wiggins,BOS,SF/PF,4500.0,False,True
43578315,150391,1401533,499,6198095,Chauncey Wiggins,BOS,SF/PF,4500.0,False,True
43578316,150391,1401533,501,6198095,Chauncey Wiggins,BOS,SF/PF,4500.0,False,True
43578317,150391,1401533,503,6198095,Chauncey Wiggins,BOS,SF/PF,4500.0,False,True
43578318,150391,1232142,496,6198095,Jalen Celestine,TOR,PG/SG,4500.0,False,True
43578319,150391,1232142,497,6198095,Jalen Celestine,TOR,PG/SG,4500.0,False,True
43578320,150391,1232142,502,6198095,Jalen Celestine,TOR,PG/SG,4500.0,False,True
43578321,150391,1232142,503,6198095,Jalen Celestine,TOR,PG/SG,4500.0,False,True
43578322,150391,1427778,498,6198096,Andrew Holifield,OKC,SF/PF,4500.0,False,True
43578323,150391,1427778,499,6198096,Andrew Holifield,OKC,SF/PF,4500.0,False,True
43578324,150391,1427778,501,6198096,Andrew Holifield,OKC,SF/PF,4500.0,False,True
43578325,150391,1427778,503,6198096,Andrew Holifield,OKC,SF/PF,4500.0,False,True
43578326,150391,1402824,500,6198096,Robbie Avila,LAL,C,4500.0,False,True
43578327,150391,1402824,503,6198096,Robbie Avila,LAL,C,4500.0,False,True
43578328,150391,1453380,498,6198097,Aliou Diarra,POR,SF/PF,4500.0,False,True
43578329,150391,1453380,499,6198097,Aliou Diarra,POR,SF/PF,4500.0,False,True
43578330,150391,1453380,501,6198097,Aliou Diarra,POR,SF/PF,4500.0,False,True
43578331,150391,1453380,503,6198097,Aliou Diarra,POR,SF/PF,4500.0,False,True
43578332,150391,1401727,498,6198097,Reed Bailey,PHO,SF/PF,4500.0,False,True
43578333,150391,1401727,499,6198097,Reed Bailey,PHO,SF/PF,4500.0,False,True
43578334,150391,1401727,501,6198097,Reed Bailey,PHO,SF/PF,4500.0,False,True
43578335,150391,1401727,503,6198097,Reed Bailey,PHO,SF/PF,4500.0,False,True
43578336,150391,1406915,496,6198094,Jestin Porter,MEM,PG/SG,4400.0,False,True
43578337,150391,1406915,497,6198094,Jestin Porter,MEM,PG/SG,4400.0,False,True
43578338,150391,1406915,502,6198094,Jestin Porter,MEM,PG/SG,4400.0,False,True
43578339,150391,1406915,503,6198094,Jestin Porter,MEM,PG/SG,4400.0,False,True
43578340,150391,1405418,496,6198095,Milos Uzan,BOS,PG/SG,4400.0,False,True
43578341,150391,1405418,497,6198095,Milos Uzan,BOS,PG/SG,4400.0,False,True
43578342,150391,1405418,502,6198095,Milos Uzan,BOS,PG/SG,4400.0,False,True
43578343,150391,1405418,503,6198095,Milos Uzan,BOS,PG/SG,4400.0,False,True
43578344,150391,1241593,496,6198095,Nimari Burnett,TOR,PG/SG,4400.0,False,True
43578345,150391,1241593,497,6198095,Nimari Burnett,TOR,PG/SG,4400.0,False,True
43578346,150391,1241593,502,6198095,Nimari Burnett,TOR,PG/SG,4400.0,False,True
43578347,150391,1241593,503,6198095,Nimari Burnett,TOR,PG/SG,4400.0,False,True
43578348,150391,1324093,496,6198096,Bryce Harris,OKC,PG/SG,4400.0,False,True
43578349,150391,1324093,497,6198096,Bryce Harris,OKC,PG/SG,4400.0,False,True
43578350,150391,1324093,502,6198096,Bryce Harris,OKC,PG/SG,4400.0,False,True
43578351,150391,1324093,503,6198096,Bryce Harris,OKC,PG/SG,4400.0,False,True
43578352,150391,1405617,498,6198096,William Kyle,LAL,SF/PF,4400.0,False,True
43578353,150391,1405617,499,6198096,William Kyle,LAL,SF/PF,4400.0,False,True
43578354,150391,1405617,501,6198096,William Kyle,LAL,SF/PF,4400.0,False,True
43578355,150391,1405617,503,6198096,William Kyle,LAL,SF/PF,4400.0,False,True
43578356,150391,1324325,496,6198097,Sam Hoiberg,PHO,PG/SG,4400.0,False,True
43578357,150391,1324325,497,6198097,Sam Hoiberg,PHO,PG/SG,4400.0,False,True
43578358,150391,1324325,502,6198097,Sam Hoiberg,PHO,PG/SG,4400.0,False,True
43578359,150391,1324325,503,6198097,Sam Hoiberg,PHO,PG/SG,4400.0,False,True
43578360,150391,1137221,498,6198094,Keyshawn Bryant,CHI,SF/PF,4400.0,False,True
43578361,150391,1137221,499,6198094,Keyshawn Bryant,CHI,SF/PF,4400.0,False,True
43578362,150391,1137221,501,6198094,Keyshawn Bryant,CHI,SF/PF,4400.0,False,True
43578363,150391,1137221,503,6198094,Keyshawn Bryant,CHI,SF/PF,4400.0,False,True
43578364,150391,1405317,498,6198094,Jevon Porter,MEM,SF/PF,4300.0,False,True
43578365,150391,1405317,499,6198094,Jevon Porter,MEM,SF/PF,4300.0,False,True
43578366,150391,1405317,501,6198094,Jevon Porter,MEM,SF/PF,4300.0,False,True
43578367,150391,1405317,503,6198094,Jevon Porter,MEM,SF/PF,4300.0,False,True
43578368,150391,1236723,498,6198095,Nick Pringle,BOS,SF/PF,4300.0,False,True
43578369,150391,1236723,499,6198095,Nick Pringle,BOS,SF/PF,4300.0,False,True
43578370,150391,1236723,501,6198095,Nick Pringle,BOS,SF/PF,4300.0,False,True
43578371,150391,1236723,503,6198095,Nick Pringle,BOS,SF/PF,4300.0,False,True
43578372,150391,1326046,498,6198095,Tyson Degenhart,TOR,SF/PF,4300.0,False,True
43578373,150391,1326046,499,6198095,Tyson Degenhart,TOR,SF/PF,4300.0,False,True
43578374,150391,1326046,501,6198095,Tyson Degenhart,TOR,SF/PF,4300.0,False,True
43578375,150391,1326046,503,6198095,Tyson Degenhart,TOR,SF/PF,4300.0,False,True
43578376,150391,1340195,496,6198096,Nate Johnson,OKC,PG/SG,4300.0,False,True
43578377,150391,1340195,497,6198096,Nate Johnson,OKC,PG/SG,4300.0,False,True
43578378,150391,1340195,502,6198096,Nate Johnson,OKC,PG/SG,4300.0,False,True
43578379,150391,1340195,503,6198096,Nate Johnson,OKC,PG/SG,4300.0,False,True
43578380,150391,1406752,496,6198096,Jacari White,LAL,PG/SG,4300.0,False,True
43578381,150391,1406752,497,6198096,Jacari White,LAL,PG/SG,4300.0,False,True
43578382,150391,1406752,502,6198096,Jacari White,LAL,PG/SG,4300.0,False,True
43578383,150391,1406752,503,6198096,Jacari White,LAL,PG/SG,4300.0,False,True
43578384,150391,1231799,496,6198097,Tramon Mark,PHO,PG/SG,4300.0,False,True
43578385,150391,1231799,497,6198097,Tramon Mark,PHO,PG/SG,4300.0,False,True
43578386,150391,1231799,502,6198097,Tramon Mark,PHO,PG/SG,4300.0,False,True
43578387,150391,1231799,503,6198097,Tramon Mark,PHO,PG/SG,4300.0,False,True
43578388,150391,1343026,496,6198094,Houston Mallette,CHI,PG/SG,4300.0,False,True
43578389,150391,1343026,497,6198094,Houston Mallette,CHI,PG/SG,4300.0,False,True
43578390,150391,1343026,502,6198094,Houston Mallette,CHI,PG/SG,4300.0,False,True
43578391,150391,1343026,503,6198094,Houston Mallette,CHI,PG/SG,4300.0,False,True
43578392,150391,1475191,496,6198095,Day Day Thomas,BOS,PG/SG,4200.0,False,True
43578393,150391,1475191,497,6198095,Day Day Thomas,BOS,PG/SG,4200.0,False,True
43578394,150391,1475191,502,6198095,Day Day Thomas,BOS,PG/SG,4200.0,False,True
43578395,150391,1475191,503,6198095,Day Day Thomas,BOS,PG/SG,4200.0,False,True
43578396,150391,1231293,498,6198095,Brandon Angel,TOR,SF/PF,4200.0,False,True
43578397,150391,1231293,499,6198095,Brandon Angel,TOR,SF/PF,4200.0,False,True
43578398,150391,1231293,501,6198095,Brandon Angel,TOR,SF/PF,4200.0,False,True
43578399,150391,1231293,503,6198095,Brandon Angel,TOR,SF/PF,4200.0,False,True
43578400,150391,1413202,500,6198096,Christoph Tilly,OKC,C,4200.0,False,True
43578401,150391,1413202,503,6198096,Christoph Tilly,OKC,C,4200.0,False,True
43578402,150391,1352160,496,6198096,William Hickey,LAL,PG/SG,4200.0,False,True
43578403,150391,1352160,497,6198096,William Hickey,LAL,PG/SG,4200.0,False,True
43578404,150391,1352160,502,6198096,William Hickey,LAL,PG/SG,4200.0,False,True
43578405,150391,1352160,503,6198096,William Hickey,LAL,PG/SG,4200.0,False,True
43578406,150391,1094731,496,6198097,Flynn Cameron,POR,PG/SG,4200.0,False,True
43578407,150391,1094731,497,6198097,Flynn Cameron,POR,PG/SG,4200.0,False,True
43578408,150391,1094731,502,6198097,Flynn Cameron,POR,PG/SG,4200.0,False,True
43578409,150391,1094731,503,6198097,Flynn Cameron,POR,PG/SG,4200.0,False,True
43578410,150391,1405733,498,6198097,Barry Evans,PHO,SF/PF,4200.0,False,True
43578411,150391,1405733,499,6198097,Barry Evans,PHO,SF/PF,4200.0,False,True
43578412,150391,1405733,501,6198097,Barry Evans,PHO,SF/PF,4200.0,False,True
43578413,150391,1405733,503,6198097,Barry Evans,PHO,SF/PF,4200.0,False,True
43578414,150391,1417207,496,6198094,Donovan Atwell,CHI,PG/SG,4200.0,False,True
43578415,150391,1417207,497,6198094,Donovan Atwell,CHI,PG/SG,4200.0,False,True
43578416,150391,1417207,502,6198094,Donovan Atwell,CHI,PG/SG,4200.0,False,True
43578417,150391,1417207,503,6198094,Donovan Atwell,CHI,PG/SG,4200.0,False,True
43578418,150391,1088723,496,6198095,Tyreke Key,TOR,PG/SG,4100.0,False,True
43578419,150391,1088723,497,6198095,Tyreke Key,TOR,PG/SG,4100.0,False,True
43578420,150391,1088723,502,6198095,Tyreke Key,TOR,PG/SG,4100.0,False,True
43578421,150391,1088723,503,6198095,Tyreke Key,TOR,PG/SG,4100.0,False,True
43578422,150391,1230368,498,6198096,Jabri Abdur-Rahim,OKC,SF/PF,4100.0,False,True
43578423,150391,1230368,499,6198096,Jabri Abdur-Rahim,OKC,SF/PF,4100.0,False,True
43578424,150391,1230368,501,6198096,Jabri Abdur-Rahim,OKC,SF/PF,4100.0,False,True
43578425,150391,1230368,503,6198096,Jabri Abdur-Rahim,OKC,SF/PF,4100.0,False,True
43578426,150391,1323635,498,6198096,Arthur Kaluma,LAL,SF/PF,4100.0,False,True
43578427,150391,1323635,499,6198096,Arthur Kaluma,LAL,SF/PF,4100.0,False,True
43578428,150391,1323635,501,6198096,Arthur Kaluma,LAL,SF/PF,4100.0,False,True
43578429,150391,1323635,503,6198096,Arthur Kaluma,LAL,SF/PF,4100.0,False,True
43578430,150391,1231852,498,6198097,Andrew Carr,POR,SF/PF,4100.0,False,True
43578431,150391,1231852,499,6198097,Andrew Carr,POR,SF/PF,4100.0,False,True
43578432,150391,1231852,501,6198097,Andrew Carr,POR,SF/PF,4100.0,False,True
43578433,150391,1231852,503,6198097,Andrew Carr,POR,SF/PF,4100.0,False,True
43578434,150391,1482255,496,6198097,Corey Camper Jr.,PHO,PG/SG,4100.0,False,True
43578435,150391,1482255,497,6198097,Corey Camper Jr.,PHO,PG/SG,4100.0,False,True
43578436,150391,1482255,502,6198097,Corey Camper Jr.,PHO,PG/SG,4100.0,False,True
43578437,150391,1482255,503,6198097,Corey Camper Jr.,PHO,PG/SG,4100.0,False,True
43578438,150391,1405042,498,6198094,Jalen Washington,CHI,SF/PF,4100.0,False,True
43578439,150391,1405042,499,6198094,Jalen Washington,CHI,SF/PF,4100.0,False,True
43578440,150391,1405042,501,6198094,Jalen Washington,CHI,SF/PF,4100.0,False,True
43578441,150391,1405042,503,6198094,Jalen Washington,CHI,SF/PF,4100.0,False,True
43578442,150391,1408223,496,6198094,Brendan Hausen,MEM,PG/SG,4000.0,False,True
43578443,150391,1408223,497,6198094,Brendan Hausen,MEM,PG/SG,4000.0,False,True
43578444,150391,1408223,502,6198094,Brendan Hausen,MEM,PG/SG,4000.0,False,True
43578445,150391,1408223,503,6198094,Brendan Hausen,MEM,PG/SG,4000.0,False,True
43578446,150391,1174826,496,6198095,Caleb Grill,BOS,PG/SG,4000.0,False,True
43578447,150391,1174826,497,6198095,Caleb Grill,BOS,PG/SG,4000.0,False,True
43578448,150391,1174826,502,6198095,Caleb Grill,BOS,PG/SG,4000.0,False,True
43578449,150391,1174826,503,6198095,Caleb Grill,BOS,PG/SG,4000.0,False,True
43578450,150391,1241397,496,6198095,A.J. Hoggard,TOR,PG/SG,4000.0,False,True
43578451,150391,1241397,497,6198095,A.J. Hoggard,TOR,PG/SG,4000.0,False,True
43578452,150391,1241397,502,6198095,A.J. Hoggard,TOR,PG/SG,4000.0,False,True
43578453,150391,1241397,503,6198095,A.J. Hoggard,TOR,PG/SG,4000.0,False,True
43578454,150391,1231959,496,6198096,Steven Ashworth,OKC,PG/SG,4000.0,False,True
43578455,150391,1231959,497,6198096,Steven Ashworth,OKC,PG/SG,4000.0,False,True
43578456,150391,1231959,502,6198096,Steven Ashworth,OKC,PG/SG,4000.0,False,True
43578457,150391,1231959,503,6198096,Steven Ashworth,OKC,PG/SG,4000.0,False,True
43578458,150391,851888,496,6198096,Jon Elmore,LAL,PG,4000.0,False,True
43578459,150391,851888,502,6198096,Jon Elmore,LAL,PG,4000.0,False,True
43578460,150391,851888,503,6198096,Jon Elmore,LAL,PG,4000.0,False,True
43578461,150391,1325115,498,6198097,Frankie Fidler,POR,SF/PF,4000.0,False,True
43578462,150391,1325115,499,6198097,Frankie Fidler,POR,SF/PF,4000.0,False,True
43578463,150391,1325115,501,6198097,Frankie Fidler,POR,SF/PF,4000.0,False,True
43578464,150391,1325115,503,6198097,Frankie Fidler,POR,SF/PF,4000.0,False,True
43578465,150391,1245902,496,6198097,Devin Askew,PHO,PG/SG,4000.0,False,True
43578466,150391,1245902,497,6198097,Devin Askew,PHO,PG/SG,4000.0,False,True
43578467,150391,1245902,502,6198097,Devin Askew,PHO,PG/SG,4000.0,False,True
43578468,150391,1245902,503,6198097,Devin Askew,PHO,PG/SG,4000.0,False,True
43578469,150391,1401585,498,6198094,Grant Newell,CHI,SF/PF,4000.0,False,True
43578470,150391,1401585,499,6198094,Grant Newell,CHI,SF/PF,4000.0,False,True
43578471,150391,1401585,501,6198094,Grant Newell,CHI,SF/PF,4000.0,False,True
43578472,150391,1401585,503,6198094,Grant Newell,CHI,SF/PF,4000.0,False,True
43578473,150393,1480184,500,6198096,Aday Mara,OKC,C,8200.0,False,True
43578474,150393,1480184,503,6198096,Aday Mara,OKC,C,8200.0,False,True
43578475,150393,1191196,498,6198096,Anton Watson,LAL,SF/PF,8000.0,False,True
43578476,150393,1191196,499,6198096,Anton Watson,LAL,SF/PF,8000.0,False,True
43578477,150393,1191196,501,6198096,Anton Watson,LAL,SF/PF,8000.0,False,True
43578478,150393,1191196,503,6198096,Anton Watson,LAL,SF/PF,8000.0,False,True
43578479,150393,1193172,498,6198097,Jalen Bridges,POR,SF/PF,7900.0,False,True
43578480,150393,1193172,499,6198097,Jalen Bridges,POR,SF/PF,7900.0,False,True
43578481,150393,1193172,501,6198097,Jalen Bridges,POR,SF/PF,7900.0,False,True
43578482,150393,1193172,503,6198097,Jalen Bridges,POR,SF/PF,7900.0,False,True
43578483,150393,1465506,500,6198097,Khaman Maluach,PHO,C,7800.0,False,True
43578484,150393,1465506,503,6198097,Khaman Maluach,PHO,C,7800.0,False,True
43578485,150393,1405622,499,6198097,Rasheer Fleming,PHO,PF,7700.0,False,True
43578486,150393,1405622,501,6198097,Rasheer Fleming,PHO,PF,7700.0,False,True
43578487,150393,1405622,503,6198097,Rasheer Fleming,PHO,PF,7700.0,False,True
43578488,150393,1547672,500,6198096,Thomas Sorber,OKC,C,7600.0,False,True
43578489,150393,1547672,503,6198096,Thomas Sorber,OKC,C,7600.0,False,True
43578490,150393,1591570,500,6198097,Hansen Yang,POR,C,7400.0,False,True
43578491,150393,1591570,503,6198097,Hansen Yang,POR,C,7400.0,False,True
43578492,150393,1243633,497,6198097,Koby Brea,PHO,SG,7200.0,False,True
43578493,150393,1243633,502,6198097,Koby Brea,PHO,SG,7200.0,False,True
43578494,150393,1243633,503,6198097,Koby Brea,PHO,SG,7200.0,False,True
43578495,150393,1324660,496,6198096,Brooks Barnhizer,OKC,PG/SG,7100.0,False,True
43578496,150393,1324660,497,6198096,Brooks Barnhizer,OKC,PG/SG,7100.0,False,True
43578497,150393,1324660,502,6198096,Brooks Barnhizer,OKC,PG/SG,7100.0,False,True
43578498,150393,1324660,503,6198096,Brooks Barnhizer,OKC,PG/SG,7100.0,False,True
43578499,150393,1460958,497,6198096,Cameron Carr,LAL,SG,6900.0,False,True
43578500,150393,1460958,502,6198096,Cameron Carr,LAL,SG,6900.0,False,True
43578501,150393,1460958,503,6198096,Cameron Carr,LAL,SG,6900.0,False,True
43578502,150393,1429347,496,6198097,Jaylen Martin,POR,PG/SG,6700.0,False,True
43578503,150393,1429347,497,6198097,Jaylen Martin,POR,PG/SG,6700.0,False,True
43578504,150393,1429347,502,6198097,Jaylen Martin,POR,PG/SG,6700.0,False,True
43578505,150393,1429347,503,6198097,Jaylen Martin,POR,PG/SG,6700.0,False,True
43578506,150393,1408189,498,6198096,Adou Thiero,LAL,SF,6500.0,False,True
43578507,150393,1408189,501,6198096,Adou Thiero,LAL,SF,6500.0,False,True
43578508,150393,1408189,503,6198096,Adou Thiero,LAL,SF,6500.0,False,True
43578509,150393,1532771,496,6198096,Bennett Stirtz,OKC,PG,6300.0,False,True
43578510,150393,1532771,502,6198096,Bennett Stirtz,OKC,PG,6300.0,False,True
43578511,150393,1532771,503,6198096,Bennett Stirtz,OKC,PG,6300.0,False,True
43578512,150393,1234814,496,6198097,Chris Youngblood,POR,PG/SG,6200.0,False,True
43578513,150393,1234814,497,6198097,Chris Youngblood,POR,PG/SG,6200.0,False,True
43578514,150393,1234814,502,6198097,Chris Youngblood,POR,PG/SG,6200.0,False,True
43578515,150393,1234814,503,6198097,Chris Youngblood,POR,PG/SG,6200.0,False,True
43578516,150393,1405416,496,6198096,Otega Oweh,OKC,PG/SG,6100.0,False,True
43578517,150393,1405416,497,6198096,Otega Oweh,OKC,PG/SG,6100.0,False,True
43578518,150393,1405416,502,6198096,Otega Oweh,OKC,PG/SG,6100.0,False,True
43578519,150393,1405416,503,6198096,Otega Oweh,OKC,PG/SG,6100.0,False,True
43578520,150393,1610167,499,6198097,Koa Peat,PHO,PF,6000.0,False,True
43578521,150393,1610167,501,6198097,Koa Peat,PHO,PF,6000.0,False,True
43578522,150393,1610167,503,6198097,Koa Peat,PHO,PF,6000.0,False,True
43578523,150393,1232601,496,6198096,Chris Manon,LAL,PG/SG,5800.0,False,True
43578524,150393,1232601,497,6198096,Chris Manon,LAL,PG/SG,5800.0,False,True
43578525,150393,1232601,502,6198096,Chris Manon,LAL,PG/SG,5800.0,False,True
43578526,150393,1232601,503,6198096,Chris Manon,LAL,PG/SG,5800.0,False,True
43578527,150393,1231292,499,6198097,CJ Huntley,PHO,PF,5700.0,False,True
43578528,150393,1231292,501,6198097,CJ Huntley,PHO,PF,5700.0,False,True
43578529,150393,1231292,503,6198097,CJ Huntley,PHO,PF,5700.0,False,True
43578530,150393,1243685,498,6198097,Jayson Kent,POR,SF/PF,5600.0,False,True
43578531,150393,1243685,499,6198097,Jayson Kent,POR,SF/PF,5600.0,False,True
43578532,150393,1243685,501,6198097,Jayson Kent,POR,SF/PF,5600.0,False,True
43578533,150393,1243685,503,6198097,Jayson Kent,POR,SF/PF,5600.0,False,True
43578534,150393,1324180,498,6198096,Payton Sandfort,OKC,SF/PF,5500.0,False,True
43578535,150393,1324180,499,6198096,Payton Sandfort,OKC,SF/PF,5500.0,False,True
43578536,150393,1324180,501,6198096,Payton Sandfort,OKC,SF/PF,5500.0,False,True
43578537,150393,1324180,503,6198096,Payton Sandfort,OKC,SF/PF,5500.0,False,True
43578538,150393,1092124,498,6198097,Javonte Cooke,PHO,SF,5400.0,False,True
43578539,150393,1092124,501,6198097,Javonte Cooke,PHO,SF,5400.0,False,True
43578540,150393,1092124,503,6198097,Javonte Cooke,PHO,SF,5400.0,False,True
43578541,150393,1427004,498,6198096,AK Okereke,LAL,SF,5300.0,False,True
43578542,150393,1427004,501,6198096,AK Okereke,LAL,SF,5300.0,False,True
43578543,150393,1427004,503,6198096,AK Okereke,LAL,SF,5300.0,False,True
43578544,150393,1179796,496,6198097,Quincy Olivari,POR,PG/SG,5200.0,False,True
43578545,150393,1179796,497,6198097,Quincy Olivari,POR,PG/SG,5200.0,False,True
43578546,150393,1179796,502,6198097,Quincy Olivari,POR,PG/SG,5200.0,False,True
43578547,150393,1179796,503,6198097,Quincy Olivari,POR,PG/SG,5200.0,False,True
43578548,150393,1401446,497,6198096,Peter Suder,LAL,SG,5100.0,False,True
43578549,150393,1401446,502,6198096,Peter Suder,LAL,SG,5100.0,False,True
43578550,150393,1401446,503,6198096,Peter Suder,LAL,SG,5100.0,False,True
43578551,150393,1230357,496,6198097,DJ Steward,POR,PG/SG,5000.0,False,True
43578552,150393,1230357,497,6198097,DJ Steward,POR,PG/SG,5000.0,False,True
43578553,150393,1230357,502,6198097,DJ Steward,POR,PG/SG,5000.0,False,True
43578554,150393,1230357,503,6198097,DJ Steward,POR,PG/SG,5000.0,False,True
43578555,150393,1136746,496,6198097,Darius Brown II,PHO,PG/SG,5000.0,False,True
43578556,150393,1136746,497,6198097,Darius Brown II,PHO,PG/SG,5000.0,False,True
43578557,150393,1136746,502,6198097,Darius Brown II,PHO,PG/SG,5000.0,False,True
43578558,150393,1136746,503,6198097,Darius Brown II,PHO,PG/SG,5000.0,False,True
43578559,150393,1140338,496,6198096,Buddy Boeheim,OKC,PG/SG,5000.0,False,True
43578560,150393,1140338,497,6198096,Buddy Boeheim,OKC,PG/SG,5000.0,False,True
43578561,150393,1140338,502,6198096,Buddy Boeheim,OKC,PG/SG,5000.0,False,True
43578562,150393,1140338,503,6198096,Buddy Boeheim,OKC,PG/SG,5000.0,False,True
43578563,150393,1402843,496,6198096,Josh Dix,OKC,PG/SG,4900.0,False,True
43578564,150393,1402843,497,6198096,Josh Dix,OKC,PG/SG,4900.0,False,True
43578565,150393,1402843,502,6198096,Josh Dix,OKC,PG/SG,4900.0,False,True
43578566,150393,1402843,503,6198096,Josh Dix,OKC,PG/SG,4900.0,False,True
43578567,150393,1078666,498,6198096,Zhaire Smith,LAL,SF,4900.0,False,True
43578568,150393,1078666,501,6198096,Zhaire Smith,LAL,SF,4900.0,False,True
43578569,150393,1078666,503,6198096,Zhaire Smith,LAL,SF,4900.0,False,True
43578570,150393,1538641,498,6198096,Elijah Mahi,OKC,SF/PF,4800.0,False,True
43578571,150393,1538641,499,6198096,Elijah Mahi,OKC,SF/PF,4800.0,False,True
43578572,150393,1538641,501,6198096,Elijah Mahi,OKC,SF/PF,4800.0,False,True
43578573,150393,1538641,503,6198096,Elijah Mahi,OKC,SF/PF,4800.0,False,True
43578574,150393,1324092,498,6198096,Luke Goode,LAL,SF/PF,4800.0,False,True
43578575,150393,1324092,499,6198096,Luke Goode,LAL,SF/PF,4800.0,False,True
43578576,150393,1324092,501,6198096,Luke Goode,LAL,SF/PF,4800.0,False,True
43578577,150393,1324092,503,6198096,Luke Goode,LAL,SF/PF,4800.0,False,True
43578578,150393,1136168,500,6198097,Jake Stephens,PHO,C,4800.0,False,True
43578579,150393,1136168,503,6198097,Jake Stephens,PHO,C,4800.0,False,True
43578580,150393,1401454,498,6198096,Sam Alexis,OKC,SF/PF,4700.0,False,True
43578581,150393,1401454,499,6198096,Sam Alexis,OKC,SF/PF,4700.0,False,True
43578582,150393,1401454,501,6198096,Sam Alexis,OKC,SF/PF,4700.0,False,True
43578583,150393,1401454,503,6198096,Sam Alexis,OKC,SF/PF,4700.0,False,True
43578584,150393,1403951,496,6198096,Chase Ross,LAL,PG/SG,4700.0,False,True
43578585,150393,1403951,497,6198096,Chase Ross,LAL,PG/SG,4700.0,False,True
43578586,150393,1403951,502,6198096,Chase Ross,LAL,PG/SG,4700.0,False,True
43578587,150393,1403951,503,6198096,Chase Ross,LAL,PG/SG,4700.0,False,True
43578588,150393,1406785,496,6198096,Lamar Wilkerson,OKC,PG/SG,4600.0,False,True
43578589,150393,1406785,497,6198096,Lamar Wilkerson,OKC,PG/SG,4600.0,False,True
43578590,150393,1406785,502,6198096,Lamar Wilkerson,OKC,PG/SG,4600.0,False,True
43578591,150393,1406785,503,6198096,Lamar Wilkerson,OKC,PG/SG,4600.0,False,True
43578592,150393,1328242,496,6198096,Robert McCray V,LAL,PG/SG,4600.0,False,True
43578593,150393,1328242,497,6198096,Robert McCray V,LAL,PG/SG,4600.0,False,True
43578594,150393,1328242,502,6198096,Robert McCray V,LAL,PG/SG,4600.0,False,True
43578595,150393,1328242,503,6198096,Robert McCray V,LAL,PG/SG,4600.0,False,True
43578596,150393,1401387,497,6198097,Barry Dunning Jr.,POR,SG/SF,4600.0,False,True
43578597,150393,1401387,498,6198097,Barry Dunning Jr.,POR,SG/SF,4600.0,False,True
43578598,150393,1401387,502,6198097,Barry Dunning Jr.,POR,SG/SF,4600.0,False,True
43578599,150393,1401387,501,6198097,Barry Dunning Jr.,POR,SG/SF,4600.0,False,True
43578600,150393,1401387,503,6198097,Barry Dunning Jr.,POR,SG/SF,4600.0,False,True
43578601,150393,1174936,496,6198097,Jameer Nelson Jr.,PHO,PG/SG,4600.0,False,True
43578602,150393,1174936,497,6198097,Jameer Nelson Jr.,PHO,PG/SG,4600.0,False,True
43578603,150393,1174936,502,6198097,Jameer Nelson Jr.,PHO,PG/SG,4600.0,False,True
43578604,150393,1174936,503,6198097,Jameer Nelson Jr.,PHO,PG/SG,4600.0,False,True
43578605,150393,1427778,498,6198096,Andrew Holifield,OKC,SF/PF,4500.0,False,True
43578606,150393,1427778,499,6198096,Andrew Holifield,OKC,SF/PF,4500.0,False,True
43578607,150393,1427778,501,6198096,Andrew Holifield,OKC,SF/PF,4500.0,False,True
43578608,150393,1427778,503,6198096,Andrew Holifield,OKC,SF/PF,4500.0,False,True
43578609,150393,1402824,500,6198096,Robbie Avila,LAL,C,4500.0,False,True
43578610,150393,1402824,503,6198096,Robbie Avila,LAL,C,4500.0,False,True
43578611,150393,1453380,498,6198097,Aliou Diarra,POR,SF/PF,4500.0,False,True
43578612,150393,1453380,499,6198097,Aliou Diarra,POR,SF/PF,4500.0,False,True
43578613,150393,1453380,501,6198097,Aliou Diarra,POR,SF/PF,4500.0,False,True
43578614,150393,1453380,503,6198097,Aliou Diarra,POR,SF/PF,4500.0,False,True
43578615,150393,1401727,498,6198097,Reed Bailey,PHO,SF/PF,4500.0,False,True
43578616,150393,1401727,499,6198097,Reed Bailey,PHO,SF/PF,4500.0,False,True
43578617,150393,1401727,501,6198097,Reed Bailey,PHO,SF/PF,4500.0,False,True
43578618,150393,1401727,503,6198097,Reed Bailey,PHO,SF/PF,4500.0,False,True
43578619,150393,1324093,496,6198096,Bryce Harris,OKC,PG/SG,4400.0,False,True
43578620,150393,1324093,497,6198096,Bryce Harris,OKC,PG/SG,4400.0,False,True
43578621,150393,1324093,502,6198096,Bryce Harris,OKC,PG/SG,4400.0,False,True
43578622,150393,1324093,503,6198096,Bryce Harris,OKC,PG/SG,4400.0,False,True
43578623,150393,1405617,498,6198096,William Kyle,LAL,SF/PF,4400.0,False,True
43578624,150393,1405617,499,6198096,William Kyle,LAL,SF/PF,4400.0,False,True
43578625,150393,1405617,501,6198096,William Kyle,LAL,SF/PF,4400.0,False,True
43578626,150393,1405617,503,6198096,William Kyle,LAL,SF/PF,4400.0,False,True
43578627,150393,1324325,496,6198097,Sam Hoiberg,PHO,PG/SG,4400.0,False,True
43578628,150393,1324325,497,6198097,Sam Hoiberg,PHO,PG/SG,4400.0,False,True
43578629,150393,1324325,502,6198097,Sam Hoiberg,PHO,PG/SG,4400.0,False,True
43578630,150393,1324325,503,6198097,Sam Hoiberg,PHO,PG/SG,4400.0,False,True
43578631,150393,1340195,496,6198096,Nate Johnson,OKC,PG/SG,4300.0,False,True
43578632,150393,1340195,497,6198096,Nate Johnson,OKC,PG/SG,4300.0,False,True
43578633,150393,1340195,502,6198096,Nate Johnson,OKC,PG/SG,4300.0,False,True
43578634,150393,1340195,503,6198096,Nate Johnson,OKC,PG/SG,4300.0,False,True
43578635,150393,1406752,496,6198096,Jacari White,LAL,PG/SG,4300.0,False,True
43578636,150393,1406752,497,6198096,Jacari White,LAL,PG/SG,4300.0,False,True
43578637,150393,1406752,502,6198096,Jacari White,LAL,PG/SG,4300.0,False,True
43578638,150393,1406752,503,6198096,Jacari White,LAL,PG/SG,4300.0,False,True
43578639,150393,1231799,496,6198097,Tramon Mark,PHO,PG/SG,4300.0,False,True
43578640,150393,1231799,497,6198097,Tramon Mark,PHO,PG/SG,4300.0,False,True
43578641,150393,1231799,502,6198097,Tramon Mark,PHO,PG/SG,4300.0,False,True
43578642,150393,1231799,503,6198097,Tramon Mark,PHO,PG/SG,4300.0,False,True
43578643,150393,1413202,500,6198096,Christoph Tilly,OKC,C,4200.0,False,True
43578644,150393,1413202,503,6198096,Christoph Tilly,OKC,C,4200.0,False,True
43578645,150393,1352160,496,6198096,William Hickey,LAL,PG/SG,4200.0,False,True
43578646,150393,1352160,497,6198096,William Hickey,LAL,PG/SG,4200.0,False,True
43578647,150393,1352160,502,6198096,William Hickey,LAL,PG/SG,4200.0,False,True
43578648,150393,1352160,503,6198096,William Hickey,LAL,PG/SG,4200.0,False,True
43578649,150393,1094731,496,6198097,Flynn Cameron,POR,PG/SG,4200.0,False,True
43578650,150393,1094731,497,6198097,Flynn Cameron,POR,PG/SG,4200.0,False,True
43578651,150393,1094731,502,6198097,Flynn Cameron,POR,PG/SG,4200.0,False,True
43578652,150393,1094731,503,6198097,Flynn Cameron,POR,PG/SG,4200.0,False,True
43578653,150393,1405733,498,6198097,Barry Evans,PHO,SF/PF,4200.0,False,True
43578654,150393,1405733,499,6198097,Barry Evans,PHO,SF/PF,4200.0,False,True
43578655,150393,1405733,501,6198097,Barry Evans,PHO,SF/PF,4200.0,False,True
43578656,150393,1405733,503,6198097,Barry Evans,PHO,SF/PF,4200.0,False,True
43578657,150393,1230368,498,6198096,Jabri Abdur-Rahim,OKC,SF/PF,4100.0,False,True
43578658,150393,1230368,499,6198096,Jabri Abdur-Rahim,OKC,SF/PF,4100.0,False,True
43578659,150393,1230368,501,6198096,Jabri Abdur-Rahim,OKC,SF/PF,4100.0,False,True
43578660,150393,1230368,503,6198096,Jabri Abdur-Rahim,OKC,SF/PF,4100.0,False,True
43578661,150393,1323635,498,6198096,Arthur Kaluma,LAL,SF/PF,4100.0,False,True
43578662,150393,1323635,499,6198096,Arthur Kaluma,LAL,SF/PF,4100.0,False,True
43578663,150393,1323635,501,6198096,Arthur Kaluma,LAL,SF/PF,4100.0,False,True
43578664,150393,1323635,503,6198096,Arthur Kaluma,LAL,SF/PF,4100.0,False,True
43578665,150393,1231852,498,6198097,Andrew Carr,POR,SF/PF,4100.0,False,True
43578666,150393,1231852,499,6198097,Andrew Carr,POR,SF/PF,4100.0,False,True
43578667,150393,1231852,501,6198097,Andrew Carr,POR,SF/PF,4100.0,False,True
43578668,150393,1231852,503,6198097,Andrew Carr,POR,SF/PF,4100.0,False,True
43578669,150393,1482255,496,6198097,Corey Camper Jr.,PHO,PG/SG,4100.0,False,True
43578670,150393,1482255,497,6198097,Corey Camper Jr.,PHO,PG/SG,4100.0,False,True
43578671,150393,1482255,502,6198097,Corey Camper Jr.,PHO,PG/SG,4100.0,False,True
43578672,150393,1482255,503,6198097,Corey Camper Jr.,PHO,PG/SG,4100.0,False,True
43578673,150393,1231959,496,6198096,Steven Ashworth,OKC,PG/SG,4000.0,False,True
43578674,150393,1231959,497,6198096,Steven Ashworth,OKC,PG/SG,4000.0,False,True
43578675,150393,1231959,502,6198096,Steven Ashworth,OKC,PG/SG,4000.0,False,True
43578676,150393,1231959,503,6198096,Steven Ashworth,OKC,PG/SG,4000.0,False,True
43578677,150393,851888,496,6198096,Jon Elmore,LAL,PG,4000.0,False,True
43578678,150393,851888,502,6198096,Jon Elmore,LAL,PG,4000.0,False,True
43578679,150393,851888,503,6198096,Jon Elmore,LAL,PG,4000.0,False,True
43578680,150393,1325115,498,6198097,Frankie Fidler,POR,SF/PF,4000.0,False,True
43578681,150393,1325115,499,6198097,Frankie Fidler,POR,SF/PF,4000.0,False,True
43578682,150393,1325115,501,6198097,Frankie Fidler,POR,SF/PF,4000.0,False,True
43578683,150393,1325115,503,6198097,Frankie Fidler,POR,SF/PF,4000.0,False,True
43578684,150393,1245902,496,6198097,Devin Askew,PHO,PG/SG,4000.0,False,True
43578685,150393,1245902,497,6198097,Devin Askew,PHO,PG/SG,4000.0,False,True
43578686,150393,1245902,502,6198097,Devin Askew,PHO,PG/SG,4000.0,False,True
43578687,150393,1245902,503,6198097,Devin Askew,PHO,PG/SG,4000.0,False,True
43578688,150394,1193172,494,6198097,Jalen Bridges,POR,SF/PF,10000.0,False,True
43578689,150394,1465506,494,6198097,Khaman Maluach,PHO,C,9800.0,False,True
43578690,150394,1405622,494,6198097,Rasheer Fleming,PHO,PF,9400.0,False,True
43578691,150394,1591570,494,6198097,Hansen Yang,POR,C,9200.0,False,True
43578692,150394,1243633,494,6198097,Koby Brea,PHO,SG,9000.0,False,True
43578693,150394,1429347,494,6198097,Jaylen Martin,POR,PG/SG,8400.0,False,True
43578694,150394,1234814,494,6198097,Chris Youngblood,POR,PG/SG,7400.0,False,True
43578695,150394,1610167,494,6198097,Koa Peat,PHO,PF,6600.0,False,True
43578696,150394,1231292,494,6198097,CJ Huntley,PHO,PF,6200.0,False,True
43578697,150394,1243685,494,6198097,Jayson Kent,POR,SF/PF,5800.0,False,True
43578698,150394,1092124,494,6198097,Javonte Cooke,PHO,SF,5400.0,False,True
43578699,150394,1179796,494,6198097,Quincy Olivari,POR,PG/SG,5000.0,False,True
43578700,150394,1230357,494,6198097,DJ Steward,POR,PG/SG,4800.0,False,True
43578701,150394,1136746,494,6198097,Darius Brown II,PHO,PG/SG,4400.0,False,True
43578702,150394,1136168,494,6198097,Jake Stephens,PHO,C,3800.0,False,True
43578703,150394,1401387,494,6198097,Barry Dunning Jr.,POR,SG/SF,3600.0,False,True
43578704,150394,1174936,494,6198097,Jameer Nelson Jr.,PHO,PG/SG,3400.0,False,True
43578705,150394,1453380,494,6198097,Aliou Diarra,POR,SF/PF,3200.0,False,True
43578706,150394,1401727,494,6198097,Reed Bailey,PHO,SF/PF,3000.0,False,True
43578707,150394,1324325,494,6198097,Sam Hoiberg,PHO,PG/SG,2800.0,False,True
43578708,150394,1231799,494,6198097,Tramon Mark,PHO,PG/SG,2600.0,False,True
43578709,150394,1094731,494,6198097,Flynn Cameron,POR,PG/SG,2400.0,False,True
43578710,150394,1405733,494,6198097,Barry Evans,PHO,SF/PF,2400.0,False,True
43578711,150394,1231852,494,6198097,Andrew Carr,POR,SF/PF,2200.0,False,True
43578712,150394,1482255,494,6198097,Corey Camper Jr.,PHO,PG/SG,2200.0,False,True
43578713,150394,1325115,494,6198097,Frankie Fidler,POR,SF/PF,2000.0,False,True
43578714,150394,1245902,494,6198097,Devin Askew,PHO,PG/SG,2000.0,False,True
43578715,150394,1193172,495,6198097,Jalen Bridges,POR,SF/PF,15000.0,False,True
43578716,150394,1465506,495,6198097,Khaman Maluach,PHO,C,14700.0,False,True
43578717,150394,1405622,495,6198097,Rasheer Fleming,PHO,PF,14100.0,False,True
43578718,150394,1591570,495,6198097,Hansen Yang,POR,C,13800.0,False,True
43578719,150394,1243633,495,6198097,Koby Brea,PHO,SG,13500.0,False,True
43578720,150394,1429347,495,6198097,Jaylen Martin,POR,PG/SG,12600.0,False,True
43578721,150394,1234814,495,6198097,Chris Youngblood,POR,PG/SG,11100.0,False,True
43578722,150394,1610167,495,6198097,Koa Peat,PHO,PF,9900.0,False,True
43578723,150394,1231292,495,6198097,CJ Huntley,PHO,PF,9300.0,False,True
43578724,150394,1243685,495,6198097,Jayson Kent,POR,SF/PF,8700.0,False,True
43578725,150394,1092124,495,6198097,Javonte Cooke,PHO,SF,8100.0,False,True
43578726,150394,1179796,495,6198097,Quincy Olivari,POR,PG/SG,7500.0,False,True
43578727,150394,1230357,495,6198097,DJ Steward,POR,PG/SG,7200.0,False,True
43578728,150394,1136746,495,6198097,Darius Brown II,PHO,PG/SG,6600.0,False,True
43578729,150394,1136168,495,6198097,Jake Stephens,PHO,C,5700.0,False,True
43578730,150394,1401387,495,6198097,Barry Dunning Jr.,POR,SG/SF,5400.0,False,True
43578731,150394,1174936,495,6198097,Jameer Nelson Jr.,PHO,PG/SG,5100.0,False,True
43578732,150394,1453380,495,6198097,Aliou Diarra,POR,SF/PF,4800.0,False,True
43578733,150394,1401727,495,6198097,Reed Bailey,PHO,SF/PF,4500.0,False,True
43578734,150394,1324325,495,6198097,Sam Hoiberg,PHO,PG/SG,4200.0,False,True
43578735,150394,1231799,495,6198097,Tramon Mark,PHO,PG/SG,3900.0,False,True
43578736,150394,1094731,495,6198097,Flynn Cameron,POR,PG/SG,3600.0,False,True
43578737,150394,1405733,495,6198097,Barry Evans,PHO,SF/PF,3600.0,False,True
43578738,150394,1231852,495,6198097,Andrew Carr,POR,SF/PF,3300.0,False,True
43578739,150394,1482255,495,6198097,Corey Camper Jr.,PHO,PG/SG,3300.0,False,True
43578740,150394,1325115,495,6198097,Frankie Fidler,POR,SF/PF,3000.0,False,True
43578741,150394,1245902,495,6198097,Devin Askew,PHO,PG/SG,3000.0,False,True
43579453,150392,1593986,633,6198094,Cameron Boozer,MEM,PF,,False,False
43579454,150392,1593986,465,6198094,Cameron Boozer,MEM,PF,,False,False
43579455,150392,1593986,636,6198094,Cameron Boozer,MEM,PF,,False,False
43579456,150392,1605148,633,6198094,Caleb Wilson,CHI,SF,,False,False
43579457,150392,1605148,465,6198094,Caleb Wilson,CHI,SF,,False,False
43579458,150392,1605148,636,6198094,Caleb Wilson,CHI,SF,,False,False
43579459,150392,1405861,633,6198094,Taylor Hendricks,MEM,SF,,False,False
43579460,150392,1405861,465,6198094,Taylor Hendricks,MEM,SF,,False,False
43579461,150392,1405861,636,6198094,Taylor Hendricks,MEM,SF,,False,False
43579462,150392,1465110,633,6198095,Collin Murray-Boyles,TOR,PF,,False,False
43579463,150392,1465110,465,6198095,Collin Murray-Boyles,TOR,PF,,False,False
43579464,150392,1465110,636,6198095,Collin Murray-Boyles,TOR,PF,,False,False
43579465,150392,1461413,633,6198094,Dailyn Swain,CHI,SF,,False,False
43579466,150392,1461413,465,6198094,Dailyn Swain,CHI,SF,,False,False
43579467,150392,1461413,636,6198094,Dailyn Swain,CHI,SF,,False,False
43579468,150392,1351367,464,6198094,Cedric Coward,MEM,PG,,False,False
43579469,150392,1351367,465,6198094,Cedric Coward,MEM,PG,,False,False
43579470,150392,1351367,636,6198094,Cedric Coward,MEM,PG,,False,False
43579471,150392,1538643,633,6198095,Allen Graves,TOR,SF,,False,False
43579472,150392,1538643,465,6198095,Allen Graves,TOR,SF,,False,False
43579473,150392,1538643,636,6198095,Allen Graves,TOR,SF,,False,False
43579474,150392,1500958,633,6198094,Noa Essengue,CHI,SF,,False,False
43579475,150392,1500958,465,6198094,Noa Essengue,CHI,SF,,False,False
43579476,150392,1500958,636,6198094,Noa Essengue,CHI,SF,,False,False
43579477,150392,1232028,633,6198095,Amari Williams,BOS,C,,False,False
43579478,150392,1232028,465,6198095,Amari Williams,BOS,C,,False,False
43579479,150392,1232028,636,6198095,Amari Williams,BOS,C,,False,False
43579480,150392,1324003,464,6198094,Javon Small,MEM,PG,,False,False
43579481,150392,1324003,465,6198094,Javon Small,MEM,PG,,False,False
43579482,150392,1324003,636,6198094,Javon Small,MEM,PG,,False,False
43579483,150392,1480184,633,6198096,Aday Mara,OKC,C,,False,False
43579484,150392,1480184,465,6198096,Aday Mara,OKC,C,,False,False
43579485,150392,1480184,636,6198096,Aday Mara,OKC,C,,False,False
43579486,150392,1328248,464,6198094,Jahmai Mashack,MEM,PG,,False,False
43579487,150392,1328248,465,6198094,Jahmai Mashack,MEM,PG,,False,False
43579488,150392,1328248,636,6198094,Jahmai Mashack,MEM,PG,,False,False
43579489,150392,1193678,464,6198094,Antonio Reeves,CHI,PG,,False,False
43579490,150392,1193678,465,6198094,Antonio Reeves,CHI,PG,,False,False
43579491,150392,1193678,636,6198094,Antonio Reeves,CHI,PG,,False,False
43579492,150392,1590553,633,6198095,Hugo Gonzalez,BOS,SF,,False,False
43579493,150392,1590553,465,6198095,Hugo Gonzalez,BOS,SF,,False,False
43579494,150392,1590553,636,6198095,Hugo Gonzalez,BOS,SF,,False,False
43579495,150392,1191196,633,6198096,Anton Watson,LAL,SF,,False,False
43579496,150392,1191196,465,6198096,Anton Watson,LAL,SF,,False,False
43579497,150392,1191196,636,6198096,Anton Watson,LAL,SF,,False,False
43579498,150392,1232344,464,6198095,Alijah Martin,TOR,PG,,False,False
43579499,150392,1232344,465,6198095,Alijah Martin,TOR,PG,,False,False
43579500,150392,1232344,636,6198095,Alijah Martin,TOR,PG,,False,False
43579501,150392,1465506,633,6198097,Khaman Maluach,PHO,C,,False,False
43579502,150392,1465506,465,6198097,Khaman Maluach,PHO,C,,False,False
43579503,150392,1465506,636,6198097,Khaman Maluach,PHO,C,,False,False
43579504,150392,1193172,633,6198097,Jalen Bridges,POR,SF,,False,False
43579505,150392,1193172,465,6198097,Jalen Bridges,POR,SF,,False,False
43579506,150392,1193172,636,6198097,Jalen Bridges,POR,SF,,False,False
43579507,150392,1405622,633,6198097,Rasheer Fleming,PHO,PF,,False,False
43579508,150392,1405622,465,6198097,Rasheer Fleming,PHO,PF,,False,False
43579509,150392,1405622,636,6198097,Rasheer Fleming,PHO,PF,,False,False
43579510,150392,1547672,633,6198096,Thomas Sorber,OKC,C,,False,False
43579511,150392,1547672,465,6198096,Thomas Sorber,OKC,C,,False,False
43579512,150392,1547672,636,6198096,Thomas Sorber,OKC,C,,False,False
43579513,150392,1176674,464,6198095,John Tonje,BOS,SG,,False,False
43579514,150392,1176674,465,6198095,John Tonje,BOS,SG,,False,False
43579515,150392,1176674,636,6198095,John Tonje,BOS,SG,,False,False
43579516,150392,1591570,633,6198097,Hansen Yang,POR,C,,False,False
43579517,150392,1591570,465,6198097,Hansen Yang,POR,C,,False,False
43579518,150392,1591570,636,6198097,Hansen Yang,POR,C,,False,False
43579519,150392,1243633,464,6198097,Koby Brea,PHO,SG,,False,False
43579520,150392,1243633,465,6198097,Koby Brea,PHO,SG,,False,False
43579521,150392,1243633,636,6198097,Koby Brea,PHO,SG,,False,False
43579522,150392,1324660,464,6198096,Brooks Barnhizer,OKC,PG,,False,False
43579523,150392,1324660,465,6198096,Brooks Barnhizer,OKC,PG,,False,False
43579524,150392,1324660,636,6198096,Brooks Barnhizer,OKC,PG,,False,False
43579525,150392,1338969,464,6198094,Walter Clayton Jr.,MEM,SG,,False,False
43579526,150392,1338969,465,6198094,Walter Clayton Jr.,MEM,SG,,False,False
43579527,150392,1338969,636,6198094,Walter Clayton Jr.,MEM,SG,,False,False
43579528,150392,1327212,464,6198095,Chucky Hepburn,TOR,PG,,False,False
43579529,150392,1327212,465,6198095,Chucky Hepburn,TOR,PG,,False,False
43579530,150392,1327212,636,6198095,Chucky Hepburn,TOR,PG,,False,False
43579531,150392,1460958,464,6198096,Cameron Carr,LAL,SG,,False,False
43579532,150392,1460958,465,6198096,Cameron Carr,LAL,SG,,False,False
43579533,150392,1460958,636,6198096,Cameron Carr,LAL,SG,,False,False
43579534,150392,1429347,464,6198097,Jaylen Martin,POR,PG,,False,False
43579535,150392,1429347,465,6198097,Jaylen Martin,POR,PG,,False,False
43579536,150392,1429347,636,6198097,Jaylen Martin,POR,PG,,False,False
43579537,150392,1408189,633,6198096,Adou Thiero,LAL,SF,,False,False
43579538,150392,1408189,465,6198096,Adou Thiero,LAL,SF,,False,False
43579539,150392,1408189,636,6198096,Adou Thiero,LAL,SF,,False,False
43579540,150392,1532771,464,6198096,Bennett Stirtz,OKC,PG,,False,False
43579541,150392,1532771,465,6198096,Bennett Stirtz,OKC,PG,,False,False
43579542,150392,1532771,636,6198096,Bennett Stirtz,OKC,PG,,False,False
43579543,150392,1234814,464,6198097,Chris Youngblood,POR,PG,,False,False
43579544,150392,1234814,465,6198097,Chris Youngblood,POR,PG,,False,False
43579545,150392,1234814,636,6198097,Chris Youngblood,POR,PG,,False,False
43579546,150392,1401378,464,6198095,Jaden Bradley,TOR,PG,,False,False
43579547,150392,1401378,465,6198095,Jaden Bradley,TOR,PG,,False,False
43579548,150392,1401378,636,6198095,Jaden Bradley,TOR,PG,,False,False
43579549,150392,1593958,633,6198095,Chris Cenac Jr.,BOS,C,,False,False
43579550,150392,1593958,465,6198095,Chris Cenac Jr.,BOS,C,,False,False
43579551,150392,1593958,636,6198095,Chris Cenac Jr.,BOS,C,,False,False
43579552,150392,1610167,633,6198097,Koa Peat,PHO,PF,,False,False
43579553,150392,1610167,465,6198097,Koa Peat,PHO,PF,,False,False
43579554,150392,1610167,636,6198097,Koa Peat,PHO,PF,,False,False
43579555,150392,1405416,464,6198096,Otega Oweh,OKC,PG,,False,False
43579556,150392,1405416,465,6198096,Otega Oweh,OKC,PG,,False,False
43579557,150392,1405416,636,6198096,Otega Oweh,OKC,PG,,False,False
43579558,150392,1654517,633,6198094,Karim Lopez,MEM,SF,,False,False
43579559,150392,1654517,465,6198094,Karim Lopez,MEM,SF,,False,False
43579560,150392,1654517,636,6198094,Karim Lopez,MEM,SF,,False,False
43579561,150392,1232601,464,6198096,Chris Manon,LAL,SG,,False,False
43579562,150392,1232601,465,6198096,Chris Manon,LAL,SG,,False,False
43579563,150392,1232601,636,6198096,Chris Manon,LAL,SG,,False,False
43579564,150392,1408158,633,6198095,Dillon Mitchell,BOS,SF,,False,False
43579565,150392,1408158,465,6198095,Dillon Mitchell,BOS,SF,,False,False
43579566,150392,1408158,636,6198095,Dillon Mitchell,BOS,SF,,False,False
43579567,150392,1231292,633,6198097,CJ Huntley,PHO,PF,,False,False
43579568,150392,1231292,465,6198097,CJ Huntley,PHO,PF,,False,False
43579569,150392,1231292,636,6198097,CJ Huntley,PHO,PF,,False,False
43579570,150392,1328253,464,6198094,Kennedy Chandler,CHI,PG,,False,False
43579571,150392,1328253,465,6198094,Kennedy Chandler,CHI,PG,,False,False
43579572,150392,1328253,636,6198094,Kennedy Chandler,CHI,PG,,False,False
43579573,150392,1243685,633,6198097,Jayson Kent,POR,SF,,False,False
43579574,150392,1243685,465,6198097,Jayson Kent,POR,SF,,False,False
43579575,150392,1243685,636,6198097,Jayson Kent,POR,SF,,False,False
43579576,150392,1092124,633,6198097,Javonte Cooke,PHO,SF,,False,False
43579577,150392,1092124,465,6198097,Javonte Cooke,PHO,SF,,False,False
43579578,150392,1092124,636,6198097,Javonte Cooke,PHO,SF,,False,False
43579579,150392,1323685,464,6198095,Curtis Jones,BOS,PG,,False,False
43579580,150392,1323685,465,6198095,Curtis Jones,BOS,PG,,False,False
43579581,150392,1323685,636,6198095,Curtis Jones,BOS,PG,,False,False
43579582,150392,1324180,633,6198096,Payton Sandfort,OKC,SF,,False,False
43579583,150392,1324180,465,6198096,Payton Sandfort,OKC,SF,,False,False
43579584,150392,1324180,636,6198096,Payton Sandfort,OKC,SF,,False,False
43579585,150392,1427004,633,6198096,AK Okereke,LAL,SF,,False,False
43579586,150392,1427004,465,6198096,AK Okereke,LAL,SF,,False,False
43579587,150392,1427004,636,6198096,AK Okereke,LAL,SF,,False,False
43579588,150392,1175025,633,6198094,Tyler Burton,MEM,SF,,False,False
43579589,150392,1175025,465,6198094,Tyler Burton,MEM,SF,,False,False
43579590,150392,1175025,636,6198094,Tyler Burton,MEM,SF,,False,False
43579591,150392,1340732,464,6198094,Jaylin Sellers,CHI,PG,,False,False
43579592,150392,1340732,465,6198094,Jaylin Sellers,CHI,PG,,False,False
43579593,150392,1340732,636,6198094,Jaylin Sellers,CHI,PG,,False,False
43579594,150392,1179796,464,6198097,Quincy Olivari,POR,PG,,False,False
43579595,150392,1179796,465,6198097,Quincy Olivari,POR,PG,,False,False
43579596,150392,1179796,636,6198097,Quincy Olivari,POR,PG,,False,False
43579597,150392,1401446,464,6198096,Peter Suder,LAL,SG,,False,False
43579598,150392,1401446,465,6198096,Peter Suder,LAL,SG,,False,False
43579599,150392,1401446,636,6198096,Peter Suder,LAL,SG,,False,False
43579600,150392,1405698,633,6198094,Tobe Awaka,CHI,PF,,False,False
43579601,150392,1405698,465,6198094,Tobe Awaka,CHI,PF,,False,False
43579602,150392,1405698,636,6198094,Tobe Awaka,CHI,PF,,False,False
43579603,150392,1136746,464,6198097,Darius Brown II,PHO,PG,,False,False
43579604,150392,1136746,465,6198097,Darius Brown II,PHO,PG,,False,False
43579605,150392,1136746,636,6198097,Darius Brown II,PHO,PG,,False,False
43579606,150392,1140338,464,6198096,Buddy Boeheim,OKC,PG,,False,False
43579607,150392,1140338,465,6198096,Buddy Boeheim,OKC,PG,,False,False
43579608,150392,1140338,636,6198096,Buddy Boeheim,OKC,PG,,False,False
43579609,150392,1413222,633,6198094,Carson Cooper,MEM,C,,False,False
43579610,150392,1413222,465,6198094,Carson Cooper,MEM,C,,False,False
43579611,150392,1413222,636,6198094,Carson Cooper,MEM,C,,False,False
43579612,150392,1176113,464,6198094,Boo Buie,CHI,PG,,False,False
43579613,150392,1176113,465,6198094,Boo Buie,CHI,PG,,False,False
43579614,150392,1176113,636,6198094,Boo Buie,CHI,PG,,False,False
43579615,150392,1189241,633,6198095,Seth Lundy,TOR,SF,,False,False
43579616,150392,1189241,465,6198095,Seth Lundy,TOR,SF,,False,False
43579617,150392,1189241,636,6198095,Seth Lundy,TOR,SF,,False,False
43579618,150392,1230357,464,6198097,DJ Steward,POR,PG,,False,False
43579619,150392,1230357,465,6198097,DJ Steward,POR,PG,,False,False
43579620,150392,1230357,636,6198097,DJ Steward,POR,PG,,False,False
43579621,150392,1345658,633,6198095,Jamarion Sharp,TOR,SF,,False,False
43579622,150392,1345658,465,6198095,Jamarion Sharp,TOR,SF,,False,False
43579623,150392,1345658,636,6198095,Jamarion Sharp,TOR,SF,,False,False
43579624,150392,1402843,464,6198096,Josh Dix,OKC,PG,,False,False
43579625,150392,1402843,465,6198096,Josh Dix,OKC,PG,,False,False
43579626,150392,1402843,636,6198096,Josh Dix,OKC,PG,,False,False
43579627,150392,1076185,633,6198094,Malik Williams,CHI,C,,False,False
43579628,150392,1076185,465,6198094,Malik Williams,CHI,C,,False,False
43579629,150392,1076185,636,6198094,Malik Williams,CHI,C,,False,False
43579630,150392,1078666,633,6198096,Zhaire Smith,LAL,SF,,False,False
43579631,150392,1078666,465,6198096,Zhaire Smith,LAL,SF,,False,False
43579632,150392,1078666,636,6198096,Zhaire Smith,LAL,SF,,False,False
43579633,150392,1136168,633,6198097,Jake Stephens,PHO,C,,False,False
43579634,150392,1136168,465,6198097,Jake Stephens,PHO,C,,False,False
43579635,150392,1136168,636,6198097,Jake Stephens,PHO,C,,False,False
43579636,150392,1323643,633,6198094,Lawson Lovering,MEM,C,,False,False
43579637,150392,1323643,465,6198094,Lawson Lovering,MEM,C,,False,False
43579638,150392,1323643,636,6198094,Lawson Lovering,MEM,C,,False,False
43579639,150392,1502252,464,6198095,Kyle Mangas,BOS,SG,,False,False
43579640,150392,1502252,465,6198095,Kyle Mangas,BOS,SG,,False,False
43579641,150392,1502252,636,6198095,Kyle Mangas,BOS,SG,,False,False
43579642,150392,1324092,633,6198096,Luke Goode,LAL,SF,,False,False
43579643,150392,1324092,465,6198096,Luke Goode,LAL,SF,,False,False
43579644,150392,1324092,636,6198096,Luke Goode,LAL,SF,,False,False
43579645,150392,1326876,633,6198095,Nate Bittle,TOR,C,,False,False
43579646,150392,1326876,465,6198095,Nate Bittle,TOR,C,,False,False
43579647,150392,1326876,636,6198095,Nate Bittle,TOR,C,,False,False
43579648,150392,1538641,633,6198096,Elijah Mahi,OKC,SF,,False,False
43579649,150392,1538641,465,6198096,Elijah Mahi,OKC,SF,,False,False
43579650,150392,1538641,636,6198096,Elijah Mahi,OKC,SF,,False,False
43579651,150392,1323513,633,6198094,Charles Bediako,CHI,C,,False,False
43579652,150392,1323513,465,6198094,Charles Bediako,CHI,C,,False,False
43579653,150392,1323513,636,6198094,Charles Bediako,CHI,C,,False,False
43579654,150392,1243566,633,6198095,Aziz Bandaogo,TOR,SF,,False,False
43579655,150392,1243566,465,6198095,Aziz Bandaogo,TOR,SF,,False,False
43579656,150392,1243566,636,6198095,Aziz Bandaogo,TOR,SF,,False,False
43579657,150392,1340218,633,6198095,Tucker DeVries,BOS,SF,,False,False
43579658,150392,1340218,465,6198095,Tucker DeVries,BOS,SF,,False,False
43579659,150392,1340218,636,6198095,Tucker DeVries,BOS,SF,,False,False
43579660,150392,1401454,633,6198096,Sam Alexis,OKC,SF,,False,False
43579661,150392,1401454,465,6198096,Sam Alexis,OKC,SF,,False,False
43579662,150392,1401454,636,6198096,Sam Alexis,OKC,SF,,False,False
43579663,150392,1403951,464,6198096,Chase Ross,LAL,PG,,False,False
43579664,150392,1403951,465,6198096,Chase Ross,LAL,PG,,False,False
43579665,150392,1403951,636,6198096,Chase Ross,LAL,PG,,False,False
43579666,150392,1174936,464,6198097,Jameer Nelson Jr.,PHO,PG,,False,False
43579667,150392,1174936,465,6198097,Jameer Nelson Jr.,PHO,PG,,False,False
43579668,150392,1174936,636,6198097,Jameer Nelson Jr.,PHO,PG,,False,False
43579669,150392,1328242,464,6198096,Robert McCray V,LAL,PG,,False,False
43579670,150392,1328242,465,6198096,Robert McCray V,LAL,PG,,False,False
43579671,150392,1328242,636,6198096,Robert McCray V,LAL,PG,,False,False
43579672,150392,1348260,464,6198095,Malik Thomas,TOR,PG,,False,False
43579673,150392,1348260,465,6198095,Malik Thomas,TOR,PG,,False,False
43579674,150392,1348260,636,6198095,Malik Thomas,TOR,PG,,False,False
43579675,150392,1401387,633,6198097,Barry Dunning Jr.,POR,SF,,False,False
43579676,150392,1401387,465,6198097,Barry Dunning Jr.,POR,SF,,False,False
43579677,150392,1401387,636,6198097,Barry Dunning Jr.,POR,SF,,False,False
43579678,150392,1406785,464,6198096,Lamar Wilkerson,OKC,PG,,False,False
43579679,150392,1406785,465,6198096,Lamar Wilkerson,OKC,PG,,False,False
43579680,150392,1406785,636,6198096,Lamar Wilkerson,OKC,PG,,False,False
43579681,150392,1232142,464,6198095,Jalen Celestine,TOR,PG,,False,False
43579682,150392,1232142,465,6198095,Jalen Celestine,TOR,PG,,False,False
43579683,150392,1232142,636,6198095,Jalen Celestine,TOR,PG,,False,False
43579684,150392,1401533,633,6198095,Chauncey Wiggins,BOS,SF,,False,False
43579685,150392,1401533,465,6198095,Chauncey Wiggins,BOS,SF,,False,False
43579686,150392,1401533,636,6198095,Chauncey Wiggins,BOS,SF,,False,False
43579687,150392,1401727,633,6198097,Reed Bailey,PHO,SF,,False,False
43579688,150392,1401727,465,6198097,Reed Bailey,PHO,SF,,False,False
43579689,150392,1401727,636,6198097,Reed Bailey,PHO,SF,,False,False
43579690,150392,1402824,633,6198096,Robbie Avila,LAL,C,,False,False
43579691,150392,1402824,465,6198096,Robbie Avila,LAL,C,,False,False
43579692,150392,1402824,636,6198096,Robbie Avila,LAL,C,,False,False
43579693,150392,1427778,633,6198096,Andrew Holifield,OKC,SF,,False,False
43579694,150392,1427778,465,6198096,Andrew Holifield,OKC,SF,,False,False
43579695,150392,1427778,636,6198096,Andrew Holifield,OKC,SF,,False,False
43579696,150392,1453380,633,6198097,Aliou Diarra,POR,SF,,False,False
43579697,150392,1453380,465,6198097,Aliou Diarra,POR,SF,,False,False
43579698,150392,1453380,636,6198097,Aliou Diarra,POR,SF,,False,False
43579699,150392,1137221,633,6198094,Keyshawn Bryant,CHI,SF,,False,False
43579700,150392,1137221,465,6198094,Keyshawn Bryant,CHI,SF,,False,False
43579701,150392,1137221,636,6198094,Keyshawn Bryant,CHI,SF,,False,False
43579702,150392,1241593,464,6198095,Nimari Burnett,TOR,PG,,False,False
43579703,150392,1241593,465,6198095,Nimari Burnett,TOR,PG,,False,False
43579704,150392,1241593,636,6198095,Nimari Burnett,TOR,PG,,False,False
43579705,150392,1324093,464,6198096,Bryce Harris,OKC,PG,,False,False
43579706,150392,1324093,465,6198096,Bryce Harris,OKC,PG,,False,False
43579707,150392,1324093,636,6198096,Bryce Harris,OKC,PG,,False,False
43579708,150392,1324325,464,6198097,Sam Hoiberg,PHO,PG,,False,False
43579709,150392,1324325,465,6198097,Sam Hoiberg,PHO,PG,,False,False
43579710,150392,1324325,636,6198097,Sam Hoiberg,PHO,PG,,False,False
43579711,150392,1405418,464,6198095,Milos Uzan,BOS,PG,,False,False
43579712,150392,1405418,465,6198095,Milos Uzan,BOS,PG,,False,False
43579713,150392,1405418,636,6198095,Milos Uzan,BOS,PG,,False,False
43579714,150392,1405617,633,6198096,William Kyle,LAL,SF,,False,False
43579715,150392,1405617,465,6198096,William Kyle,LAL,SF,,False,False
43579716,150392,1405617,636,6198096,William Kyle,LAL,SF,,False,False
43579717,150392,1406915,464,6198094,Jestin Porter,MEM,PG,,False,False
43579718,150392,1406915,465,6198094,Jestin Porter,MEM,PG,,False,False
43579719,150392,1406915,636,6198094,Jestin Porter,MEM,PG,,False,False
43579720,150392,1231799,464,6198097,Tramon Mark,PHO,PG,,False,False
43579721,150392,1231799,465,6198097,Tramon Mark,PHO,PG,,False,False
43579722,150392,1231799,636,6198097,Tramon Mark,PHO,PG,,False,False
43579723,150392,1236723,633,6198095,Nick Pringle,BOS,SF,,False,False
43579724,150392,1236723,465,6198095,Nick Pringle,BOS,SF,,False,False
43579725,150392,1236723,636,6198095,Nick Pringle,BOS,SF,,False,False
43579726,150392,1326046,633,6198095,Tyson Degenhart,TOR,SF,,False,False
43579727,150392,1326046,465,6198095,Tyson Degenhart,TOR,SF,,False,False
43579728,150392,1326046,636,6198095,Tyson Degenhart,TOR,SF,,False,False
43579729,150392,1340195,464,6198096,Nate Johnson,OKC,PG,,False,False
43579730,150392,1340195,465,6198096,Nate Johnson,OKC,PG,,False,False
43579731,150392,1340195,636,6198096,Nate Johnson,OKC,PG,,False,False
43579732,150392,1343026,464,6198094,Houston Mallette,CHI,PG,,False,False
43579733,150392,1343026,465,6198094,Houston Mallette,CHI,PG,,False,False
43579734,150392,1343026,636,6198094,Houston Mallette,CHI,PG,,False,False
43579735,150392,1405317,633,6198094,Jevon Porter,MEM,SF,,False,False
43579736,150392,1405317,465,6198094,Jevon Porter,MEM,SF,,False,False
43579737,150392,1405317,636,6198094,Jevon Porter,MEM,SF,,False,False
43579738,150392,1406752,464,6198096,Jacari White,LAL,PG,,False,False
43579739,150392,1406752,465,6198096,Jacari White,LAL,PG,,False,False
43579740,150392,1406752,636,6198096,Jacari White,LAL,PG,,False,False
43579741,150392,1094731,464,6198097,Flynn Cameron,POR,PG,,False,False
43579742,150392,1094731,465,6198097,Flynn Cameron,POR,PG,,False,False
43579743,150392,1094731,636,6198097,Flynn Cameron,POR,PG,,False,False
43579744,150392,1231293,633,6198095,Brandon Angel,TOR,SF,,False,False
43579745,150392,1231293,465,6198095,Brandon Angel,TOR,SF,,False,False
43579746,150392,1231293,636,6198095,Brandon Angel,TOR,SF,,False,False
43579747,150392,1352160,464,6198096,William Hickey,LAL,PG,,False,False
43579748,150392,1352160,465,6198096,William Hickey,LAL,PG,,False,False
43579749,150392,1352160,636,6198096,William Hickey,LAL,PG,,False,False
43579750,150392,1405733,633,6198097,Barry Evans,PHO,SF,,False,False
43579751,150392,1405733,465,6198097,Barry Evans,PHO,SF,,False,False
43579752,150392,1405733,636,6198097,Barry Evans,PHO,SF,,False,False
43579753,150392,1413202,633,6198096,Christoph Tilly,OKC,C,,False,False
43579754,150392,1413202,465,6198096,Christoph Tilly,OKC,C,,False,False
43579755,150392,1413202,636,6198096,Christoph Tilly,OKC,C,,False,False
43579756,150392,1417207,464,6198094,Donovan Atwell,CHI,PG,,False,False
43579757,150392,1417207,465,6198094,Donovan Atwell,CHI,PG,,False,False
43579758,150392,1417207,636,6198094,Donovan Atwell,CHI,PG,,False,False
43579759,150392,1475191,464,6198095,Day Day Thomas,BOS,PG,,False,False
43579760,150392,1475191,465,6198095,Day Day Thomas,BOS,PG,,False,False
43579761,150392,1475191,636,6198095,Day Day Thomas,BOS,PG,,False,False
43579762,150392,1088723,464,6198095,Tyreke Key,TOR,PG,,False,False
43579763,150392,1088723,465,6198095,Tyreke Key,TOR,PG,,False,False
43579764,150392,1088723,636,6198095,Tyreke Key,TOR,PG,,False,False
43579765,150392,1230368,633,6198096,Jabri Abdur-Rahim,OKC,SF,,False,False
43579766,150392,1230368,465,6198096,Jabri Abdur-Rahim,OKC,SF,,False,False
43579767,150392,1230368,636,6198096,Jabri Abdur-Rahim,OKC,SF,,False,False
43579768,150392,1231852,633,6198097,Andrew Carr,POR,SF,,False,False
43579769,150392,1231852,465,6198097,Andrew Carr,POR,SF,,False,False
43579770,150392,1231852,636,6198097,Andrew Carr,POR,SF,,False,False
43579771,150392,1323635,633,6198096,Arthur Kaluma,LAL,SF,,False,False
43579772,150392,1323635,465,6198096,Arthur Kaluma,LAL,SF,,False,False
43579773,150392,1323635,636,6198096,Arthur Kaluma,LAL,SF,,False,False
43579774,150392,1405042,633,6198094,Jalen Washington,CHI,SF,,False,False
43579775,150392,1405042,465,6198094,Jalen Washington,CHI,SF,,False,False
43579776,150392,1405042,636,6198094,Jalen Washington,CHI,SF,,False,False
43579777,150392,1482255,464,6198097,Corey Camper Jr.,PHO,PG,,False,False
43579778,150392,1482255,465,6198097,Corey Camper Jr.,PHO,PG,,False,False
43579779,150392,1482255,636,6198097,Corey Camper Jr.,PHO,PG,,False,False
43579780,150392,851888,464,6198096,Jon Elmore,LAL,PG,,False,False
43579781,150392,851888,465,6198096,Jon Elmore,LAL,PG,,False,False
43579782,150392,851888,636,6198096,Jon Elmore,LAL,PG,,False,False
43579783,150392,1174826,464,6198095,Caleb Grill,BOS,PG,,False,False
43579784,150392,1174826,465,6198095,Caleb Grill,BOS,PG,,False,False
43579785,150392,1174826,636,6198095,Caleb Grill,BOS,PG,,False,False
43579786,150392,1231959,464,6198096,Steven Ashworth,OKC,PG,,False,False
43579787,150392,1231959,465,6198096,Steven Ashworth,OKC,PG,,False,False
43579788,150392,1231959,636,6198096,Steven Ashworth,OKC,PG,,False,False
43579789,150392,1241397,464,6198095,A.J. Hoggard,TOR,PG,,False,False
43579790,150392,1241397,465,6198095,A.J. Hoggard,TOR,PG,,False,False
43579791,150392,1241397,636,6198095,A.J. Hoggard,TOR,PG,,False,False
43579792,150392,1245902,464,6198097,Devin Askew,PHO,PG,,False,False
43579793,150392,1245902,465,6198097,Devin Askew,PHO,PG,,False,False
43579794,150392,1245902,636,6198097,Devin Askew,PHO,PG,,False,False
43579795,150392,1325115,633,6198097,Frankie Fidler,POR,SF,,False,False
43579796,150392,1325115,465,6198097,Frankie Fidler,POR,SF,,False,False
43579797,150392,1325115,636,6198097,Frankie Fidler,POR,SF,,False,False
43579798,150392,1401585,633,6198094,Grant Newell,CHI,SF,,False,False
43579799,150392,1401585,465,6198094,Grant Newell,CHI,SF,,False,False
43579800,150392,1401585,636,6198094,Grant Newell,CHI,SF,,False,False
43579801,150392,1408223,464,6198094,Brendan Hausen,MEM,PG,,False,False
43579802,150392,1408223,465,6198094,Brendan Hausen,MEM,PG,,False,False
43579803,150392,1408223,636,6198094,Brendan Hausen,MEM,PG,,False,False
