draftable_id,draft_group_id,player_id,roster_slot_id,competition_id,name,team,position_name,salary,is_disabled,is_swappable
43580548,150656,850200,226,6163168,A'ja Wilson,LVA,SF/PF,12500.0,False,True
43580549,150656,850200,227,6163168,A'ja Wilson,LVA,SF/PF,12500.0,False,True
43580550,150656,692156,226,6163166,Breanna Stewart,NYL,SF/PF,11600.0,False,True
43580551,150656,692156,227,6163166,Breanna Stewart,NYL,SF/PF,11600.0,False,True
43580552,150656,572461,226,6163168,Alyssa Thomas,PHX,SF/PF,11500.0,False,True
43580553,150656,572461,227,6163168,Alyssa Thomas,PHX,SF/PF,11500.0,False,True
43580554,150656,1238673,226,6163169,Angel Reese,ATL,SF/PF,11300.0,False,True
43580555,150656,1238673,227,6163169,Angel Reese,ATL,SF/PF,11300.0,False,True
43580556,150656,923865,225,6163168,Jackie Young,LVA,PG/SG,10800.0,False,True
43580557,150656,923865,227,6163168,Jackie Young,LVA,PG/SG,10800.0,False,True
43580558,150656,574059,226,6163166,Natasha Howard,MIN,SF/PF,10700.0,False,True
43580559,150656,574059,227,6163166,Natasha Howard,MIN,SF/PF,10700.0,False,True
43580560,150656,709448,226,6163166,Jonquel Jones,NYL,SF/PF,10500.0,False,True
43580561,150656,709448,227,6163166,Jonquel Jones,NYL,SF/PF,10500.0,False,True
43580562,150656,1268935,225,6163166,Olivia Miles,MIN,PG/SG,10400.0,False,True
43580563,150656,1268935,227,6163166,Olivia Miles,MIN,PG/SG,10400.0,False,True
43580564,150656,880871,226,6163166,Napheesa Collier,MIN,SF/PF,10300.0,False,True
43580565,150656,880871,227,6163166,Napheesa Collier,MIN,SF/PF,10300.0,False,True
43580566,150656,695504,225,6163166,Courtney Williams,MIN,PG/SG,10100.0,False,True
43580567,150656,695504,227,6163166,Courtney Williams,MIN,PG/SG,10100.0,False,True
43580568,150656,1133019,225,6163169,Rhyne Howard,ATL,PG/SG,10000.0,False,True
43580569,150656,1133019,227,6163169,Rhyne Howard,ATL,PG/SG,10000.0,False,True
43580570,150656,713447,225,6163168,Kahleah Copper,PHX,PG/SG,9500.0,False,True
43580571,150656,713447,227,6163168,Kahleah Copper,PHX,PG/SG,9500.0,False,True
43580572,150656,574369,225,6163166,Kayla McBride,MIN,PG/SG,9200.0,False,True
43580573,150656,574369,227,6163166,Kayla McBride,MIN,PG/SG,9200.0,False,True
43580574,150656,945668,225,6163166,Sabrina Ionescu,NYL,PG/SG,9000.0,False,True
43580575,150656,945668,227,6163166,Sabrina Ionescu,NYL,PG/SG,9000.0,False,True
43580576,150656,573744,225,6163168,Chelsea Gray,LVA,PG/SG,8900.0,False,True
43580577,150656,573744,227,6163168,Chelsea Gray,LVA,PG/SG,8900.0,False,True
43580578,150656,747487,225,6163169,Allisha Gray,ATL,PG/SG,8700.0,False,True
43580579,150656,747487,227,6163169,Allisha Gray,ATL,PG/SG,8700.0,False,True
43580580,150656,849339,225,6163169,Jordin Canada,ATL,PG/SG,8600.0,False,True
43580581,150656,849339,227,6163169,Jordin Canada,ATL,PG/SG,8600.0,False,True
43580582,150656,882016,226,6163169,Bridget Carleton,PDX,SF/PF,8200.0,False,True
43580583,150656,882016,227,6163169,Bridget Carleton,PDX,SF/PF,8200.0,False,True
43580584,150656,1508685,225,6163169,Carla Leite,PDX,PG/SG,8100.0,False,True
43580585,150656,1508685,227,6163169,Carla Leite,PDX,PG/SG,8100.0,False,True
43580586,150656,889432,226,6163169,Megan Gustafson,PDX,SF/PF,7900.0,False,True
43580587,150656,889432,227,6163169,Megan Gustafson,PDX,SF/PF,7900.0,False,True
43580588,150656,1125559,226,6163168,NaLyssa Smith,LVA,SF/PF,7800.0,False,True
43580589,150656,1125559,227,6163168,NaLyssa Smith,LVA,SF/PF,7800.0,False,True
43580590,150656,304189,225,6163168,DeWanna Bonner,PHX,PG/SG,7700.0,False,True
43580591,150656,304189,227,6163168,DeWanna Bonner,PHX,PG/SG,7700.0,False,True
43580592,150656,948349,226,6163168,Natasha Mack,PHX,SF/PF,7600.0,False,True
43580593,150656,948349,227,6163168,Natasha Mack,PHX,SF/PF,7600.0,False,True
43580594,150656,747542,226,6163166,Nia Coffey,MIN,SF/PF,7500.0,False,True
43580595,150656,747542,227,6163166,Nia Coffey,MIN,SF/PF,7500.0,False,True
43580596,150656,1239742,225,6163169,Sarah Ashlee Barker,PDX,PG/SG,7300.0,False,True
43580597,150656,1239742,227,6163169,Sarah Ashlee Barker,PDX,PG/SG,7300.0,False,True
43580598,150656,1511540,226,6163166,Pauline Astier,NYL,SF/PF,7200.0,False,True
43580599,150656,1511540,227,6163166,Pauline Astier,NYL,SF/PF,7200.0,False,True
43580600,150656,1138402,226,6163169,Emily Engstler,PDX,SF/PF,7100.0,False,True
43580601,150656,1138402,227,6163169,Emily Engstler,PDX,SF/PF,7100.0,False,True
43580602,150656,745114,226,6163169,Brionna Jones,ATL,SF/PF,6900.0,False,True
43580603,150656,745114,227,6163169,Brionna Jones,ATL,SF/PF,6900.0,False,True
43580604,150656,881350,225,6163168,Valeriane Ayayi,PHX,PG/SG,6600.0,False,True
43580605,150656,881350,227,6163168,Valeriane Ayayi,PHX,PG/SG,6600.0,False,True
43580606,150656,1214989,226,6163166,Leonie Fiebich,NYL,SF/PF,6500.0,False,True
43580607,150656,1214989,227,6163166,Leonie Fiebich,NYL,SF/PF,6500.0,False,True
43580608,150656,1140882,225,6163168,Lexi Held,PHX,PG/SG,6200.0,False,True
43580609,150656,1140882,227,6163168,Lexi Held,PHX,PG/SG,6200.0,False,True
43580610,150656,1061712,226,6163166,Satou Sabally,NYL,SF/PF,6100.0,False,True
43580611,150656,1061712,227,6163166,Satou Sabally,NYL,SF/PF,6100.0,False,True
43580612,150656,694553,225,6163168,Jewell Loyd,LVA,PG/SG,6000.0,False,True
43580613,150656,694553,227,6163168,Jewell Loyd,LVA,PG/SG,6000.0,False,True
43580614,150656,1127125,226,6163169,Naz Hillmon,ATL,SF/PF,5900.0,False,True
43580615,150656,1127125,227,6163169,Naz Hillmon,ATL,SF/PF,5900.0,False,True
43580616,150656,571423,226,6163168,Cheyenne Parker-Tyus,LVA,SF/PF,5400.0,False,True
43580617,150656,571423,227,6163168,Cheyenne Parker-Tyus,LVA,SF/PF,5400.0,False,True
43580618,150656,1646978,226,6163168,Noemie Brochant,PHX,SF/PF,5300.0,False,True
43580619,150656,1646978,227,6163168,Noemie Brochant,PHX,SF/PF,5300.0,False,True
43580620,150656,1577196,225,6163168,Monique Akoa Makani,PHX,PG/SG,5200.0,False,True
43580621,150656,1577196,227,6163168,Monique Akoa Makani,PHX,PG/SG,5200.0,False,True
43580622,150656,1138482,226,6163166,Dorka Juhasz,MIN,SF/PF,5100.0,False,True
43580623,150656,1138482,227,6163166,Dorka Juhasz,MIN,SF/PF,5100.0,False,True
43580624,150656,924162,225,6163166,Marine Johannes,NYL,PG/SG,5000.0,False,True
43580625,150656,924162,227,6163166,Marine Johannes,NYL,PG/SG,5000.0,False,True
43580626,150656,1408667,226,6163169,Frieda Buhner,PDX,SF/PF,4900.0,False,True
43580627,150656,1408667,227,6163169,Frieda Buhner,PDX,SF/PF,4900.0,False,True
43580628,150656,1410251,226,6163169,Madina Okot,ATL,SF/PF,4800.0,False,True
43580629,150656,1410251,227,6163169,Madina Okot,ATL,SF/PF,4800.0,False,True
43580630,150656,1647057,225,6163169,Teja Oblak,PDX,PG/SG,4700.0,False,True
43580631,150656,1647057,227,6163169,Teja Oblak,PDX,PG/SG,4700.0,False,True
43580632,150656,923878,226,6163168,Stephanie Talbot,LVA,SF/PF,4600.0,False,True
43580633,150656,923878,227,6163168,Stephanie Talbot,LVA,SF/PF,4600.0,False,True
43580634,150656,1313708,225,6163166,Antonia Delaere,MIN,PG/SG,4500.0,False,True
43580635,150656,1313708,227,6163166,Antonia Delaere,MIN,PG/SG,4500.0,False,True
43580636,150656,1062313,225,6163166,Maya Caldwell,MIN,PG/SG,4400.0,False,True
43580637,150656,1062313,227,6163166,Maya Caldwell,MIN,PG/SG,4400.0,False,True
43580638,150656,1508691,225,6163169,Isobel Borlase,ATL,PG/SG,4300.0,False,True
43580639,150656,1508691,227,6163169,Isobel Borlase,ATL,PG/SG,4300.0,False,True
43580640,150656,1071273,225,6163168,Dana Evans,LVA,PG/SG,4200.0,False,True
43580641,150656,1071273,227,6163168,Dana Evans,LVA,PG/SG,4200.0,False,True
43580642,150656,785079,225,6163169,Karlie Samuelson,PDX,PG/SG,4100.0,False,True
43580643,150656,785079,227,6163169,Karlie Samuelson,PDX,PG/SG,4100.0,False,True
43580644,150656,1165033,226,6163166,Han Xu,NYL,SF/PF,4000.0,False,True
43580645,150656,1165033,227,6163166,Han Xu,NYL,SF/PF,4000.0,False,True
43580646,150656,832887,226,6163168,Brianna Turner,LVA,SF/PF,3900.0,False,True
43580647,150656,832887,227,6163168,Brianna Turner,LVA,SF/PF,3900.0,False,True
43580648,150656,1508688,226,6163169,Nyadiew Puoch,PDX,SF/PF,3800.0,False,True
43580649,150656,1508688,227,6163169,Nyadiew Puoch,PDX,SF/PF,3800.0,False,True
43580650,150656,1646983,225,6163166,Eliska Hamzova,MIN,PG/SG,3700.0,False,True
43580651,150656,1646983,227,6163166,Eliska Hamzova,MIN,PG/SG,3700.0,False,True
43580652,150656,1582293,226,6163166,Anastasiia Olairi Kosu,MIN,SF/PF,3600.0,False,True
43580653,150656,1582293,227,6163166,Anastasiia Olairi Kosu,MIN,SF/PF,3600.0,False,True
43580654,150656,620441,225,6163166,Betnijah Laney-Hamilton,NYL,PG/SG,3600.0,False,True
43580655,150656,620441,227,6163166,Betnijah Laney-Hamilton,NYL,PG/SG,3600.0,False,True
43580656,150656,1313712,226,6163168,Kyara Linskens,PHX,SF/PF,3500.0,False,True
43580657,150656,1313712,227,6163168,Kyara Linskens,PHX,SF/PF,3500.0,False,True
43580658,150656,474457,225,6163166,Rebekah Gardner,NYL,PG/SG,3500.0,False,True
43580659,150656,474457,227,6163166,Rebekah Gardner,NYL,PG/SG,3500.0,False,True
43580660,150656,1240156,225,6163169,Te-Hina Paopao,ATL,PG/SG,3400.0,False,True
43580661,150656,1240156,227,6163169,Te-Hina Paopao,ATL,PG/SG,3400.0,False,True
43580662,150656,1383344,226,6163169,Sika Kone,ATL,SF/PF,3400.0,False,True
43580663,150656,1383344,227,6163169,Sika Kone,ATL,SF/PF,3400.0,False,True
43580664,150656,1413119,226,6163169,Serah Williams,PDX,SF/PF,3300.0,False,True
43580665,150656,1413119,227,6163169,Serah Williams,PDX,SF/PF,3300.0,False,True
43580666,150656,1178927,225,6163169,Holly Winterburn,PDX,PG/SG,3300.0,False,True
43580667,150656,1178927,227,6163169,Holly Winterburn,PDX,PG/SG,3300.0,False,True
43580668,150656,1178936,226,6163168,Kierstan Bell,LVA,SF/PF,3200.0,False,True
43580669,150656,1178936,227,6163168,Kierstan Bell,LVA,SF/PF,3200.0,False,True
43580670,150656,1239240,226,6163168,Marta Suarez,PHX,SF/PF,3200.0,False,True
43580671,150656,1239240,227,6163168,Marta Suarez,PHX,SF/PF,3200.0,False,True
43580672,150656,343891,225,6163168,Sami Whitcomb,PHX,PG/SG,3100.0,False,True
43580673,150656,343891,227,6163168,Sami Whitcomb,PHX,PG/SG,3100.0,False,True
43580674,150656,871869,225,6163166,Rebecca Allen,NYL,PG/SG,3100.0,False,True
43580675,150656,871869,227,6163166,Rebecca Allen,NYL,PG/SG,3100.0,False,True
43580676,150656,1282440,226,6163166,Raquel Carrera,NYL,SF/PF,3100.0,False,True
43580677,150656,1282440,227,6163166,Raquel Carrera,NYL,SF/PF,3100.0,False,True
43580678,150656,1409993,225,6163169,Indya Nivar,ATL,PG/SG,3100.0,False,True
43580679,150656,1409993,227,6163169,Indya Nivar,ATL,PG/SG,3100.0,False,True
43580680,150656,1238253,225,6163169,Aaliyah Nye,ATL,PG/SG,3000.0,False,True
43580681,150656,1238253,227,6163169,Aaliyah Nye,ATL,PG/SG,3000.0,False,True
43580682,150656,1178888,225,6163169,Jaylyn Sherrod,ATL,PG/SG,3000.0,False,True
43580683,150656,1178888,227,6163169,Jaylyn Sherrod,ATL,PG/SG,3000.0,False,True
43580684,150656,1646982,226,6163166,Emma Cechova,MIN,SF/PF,3000.0,False,True
43580685,150656,1646982,227,6163166,Emma Cechova,MIN,SF/PF,3000.0,False,True
43580686,150656,1413148,226,6163168,Justine Pissott,LVA,SF/PF,3000.0,False,True
43580687,150656,1413148,227,6163168,Justine Pissott,LVA,SF/PF,3000.0,False,True
43580688,150656,1416002,226,6163168,Janiah Barker,LVA,SF/PF,3000.0,False,True
43580689,150656,1416002,227,6163168,Janiah Barker,LVA,SF/PF,3000.0,False,True
43580690,150656,1410004,225,6163169,Jordan Harrison,PDX,PG/SG,3000.0,False,True
43580691,150656,1410004,227,6163169,Jordan Harrison,PDX,PG/SG,3000.0,False,True
43580692,150656,881806,226,6163166,Emese Hof,MIN,SF/PF,3000.0,False,True
43580693,150656,881806,227,6163166,Emese Hof,MIN,SF/PF,3000.0,False,True
43580694,150656,1214990,226,6163169,Luisa Geiselsoder,PDX,SF/PF,3000.0,False,True
43580695,150656,1214990,227,6163169,Luisa Geiselsoder,PDX,SF/PF,3000.0,False,True
43580696,150656,1061711,226,6163166,Anneli Maley,NYL,SF/PF,3000.0,False,True
43580697,150656,1061711,227,6163166,Anneli Maley,NYL,SF/PF,3000.0,False,True
43580698,150656,745113,225,6163169,Shatori Walker-Kimbrough,ATL,PG/SG,3000.0,False,True
43580699,150656,745113,227,6163169,Shatori Walker-Kimbrough,ATL,PG/SG,3000.0,False,True
43580700,150656,1338490,226,6163169,Sania Feagin,PDX,SF/PF,3000.0,False,True
43580701,150656,1338490,227,6163169,Sania Feagin,PDX,SF/PF,3000.0,False,True
43580702,150656,1282441,225,6163166,Marine Fauthoux,NYL,PG/SG,3000.0,False,True
43580703,150656,1282441,227,6163166,Marine Fauthoux,NYL,PG/SG,3000.0,False,True
43580704,150656,1409879,225,6163168,Shay Ciezki,PHX,PG/SG,3000.0,False,True
43580705,150656,1409879,227,6163168,Shay Ciezki,PHX,PG/SG,3000.0,False,True
43580706,150656,1408674,225,6163168,Ta'Niya Latson,LVA,PG/SG,3000.0,False,True
43580707,150656,1408674,227,6163168,Ta'Niya Latson,LVA,PG/SG,3000.0,False,True
43580708,150656,1646981,225,6163168,Sha Carter,PHX,PG/SG,3000.0,False,True
43580709,150656,1646981,227,6163168,Sha Carter,PHX,PG/SG,3000.0,False,True
43580710,150671,850200,672,6163168,A'ja Wilson,LVA,SF/PF,,False,True
43580711,150671,692156,672,6163166,Breanna Stewart,NYL,SF/PF,,False,True
43580712,150671,572461,672,6163168,Alyssa Thomas,PHX,SF/PF,,False,True
43580713,150671,1238673,672,6163169,Angel Reese,ATL,SF/PF,,False,True
43580714,150671,923865,672,6163168,Jackie Young,LVA,PG/SG,,False,True
43580715,150671,574059,672,6163166,Natasha Howard,MIN,SF/PF,,False,True
43580716,150671,709448,672,6163166,Jonquel Jones,NYL,SF/PF,,False,True
43580717,150671,1268935,672,6163166,Olivia Miles,MIN,PG/SG,,False,True
43580718,150671,880871,672,6163166,Napheesa Collier,MIN,SF/PF,,False,True
43580719,150671,695504,672,6163166,Courtney Williams,MIN,PG/SG,,False,True
43580720,150671,1133019,672,6163169,Rhyne Howard,ATL,PG/SG,,False,True
43580721,150671,713447,672,6163168,Kahleah Copper,PHX,PG/SG,,False,True
43580722,150671,574369,672,6163166,Kayla McBride,MIN,PG/SG,,False,True
43580723,150671,945668,672,6163166,Sabrina Ionescu,NYL,PG/SG,,False,True
43580724,150671,573744,672,6163168,Chelsea Gray,LVA,PG/SG,,False,True
43580725,150671,747487,672,6163169,Allisha Gray,ATL,PG/SG,,False,True
43580726,150671,849339,672,6163169,Jordin Canada,ATL,PG/SG,,False,True
43580727,150671,882016,672,6163169,Bridget Carleton,PDX,SF/PF,,False,True
43580728,150671,1508685,672,6163169,Carla Leite,PDX,PG/SG,,False,True
43580729,150671,889432,672,6163169,Megan Gustafson,PDX,SF/PF,,False,True
43580730,150671,1125559,672,6163168,NaLyssa Smith,LVA,SF/PF,,False,True
43580731,150671,304189,672,6163168,DeWanna Bonner,PHX,PG/SG,,False,True
43580732,150671,948349,672,6163168,Natasha Mack,PHX,SF/PF,,False,True
43580733,150671,747542,672,6163166,Nia Coffey,MIN,SF/PF,,False,True
43580734,150671,1239742,672,6163169,Sarah Ashlee Barker,PDX,PG/SG,,False,True
43580735,150671,1511540,672,6163166,Pauline Astier,NYL,SF/PF,,False,True
43580736,150671,1138402,672,6163169,Emily Engstler,PDX,SF/PF,,False,True
43580737,150671,745114,672,6163169,Brionna Jones,ATL,SF/PF,,False,True
43580738,150671,881350,672,6163168,Valeriane Ayayi,PHX,PG/SG,,False,True
43580739,150671,1214989,672,6163166,Leonie Fiebich,NYL,SF/PF,,False,True
43580740,150671,1140882,672,6163168,Lexi Held,PHX,PG/SG,,False,True
43580741,150671,1061712,672,6163166,Satou Sabally,NYL,SF/PF,,False,True
43580742,150671,694553,672,6163168,Jewell Loyd,LVA,PG/SG,,False,True
43580743,150671,1127125,672,6163169,Naz Hillmon,ATL,SF/PF,,False,True
43580744,150671,571423,672,6163168,Cheyenne Parker-Tyus,LVA,SF/PF,,False,True
43580745,150671,1646978,672,6163168,Noemie Brochant,PHX,SF/PF,,False,True
43580746,150671,1577196,672,6163168,Monique Akoa Makani,PHX,PG/SG,,False,True
43580747,150671,1138482,672,6163166,Dorka Juhasz,MIN,SF/PF,,False,True
43580748,150671,924162,672,6163166,Marine Johannes,NYL,PG/SG,,False,True
43580749,150671,1408667,672,6163169,Frieda Buhner,PDX,SF/PF,,False,True
43580750,150671,1410251,672,6163169,Madina Okot,ATL,SF/PF,,False,True
43580751,150671,1647057,672,6163169,Teja Oblak,PDX,PG/SG,,False,True
43580752,150671,923878,672,6163168,Stephanie Talbot,LVA,SF/PF,,False,True
43580753,150671,1313708,672,6163166,Antonia Delaere,MIN,PG/SG,,False,True
43580754,150671,1062313,672,6163166,Maya Caldwell,MIN,PG/SG,,False,True
43580755,150671,1508691,672,6163169,Isobel Borlase,ATL,PG/SG,,False,True
43580756,150671,1071273,672,6163168,Dana Evans,LVA,PG/SG,,False,True
43580757,150671,785079,672,6163169,Karlie Samuelson,PDX,PG/SG,,False,True
43580758,150671,1165033,672,6163166,Han Xu,NYL,SF/PF,,False,True
43580759,150671,832887,672,6163168,Brianna Turner,LVA,SF/PF,,False,True
43580760,150671,1508688,672,6163169,Nyadiew Puoch,PDX,SF/PF,,False,True
43580761,150671,1646983,672,6163166,Eliska Hamzova,MIN,PG/SG,,False,True
43580762,150671,1582293,672,6163166,Anastasiia Olairi Kosu,MIN,SF/PF,,False,True
43580763,150671,620441,672,6163166,Betnijah Laney-Hamilton,NYL,PG/SG,,False,True
43580764,150671,1313712,672,6163168,Kyara Linskens,PHX,SF/PF,,False,True
43580765,150671,474457,672,6163166,Rebekah Gardner,NYL,PG/SG,,False,True
43580766,150671,1240156,672,6163169,Te-Hina Paopao,ATL,PG/SG,,False,True
43580767,150671,1383344,672,6163169,Sika Kone,ATL,SF/PF,,False,True
43580768,150671,1413119,672,6163169,Serah Williams,PDX,SF/PF,,False,True
43580769,150671,1178927,672,6163169,Holly Winterburn,PDX,PG/SG,,False,True
43580770,150671,1178936,672,6163168,Kierstan Bell,LVA,SF/PF,,False,True
43580771,150671,1239240,672,6163168,Marta Suarez,PHX,SF/PF,,False,True
43580772,150671,343891,672,6163168,Sami Whitcomb,PHX,PG/SG,,False,True
43580773,150671,871869,672,6163166,Rebecca Allen,NYL,PG/SG,,False,True
43580774,150671,1282440,672,6163166,Raquel Carrera,NYL,SF/PF,,False,True
43580775,150671,1409993,672,6163169,Indya Nivar,ATL,PG/SG,,False,True
43580776,150671,1238253,672,6163169,Aaliyah Nye,ATL,PG/SG,,False,True
43580777,150671,1178888,672,6163169,Jaylyn Sherrod,ATL,PG/SG,,False,True
43580778,150671,1646982,672,6163166,Emma Cechova,MIN,SF/PF,,False,True
43580779,150671,1413148,672,6163168,Justine Pissott,LVA,SF/PF,,False,True
43580780,150671,1416002,672,6163168,Janiah Barker,LVA,SF/PF,,False,True
43580781,150671,1410004,672,6163169,Jordan Harrison,PDX,PG/SG,,False,True
43580782,150671,881806,672,6163166,Emese Hof,MIN,SF/PF,,False,True
43580783,150671,1214990,672,6163169,Luisa Geiselsoder,PDX,SF/PF,,False,True
43580784,150671,1061711,672,6163166,Anneli Maley,NYL,SF/PF,,False,True
43580785,150671,745113,672,6163169,Shatori Walker-Kimbrough,ATL,PG/SG,,False,True
43580786,150671,1338490,672,6163169,Sania Feagin,PDX,SF/PF,,False,True
43580787,150671,1282441,672,6163166,Marine Fauthoux,NYL,PG/SG,,False,True
43580788,150671,1409879,672,6163168,Shay Ciezki,PHX,PG/SG,,False,True
43580789,150671,1408674,672,6163168,Ta'Niya Latson,LVA,PG/SG,,False,True
43580790,150671,1646981,672,6163168,Sha Carter,PHX,PG/SG,,False,True
43580791,150657,850200,633,6163168,A'ja Wilson,LVA,SF,,False,False
43580792,150657,850200,465,6163168,A'ja Wilson,LVA,SF,,False,False
43580793,150657,850200,636,6163168,A'ja Wilson,LVA,SF,,False,False
43580794,150657,692156,633,6163166,Breanna Stewart,NYL,SF,,False,False
43580795,150657,692156,465,6163166,Breanna Stewart,NYL,SF,,False,False
43580796,150657,692156,636,6163166,Breanna Stewart,NYL,SF,,False,False
43580797,150657,572461,633,6163168,Alyssa Thomas,PHX,SF,,False,False
43580798,150657,572461,465,6163168,Alyssa Thomas,PHX,SF,,False,False
43580799,150657,572461,636,6163168,Alyssa Thomas,PHX,SF,,False,False
43580800,150657,1238673,633,6163169,Angel Reese,ATL,SF,,False,False
43580801,150657,1238673,465,6163169,Angel Reese,ATL,SF,,False,False
43580802,150657,1238673,636,6163169,Angel Reese,ATL,SF,,False,False
43580803,150657,923865,464,6163168,Jackie Young,LVA,PG,,False,False
43580804,150657,923865,465,6163168,Jackie Young,LVA,PG,,False,False
43580805,150657,923865,636,6163168,Jackie Young,LVA,PG,,False,False
43580806,150657,574059,633,6163166,Natasha Howard,MIN,SF,,False,False
43580807,150657,574059,465,6163166,Natasha Howard,MIN,SF,,False,False
43580808,150657,574059,636,6163166,Natasha Howard,MIN,SF,,False,False
43580809,150657,709448,633,6163166,Jonquel Jones,NYL,SF,,False,False
43580810,150657,709448,465,6163166,Jonquel Jones,NYL,SF,,False,False
43580811,150657,709448,636,6163166,Jonquel Jones,NYL,SF,,False,False
43580812,150657,1268935,464,6163166,Olivia Miles,MIN,PG,,False,False
43580813,150657,1268935,465,6163166,Olivia Miles,MIN,PG,,False,False
43580814,150657,1268935,636,6163166,Olivia Miles,MIN,PG,,False,False
43580815,150657,880871,633,6163166,Napheesa Collier,MIN,SF,,False,False
43580816,150657,880871,465,6163166,Napheesa Collier,MIN,SF,,False,False
43580817,150657,880871,636,6163166,Napheesa Collier,MIN,SF,,False,False
43580818,150657,695504,464,6163166,Courtney Williams,MIN,PG,,False,False
43580819,150657,695504,465,6163166,Courtney Williams,MIN,PG,,False,False
43580820,150657,695504,636,6163166,Courtney Williams,MIN,PG,,False,False
43580821,150657,1133019,464,6163169,Rhyne Howard,ATL,PG,,False,False
43580822,150657,1133019,465,6163169,Rhyne Howard,ATL,PG,,False,False
43580823,150657,1133019,636,6163169,Rhyne Howard,ATL,PG,,False,False
43580824,150657,713447,464,6163168,Kahleah Copper,PHX,PG,,False,False
43580825,150657,713447,465,6163168,Kahleah Copper,PHX,PG,,False,False
43580826,150657,713447,636,6163168,Kahleah Copper,PHX,PG,,False,False
43580827,150657,574369,464,6163166,Kayla McBride,MIN,PG,,False,False
43580828,150657,574369,465,6163166,Kayla McBride,MIN,PG,,False,False
43580829,150657,574369,636,6163166,Kayla McBride,MIN,PG,,False,False
43580830,150657,945668,464,6163166,Sabrina Ionescu,NYL,PG,,False,False
43580831,150657,945668,465,6163166,Sabrina Ionescu,NYL,PG,,False,False
43580832,150657,945668,636,6163166,Sabrina Ionescu,NYL,PG,,False,False
43580833,150657,573744,464,6163168,Chelsea Gray,LVA,PG,,False,False
43580834,150657,573744,465,6163168,Chelsea Gray,LVA,PG,,False,False
43580835,150657,573744,636,6163168,Chelsea Gray,LVA,PG,,False,False
43580836,150657,747487,464,6163169,Allisha Gray,ATL,PG,,False,False
43580837,150657,747487,465,6163169,Allisha Gray,ATL,PG,,False,False
43580838,150657,747487,636,6163169,Allisha Gray,ATL,PG,,False,False
43580839,150657,849339,464,6163169,Jordin Canada,ATL,PG,,False,False
43580840,150657,849339,465,6163169,Jordin Canada,ATL,PG,,False,False
43580841,150657,849339,636,6163169,Jordin Canada,ATL,PG,,False,False
43580842,150657,882016,633,6163169,Bridget Carleton,PDX,SF,,False,False
43580843,150657,882016,465,6163169,Bridget Carleton,PDX,SF,,False,False
43580844,150657,882016,636,6163169,Bridget Carleton,PDX,SF,,False,False
43580845,150657,1508685,464,6163169,Carla Leite,PDX,PG,,False,False
43580846,150657,1508685,465,6163169,Carla Leite,PDX,PG,,False,False
43580847,150657,1508685,636,6163169,Carla Leite,PDX,PG,,False,False
43580848,150657,889432,633,6163169,Megan Gustafson,PDX,SF,,False,False
43580849,150657,889432,465,6163169,Megan Gustafson,PDX,SF,,False,False
43580850,150657,889432,636,6163169,Megan Gustafson,PDX,SF,,False,False
43580851,150657,1125559,633,6163168,NaLyssa Smith,LVA,SF,,False,False
43580852,150657,1125559,465,6163168,NaLyssa Smith,LVA,SF,,False,False
43580853,150657,1125559,636,6163168,NaLyssa Smith,LVA,SF,,False,False
43580854,150657,304189,464,6163168,DeWanna Bonner,PHX,PG,,False,False
43580855,150657,304189,465,6163168,DeWanna Bonner,PHX,PG,,False,False
43580856,150657,304189,636,6163168,DeWanna Bonner,PHX,PG,,False,False
43580857,150657,948349,633,6163168,Natasha Mack,PHX,SF,,False,False
43580858,150657,948349,465,6163168,Natasha Mack,PHX,SF,,False,False
43580859,150657,948349,636,6163168,Natasha Mack,PHX,SF,,False,False
43580860,150657,747542,633,6163166,Nia Coffey,MIN,SF,,False,False
43580861,150657,747542,465,6163166,Nia Coffey,MIN,SF,,False,False
43580862,150657,747542,636,6163166,Nia Coffey,MIN,SF,,False,False
43580863,150657,1239742,464,6163169,Sarah Ashlee Barker,PDX,PG,,False,False
43580864,150657,1239742,465,6163169,Sarah Ashlee Barker,PDX,PG,,False,False
43580865,150657,1239742,636,6163169,Sarah Ashlee Barker,PDX,PG,,False,False
43580866,150657,1511540,633,6163166,Pauline Astier,NYL,SF,,False,False
43580867,150657,1511540,465,6163166,Pauline Astier,NYL,SF,,False,False
43580868,150657,1511540,636,6163166,Pauline Astier,NYL,SF,,False,False
43580869,150657,1138402,633,6163169,Emily Engstler,PDX,SF,,False,False
43580870,150657,1138402,465,6163169,Emily Engstler,PDX,SF,,False,False
43580871,150657,1138402,636,6163169,Emily Engstler,PDX,SF,,False,False
43580872,150657,745114,633,6163169,Brionna Jones,ATL,SF,,False,False
43580873,150657,745114,465,6163169,Brionna Jones,ATL,SF,,False,False
43580874,150657,745114,636,6163169,Brionna Jones,ATL,SF,,False,False
43580875,150657,881350,464,6163168,Valeriane Ayayi,PHX,PG,,False,False
43580876,150657,881350,465,6163168,Valeriane Ayayi,PHX,PG,,False,False
43580877,150657,881350,636,6163168,Valeriane Ayayi,PHX,PG,,False,False
43580878,150657,1214989,633,6163166,Leonie Fiebich,NYL,SF,,False,False
43580879,150657,1214989,465,6163166,Leonie Fiebich,NYL,SF,,False,False
43580880,150657,1214989,636,6163166,Leonie Fiebich,NYL,SF,,False,False
43580881,150657,1140882,464,6163168,Lexi Held,PHX,PG,,False,False
43580882,150657,1140882,465,6163168,Lexi Held,PHX,PG,,False,False
43580883,150657,1140882,636,6163168,Lexi Held,PHX,PG,,False,False
43580884,150657,1061712,633,6163166,Satou Sabally,NYL,SF,,False,False
43580885,150657,1061712,465,6163166,Satou Sabally,NYL,SF,,False,False
43580886,150657,1061712,636,6163166,Satou Sabally,NYL,SF,,False,False
43580887,150657,694553,464,6163168,Jewell Loyd,LVA,PG,,False,False
43580888,150657,694553,465,6163168,Jewell Loyd,LVA,PG,,False,False
43580889,150657,694553,636,6163168,Jewell Loyd,LVA,PG,,False,False
43580890,150657,1127125,633,6163169,Naz Hillmon,ATL,SF,,False,False
43580891,150657,1127125,465,6163169,Naz Hillmon,ATL,SF,,False,False
43580892,150657,1127125,636,6163169,Naz Hillmon,ATL,SF,,False,False
43580893,150657,571423,633,6163168,Cheyenne Parker-Tyus,LVA,SF,,False,False
43580894,150657,571423,465,6163168,Cheyenne Parker-Tyus,LVA,SF,,False,False
43580895,150657,571423,636,6163168,Cheyenne Parker-Tyus,LVA,SF,,False,False
43580896,150657,1646978,633,6163168,Noemie Brochant,PHX,SF,,False,False
43580897,150657,1646978,465,6163168,Noemie Brochant,PHX,SF,,False,False
43580898,150657,1646978,636,6163168,Noemie Brochant,PHX,SF,,False,False
43580899,150657,1577196,464,6163168,Monique Akoa Makani,PHX,PG,,False,False
43580900,150657,1577196,465,6163168,Monique Akoa Makani,PHX,PG,,False,False
43580901,150657,1577196,636,6163168,Monique Akoa Makani,PHX,PG,,False,False
43580902,150657,1138482,633,6163166,Dorka Juhasz,MIN,SF,,False,False
43580903,150657,1138482,465,6163166,Dorka Juhasz,MIN,SF,,False,False
43580904,150657,1138482,636,6163166,Dorka Juhasz,MIN,SF,,False,False
43580905,150657,924162,464,6163166,Marine Johannes,NYL,PG,,False,False
43580906,150657,924162,465,6163166,Marine Johannes,NYL,PG,,False,False
43580907,150657,924162,636,6163166,Marine Johannes,NYL,PG,,False,False
43580908,150657,1408667,633,6163169,Frieda Buhner,PDX,SF,,False,False
43580909,150657,1408667,465,6163169,Frieda Buhner,PDX,SF,,False,False
43580910,150657,1408667,636,6163169,Frieda Buhner,PDX,SF,,False,False
43580911,150657,1410251,633,6163169,Madina Okot,ATL,SF,,False,False
43580912,150657,1410251,465,6163169,Madina Okot,ATL,SF,,False,False
43580913,150657,1410251,636,6163169,Madina Okot,ATL,SF,,False,False
43580914,150657,1647057,464,6163169,Teja Oblak,PDX,PG,,False,False
43580915,150657,1647057,465,6163169,Teja Oblak,PDX,PG,,False,False
43580916,150657,1647057,636,6163169,Teja Oblak,PDX,PG,,False,False
43580917,150657,923878,633,6163168,Stephanie Talbot,LVA,SF,,False,False
43580918,150657,923878,465,6163168,Stephanie Talbot,LVA,SF,,False,False
43580919,150657,923878,636,6163168,Stephanie Talbot,LVA,SF,,False,False
43580920,150657,1313708,464,6163166,Antonia Delaere,MIN,PG,,False,False
43580921,150657,1313708,465,6163166,Antonia Delaere,MIN,PG,,False,False
43580922,150657,1313708,636,6163166,Antonia Delaere,MIN,PG,,False,False
43580923,150657,1062313,464,6163166,Maya Caldwell,MIN,PG,,False,False
43580924,150657,1062313,465,6163166,Maya Caldwell,MIN,PG,,False,False
43580925,150657,1062313,636,6163166,Maya Caldwell,MIN,PG,,False,False
43580926,150657,1508691,464,6163169,Isobel Borlase,ATL,PG,,False,False
43580927,150657,1508691,465,6163169,Isobel Borlase,ATL,PG,,False,False
43580928,150657,1508691,636,6163169,Isobel Borlase,ATL,PG,,False,False
43580929,150657,1071273,464,6163168,Dana Evans,LVA,PG,,False,False
43580930,150657,1071273,465,6163168,Dana Evans,LVA,PG,,False,False
43580931,150657,1071273,636,6163168,Dana Evans,LVA,PG,,False,False
43580932,150657,785079,464,6163169,Karlie Samuelson,PDX,PG,,False,False
43580933,150657,785079,465,6163169,Karlie Samuelson,PDX,PG,,False,False
43580934,150657,785079,636,6163169,Karlie Samuelson,PDX,PG,,False,False
43580935,150657,1165033,633,6163166,Han Xu,NYL,SF,,False,False
43580936,150657,1165033,465,6163166,Han Xu,NYL,SF,,False,False
43580937,150657,1165033,636,6163166,Han Xu,NYL,SF,,False,False
43580938,150657,832887,633,6163168,Brianna Turner,LVA,SF,,False,False
43580939,150657,832887,465,6163168,Brianna Turner,LVA,SF,,False,False
43580940,150657,832887,636,6163168,Brianna Turner,LVA,SF,,False,False
43580941,150657,1508688,633,6163169,Nyadiew Puoch,PDX,SF,,False,False
43580942,150657,1508688,465,6163169,Nyadiew Puoch,PDX,SF,,False,False
43580943,150657,1508688,636,6163169,Nyadiew Puoch,PDX,SF,,False,False
43580944,150657,1646983,464,6163166,Eliska Hamzova,MIN,PG,,False,False
43580945,150657,1646983,465,6163166,Eliska Hamzova,MIN,PG,,False,False
43580946,150657,1646983,636,6163166,Eliska Hamzova,MIN,PG,,False,False
43580947,150657,1582293,633,6163166,Anastasiia Olairi Kosu,MIN,SF,,False,False
43580948,150657,1582293,465,6163166,Anastasiia Olairi Kosu,MIN,SF,,False,False
43580949,150657,1582293,636,6163166,Anastasiia Olairi Kosu,MIN,SF,,False,False
43580950,150657,620441,464,6163166,Betnijah Laney-Hamilton,NYL,PG,,False,False
43580951,150657,620441,465,6163166,Betnijah Laney-Hamilton,NYL,PG,,False,False
43580952,150657,620441,636,6163166,Betnijah Laney-Hamilton,NYL,PG,,False,False
43580953,150657,1313712,633,6163168,Kyara Linskens,PHX,SF,,False,False
43580954,150657,1313712,465,6163168,Kyara Linskens,PHX,SF,,False,False
43580955,150657,1313712,636,6163168,Kyara Linskens,PHX,SF,,False,False
43580956,150657,474457,464,6163166,Rebekah Gardner,NYL,PG,,False,False
43580957,150657,474457,465,6163166,Rebekah Gardner,NYL,PG,,False,False
43580958,150657,474457,636,6163166,Rebekah Gardner,NYL,PG,,False,False
43580959,150657,1240156,464,6163169,Te-Hina Paopao,ATL,PG,,False,False
43580960,150657,1240156,465,6163169,Te-Hina Paopao,ATL,PG,,False,False
43580961,150657,1240156,636,6163169,Te-Hina Paopao,ATL,PG,,False,False
43580962,150657,1383344,633,6163169,Sika Kone,ATL,SF,,False,False
43580963,150657,1383344,465,6163169,Sika Kone,ATL,SF,,False,False
43580964,150657,1383344,636,6163169,Sika Kone,ATL,SF,,False,False
43580965,150657,1413119,633,6163169,Serah Williams,PDX,SF,,False,False
43580966,150657,1413119,465,6163169,Serah Williams,PDX,SF,,False,False
43580967,150657,1413119,636,6163169,Serah Williams,PDX,SF,,False,False
43580968,150657,1178927,464,6163169,Holly Winterburn,PDX,PG,,False,False
43580969,150657,1178927,465,6163169,Holly Winterburn,PDX,PG,,False,False
43580970,150657,1178927,636,6163169,Holly Winterburn,PDX,PG,,False,False
43580971,150657,1178936,633,6163168,Kierstan Bell,LVA,SF,,False,False
43580972,150657,1178936,465,6163168,Kierstan Bell,LVA,SF,,False,False
43580973,150657,1178936,636,6163168,Kierstan Bell,LVA,SF,,False,False
43580974,150657,1239240,633,6163168,Marta Suarez,PHX,SF,,False,False
43580975,150657,1239240,465,6163168,Marta Suarez,PHX,SF,,False,False
43580976,150657,1239240,636,6163168,Marta Suarez,PHX,SF,,False,False
43580977,150657,343891,464,6163168,Sami Whitcomb,PHX,PG,,False,False
43580978,150657,343891,465,6163168,Sami Whitcomb,PHX,PG,,False,False
43580979,150657,343891,636,6163168,Sami Whitcomb,PHX,PG,,False,False
43580980,150657,871869,464,6163166,Rebecca Allen,NYL,PG,,False,False
43580981,150657,871869,465,6163166,Rebecca Allen,NYL,PG,,False,False
43580982,150657,871869,636,6163166,Rebecca Allen,NYL,PG,,False,False
43580983,150657,1282440,633,6163166,Raquel Carrera,NYL,SF,,False,False
43580984,150657,1282440,465,6163166,Raquel Carrera,NYL,SF,,False,False
43580985,150657,1282440,636,6163166,Raquel Carrera,NYL,SF,,False,False
43580986,150657,1409993,464,6163169,Indya Nivar,ATL,PG,,False,False
43580987,150657,1409993,465,6163169,Indya Nivar,ATL,PG,,False,False
43580988,150657,1409993,636,6163169,Indya Nivar,ATL,PG,,False,False
43580989,150657,1238253,464,6163169,Aaliyah Nye,ATL,PG,,False,False
43580990,150657,1238253,465,6163169,Aaliyah Nye,ATL,PG,,False,False
43580991,150657,1238253,636,6163169,Aaliyah Nye,ATL,PG,,False,False
43580992,150657,1178888,464,6163169,Jaylyn Sherrod,ATL,PG,,False,False
43580993,150657,1178888,465,6163169,Jaylyn Sherrod,ATL,PG,,False,False
43580994,150657,1178888,636,6163169,Jaylyn Sherrod,ATL,PG,,False,False
43580995,150657,1646982,633,6163166,Emma Cechova,MIN,SF,,False,False
43580996,150657,1646982,465,6163166,Emma Cechova,MIN,SF,,False,False
43580997,150657,1646982,636,6163166,Emma Cechova,MIN,SF,,False,False
43580998,150657,1413148,633,6163168,Justine Pissott,LVA,SF,,False,False
43580999,150657,1413148,465,6163168,Justine Pissott,LVA,SF,,False,False
43581000,150657,1413148,636,6163168,Justine Pissott,LVA,SF,,False,False
43581001,150657,1416002,633,6163168,Janiah Barker,LVA,SF,,False,False
43581002,150657,1416002,465,6163168,Janiah Barker,LVA,SF,,False,False
43581003,150657,1416002,636,6163168,Janiah Barker,LVA,SF,,False,False
43581004,150657,1410004,464,6163169,Jordan Harrison,PDX,PG,,False,False
43581005,150657,1410004,465,6163169,Jordan Harrison,PDX,PG,,False,False
43581006,150657,1410004,636,6163169,Jordan Harrison,PDX,PG,,False,False
43581007,150657,881806,633,6163166,Emese Hof,MIN,SF,,False,False
43581008,150657,881806,465,6163166,Emese Hof,MIN,SF,,False,False
43581009,150657,881806,636,6163166,Emese Hof,MIN,SF,,False,False
43581010,150657,1214990,633,6163169,Luisa Geiselsoder,PDX,SF,,False,False
43581011,150657,1214990,465,6163169,Luisa Geiselsoder,PDX,SF,,False,False
43581012,150657,1214990,636,6163169,Luisa Geiselsoder,PDX,SF,,False,False
43581013,150657,1061711,633,6163166,Anneli Maley,NYL,SF,,False,False
43581014,150657,1061711,465,6163166,Anneli Maley,NYL,SF,,False,False
43581015,150657,1061711,636,6163166,Anneli Maley,NYL,SF,,False,False
43581016,150657,745113,464,6163169,Shatori Walker-Kimbrough,ATL,PG,,False,False
43581017,150657,745113,465,6163169,Shatori Walker-Kimbrough,ATL,PG,,False,False
43581018,150657,745113,636,6163169,Shatori Walker-Kimbrough,ATL,PG,,False,False
43581019,150657,1338490,633,6163169,Sania Feagin,PDX,SF,,False,False
43581020,150657,1338490,465,6163169,Sania Feagin,PDX,SF,,False,False
43581021,150657,1338490,636,6163169,Sania Feagin,PDX,SF,,False,False
43581022,150657,1282441,464,6163166,Marine Fauthoux,NYL,PG,,False,False
43581023,150657,1282441,465,6163166,Marine Fauthoux,NYL,PG,,False,False
43581024,150657,1282441,636,6163166,Marine Fauthoux,NYL,PG,,False,False
43581025,150657,1409879,464,6163168,Shay Ciezki,PHX,PG,,False,False
43581026,150657,1409879,465,6163168,Shay Ciezki,PHX,PG,,False,False
43581027,150657,1409879,636,6163168,Shay Ciezki,PHX,PG,,False,False
43581028,150657,1408674,464,6163168,Ta'Niya Latson,LVA,PG,,False,False
43581029,150657,1408674,465,6163168,Ta'Niya Latson,LVA,PG,,False,False
43581030,150657,1408674,636,6163168,Ta'Niya Latson,LVA,PG,,False,False
43581031,150657,1646981,464,6163168,Sha Carter,PHX,PG,,False,False
43581032,150657,1646981,465,6163168,Sha Carter,PHX,PG,,False,False
43581033,150657,1646981,636,6163168,Sha Carter,PHX,PG,,False,False
43581034,150672,692156,475,6163166,Breanna Stewart,NYL,SF/PF,11800.0,False,True
43581035,150672,574059,475,6163166,Natasha Howard,MIN,SF/PF,10800.0,False,True
43581036,150672,709448,475,6163166,Jonquel Jones,NYL,SF/PF,10600.0,False,True
43581037,150672,695504,475,6163166,Courtney Williams,MIN,PG/SG,10000.0,False,True
43581038,150672,574369,475,6163166,Kayla McBride,MIN,PG/SG,9000.0,False,True
43581039,150672,945668,475,6163166,Sabrina Ionescu,NYL,PG/SG,8800.0,False,True
43581040,150672,747542,475,6163166,Nia Coffey,MIN,SF/PF,7400.0,False,True
43581041,150672,1511540,475,6163166,Pauline Astier,NYL,SF/PF,7000.0,False,True
43581042,150672,1138482,475,6163166,Dorka Juhasz,MIN,SF/PF,5400.0,False,True
43581043,150672,924162,475,6163166,Marine Johannes,NYL,PG/SG,5200.0,False,True
43581044,150672,1313708,475,6163166,Antonia Delaere,MIN,PG/SG,4600.0,False,True
43581045,150672,1062313,475,6163166,Maya Caldwell,MIN,PG/SG,4400.0,False,True
43581046,150672,1165033,475,6163166,Han Xu,NYL,SF/PF,4000.0,False,True
43581047,150672,1646983,475,6163166,Eliska Hamzova,MIN,PG/SG,3600.0,False,True
43581048,150672,1582293,475,6163166,Anastasiia Olairi Kosu,MIN,SF/PF,3400.0,False,True
43581049,150672,620441,475,6163166,Betnijah Laney-Hamilton,NYL,PG/SG,3200.0,False,True
43581050,150672,474457,475,6163166,Rebekah Gardner,NYL,PG/SG,3000.0,False,True
43581051,150672,1282440,475,6163166,Raquel Carrera,NYL,SF/PF,2400.0,False,True
43581052,150672,1061711,475,6163166,Anneli Maley,NYL,SF/PF,2000.0,False,True
43581053,150672,881806,475,6163166,Emese Hof,MIN,SF/PF,2000.0,False,True
43581054,150672,1282441,475,6163166,Marine Fauthoux,NYL,PG/SG,2000.0,False,True
43581055,150672,1268935,475,6163166,Olivia Miles,MIN,PG/SG,10400.0,False,True
43581056,150672,880871,475,6163166,Napheesa Collier,MIN,SF/PF,10200.0,False,True
43581057,150672,1214989,475,6163166,Leonie Fiebich,NYL,SF/PF,6600.0,False,True
43581058,150672,1061712,475,6163166,Satou Sabally,NYL,SF/PF,6200.0,False,True
43581059,150672,871869,475,6163166,Rebecca Allen,NYL,PG/SG,2200.0,False,True
43581060,150672,1646982,475,6163166,Emma Cechova,MIN,SF/PF,2000.0,False,True
43581061,150672,692156,476,6163166,Breanna Stewart,NYL,SF/PF,17700.0,False,True
43581062,150672,574059,476,6163166,Natasha Howard,MIN,SF/PF,16200.0,False,True
43581063,150672,709448,476,6163166,Jonquel Jones,NYL,SF/PF,15900.0,False,True
43581064,150672,695504,476,6163166,Courtney Williams,MIN,PG/SG,15000.0,False,True
43581065,150672,574369,476,6163166,Kayla McBride,MIN,PG/SG,13500.0,False,True
43581066,150672,945668,476,6163166,Sabrina Ionescu,NYL,PG/SG,13200.0,False,True
43581067,150672,747542,476,6163166,Nia Coffey,MIN,SF/PF,11100.0,False,True
43581068,150672,1511540,476,6163166,Pauline Astier,NYL,SF/PF,10500.0,False,True
43581069,150672,1138482,476,6163166,Dorka Juhasz,MIN,SF/PF,8100.0,False,True
43581070,150672,924162,476,6163166,Marine Johannes,NYL,PG/SG,7800.0,False,True
43581071,150672,1313708,476,6163166,Antonia Delaere,MIN,PG/SG,6900.0,False,True
43581072,150672,1062313,476,6163166,Maya Caldwell,MIN,PG/SG,6600.0,False,True
43581073,150672,1165033,476,6163166,Han Xu,NYL,SF/PF,6000.0,False,True
43581074,150672,1646983,476,6163166,Eliska Hamzova,MIN,PG/SG,5400.0,False,True
43581075,150672,1582293,476,6163166,Anastasiia Olairi Kosu,MIN,SF/PF,5100.0,False,True
43581076,150672,620441,476,6163166,Betnijah Laney-Hamilton,NYL,PG/SG,4800.0,False,True
43581077,150672,474457,476,6163166,Rebekah Gardner,NYL,PG/SG,4500.0,False,True
43581078,150672,1282440,476,6163166,Raquel Carrera,NYL,SF/PF,3600.0,False,True
43581079,150672,1061711,476,6163166,Anneli Maley,NYL,SF/PF,3000.0,False,True
43581080,150672,881806,476,6163166,Emese Hof,MIN,SF/PF,3000.0,False,True
43581081,150672,1282441,476,6163166,Marine Fauthoux,NYL,PG/SG,3000.0,False,True
43581082,150672,1268935,476,6163166,Olivia Miles,MIN,PG/SG,15600.0,False,True
43581083,150672,880871,476,6163166,Napheesa Collier,MIN,SF/PF,15300.0,False,True
43581084,150672,1214989,476,6163166,Leonie Fiebich,NYL,SF/PF,9900.0,False,True
43581085,150672,1061712,476,6163166,Satou Sabally,NYL,SF/PF,9300.0,False,True
43581086,150672,871869,476,6163166,Rebecca Allen,NYL,PG/SG,3300.0,False,True
43581087,150672,1646982,476,6163166,Emma Cechova,MIN,SF/PF,3000.0,False,True
43581088,150673,1238673,475,6163169,Angel Reese,ATL,SF/PF,11600.0,False,True
43581089,150673,1133019,475,6163169,Rhyne Howard,ATL,PG/SG,10200.0,False,True
43581090,150673,747487,475,6163169,Allisha Gray,ATL,PG/SG,9000.0,False,True
43581091,150673,849339,475,6163169,Jordin Canada,ATL,PG/SG,8800.0,False,True
43581092,150673,882016,475,6163169,Bridget Carleton,PDX,SF/PF,8200.0,False,True
43581093,150673,1508685,475,6163169,Carla Leite,PDX,PG/SG,8000.0,False,True
43581094,150673,889432,475,6163169,Megan Gustafson,PDX,SF/PF,7800.0,False,True
43581095,150673,1239742,475,6163169,Sarah Ashlee Barker,PDX,PG/SG,7200.0,False,True
43581096,150673,1138402,475,6163169,Emily Engstler,PDX,SF/PF,6800.0,False,True
43581097,150673,1127125,475,6163169,Naz Hillmon,ATL,SF/PF,5800.0,False,True
43581098,150673,1408667,475,6163169,Frieda Buhner,PDX,SF/PF,5000.0,False,True
43581099,150673,1410251,475,6163169,Madina Okot,ATL,SF/PF,4800.0,False,True
43581100,150673,1647057,475,6163169,Teja Oblak,PDX,PG/SG,4600.0,False,True
43581101,150673,1508691,475,6163169,Isobel Borlase,ATL,PG/SG,4200.0,False,True
43581102,150673,785079,475,6163169,Karlie Samuelson,PDX,PG/SG,3800.0,False,True
43581103,150673,1508688,475,6163169,Nyadiew Puoch,PDX,SF/PF,3400.0,False,True
43581104,150673,1240156,475,6163169,Te-Hina Paopao,ATL,PG/SG,3000.0,False,True
43581105,150673,1383344,475,6163169,Sika Kone,ATL,SF/PF,2800.0,False,True
43581106,150673,1178927,475,6163169,Holly Winterburn,PDX,PG/SG,2600.0,False,True
43581107,150673,1413119,475,6163169,Serah Williams,PDX,SF/PF,2400.0,False,True
43581108,150673,1214990,475,6163169,Luisa Geiselsoder,PDX,SF/PF,2000.0,False,True
43581109,150673,745113,475,6163169,Shatori Walker-Kimbrough,ATL,PG/SG,2000.0,False,True
43581110,150673,745114,475,6163169,Brionna Jones,ATL,SF/PF,6600.0,False,True
43581111,150673,1409993,475,6163169,Indya Nivar,ATL,PG/SG,2200.0,False,True
43581112,150673,1178888,475,6163169,Jaylyn Sherrod,ATL,PG/SG,2000.0,False,True
43581113,150673,1410004,475,6163169,Jordan Harrison,PDX,PG/SG,2000.0,False,True
43581114,150673,1238253,475,6163169,Aaliyah Nye,ATL,PG/SG,2000.0,False,True
43581115,150673,1338490,475,6163169,Sania Feagin,PDX,SF/PF,2000.0,False,True
43581116,150673,1238673,476,6163169,Angel Reese,ATL,SF/PF,17400.0,False,True
43581117,150673,1133019,476,6163169,Rhyne Howard,ATL,PG/SG,15300.0,False,True
43581118,150673,747487,476,6163169,Allisha Gray,ATL,PG/SG,13500.0,False,True
43581119,150673,849339,476,6163169,Jordin Canada,ATL,PG/SG,13200.0,False,True
43581120,150673,882016,476,6163169,Bridget Carleton,PDX,SF/PF,12300.0,False,True
43581121,150673,1508685,476,6163169,Carla Leite,PDX,PG/SG,12000.0,False,True
43581122,150673,889432,476,6163169,Megan Gustafson,PDX,SF/PF,11700.0,False,True
43581123,150673,1239742,476,6163169,Sarah Ashlee Barker,PDX,PG/SG,10800.0,False,True
43581124,150673,1138402,476,6163169,Emily Engstler,PDX,SF/PF,10200.0,False,True
43581125,150673,1127125,476,6163169,Naz Hillmon,ATL,SF/PF,8700.0,False,True
43581126,150673,1408667,476,6163169,Frieda Buhner,PDX,SF/PF,7500.0,False,True
43581127,150673,1410251,476,6163169,Madina Okot,ATL,SF/PF,7200.0,False,True
43581128,150673,1647057,476,6163169,Teja Oblak,PDX,PG/SG,6900.0,False,True
43581129,150673,1508691,476,6163169,Isobel Borlase,ATL,PG/SG,6300.0,False,True
43581130,150673,785079,476,6163169,Karlie Samuelson,PDX,PG/SG,5700.0,False,True
43581131,150673,1508688,476,6163169,Nyadiew Puoch,PDX,SF/PF,5100.0,False,True
43581132,150673,1240156,476,6163169,Te-Hina Paopao,ATL,PG/SG,4500.0,False,True
43581133,150673,1383344,476,6163169,Sika Kone,ATL,SF/PF,4200.0,False,True
43581134,150673,1178927,476,6163169,Holly Winterburn,PDX,PG/SG,3900.0,False,True
43581135,150673,1413119,476,6163169,Serah Williams,PDX,SF/PF,3600.0,False,True
43581136,150673,1214990,476,6163169,Luisa Geiselsoder,PDX,SF/PF,3000.0,False,True
43581137,150673,745113,476,6163169,Shatori Walker-Kimbrough,ATL,PG/SG,3000.0,False,True
43581138,150673,745114,476,6163169,Brionna Jones,ATL,SF/PF,9900.0,False,True
43581139,150673,1409993,476,6163169,Indya Nivar,ATL,PG/SG,3300.0,False,True
43581140,150673,1178888,476,6163169,Jaylyn Sherrod,ATL,PG/SG,3000.0,False,True
43581141,150673,1410004,476,6163169,Jordan Harrison,PDX,PG/SG,3000.0,False,True
43581142,150673,1238253,476,6163169,Aaliyah Nye,ATL,PG/SG,3000.0,False,True
43581143,150673,1338490,476,6163169,Sania Feagin,PDX,SF/PF,3000.0,False,True
43581144,150674,850200,475,6163168,A'ja Wilson,LVA,SF/PF,12600.0,False,True
43581145,150674,572461,475,6163168,Alyssa Thomas,PHX,SF/PF,11400.0,False,True
43581146,150674,923865,475,6163168,Jackie Young,LVA,PG/SG,10600.0,False,True
43581147,150674,713447,475,6163168,Kahleah Copper,PHX,PG/SG,9000.0,False,True
43581148,150674,573744,475,6163168,Chelsea Gray,LVA,PG/SG,8200.0,False,True
43581149,150674,1125559,475,6163168,NaLyssa Smith,LVA,SF/PF,7400.0,False,True
43581150,150674,304189,475,6163168,DeWanna Bonner,PHX,PG/SG,7200.0,False,True
43581151,150674,881350,475,6163168,Valeriane Ayayi,PHX,PG/SG,6200.0,False,True
43581152,150674,1140882,475,6163168,Lexi Held,PHX,PG/SG,5800.0,False,True
43581153,150674,694553,475,6163168,Jewell Loyd,LVA,PG/SG,5600.0,False,True
43581154,150674,571423,475,6163168,Cheyenne Parker-Tyus,LVA,SF/PF,5200.0,False,True
43581155,150674,1646978,475,6163168,Noemie Brochant,PHX,SF/PF,5000.0,False,True
43581156,150674,1577196,475,6163168,Monique Akoa Makani,PHX,PG/SG,4800.0,False,True
43581157,150674,923878,475,6163168,Stephanie Talbot,LVA,SF/PF,4400.0,False,True
43581158,150674,832887,475,6163168,Brianna Turner,LVA,SF/PF,3800.0,False,True
43581159,150674,1313712,475,6163168,Kyara Linskens,PHX,SF/PF,3000.0,False,True
43581160,150674,1239240,475,6163168,Marta Suarez,PHX,SF/PF,2600.0,False,True
43581161,150674,1178936,475,6163168,Kierstan Bell,LVA,SF/PF,2400.0,False,True
43581162,150674,343891,475,6163168,Sami Whitcomb,PHX,PG/SG,2200.0,False,True
43581163,150674,948349,475,6163168,Natasha Mack,PHX,SF/PF,7000.0,False,True
43581164,150674,1071273,475,6163168,Dana Evans,LVA,PG/SG,4000.0,False,True
43581165,150674,1408674,475,6163168,Ta'Niya Latson,LVA,PG/SG,2000.0,False,True
43581166,150674,1646981,475,6163168,Sha Carter,PHX,PG/SG,2000.0,False,True
43581167,150674,1409879,475,6163168,Shay Ciezki,PHX,PG/SG,2000.0,False,True
43581168,150674,1416002,475,6163168,Janiah Barker,LVA,SF/PF,2000.0,False,True
43581169,150674,1413148,475,6163168,Justine Pissott,LVA,SF/PF,2000.0,False,True
43581170,150674,850200,476,6163168,A'ja Wilson,LVA,SF/PF,18900.0,False,True
43581171,150674,572461,476,6163168,Alyssa Thomas,PHX,SF/PF,17100.0,False,True
43581172,150674,923865,476,6163168,Jackie Young,LVA,PG/SG,15900.0,False,True
43581173,150674,713447,476,6163168,Kahleah Copper,PHX,PG/SG,13500.0,False,True
43581174,150674,573744,476,6163168,Chelsea Gray,LVA,PG/SG,12300.0,False,True
43581175,150674,1125559,476,6163168,NaLyssa Smith,LVA,SF/PF,11100.0,False,True
43581176,150674,304189,476,6163168,DeWanna Bonner,PHX,PG/SG,10800.0,False,True
43581177,150674,881350,476,6163168,Valeriane Ayayi,PHX,PG/SG,9300.0,False,True
43581178,150674,1140882,476,6163168,Lexi Held,PHX,PG/SG,8700.0,False,True
43581179,150674,694553,476,6163168,Jewell Loyd,LVA,PG/SG,8400.0,False,True
43581180,150674,571423,476,6163168,Cheyenne Parker-Tyus,LVA,SF/PF,7800.0,False,True
43581181,150674,1646978,476,6163168,Noemie Brochant,PHX,SF/PF,7500.0,False,True
43581182,150674,1577196,476,6163168,Monique Akoa Makani,PHX,PG/SG,7200.0,False,True
43581183,150674,923878,476,6163168,Stephanie Talbot,LVA,SF/PF,6600.0,False,True
43581184,150674,832887,476,6163168,Brianna Turner,LVA,SF/PF,5700.0,False,True
43581185,150674,1313712,476,6163168,Kyara Linskens,PHX,SF/PF,4500.0,False,True
43581186,150674,1239240,476,6163168,Marta Suarez,PHX,SF/PF,3900.0,False,True
43581187,150674,1178936,476,6163168,Kierstan Bell,LVA,SF/PF,3600.0,False,True
43581188,150674,343891,476,6163168,Sami Whitcomb,PHX,PG/SG,3300.0,False,True
43581189,150674,948349,476,6163168,Natasha Mack,PHX,SF/PF,10500.0,False,True
43581190,150674,1071273,476,6163168,Dana Evans,LVA,PG/SG,6000.0,False,True
43581191,150674,1408674,476,6163168,Ta'Niya Latson,LVA,PG/SG,3000.0,False,True
43581192,150674,1646981,476,6163168,Sha Carter,PHX,PG/SG,3000.0,False,True
43581193,150674,1409879,476,6163168,Shay Ciezki,PHX,PG/SG,3000.0,False,True
43581194,150674,1416002,476,6163168,Janiah Barker,LVA,SF/PF,3000.0,False,True
43581195,150674,1413148,476,6163168,Justine Pissott,LVA,SF/PF,3000.0,False,True
43584050,150642,1522910,498,6198099,Liam McNeeley,CHA,SF,9000.0,False,True
43584051,150642,1522910,501,6198099,Liam McNeeley,CHA,SF,9000.0,False,True
43584052,150642,1522910,503,6198099,Liam McNeeley,CHA,SF,9000.0,False,True
43584053,150642,1236052,500,6198099,Ryan Kalkbrenner,CHA,C,8900.0,False,True
43584054,150642,1236052,503,6198099,Ryan Kalkbrenner,CHA,C,8900.0,False,True
43584055,150642,1596690,499,6198099,Hannes Steinbach,CHA,PF,8700.0,False,True
43584056,150642,1596690,501,6198099,Hannes Steinbach,CHA,PF,8700.0,False,True
43584057,150642,1596690,503,6198099,Hannes Steinbach,CHA,PF,8700.0,False,True
43584058,150642,1519152,496,6198100,Labaron Philon Jr.,PHI,PG,8500.0,False,True
43584059,150642,1519152,502,6198100,Labaron Philon Jr.,PHI,PG,8500.0,False,True
43584060,150642,1519152,503,6198100,Labaron Philon Jr.,PHI,PG,8500.0,False,True
43584061,150642,1528467,497,6198098,Jase Richardson,ORL,SG,8400.0,False,True
43584062,150642,1528467,502,6198098,Jase Richardson,ORL,SG,8400.0,False,True
43584063,150642,1528467,503,6198098,Jase Richardson,ORL,SG,8400.0,False,True
43584064,150642,1523620,499,6198114,Jayden Quaintance,SA,PF,8300.0,False,True
43584065,150642,1523620,501,6198114,Jayden Quaintance,SA,PF,8300.0,False,True
43584066,150642,1523620,503,6198114,Jayden Quaintance,SA,PF,8300.0,False,True
43584067,150642,1231975,500,6198100,Johni Broome,PHI,C,7900.0,False,True
43584068,150642,1231975,503,6198100,Johni Broome,PHI,C,7900.0,False,True
43584069,150642,1195700,498,6198114,Emanuel Miller,SA,SF/PF,7900.0,False,True
43584070,150642,1195700,499,6198114,Emanuel Miller,SA,SF/PF,7900.0,False,True
43584071,150642,1195700,501,6198114,Emanuel Miller,SA,SF/PF,7900.0,False,True
43584072,150642,1195700,503,6198114,Emanuel Miller,SA,SF/PF,7900.0,False,True
43584073,150642,1538604,498,6198114,Carter Bryant,SA,SF,7800.0,False,True
43584074,150642,1538604,501,6198114,Carter Bryant,SA,SF,7800.0,False,True
43584075,150642,1538604,503,6198114,Carter Bryant,SA,SF,7800.0,False,True
43584076,150642,1453977,496,6198100,Yuki Kawamura,IND,PG,7800.0,False,True
43584077,150642,1453977,502,6198100,Yuki Kawamura,IND,PG,7800.0,False,True
43584078,150642,1453977,503,6198100,Yuki Kawamura,IND,PG,7800.0,False,True
43584079,150642,1500956,498,6198114,Pacome Dadiet,NY,SF,7800.0,False,True
43584080,150642,1500956,501,6198114,Pacome Dadiet,NY,SF,7800.0,False,True
43584081,150642,1500956,503,6198114,Pacome Dadiet,NY,SF,7800.0,False,True
43584082,150642,1232338,498,6198099,Sion James,CHA,SF,7700.0,False,True
43584083,150642,1232338,501,6198099,Sion James,CHA,SF,7700.0,False,True
43584084,150642,1232338,503,6198099,Sion James,CHA,SF,7700.0,False,True
43584085,150642,1590551,499,6198098,Noah Penda,ORL,PF,7700.0,False,True
43584086,150642,1590551,501,6198098,Noah Penda,ORL,PF,7700.0,False,True
43584087,150642,1590551,503,6198098,Noah Penda,ORL,PF,7700.0,False,True
43584088,150642,1324350,496,6198099,Kobe Bufkin,NO,PG/SG,7600.0,False,True
43584089,150642,1324350,497,6198099,Kobe Bufkin,NO,PG/SG,7600.0,False,True
43584090,150642,1324350,502,6198099,Kobe Bufkin,NO,PG/SG,7600.0,False,True
43584091,150642,1324350,503,6198099,Kobe Bufkin,NO,PG/SG,7600.0,False,True
43584092,150642,1241594,500,6198098,Vladislav Goldin,MIA,C,7600.0,False,True
43584093,150642,1241594,503,6198098,Vladislav Goldin,MIA,C,7600.0,False,True
43584094,150642,1504463,499,6198099,Tidjane Salaun,CHA,PF,7500.0,False,True
43584095,150642,1504463,501,6198099,Tidjane Salaun,CHA,PF,7500.0,False,True
43584096,150642,1504463,503,6198099,Tidjane Salaun,CHA,PF,7500.0,False,True
43584097,150642,1437712,498,6198114,Mohamed Diawara,NY,SF,7500.0,False,True
43584098,150642,1437712,501,6198114,Mohamed Diawara,NY,SF,7500.0,False,True
43584099,150642,1437712,503,6198114,Mohamed Diawara,NY,SF,7500.0,False,True
43584100,150642,1231792,497,6198098,Keon Johnson,ORL,SG/SF,7300.0,False,True
43584101,150642,1231792,498,6198098,Keon Johnson,ORL,SG/SF,7300.0,False,True
43584102,150642,1231792,502,6198098,Keon Johnson,ORL,SG/SF,7300.0,False,True
43584103,150642,1231792,501,6198098,Keon Johnson,ORL,SG/SF,7300.0,False,True
43584104,150642,1231792,503,6198098,Keon Johnson,ORL,SG/SF,7300.0,False,True
43584105,150642,1133800,500,6198098,Colin Castleton,ORL,C,7100.0,False,True
43584106,150642,1133800,503,6198098,Colin Castleton,ORL,C,7100.0,False,True
43584107,150642,1324019,496,6198114,Miles Kelly,SA,PG/SG,7000.0,False,True
43584108,150642,1324019,497,6198114,Miles Kelly,SA,PG/SG,7000.0,False,True
43584109,150642,1324019,502,6198114,Miles Kelly,SA,PG/SG,7000.0,False,True
43584110,150642,1324019,503,6198114,Miles Kelly,SA,PG/SG,7000.0,False,True
43584111,150642,1243726,496,6198100,Taelon Peter,IND,PG/SG,6900.0,False,True
43584112,150642,1243726,497,6198100,Taelon Peter,IND,PG/SG,6900.0,False,True
43584113,150642,1243726,502,6198100,Taelon Peter,IND,PG/SG,6900.0,False,True
43584114,150642,1243726,503,6198100,Taelon Peter,IND,PG/SG,6900.0,False,True
43584115,150642,1132015,499,6198098,Hunter Tyson,ORL,PF,6800.0,False,True
43584116,150642,1132015,501,6198098,Hunter Tyson,ORL,PF,6800.0,False,True
43584117,150642,1132015,503,6198098,Hunter Tyson,ORL,PF,6800.0,False,True
43584118,150642,1232015,500,6198099,Hunter Dickinson,NO,C,6800.0,False,True
43584119,150642,1232015,503,6198099,Hunter Dickinson,NO,C,6800.0,False,True
43584120,150642,1231442,498,6198114,Dillon Jones,NY,SF/PF,6800.0,False,True
43584121,150642,1231442,499,6198114,Dillon Jones,NY,SF/PF,6800.0,False,True
43584122,150642,1231442,501,6198114,Dillon Jones,NY,SF/PF,6800.0,False,True
43584123,150642,1231442,503,6198114,Dillon Jones,NY,SF/PF,6800.0,False,True
43584124,150642,1241591,497,6198099,Micah Peavy,NO,SG/SF,6500.0,False,True
43584125,150642,1241591,498,6198099,Micah Peavy,NO,SG/SF,6500.0,False,True
43584126,150642,1241591,502,6198099,Micah Peavy,NO,SG/SF,6500.0,False,True
43584127,150642,1241591,501,6198099,Micah Peavy,NO,SG/SF,6500.0,False,True
43584128,150642,1241591,503,6198099,Micah Peavy,NO,SG/SF,6500.0,False,True
43584129,150642,1340789,496,6198098,TyTy Washington Jr.,ORL,PG/SG,6500.0,False,True
43584130,150642,1340789,497,6198098,TyTy Washington Jr.,ORL,PG/SG,6500.0,False,True
43584131,150642,1340789,502,6198098,TyTy Washington Jr.,ORL,PG/SG,6500.0,False,True
43584132,150642,1340789,503,6198098,TyTy Washington Jr.,ORL,PG/SG,6500.0,False,True
43584133,150642,1342729,497,6198098,Kendall Brown,MIA,SG/SF,6500.0,False,True
43584134,150642,1342729,498,6198098,Kendall Brown,MIA,SG/SF,6500.0,False,True
43584135,150642,1342729,502,6198098,Kendall Brown,MIA,SG/SF,6500.0,False,True
43584136,150642,1342729,501,6198098,Kendall Brown,MIA,SG/SF,6500.0,False,True
43584137,150642,1342729,503,6198098,Kendall Brown,MIA,SG/SF,6500.0,False,True
43584138,150642,1197462,496,6198098,Myron Gardner,MIA,PG/SG,6200.0,False,True
43584139,150642,1197462,497,6198098,Myron Gardner,MIA,PG/SG,6200.0,False,True
43584140,150642,1197462,502,6198098,Myron Gardner,MIA,PG/SG,6200.0,False,True
43584141,150642,1197462,503,6198098,Myron Gardner,MIA,PG/SG,6200.0,False,True
43584142,150642,1186155,498,6198100,Keion Brooks Jr.,IND,SF/PF,6200.0,False,True
43584143,150642,1186155,499,6198100,Keion Brooks Jr.,IND,SF/PF,6200.0,False,True
43584144,150642,1186155,501,6198100,Keion Brooks Jr.,IND,SF/PF,6200.0,False,True
43584145,150642,1186155,503,6198100,Keion Brooks Jr.,IND,SF/PF,6200.0,False,True
43584146,150642,1132027,498,6198098,Cam Reddish,ORL,SF/PF,6000.0,False,True
43584147,150642,1132027,499,6198098,Cam Reddish,ORL,SF/PF,6000.0,False,True
43584148,150642,1132027,501,6198098,Cam Reddish,ORL,SF/PF,6000.0,False,True
43584149,150642,1132027,503,6198098,Cam Reddish,ORL,SF/PF,6000.0,False,True
43584150,150642,1401391,496,6198114,Ja'Kobi Gillespie,SA,PG,6000.0,False,True
43584151,150642,1401391,502,6198114,Ja'Kobi Gillespie,SA,PG,6000.0,False,True
43584152,150642,1401391,503,6198114,Ja'Kobi Gillespie,SA,PG,6000.0,False,True
43584153,150642,1405372,496,6198100,Braden Smith,IND,PG,6000.0,False,True
43584154,150642,1405372,502,6198100,Braden Smith,IND,PG,6000.0,False,True
43584155,150642,1405372,503,6198100,Braden Smith,IND,PG,6000.0,False,True
43584156,150642,1175110,496,6198098,Lester Quinones,ORL,PG/SG,5900.0,False,True
43584157,150642,1175110,497,6198098,Lester Quinones,ORL,PG/SG,5900.0,False,True
43584158,150642,1175110,502,6198098,Lester Quinones,ORL,PG/SG,5900.0,False,True
43584159,150642,1175110,503,6198098,Lester Quinones,ORL,PG/SG,5900.0,False,True
43584160,150642,1243588,497,6198099,Jaron Pierre Jr.,NO,SG,5800.0,False,True
43584161,150642,1243588,502,6198099,Jaron Pierre Jr.,NO,SG,5800.0,False,True
43584162,150642,1243588,503,6198099,Jaron Pierre Jr.,NO,SG,5800.0,False,True
43584163,150642,1134332,496,6198100,Taevion Kinsey,IND,PG/SG,5800.0,False,True
43584164,150642,1134332,497,6198100,Taevion Kinsey,IND,PG/SG,5800.0,False,True
43584165,150642,1134332,502,6198100,Taevion Kinsey,IND,PG/SG,5800.0,False,True
43584166,150642,1134332,503,6198100,Taevion Kinsey,IND,PG/SG,5800.0,False,True
43584167,150642,1236199,498,6198098,Ricky Council IV,ORL,SF/PF,5700.0,False,True
43584168,150642,1236199,499,6198098,Ricky Council IV,ORL,SF/PF,5700.0,False,True
43584169,150642,1236199,501,6198098,Ricky Council IV,ORL,SF/PF,5700.0,False,True
43584170,150642,1236199,503,6198098,Ricky Council IV,ORL,SF/PF,5700.0,False,True
43584171,150642,1405046,497,6198114,Tyler Nickel,NY,SG/SF,5700.0,False,True
43584172,150642,1405046,498,6198114,Tyler Nickel,NY,SG/SF,5700.0,False,True
43584173,150642,1405046,502,6198114,Tyler Nickel,NY,SG/SF,5700.0,False,True
43584174,150642,1405046,501,6198114,Tyler Nickel,NY,SG/SF,5700.0,False,True
43584175,150642,1405046,503,6198114,Tyler Nickel,NY,SG/SF,5700.0,False,True
43584176,150642,1408135,499,6198114,Maliq Brown,SA,PF,5600.0,False,True
43584177,150642,1408135,501,6198114,Maliq Brown,SA,PF,5600.0,False,True
43584178,150642,1408135,503,6198114,Maliq Brown,SA,PF,5600.0,False,True
43584179,150642,1175267,496,6198098,Alex Morales,ORL,PG/SG,5600.0,False,True
43584180,150642,1175267,497,6198098,Alex Morales,ORL,PG/SG,5600.0,False,True
43584181,150642,1175267,502,6198098,Alex Morales,ORL,PG/SG,5600.0,False,True
43584182,150642,1175267,503,6198098,Alex Morales,ORL,PG/SG,5600.0,False,True
43584183,150642,1408243,500,6198114,Tarris Reed Jr.,SA,C,5500.0,False,True
43584184,150642,1408243,503,6198114,Tarris Reed Jr.,SA,C,5500.0,False,True
43584185,150642,1373323,498,6198098,Phillip Wheeler,ORL,SF,5500.0,False,True
43584186,150642,1373323,501,6198098,Phillip Wheeler,ORL,SF,5500.0,False,True
43584187,150642,1373323,503,6198098,Phillip Wheeler,ORL,SF,5500.0,False,True
43584188,150642,1135289,498,6198100,Gabe McGlothan,IND,SF/PF,5500.0,False,True
43584189,150642,1135289,499,6198100,Gabe McGlothan,IND,SF/PF,5500.0,False,True
43584190,150642,1135289,501,6198100,Gabe McGlothan,IND,SF/PF,5500.0,False,True
43584191,150642,1135289,503,6198100,Gabe McGlothan,IND,SF/PF,5500.0,False,True
43584192,150642,1415864,498,6198098,Izaiyah Nelson,ORL,SF/PF,5400.0,False,True
43584193,150642,1415864,499,6198098,Izaiyah Nelson,ORL,SF/PF,5400.0,False,True
43584194,150642,1415864,501,6198098,Izaiyah Nelson,ORL,SF/PF,5400.0,False,True
43584195,150642,1415864,503,6198098,Izaiyah Nelson,ORL,SF/PF,5400.0,False,True
43584196,150642,1405618,497,6198098,Ryan Conwell,MIA,SG,5400.0,False,True
43584197,150642,1405618,502,6198098,Ryan Conwell,MIA,SG,5400.0,False,True
43584198,150642,1405618,503,6198098,Ryan Conwell,MIA,SG,5400.0,False,True
43584199,150642,1243722,496,6198114,RJ Davis,SA,PG/SG,5400.0,False,True
43584200,150642,1243722,497,6198114,RJ Davis,SA,PG/SG,5400.0,False,True
43584201,150642,1243722,502,6198114,RJ Davis,SA,PG/SG,5400.0,False,True
43584202,150642,1243722,503,6198114,RJ Davis,SA,PG/SG,5400.0,False,True
43584203,150642,1061641,498,6198100,Alex Reese,IND,SF/PF,5300.0,False,True
43584204,150642,1061641,499,6198100,Alex Reese,IND,SF/PF,5300.0,False,True
43584205,150642,1061641,501,6198100,Alex Reese,IND,SF/PF,5300.0,False,True
43584206,150642,1061641,503,6198100,Alex Reese,IND,SF/PF,5300.0,False,True
43584207,150642,1522597,496,6198099,Christian Anderson,CHA,PG,5300.0,False,True
43584208,150642,1522597,502,6198099,Christian Anderson,CHA,PG,5300.0,False,True
43584209,150642,1522597,503,6198099,Christian Anderson,CHA,PG,5300.0,False,True
43584210,150642,1174919,498,6198099,Josh Oduro,NO,SF/PF,5300.0,False,True
43584211,150642,1174919,499,6198099,Josh Oduro,NO,SF/PF,5300.0,False,True
43584212,150642,1174919,501,6198099,Josh Oduro,NO,SF/PF,5300.0,False,True
43584213,150642,1174919,503,6198099,Josh Oduro,NO,SF/PF,5300.0,False,True
43584214,150642,1176274,496,6198098,Jahmir Young,MIA,PG/SG,5300.0,False,True
43584215,150642,1176274,497,6198098,Jahmir Young,MIA,PG/SG,5300.0,False,True
43584216,150642,1176274,502,6198098,Jahmir Young,MIA,PG/SG,5300.0,False,True
43584217,150642,1176274,503,6198098,Jahmir Young,MIA,PG/SG,5300.0,False,True
43584218,150642,1135981,499,6198100,Jalen Slawson,IND,PF,5200.0,False,True
43584219,150642,1135981,501,6198100,Jalen Slawson,IND,PF,5200.0,False,True
43584220,150642,1135981,503,6198100,Jalen Slawson,IND,PF,5200.0,False,True
43584221,150642,1324081,498,6198100,Saint Thomas,PHI,SF/PF,5200.0,False,True
43584222,150642,1324081,499,6198100,Saint Thomas,PHI,SF/PF,5200.0,False,True
43584223,150642,1324081,501,6198100,Saint Thomas,PHI,SF/PF,5200.0,False,True
43584224,150642,1324081,503,6198100,Saint Thomas,PHI,SF/PF,5200.0,False,True
43584225,150642,1232467,498,6198099,Christian Shumate,NO,SF/PF,5200.0,False,True
43584226,150642,1232467,499,6198099,Christian Shumate,NO,SF/PF,5200.0,False,True
43584227,150642,1232467,501,6198099,Christian Shumate,NO,SF/PF,5200.0,False,True
43584228,150642,1232467,503,6198099,Christian Shumate,NO,SF/PF,5200.0,False,True
43584229,150642,1135193,498,6198114,Liam Robbins,NY,SF/PF,5200.0,False,True
43584230,150642,1135193,499,6198114,Liam Robbins,NY,SF/PF,5200.0,False,True
43584231,150642,1135193,501,6198114,Liam Robbins,NY,SF/PF,5200.0,False,True
43584232,150642,1135193,503,6198114,Liam Robbins,NY,SF/PF,5200.0,False,True
43584233,150642,1482051,499,6198099,Michael Ajayi,CHA,PF,5200.0,False,True
43584234,150642,1482051,501,6198099,Michael Ajayi,CHA,PF,5200.0,False,True
43584235,150642,1482051,503,6198099,Michael Ajayi,CHA,PF,5200.0,False,True
43584236,150642,1413172,496,6198099,Kylan Boswell,CHA,PG,5200.0,False,True
43584237,150642,1413172,502,6198099,Kylan Boswell,CHA,PG,5200.0,False,True
43584238,150642,1413172,503,6198099,Kylan Boswell,CHA,PG,5200.0,False,True
43584239,150642,1232533,498,6198099,Cameron Matthews,CHA,SF/PF,5100.0,False,True
43584240,150642,1232533,499,6198099,Cameron Matthews,CHA,SF/PF,5100.0,False,True
43584241,150642,1232533,501,6198099,Cameron Matthews,CHA,SF/PF,5100.0,False,True
43584242,150642,1232533,503,6198099,Cameron Matthews,CHA,SF/PF,5100.0,False,True
43584243,150642,1232503,496,6198114,Toby Okani,NY,PG/SG,5100.0,False,True
43584244,150642,1232503,497,6198114,Toby Okani,NY,PG/SG,5100.0,False,True
43584245,150642,1232503,502,6198114,Toby Okani,NY,PG/SG,5100.0,False,True
43584246,150642,1232503,503,6198114,Toby Okani,NY,PG/SG,5100.0,False,True
43584247,150642,1401394,496,6198098,Tre Donaldson,MIA,PG,5100.0,False,True
43584248,150642,1401394,502,6198098,Tre Donaldson,MIA,PG,5100.0,False,True
43584249,150642,1401394,503,6198098,Tre Donaldson,MIA,PG,5100.0,False,True
43584250,150642,1323990,496,6198098,Trevor Keels,MIA,PG/SG,5000.0,False,True
43584251,150642,1323990,497,6198098,Trevor Keels,MIA,PG/SG,5000.0,False,True
43584252,150642,1323990,502,6198098,Trevor Keels,MIA,PG/SG,5000.0,False,True
43584253,150642,1323990,503,6198098,Trevor Keels,MIA,PG/SG,5000.0,False,True
43584254,150642,1408200,496,6198114,Treysen Eaglestaff,NY,PG/SG,5000.0,False,True
43584255,150642,1408200,497,6198114,Treysen Eaglestaff,NY,PG/SG,5000.0,False,True
43584256,150642,1408200,502,6198114,Treysen Eaglestaff,NY,PG/SG,5000.0,False,True
43584257,150642,1408200,503,6198114,Treysen Eaglestaff,NY,PG/SG,5000.0,False,True
43584258,150642,1234923,498,6198100,Matt Rogers,PHI,SF/PF,5000.0,False,True
43584259,150642,1234923,499,6198100,Matt Rogers,PHI,SF/PF,5000.0,False,True
43584260,150642,1234923,501,6198100,Matt Rogers,PHI,SF/PF,5000.0,False,True
43584261,150642,1234923,503,6198100,Matt Rogers,PHI,SF/PF,5000.0,False,True
43584262,150642,1136245,496,6198099,Markquis Nowell,NO,PG/SG,4900.0,False,True
43584263,150642,1136245,497,6198099,Markquis Nowell,NO,PG/SG,4900.0,False,True
43584264,150642,1136245,502,6198099,Markquis Nowell,NO,PG/SG,4900.0,False,True
43584265,150642,1136245,503,6198099,Markquis Nowell,NO,PG/SG,4900.0,False,True
43584266,150642,1345648,496,6198114,Langston Wilson,NY,PG/SG,4900.0,False,True
43584267,150642,1345648,497,6198114,Langston Wilson,NY,PG/SG,4900.0,False,True
43584268,150642,1345648,502,6198114,Langston Wilson,NY,PG/SG,4900.0,False,True
43584269,150642,1345648,503,6198114,Langston Wilson,NY,PG/SG,4900.0,False,True
43584270,150642,1232029,496,6198100,Dante Maddox Jr.,PHI,PG/SG,4900.0,False,True
43584271,150642,1232029,497,6198100,Dante Maddox Jr.,PHI,PG/SG,4900.0,False,True
43584272,150642,1232029,502,6198100,Dante Maddox Jr.,PHI,PG/SG,4900.0,False,True
43584273,150642,1232029,503,6198100,Dante Maddox Jr.,PHI,PG/SG,4900.0,False,True
43584274,150642,1488649,496,6198099,Dominique Daniels Jr.,NO,PG/SG,4800.0,False,True
43584275,150642,1488649,497,6198099,Dominique Daniels Jr.,NO,PG/SG,4800.0,False,True
43584276,150642,1488649,502,6198099,Dominique Daniels Jr.,NO,PG/SG,4800.0,False,True
43584277,150642,1488649,503,6198099,Dominique Daniels Jr.,NO,PG/SG,4800.0,False,True
43584278,150642,1408465,498,6198098,Keyshawn Hall,MIA,SF/PF,4800.0,False,True
43584279,150642,1408465,499,6198098,Keyshawn Hall,MIA,SF/PF,4800.0,False,True
43584280,150642,1408465,501,6198098,Keyshawn Hall,MIA,SF/PF,4800.0,False,True
43584281,150642,1408465,503,6198098,Keyshawn Hall,MIA,SF/PF,4800.0,False,True
43584282,150642,1657336,497,6198114,Akoi Yuot,NY,SG,4800.0,False,True
43584283,150642,1657336,502,6198114,Akoi Yuot,NY,SG,4800.0,False,True
43584284,150642,1657336,503,6198114,Akoi Yuot,NY,SG,4800.0,False,True
43584285,150642,1408438,500,6198114,Harry Wessels,SA,C,4800.0,False,True
43584286,150642,1408438,503,6198114,Harry Wessels,SA,C,4800.0,False,True
43584287,150642,1430922,496,6198100,JJ Harper,PHI,PG/SG,4800.0,False,True
43584288,150642,1430922,497,6198100,JJ Harper,PHI,PG/SG,4800.0,False,True
43584289,150642,1430922,502,6198100,JJ Harper,PHI,PG/SG,4800.0,False,True
43584290,150642,1430922,503,6198100,JJ Harper,PHI,PG/SG,4800.0,False,True
43584291,150642,1193990,499,6198100,Rienk Mast,IND,PF/C,4700.0,False,True
43584292,150642,1193990,500,6198100,Rienk Mast,IND,PF/C,4700.0,False,True
43584293,150642,1193990,501,6198100,Rienk Mast,IND,PF/C,4700.0,False,True
43584294,150642,1193990,503,6198100,Rienk Mast,IND,PF/C,4700.0,False,True
43584295,150642,1323682,498,6198098,Ian Schieffelin,MIA,SF/PF,4700.0,False,True
43584296,150642,1323682,499,6198098,Ian Schieffelin,MIA,SF/PF,4700.0,False,True
43584297,150642,1323682,501,6198098,Ian Schieffelin,MIA,SF/PF,4700.0,False,True
43584298,150642,1323682,503,6198098,Ian Schieffelin,MIA,SF/PF,4700.0,False,True
43584299,150642,1482306,496,6198099,Melvin Council Jr.,NO,PG/SG,4700.0,False,True
43584300,150642,1482306,497,6198099,Melvin Council Jr.,NO,PG/SG,4700.0,False,True
43584301,150642,1482306,502,6198099,Melvin Council Jr.,NO,PG/SG,4700.0,False,True
43584302,150642,1482306,503,6198099,Melvin Council Jr.,NO,PG/SG,4700.0,False,True
43584303,150642,1326890,496,6198114,Erik Reynolds II,NY,PG/SG,4700.0,False,True
43584304,150642,1326890,497,6198114,Erik Reynolds II,NY,PG/SG,4700.0,False,True
43584305,150642,1326890,502,6198114,Erik Reynolds II,NY,PG/SG,4700.0,False,True
43584306,150642,1326890,503,6198114,Erik Reynolds II,NY,PG/SG,4700.0,False,True
43584307,150642,1401740,496,6198098,Mike Sharavjamts,ORL,PG/SG,4700.0,False,True
43584308,150642,1401740,497,6198098,Mike Sharavjamts,ORL,PG/SG,4700.0,False,True
43584309,150642,1401740,502,6198098,Mike Sharavjamts,ORL,PG/SG,4700.0,False,True
43584310,150642,1401740,503,6198098,Mike Sharavjamts,ORL,PG/SG,4700.0,False,True
43584311,150642,1541010,496,6198114,Miles Barnstable,SA,PG/SG,4700.0,False,True
43584312,150642,1541010,497,6198114,Miles Barnstable,SA,PG/SG,4700.0,False,True
43584313,150642,1541010,502,6198114,Miles Barnstable,SA,PG/SG,4700.0,False,True
43584314,150642,1541010,503,6198114,Miles Barnstable,SA,PG/SG,4700.0,False,True
43584315,150642,1326878,500,6198100,Isaac Johnson,PHI,C,4700.0,False,True
43584316,150642,1326878,503,6198100,Isaac Johnson,PHI,C,4700.0,False,True
43584317,150642,1323927,498,6198100,Kowacie Reeves Jr.,IND,SF/PF,4600.0,False,True
43584318,150642,1323927,499,6198100,Kowacie Reeves Jr.,IND,SF/PF,4600.0,False,True
43584319,150642,1323927,501,6198100,Kowacie Reeves Jr.,IND,SF/PF,4600.0,False,True
43584320,150642,1323927,503,6198100,Kowacie Reeves Jr.,IND,SF/PF,4600.0,False,True
43584321,150642,1403632,498,6198098,Ezra Ausar,MIA,SF/PF,4600.0,False,True
43584322,150642,1403632,499,6198098,Ezra Ausar,MIA,SF/PF,4600.0,False,True
43584323,150642,1403632,501,6198098,Ezra Ausar,MIA,SF/PF,4600.0,False,True
43584324,150642,1403632,503,6198098,Ezra Ausar,MIA,SF/PF,4600.0,False,True
43584325,150642,1324020,498,6198099,Jalon Moore,NO,SF/PF,4600.0,False,True
43584326,150642,1324020,499,6198099,Jalon Moore,NO,SF/PF,4600.0,False,True
43584327,150642,1324020,501,6198099,Jalon Moore,NO,SF/PF,4600.0,False,True
43584328,150642,1324020,503,6198099,Jalon Moore,NO,SF/PF,4600.0,False,True
43584329,150642,1402782,498,6198098,Malik Reneau,ORL,SF/PF,4600.0,False,True
43584330,150642,1402782,499,6198098,Malik Reneau,ORL,SF/PF,4600.0,False,True
43584331,150642,1402782,501,6198098,Malik Reneau,ORL,SF/PF,4600.0,False,True
43584332,150642,1402782,503,6198098,Malik Reneau,ORL,SF/PF,4600.0,False,True
43584333,150642,1231848,496,6198114,Tyon Grant-Foster,SA,PG/SG,4600.0,False,True
43584334,150642,1231848,497,6198114,Tyon Grant-Foster,SA,PG/SG,4600.0,False,True
43584335,150642,1231848,502,6198114,Tyon Grant-Foster,SA,PG/SG,4600.0,False,True
43584336,150642,1231848,503,6198114,Tyon Grant-Foster,SA,PG/SG,4600.0,False,True
43584337,150642,1415929,498,6198100,Nick Townsend,PHI,SF/PF,4600.0,False,True
43584338,150642,1415929,499,6198100,Nick Townsend,PHI,SF/PF,4600.0,False,True
43584339,150642,1415929,501,6198100,Nick Townsend,PHI,SF/PF,4600.0,False,True
43584340,150642,1415929,503,6198100,Nick Townsend,PHI,SF/PF,4600.0,False,True
43584341,150642,1340768,496,6198100,Jalen Warley,IND,PG/SG,4500.0,False,True
43584342,150642,1340768,497,6198100,Jalen Warley,IND,PG/SG,4500.0,False,True
43584343,150642,1340768,502,6198100,Jalen Warley,IND,PG/SG,4500.0,False,True
43584344,150642,1340768,503,6198100,Jalen Warley,IND,PG/SG,4500.0,False,True
43584345,150642,1528636,496,6198098,Nate Kingz,MIA,PG/SG,4500.0,False,True
43584346,150642,1528636,497,6198098,Nate Kingz,MIA,PG/SG,4500.0,False,True
43584347,150642,1528636,502,6198098,Nate Kingz,MIA,PG/SG,4500.0,False,True
43584348,150642,1528636,503,6198098,Nate Kingz,MIA,PG/SG,4500.0,False,True
43584349,150642,1408133,498,6198099,Chris Bell,NO,SF/PF,4500.0,False,True
43584350,150642,1408133,499,6198099,Chris Bell,NO,SF/PF,4500.0,False,True
43584351,150642,1408133,501,6198099,Chris Bell,NO,SF/PF,4500.0,False,True
43584352,150642,1408133,503,6198099,Chris Bell,NO,SF/PF,4500.0,False,True
43584353,150642,1340701,496,6198114,Jaden Akins,NY,PG/SG,4500.0,False,True
43584354,150642,1340701,497,6198114,Jaden Akins,NY,PG/SG,4500.0,False,True
43584355,150642,1340701,502,6198114,Jaden Akins,NY,PG/SG,4500.0,False,True
43584356,150642,1340701,503,6198114,Jaden Akins,NY,PG/SG,4500.0,False,True
43584357,150642,1556035,497,6198098,DJ Armstrong Jr.,ORL,SG/SF,4500.0,False,True
43584358,150642,1556035,498,6198098,DJ Armstrong Jr.,ORL,SG/SF,4500.0,False,True
43584359,150642,1556035,502,6198098,DJ Armstrong Jr.,ORL,SG/SF,4500.0,False,True
43584360,150642,1556035,501,6198098,DJ Armstrong Jr.,ORL,SG/SF,4500.0,False,True
43584361,150642,1556035,503,6198098,DJ Armstrong Jr.,ORL,SG/SF,4500.0,False,True
43584362,150642,1190373,498,6198099,Josiah Allick,CHA,SF/PF,4500.0,False,True
43584363,150642,1190373,499,6198099,Josiah Allick,CHA,SF/PF,4500.0,False,True
43584364,150642,1190373,501,6198099,Josiah Allick,CHA,SF/PF,4500.0,False,True
43584365,150642,1190373,503,6198099,Josiah Allick,CHA,SF/PF,4500.0,False,True
43584366,150642,1324101,498,6198114,RJ Melendez,SA,SF/PF,4500.0,False,True
43584367,150642,1324101,499,6198114,RJ Melendez,SA,SF/PF,4500.0,False,True
43584368,150642,1324101,501,6198114,RJ Melendez,SA,SF/PF,4500.0,False,True
43584369,150642,1324101,503,6198114,RJ Melendez,SA,SF/PF,4500.0,False,True
43584370,150642,1176335,496,6198100,Mylik Wilson,PHI,PG/SG,4500.0,False,True
43584371,150642,1176335,497,6198100,Mylik Wilson,PHI,PG/SG,4500.0,False,True
43584372,150642,1176335,502,6198100,Mylik Wilson,PHI,PG/SG,4500.0,False,True
43584373,150642,1176335,503,6198100,Mylik Wilson,PHI,PG/SG,4500.0,False,True
43584374,150642,1405968,500,6198100,Keba Keita,IND,C,4400.0,False,True
43584375,150642,1405968,503,6198100,Keba Keita,IND,C,4400.0,False,True
43584376,150642,1405903,496,6198098,Tre White,MIA,PG/SG,4400.0,False,True
43584377,150642,1405903,497,6198098,Tre White,MIA,PG/SG,4400.0,False,True
43584378,150642,1405903,502,6198098,Tre White,MIA,PG/SG,4400.0,False,True
43584379,150642,1405903,503,6198098,Tre White,MIA,PG/SG,4400.0,False,True
43584380,150642,1406012,498,6198099,Malik Dia,NO,SF/PF,4400.0,False,True
43584381,150642,1406012,499,6198099,Malik Dia,NO,SF/PF,4400.0,False,True
43584382,150642,1406012,501,6198099,Malik Dia,NO,SF/PF,4400.0,False,True
43584383,150642,1406012,503,6198099,Malik Dia,NO,SF/PF,4400.0,False,True
43584384,150642,1357735,498,6198114,Keith Palek III,NY,SF/PF,4400.0,False,True
43584385,150642,1357735,499,6198114,Keith Palek III,NY,SF/PF,4400.0,False,True
43584386,150642,1357735,501,6198114,Keith Palek III,NY,SF/PF,4400.0,False,True
43584387,150642,1357735,503,6198114,Keith Palek III,NY,SF/PF,4400.0,False,True
43584388,150642,1135177,498,6198098,CJ Elleby,ORL,SF/PF,4400.0,False,True
43584389,150642,1135177,499,6198098,CJ Elleby,ORL,SF/PF,4400.0,False,True
43584390,150642,1135177,501,6198098,CJ Elleby,ORL,SF/PF,4400.0,False,True
43584391,150642,1135177,503,6198098,CJ Elleby,ORL,SF/PF,4400.0,False,True
43584392,150642,1232079,496,6198099,Latrell Wrightsell Jr.,CHA,PG/SG,4400.0,False,True
43584393,150642,1232079,497,6198099,Latrell Wrightsell Jr.,CHA,PG/SG,4400.0,False,True
43584394,150642,1232079,502,6198099,Latrell Wrightsell Jr.,CHA,PG/SG,4400.0,False,True
43584395,150642,1232079,503,6198099,Latrell Wrightsell Jr.,CHA,PG/SG,4400.0,False,True
43584396,150642,1232314,496,6198100,Duke Miles,PHI,PG/SG,4400.0,False,True
43584397,150642,1232314,497,6198100,Duke Miles,PHI,PG/SG,4400.0,False,True
43584398,150642,1232314,502,6198100,Duke Miles,PHI,PG/SG,4400.0,False,True
43584399,150642,1232314,503,6198100,Duke Miles,PHI,PG/SG,4400.0,False,True
43584400,150642,1343050,499,6198114,Igor Milicic Jr.,SA,PF,4400.0,False,True
43584401,150642,1343050,501,6198114,Igor Milicic Jr.,SA,PF,4400.0,False,True
43584402,150642,1343050,503,6198114,Igor Milicic Jr.,SA,PF,4400.0,False,True
43584403,150642,1656691,498,6198100,MJ Iraldi,IND,SF/PF,4300.0,False,True
43584404,150642,1656691,499,6198100,MJ Iraldi,IND,SF/PF,4300.0,False,True
43584405,150642,1656691,501,6198100,MJ Iraldi,IND,SF/PF,4300.0,False,True
43584406,150642,1656691,503,6198100,MJ Iraldi,IND,SF/PF,4300.0,False,True
43584407,150642,1420755,500,6198098,Arnas Sakenis,MIA,C,4300.0,False,True
43584408,150642,1420755,503,6198098,Arnas Sakenis,MIA,C,4300.0,False,True
43584409,150642,1245938,498,6198114,Lance Ware,NY,SF/PF,4300.0,False,True
43584410,150642,1245938,499,6198114,Lance Ware,NY,SF/PF,4300.0,False,True
43584411,150642,1245938,501,6198114,Lance Ware,NY,SF/PF,4300.0,False,True
43584412,150642,1245938,503,6198114,Lance Ware,NY,SF/PF,4300.0,False,True
43584413,150642,1232070,496,6198098,Ace Baldwin Jr.,ORL,PG/SG,4300.0,False,True
43584414,150642,1232070,497,6198098,Ace Baldwin Jr.,ORL,PG/SG,4300.0,False,True
43584415,150642,1232070,502,6198098,Ace Baldwin Jr.,ORL,PG/SG,4300.0,False,True
43584416,150642,1232070,503,6198098,Ace Baldwin Jr.,ORL,PG/SG,4300.0,False,True
43584417,150642,1401767,496,6198099,Max Mackinnon,CHA,PG/SG,4300.0,False,True
43584418,150642,1401767,497,6198099,Max Mackinnon,CHA,PG/SG,4300.0,False,True
43584419,150642,1401767,502,6198099,Max Mackinnon,CHA,PG/SG,4300.0,False,True
43584420,150642,1401767,503,6198099,Max Mackinnon,CHA,PG/SG,4300.0,False,True
43584421,150642,1415581,498,6198100,Amani Lyles,PHI,SF/PF,4300.0,False,True
43584422,150642,1415581,499,6198100,Amani Lyles,PHI,SF/PF,4300.0,False,True
43584423,150642,1415581,501,6198100,Amani Lyles,PHI,SF/PF,4300.0,False,True
43584424,150642,1415581,503,6198100,Amani Lyles,PHI,SF/PF,4300.0,False,True
43584425,150642,1180055,498,6198114,Hyunjung Lee,SA,SF/PF,4300.0,False,True
43584426,150642,1180055,499,6198114,Hyunjung Lee,SA,SF/PF,4300.0,False,True
43584427,150642,1180055,501,6198114,Hyunjung Lee,SA,SF/PF,4300.0,False,True
43584428,150642,1180055,503,6198114,Hyunjung Lee,SA,SF/PF,4300.0,False,True
43584429,150642,1328236,496,6198100,Cameron Hildreth,IND,PG/SG,4200.0,False,True
43584430,150642,1328236,497,6198100,Cameron Hildreth,IND,PG/SG,4200.0,False,True
43584431,150642,1328236,502,6198100,Cameron Hildreth,IND,PG/SG,4200.0,False,True
43584432,150642,1328236,503,6198100,Cameron Hildreth,IND,PG/SG,4200.0,False,True
43584433,150642,1232444,496,6198098,J'Vonne Hadley,MIA,PG/SG,4200.0,False,True
43584434,150642,1232444,497,6198098,J'Vonne Hadley,MIA,PG/SG,4200.0,False,True
43584435,150642,1232444,502,6198098,J'Vonne Hadley,MIA,PG/SG,4200.0,False,True
43584436,150642,1232444,503,6198098,J'Vonne Hadley,MIA,PG/SG,4200.0,False,True
43584437,150642,1234921,498,6198099,Johnny O'Neil,NO,SF/PF,4200.0,False,True
43584438,150642,1234921,499,6198099,Johnny O'Neil,NO,SF/PF,4200.0,False,True
43584439,150642,1234921,501,6198099,Johnny O'Neil,NO,SF/PF,4200.0,False,True
43584440,150642,1234921,503,6198099,Johnny O'Neil,NO,SF/PF,4200.0,False,True
43584441,150642,1406922,496,6198114,Will Johnston,NY,PG/SG,4200.0,False,True
43584442,150642,1406922,497,6198114,Will Johnston,NY,PG/SG,4200.0,False,True
43584443,150642,1406922,502,6198114,Will Johnston,NY,PG/SG,4200.0,False,True
43584444,150642,1406922,503,6198114,Will Johnston,NY,PG/SG,4200.0,False,True
43584445,150642,1232341,496,6198098,Johnell Davis,ORL,PG/SG,4200.0,False,True
43584446,150642,1232341,497,6198098,Johnell Davis,ORL,PG/SG,4200.0,False,True
43584447,150642,1232341,502,6198098,Johnell Davis,ORL,PG/SG,4200.0,False,True
43584448,150642,1232341,503,6198098,Johnell Davis,ORL,PG/SG,4200.0,False,True
43584449,150642,1145994,496,6198099,Terrell Brown Jr.,CHA,PG/SG,4200.0,False,True
43584450,150642,1145994,497,6198099,Terrell Brown Jr.,CHA,PG/SG,4200.0,False,True
43584451,150642,1145994,502,6198099,Terrell Brown Jr.,CHA,PG/SG,4200.0,False,True
43584452,150642,1145994,503,6198099,Terrell Brown Jr.,CHA,PG/SG,4200.0,False,True
43584453,150642,1536409,496,6198100,Taye Fields,PHI,PG/SG,4200.0,False,True
43584454,150642,1536409,497,6198100,Taye Fields,PHI,PG/SG,4200.0,False,True
43584455,150642,1536409,502,6198100,Taye Fields,PHI,PG/SG,4200.0,False,True
43584456,150642,1536409,503,6198100,Taye Fields,PHI,PG/SG,4200.0,False,True
43584457,150642,1176026,500,6198114,David Muoka,SA,C,4200.0,False,True
43584458,150642,1176026,503,6198114,David Muoka,SA,C,4200.0,False,True
43584459,150642,1266174,496,6198098,Meechie Johnson,MIA,PG/SG,4100.0,False,True
43584460,150642,1266174,497,6198098,Meechie Johnson,MIA,PG/SG,4100.0,False,True
43584461,150642,1266174,502,6198098,Meechie Johnson,MIA,PG/SG,4100.0,False,True
43584462,150642,1266174,503,6198098,Meechie Johnson,MIA,PG/SG,4100.0,False,True
43584463,150642,1251745,498,6198114,Nick Jourdain,NY,SF/PF,4100.0,False,True
43584464,150642,1251745,499,6198114,Nick Jourdain,NY,SF/PF,4100.0,False,True
43584465,150642,1251745,501,6198114,Nick Jourdain,NY,SF/PF,4100.0,False,True
43584466,150642,1251745,503,6198114,Nick Jourdain,NY,SF/PF,4100.0,False,True
43584467,150642,1186774,498,6198098,Will Baker,ORL,SF/PF,4100.0,False,True
43584468,150642,1186774,499,6198098,Will Baker,ORL,SF/PF,4100.0,False,True
43584469,150642,1186774,501,6198098,Will Baker,ORL,SF/PF,4100.0,False,True
43584470,150642,1186774,503,6198098,Will Baker,ORL,SF/PF,4100.0,False,True
43584471,150642,1482354,500,6198100,Drew Cisse,PHI,C,4100.0,False,True
43584472,150642,1482354,503,6198100,Drew Cisse,PHI,C,4100.0,False,True
43584473,150642,1345427,496,6198114,Zakai Zeigler,SA,PG/SG,4100.0,False,True
43584474,150642,1345427,497,6198114,Zakai Zeigler,SA,PG/SG,4100.0,False,True
43584475,150642,1345427,502,6198114,Zakai Zeigler,SA,PG/SG,4100.0,False,True
43584476,150642,1345427,503,6198114,Zakai Zeigler,SA,PG/SG,4100.0,False,True
43584477,150642,1351088,496,6198098,Cam Carter,MIA,PG/SG,4000.0,False,True
43584478,150642,1351088,497,6198098,Cam Carter,MIA,PG/SG,4000.0,False,True
43584479,150642,1351088,502,6198098,Cam Carter,MIA,PG/SG,4000.0,False,True
43584480,150642,1351088,503,6198098,Cam Carter,MIA,PG/SG,4000.0,False,True
43584481,150642,1134731,498,6198099,Nathan Mensah,NO,SF/PF,4000.0,False,True
43584482,150642,1134731,499,6198099,Nathan Mensah,NO,SF/PF,4000.0,False,True
43584483,150642,1134731,501,6198099,Nathan Mensah,NO,SF/PF,4000.0,False,True
43584484,150642,1134731,503,6198099,Nathan Mensah,NO,SF/PF,4000.0,False,True
43584485,150642,1402846,496,6198100,Tamin Lipsey,IND,PG/SG,4000.0,False,True
43584486,150642,1402846,497,6198100,Tamin Lipsey,IND,PG/SG,4000.0,False,True
43584487,150642,1402846,502,6198100,Tamin Lipsey,IND,PG/SG,4000.0,False,True
43584488,150642,1402846,503,6198100,Tamin Lipsey,IND,PG/SG,4000.0,False,True
43584489,150642,1405899,496,6198114,Oziyah Sellers,NY,PG/SG,4000.0,False,True
43584490,150642,1405899,497,6198114,Oziyah Sellers,NY,PG/SG,4000.0,False,True
43584491,150642,1405899,502,6198114,Oziyah Sellers,NY,PG/SG,4000.0,False,True
43584492,150642,1405899,503,6198114,Oziyah Sellers,NY,PG/SG,4000.0,False,True
43584493,150642,1413221,496,6198098,Tre Holloman,ORL,PG/SG,4000.0,False,True
43584494,150642,1413221,497,6198098,Tre Holloman,ORL,PG/SG,4000.0,False,True
43584495,150642,1413221,502,6198098,Tre Holloman,ORL,PG/SG,4000.0,False,True
43584496,150642,1413221,503,6198098,Tre Holloman,ORL,PG/SG,4000.0,False,True
43584497,150642,1343680,498,6198099,Wyatt Fricks,CHA,SF/PF,4000.0,False,True
43584498,150642,1343680,499,6198099,Wyatt Fricks,CHA,SF/PF,4000.0,False,True
43584499,150642,1343680,501,6198099,Wyatt Fricks,CHA,SF/PF,4000.0,False,True
43584500,150642,1343680,503,6198099,Wyatt Fricks,CHA,SF/PF,4000.0,False,True
43584501,150642,1524017,496,6198100,Javontae Campbell,PHI,PG/SG,4000.0,False,True
43584502,150642,1524017,497,6198100,Javontae Campbell,PHI,PG/SG,4000.0,False,True
43584503,150642,1524017,502,6198100,Javontae Campbell,PHI,PG/SG,4000.0,False,True
43584504,150642,1524017,503,6198100,Javontae Campbell,PHI,PG/SG,4000.0,False,True
43584505,150642,1327839,496,6198114,Jayden Nunn,SA,PG/SG,4000.0,False,True
43584506,150642,1327839,497,6198114,Jayden Nunn,SA,PG/SG,4000.0,False,True
43584507,150642,1327839,502,6198114,Jayden Nunn,SA,PG/SG,4000.0,False,True
43584508,150642,1327839,503,6198114,Jayden Nunn,SA,PG/SG,4000.0,False,True
43584509,150643,1523978,496,6198116,Egor Demin,BKN,PG,9200.0,False,True
43584510,150643,1523978,502,6198116,Egor Demin,BKN,PG,9200.0,False,True
43584511,150643,1523978,503,6198116,Egor Demin,BKN,PG,9200.0,False,True
43584512,150643,1465110,499,6198117,Collin Murray-Boyles,TOR,PF,9000.0,False,True
43584513,150643,1465110,501,6198117,Collin Murray-Boyles,TOR,PF,9000.0,False,True
43584514,150643,1465110,503,6198117,Collin Murray-Boyles,TOR,PF,9000.0,False,True
43584515,150643,1593658,496,6198116,Mikel Brown Jr.,BKN,PG,8900.0,False,True
43584516,150643,1593658,502,6198116,Mikel Brown Jr.,BKN,PG,8900.0,False,True
43584517,150643,1593658,503,6198116,Mikel Brown Jr.,BKN,PG,8900.0,False,True
43584518,150643,1593959,496,6198116,Kingston Flemings,ATL,PG,8800.0,False,True
43584519,150643,1593959,502,6198116,Kingston Flemings,ATL,PG,8800.0,False,True
43584520,150643,1593959,503,6198116,Kingston Flemings,ATL,PG,8800.0,False,True
43584521,150643,1520671,499,6198118,Morez Johnson,DAL,PF,8600.0,False,True
43584522,150643,1520671,501,6198118,Morez Johnson,DAL,PF,8600.0,False,True
43584523,150643,1520671,503,6198118,Morez Johnson,DAL,PF,8600.0,False,True
43584524,150643,1590552,500,6198115,Joan Beringer,MIN,C,8400.0,False,True
43584525,150643,1590552,503,6198115,Joan Beringer,MIN,C,8400.0,False,True
43584526,150643,1415928,499,6198116,Danny Wolf,BKN,PF,8100.0,False,True
43584527,150643,1415928,501,6198116,Danny Wolf,BKN,PF,8100.0,False,True
43584528,150643,1415928,503,6198116,Danny Wolf,BKN,PF,8100.0,False,True
43584529,150643,1460958,497,6198118,Cameron Carr,LAL,SG,8000.0,False,True
43584530,150643,1460958,502,6198118,Cameron Carr,LAL,SG,8000.0,False,True
43584531,150643,1460958,503,6198118,Cameron Carr,LAL,SG,8000.0,False,True
43584532,150643,1538643,498,6198117,Allen Graves,TOR,SF/PF,7800.0,False,True
43584533,150643,1538643,499,6198117,Allen Graves,TOR,SF/PF,7800.0,False,True
43584534,150643,1538643,501,6198117,Allen Graves,TOR,SF/PF,7800.0,False,True
43584535,150643,1538643,503,6198117,Allen Graves,TOR,SF/PF,7800.0,False,True
43584536,150643,1343005,496,6198116,Hunter Sallis,BKN,PG/SG,7900.0,False,True
43584537,150643,1343005,497,6198116,Hunter Sallis,BKN,PG/SG,7900.0,False,True
43584538,150643,1343005,502,6198116,Hunter Sallis,BKN,PG/SG,7900.0,False,True
43584539,150643,1343005,503,6198116,Hunter Sallis,BKN,PG/SG,7900.0,False,True
43584540,150643,1253947,496,6198115,Mark Sears,DEN,PG,7800.0,False,True
43584541,150643,1253947,502,6198115,Mark Sears,DEN,PG,7800.0,False,True
43584542,150643,1253947,503,6198115,Mark Sears,DEN,PG,7800.0,False,True
43584543,150643,1524332,499,6198116,Asa Newell,ATL,PF,7600.0,False,True
43584544,150643,1524332,501,6198116,Asa Newell,ATL,PF,7600.0,False,True
43584545,150643,1524332,503,6198116,Asa Newell,ATL,PF,7600.0,False,True
43584546,150643,1176741,498,6198116,Jacob Toppin,ATL,SF,7700.0,False,True
43584547,150643,1176741,501,6198116,Jacob Toppin,ATL,SF,7700.0,False,True
43584548,150643,1176741,503,6198116,Jacob Toppin,ATL,SF,7700.0,False,True
43584549,150643,1323636,496,6198115,KJ Simpson,DEN,PG/SG,7500.0,False,True
43584550,150643,1323636,497,6198115,KJ Simpson,DEN,PG/SG,7500.0,False,True
43584551,150643,1323636,502,6198115,KJ Simpson,DEN,PG/SG,7500.0,False,True
43584552,150643,1323636,503,6198115,KJ Simpson,DEN,PG/SG,7500.0,False,True
43584553,150643,1191196,498,6198118,Anton Watson,LAL,SF/PF,7300.0,False,True
43584554,150643,1191196,499,6198118,Anton Watson,LAL,SF/PF,7300.0,False,True
43584555,150643,1191196,501,6198118,Anton Watson,LAL,SF/PF,7300.0,False,True
43584556,150643,1191196,503,6198118,Anton Watson,LAL,SF/PF,7300.0,False,True
43584557,150643,1542179,498,6198116,Drake Powell,BKN,SF,7300.0,False,True
43584558,150643,1542179,501,6198116,Drake Powell,BKN,SF,7300.0,False,True
43584559,150643,1542179,503,6198116,Drake Powell,BKN,SF,7300.0,False,True
43584560,150643,1590554,497,6198116,Ben Saraf,BKN,SG,7000.0,False,True
43584561,150643,1590554,502,6198116,Ben Saraf,BKN,SG,7000.0,False,True
43584562,150643,1590554,503,6198116,Ben Saraf,BKN,SG,7000.0,False,True
43584563,150643,1194704,496,6198116,RayJ Dennis,ATL,PG/SG,7300.0,False,True
43584564,150643,1194704,497,6198116,RayJ Dennis,ATL,PG/SG,7300.0,False,True
43584565,150643,1194704,502,6198116,RayJ Dennis,ATL,PG/SG,7300.0,False,True
43584566,150643,1194704,503,6198116,RayJ Dennis,ATL,PG/SG,7300.0,False,True
43584567,150643,1231665,496,6198118,Jaden Springer,DAL,PG/SG,7000.0,False,True
43584568,150643,1231665,497,6198118,Jaden Springer,DAL,PG/SG,7000.0,False,True
43584569,150643,1231665,502,6198118,Jaden Springer,DAL,PG/SG,7000.0,False,True
43584570,150643,1231665,503,6198118,Jaden Springer,DAL,PG/SG,7000.0,False,True
43584571,150643,1232344,496,6198117,Alijah Martin,TOR,PG/SG,7000.0,False,True
43584572,150643,1232344,497,6198117,Alijah Martin,TOR,PG/SG,7000.0,False,True
43584573,150643,1232344,502,6198117,Alijah Martin,TOR,PG/SG,7000.0,False,True
43584574,150643,1232344,503,6198117,Alijah Martin,TOR,PG/SG,7000.0,False,True
43584575,150643,1327212,496,6198117,Chucky Hepburn,TOR,PG,6800.0,False,True
43584576,150643,1327212,502,6198117,Chucky Hepburn,TOR,PG,6800.0,False,True
43584577,150643,1327212,503,6198117,Chucky Hepburn,TOR,PG,6800.0,False,True
43584578,150643,1176631,498,6198117,Isaiah Crawford,HOU,SF/PF,8000.0,False,True
43584579,150643,1176631,499,6198117,Isaiah Crawford,HOU,SF/PF,8000.0,False,True
43584580,150643,1176631,501,6198117,Isaiah Crawford,HOU,SF/PF,8000.0,False,True
43584581,150643,1176631,503,6198117,Isaiah Crawford,HOU,SF/PF,8000.0,False,True
43584582,150643,1502168,500,6198115,Rocco Zikarsky,MIN,C,7500.0,False,True
43584583,150643,1502168,503,6198115,Rocco Zikarsky,MIN,C,7500.0,False,True
43584584,150643,1174846,497,6198117,Tristen Newton,HOU,SG,7200.0,False,True
43584585,150643,1174846,502,6198117,Tristen Newton,HOU,SG,7200.0,False,True
43584586,150643,1174846,503,6198117,Tristen Newton,HOU,SG,7200.0,False,True
43584587,150643,1197096,499,6198115,Enrique Freeman,MIN,PF,6800.0,False,True
43584588,150643,1197096,501,6198115,Enrique Freeman,MIN,PF,6800.0,False,True
43584589,150643,1197096,503,6198115,Enrique Freeman,MIN,PF,6800.0,False,True
43584590,150643,1429357,499,6198118,Tyler Smith,DAL,PF,6600.0,False,True
43584591,150643,1429357,501,6198118,Tyler Smith,DAL,PF,6600.0,False,True
43584592,150643,1429357,503,6198118,Tyler Smith,DAL,PF,6600.0,False,True
43584593,150643,1408189,498,6198118,Adou Thiero,LAL,SF,6200.0,False,True
43584594,150643,1408189,501,6198118,Adou Thiero,LAL,SF,6200.0,False,True
43584595,150643,1408189,503,6198118,Adou Thiero,LAL,SF,6200.0,False,True
43584596,150643,1175076,496,6198116,Isaiah Wong,ATL,PG/SG,6200.0,False,True
43584597,150643,1175076,497,6198116,Isaiah Wong,ATL,PG/SG,6200.0,False,True
43584598,150643,1175076,502,6198116,Isaiah Wong,ATL,PG/SG,6200.0,False,True
43584599,150643,1175076,503,6198116,Isaiah Wong,ATL,PG/SG,6200.0,False,True
43584600,150643,1271709,497,6198117,Daishen Nix,HOU,SG,6500.0,False,True
43584601,150643,1271709,502,6198117,Daishen Nix,HOU,SG,6500.0,False,True
43584602,150643,1271709,503,6198117,Daishen Nix,HOU,SG,6500.0,False,True
43584603,150643,1175108,496,6198115,Damion Baugh,MIN,PG/SG,6500.0,False,True
43584604,150643,1175108,497,6198115,Damion Baugh,MIN,PG/SG,6500.0,False,True
43584605,150643,1175108,502,6198115,Damion Baugh,MIN,PG/SG,6500.0,False,True
43584606,150643,1175108,503,6198115,Damion Baugh,MIN,PG/SG,6500.0,False,True
43584607,150643,1502180,500,6198116,Eli Ndiaye,ATL,C,5700.0,False,True
43584608,150643,1502180,503,6198116,Eli Ndiaye,ATL,C,5700.0,False,True
43584609,150643,1232601,496,6198118,Chris Manon,LAL,PG/SG,5700.0,False,True
43584610,150643,1232601,497,6198118,Chris Manon,LAL,PG/SG,5700.0,False,True
43584611,150643,1232601,502,6198118,Chris Manon,LAL,PG/SG,5700.0,False,True
43584612,150643,1232601,503,6198118,Chris Manon,LAL,PG/SG,5700.0,False,True
43584613,150643,1323621,496,6198118,Ryan Nembhard,DAL,PG/SG,5600.0,False,True
43584614,150643,1323621,497,6198118,Ryan Nembhard,DAL,PG/SG,5600.0,False,True
43584615,150643,1323621,502,6198118,Ryan Nembhard,DAL,PG/SG,5600.0,False,True
43584616,150643,1323621,503,6198118,Ryan Nembhard,DAL,PG/SG,5600.0,False,True
43584617,150643,1327829,496,6198116,Keshon Gilbert,ATL,PG/SG,6000.0,False,True
43584618,150643,1327829,497,6198116,Keshon Gilbert,ATL,PG/SG,6000.0,False,True
43584619,150643,1327829,502,6198116,Keshon Gilbert,ATL,PG/SG,6000.0,False,True
43584620,150643,1327829,503,6198116,Keshon Gilbert,ATL,PG/SG,6000.0,False,True
43584621,150643,1413173,500,6198116,Henri Veesaar,ATL,C,5500.0,False,True
43584622,150643,1413173,503,6198116,Henri Veesaar,ATL,C,5500.0,False,True
43584623,150643,1416382,498,6198116,Zuby Ejiofor,ATL,SF/PF,5400.0,False,True
43584624,150643,1416382,499,6198116,Zuby Ejiofor,ATL,SF/PF,5400.0,False,True
43584625,150643,1416382,501,6198116,Zuby Ejiofor,ATL,SF/PF,5400.0,False,True
43584626,150643,1416382,503,6198116,Zuby Ejiofor,ATL,SF/PF,5400.0,False,True
43584627,150643,1405461,499,6198116,Tyler Bilodeau,BKN,PF,5600.0,False,True
43584628,150643,1405461,501,6198116,Tyler Bilodeau,BKN,PF,5600.0,False,True
43584629,150643,1405461,503,6198116,Tyler Bilodeau,BKN,PF,5600.0,False,True
43584630,150643,1475170,498,6198116,Chaney Johnson,BKN,SF,5700.0,False,True
43584631,150643,1475170,501,6198116,Chaney Johnson,BKN,SF,5700.0,False,True
43584632,150643,1475170,503,6198116,Chaney Johnson,BKN,SF,5700.0,False,True
43584633,150643,1408263,498,6198118,Tobi Lawal,DAL,SF,5300.0,False,True
43584634,150643,1408263,501,6198118,Tobi Lawal,DAL,SF,5300.0,False,True
43584635,150643,1408263,503,6198118,Tobi Lawal,DAL,SF,5300.0,False,True
43584636,150643,1654816,497,6198118,Vsevolod Ishchenko,DAL,SG,5800.0,False,True
43584637,150643,1654816,502,6198118,Vsevolod Ishchenko,DAL,SG,5800.0,False,True
43584638,150643,1654816,503,6198118,Vsevolod Ishchenko,DAL,SG,5800.0,False,True
43584639,150643,1343052,496,6198118,John Poulakidas,DAL,PG/SG,5700.0,False,True
43584640,150643,1343052,497,6198118,John Poulakidas,DAL,PG/SG,5700.0,False,True
43584641,150643,1343052,502,6198118,John Poulakidas,DAL,PG/SG,5700.0,False,True
43584642,150643,1343052,503,6198118,John Poulakidas,DAL,PG/SG,5700.0,False,True
43584643,150643,1654518,497,6198118,Sergio de Larrea,DAL,SG,5400.0,False,True
43584644,150643,1654518,502,6198118,Sergio de Larrea,DAL,SG,5400.0,False,True
43584645,150643,1654518,503,6198118,Sergio de Larrea,DAL,SG,5400.0,False,True
43584646,150643,1401378,496,6198117,Jaden Bradley,TOR,PG/SG,5800.0,False,True
43584647,150643,1401378,497,6198117,Jaden Bradley,TOR,PG/SG,5800.0,False,True
43584648,150643,1401378,502,6198117,Jaden Bradley,TOR,PG/SG,5800.0,False,True
43584649,150643,1401378,503,6198117,Jaden Bradley,TOR,PG/SG,5800.0,False,True
43584650,150643,1340791,498,6198115,Bryce Hopkins,DEN,SF,5800.0,False,True
43584651,150643,1340791,501,6198115,Bryce Hopkins,DEN,SF,5800.0,False,True
43584652,150643,1340791,503,6198115,Bryce Hopkins,DEN,SF,5800.0,False,True
43584653,150643,1325097,499,6198115,Trey Kaufman-Renn,MIN,PF,5800.0,False,True
43584654,150643,1325097,501,6198115,Trey Kaufman-Renn,MIN,PF,5800.0,False,True
43584655,150643,1325097,503,6198115,Trey Kaufman-Renn,MIN,PF,5800.0,False,True
43584656,150643,1196146,496,6198115,Zyon Pullin,MIN,PG,5300.0,False,True
43584657,150643,1196146,502,6198115,Zyon Pullin,MIN,PG,5300.0,False,True
43584658,150643,1196146,503,6198115,Zyon Pullin,MIN,PG,5300.0,False,True
43584659,150643,1408255,496,6198117,Bruce Thornton,HOU,PG,5800.0,False,True
43584660,150643,1408255,502,6198117,Bruce Thornton,HOU,PG,5800.0,False,True
43584661,150643,1408255,503,6198117,Bruce Thornton,HOU,PG,5800.0,False,True
43584662,150643,1133857,498,6198117,Miller Kopp,HOU,SF/PF,5200.0,False,True
43584663,150643,1133857,499,6198117,Miller Kopp,HOU,SF/PF,5200.0,False,True
43584664,150643,1133857,501,6198117,Miller Kopp,HOU,SF/PF,5200.0,False,True
43584665,150643,1133857,503,6198117,Miller Kopp,HOU,SF/PF,5200.0,False,True
43584666,150643,950903,496,6198115,DeJon Jarreau,DEN,PG/SG,5400.0,False,True
43584667,150643,950903,497,6198115,DeJon Jarreau,DEN,PG/SG,5400.0,False,True
43584668,150643,950903,502,6198115,DeJon Jarreau,DEN,PG/SG,5400.0,False,True
43584669,150643,950903,503,6198115,DeJon Jarreau,DEN,PG/SG,5400.0,False,True
43584670,150643,1232497,498,6198116,Grant Nelson,BKN,SF/PF,5500.0,False,True
43584671,150643,1232497,499,6198116,Grant Nelson,BKN,SF/PF,5500.0,False,True
43584672,150643,1232497,501,6198116,Grant Nelson,BKN,SF/PF,5500.0,False,True
43584673,150643,1232497,503,6198116,Grant Nelson,BKN,SF/PF,5500.0,False,True
43584674,150643,1189241,497,6198117,Seth Lundy,TOR,SG/SF,5500.0,False,True
43584675,150643,1189241,498,6198117,Seth Lundy,TOR,SG/SF,5500.0,False,True
43584676,150643,1189241,502,6198117,Seth Lundy,TOR,SG/SF,5500.0,False,True
43584677,150643,1189241,501,6198117,Seth Lundy,TOR,SG/SF,5500.0,False,True
43584678,150643,1189241,503,6198117,Seth Lundy,TOR,SG/SF,5500.0,False,True
43584679,150643,1235208,496,6198116,Gabe Madsen,ATL,PG/SG,5000.0,False,True
43584680,150643,1235208,497,6198116,Gabe Madsen,ATL,PG/SG,5000.0,False,True
43584681,150643,1235208,502,6198116,Gabe Madsen,ATL,PG/SG,5000.0,False,True
43584682,150643,1235208,503,6198116,Gabe Madsen,ATL,PG/SG,5000.0,False,True
43584683,150643,1427004,498,6198118,AK Okereke,LAL,SF,5300.0,False,True
43584684,150643,1427004,501,6198118,AK Okereke,LAL,SF,5300.0,False,True
43584685,150643,1427004,503,6198118,AK Okereke,LAL,SF,5300.0,False,True
43584686,150643,1401446,497,6198118,Peter Suder,LAL,SG,5400.0,False,True
43584687,150643,1401446,502,6198118,Peter Suder,LAL,SG,5400.0,False,True
43584688,150643,1401446,503,6198118,Peter Suder,LAL,SG,5400.0,False,True
43584689,150643,1357746,499,6198117,Michael Foster,HOU,PF,5000.0,False,True
43584690,150643,1357746,501,6198117,Michael Foster,HOU,PF,5000.0,False,True
43584691,150643,1357746,503,6198117,Michael Foster,HOU,PF,5000.0,False,True
43584692,150643,1345658,498,6198117,Jamarion Sharp,TOR,SF/PF,5300.0,False,True
43584693,150643,1345658,499,6198117,Jamarion Sharp,TOR,SF/PF,5300.0,False,True
43584694,150643,1345658,501,6198117,Jamarion Sharp,TOR,SF/PF,5300.0,False,True
43584695,150643,1345658,503,6198117,Jamarion Sharp,TOR,SF/PF,5300.0,False,True
43584696,150643,1078666,498,6198118,Zhaire Smith,LAL,SF,5200.0,False,True
43584697,150643,1078666,501,6198118,Zhaire Smith,LAL,SF,5200.0,False,True
43584698,150643,1078666,503,6198118,Zhaire Smith,LAL,SF,5200.0,False,True
43584699,150643,1182151,497,6198115,Jahmi'us Ramsey,DEN,SG,5200.0,False,True
43584700,150643,1182151,502,6198115,Jahmi'us Ramsey,DEN,SG,5200.0,False,True
43584701,150643,1182151,503,6198115,Jahmi'us Ramsey,DEN,SG,5200.0,False,True
43584702,150643,1132913,496,6198115,Erik Stevenson,DEN,PG/SG,5100.0,False,True
43584703,150643,1132913,497,6198115,Erik Stevenson,DEN,PG/SG,5100.0,False,True
43584704,150643,1132913,502,6198115,Erik Stevenson,DEN,PG/SG,5100.0,False,True
43584705,150643,1132913,503,6198115,Erik Stevenson,DEN,PG/SG,5100.0,False,True
43584706,150643,1186764,496,6198115,Donovan Williams,MIN,PG/SG,5000.0,False,True
43584707,150643,1186764,497,6198115,Donovan Williams,MIN,PG/SG,5000.0,False,True
43584708,150643,1186764,502,6198115,Donovan Williams,MIN,PG/SG,5000.0,False,True
43584709,150643,1186764,503,6198115,Donovan Williams,MIN,PG/SG,5000.0,False,True
43584710,150643,1138202,496,6198116,Dwight Murray Jr.,BKN,PG/SG,4700.0,False,True
43584711,150643,1138202,497,6198116,Dwight Murray Jr.,BKN,PG/SG,4700.0,False,True
43584712,150643,1138202,502,6198116,Dwight Murray Jr.,BKN,PG/SG,4700.0,False,True
43584713,150643,1138202,503,6198116,Dwight Murray Jr.,BKN,PG/SG,4700.0,False,True
43584714,150643,1487427,496,6198115,Aaron Nkrumah,DEN,PG/SG,4900.0,False,True
43584715,150643,1487427,497,6198115,Aaron Nkrumah,DEN,PG/SG,4900.0,False,True
43584716,150643,1487427,502,6198115,Aaron Nkrumah,DEN,PG/SG,4900.0,False,True
43584717,150643,1487427,503,6198115,Aaron Nkrumah,DEN,PG/SG,4900.0,False,True
43584718,150643,1231627,497,6198115,Matthew Murrell,DEN,SG,4800.0,False,True
43584719,150643,1231627,502,6198115,Matthew Murrell,DEN,SG,4800.0,False,True
43584720,150643,1231627,503,6198115,Matthew Murrell,DEN,SG,4800.0,False,True
43584721,150643,1089686,498,6198115,E.J. Anosike,DEN,SF/PF,4700.0,False,True
43584722,150643,1089686,499,6198115,E.J. Anosike,DEN,SF/PF,4700.0,False,True
43584723,150643,1089686,501,6198115,E.J. Anosike,DEN,SF/PF,4700.0,False,True
43584724,150643,1089686,503,6198115,E.J. Anosike,DEN,SF/PF,4700.0,False,True
43584725,150643,1327770,500,6198115,Giovanni Emejuru,DEN,C,4600.0,False,True
43584726,150643,1327770,503,6198115,Giovanni Emejuru,DEN,C,4600.0,False,True
43584727,150643,1406026,496,6198116,Isaac McKneely,ATL,PG/SG,4600.0,False,True
43584728,150643,1406026,497,6198116,Isaac McKneely,ATL,PG/SG,4600.0,False,True
43584729,150643,1406026,502,6198116,Isaac McKneely,ATL,PG/SG,4600.0,False,True
43584730,150643,1406026,503,6198116,Isaac McKneely,ATL,PG/SG,4600.0,False,True
43584731,150643,1402299,498,6198116,Cameron Corhen,ATL,SF/PF,4500.0,False,True
43584732,150643,1402299,499,6198116,Cameron Corhen,ATL,SF/PF,4500.0,False,True
43584733,150643,1402299,501,6198116,Cameron Corhen,ATL,SF/PF,4500.0,False,True
43584734,150643,1402299,503,6198116,Cameron Corhen,ATL,SF/PF,4500.0,False,True
43584735,150643,1401379,496,6198115,Rylan Griffen,DEN,PG/SG,4500.0,False,True
43584736,150643,1401379,497,6198115,Rylan Griffen,DEN,PG/SG,4500.0,False,True
43584737,150643,1401379,502,6198115,Rylan Griffen,DEN,PG/SG,4500.0,False,True
43584738,150643,1401379,503,6198115,Rylan Griffen,DEN,PG/SG,4500.0,False,True
43584739,150643,1147319,496,6198116,Devon Higgs,ATL,PG/SG,4400.0,False,True
43584740,150643,1147319,497,6198116,Devon Higgs,ATL,PG/SG,4400.0,False,True
43584741,150643,1147319,502,6198116,Devon Higgs,ATL,PG/SG,4400.0,False,True
43584742,150643,1147319,503,6198116,Devon Higgs,ATL,PG/SG,4400.0,False,True
43584743,150643,1231378,498,6198115,Efe Abogidi,DEN,SF/PF,4400.0,False,True
43584744,150643,1231378,499,6198115,Efe Abogidi,DEN,SF/PF,4400.0,False,True
43584745,150643,1231378,501,6198115,Efe Abogidi,DEN,SF/PF,4400.0,False,True
43584746,150643,1231378,503,6198115,Efe Abogidi,DEN,SF/PF,4400.0,False,True
43584747,150643,1324023,496,6198116,Kobe Knox,ATL,PG/SG,4300.0,False,True
43584748,150643,1324023,497,6198116,Kobe Knox,ATL,PG/SG,4300.0,False,True
43584749,150643,1324023,502,6198116,Kobe Knox,ATL,PG/SG,4300.0,False,True
43584750,150643,1324023,503,6198116,Kobe Knox,ATL,PG/SG,4300.0,False,True
43584751,150643,1326491,496,6198116,Zeke Mayo,ATL,PG/SG,4200.0,False,True
43584752,150643,1326491,497,6198116,Zeke Mayo,ATL,PG/SG,4200.0,False,True
43584753,150643,1326491,502,6198116,Zeke Mayo,ATL,PG/SG,4200.0,False,True
43584754,150643,1326491,503,6198116,Zeke Mayo,ATL,PG/SG,4200.0,False,True
43584755,150643,1348259,496,6198116,Kobe Johnson,ATL,PG/SG,4000.0,False,True
43584756,150643,1348259,497,6198116,Kobe Johnson,ATL,PG/SG,4000.0,False,True
43584757,150643,1348259,502,6198116,Kobe Johnson,ATL,PG/SG,4000.0,False,True
43584758,150643,1348259,503,6198116,Kobe Johnson,ATL,PG/SG,4000.0,False,True
43584759,150643,1418010,498,6198116,John Ukomadu,BKN,SF/PF,4500.0,False,True
43584760,150643,1418010,499,6198116,John Ukomadu,BKN,SF/PF,4500.0,False,True
43584761,150643,1418010,501,6198116,John Ukomadu,BKN,SF/PF,4500.0,False,True
43584762,150643,1418010,503,6198116,John Ukomadu,BKN,SF/PF,4500.0,False,True
43584763,150643,1175300,496,6198118,Darin Green Jr.,DAL,PG/SG,4500.0,False,True
43584764,150643,1175300,497,6198118,Darin Green Jr.,DAL,PG/SG,4500.0,False,True
43584765,150643,1175300,502,6198118,Darin Green Jr.,DAL,PG/SG,4500.0,False,True
43584766,150643,1175300,503,6198118,Darin Green Jr.,DAL,PG/SG,4500.0,False,True
43584767,150643,1403601,497,6198115,Mark Mitchell,DEN,SG/SF,4300.0,False,True
43584768,150643,1403601,498,6198115,Mark Mitchell,DEN,SG/SF,4300.0,False,True
43584769,150643,1403601,502,6198115,Mark Mitchell,DEN,SG/SF,4300.0,False,True
43584770,150643,1403601,501,6198115,Mark Mitchell,DEN,SG/SF,4300.0,False,True
43584771,150643,1403601,503,6198115,Mark Mitchell,DEN,SG/SF,4300.0,False,True
43584772,150643,1408109,498,6198116,Duke Brennan,BKN,SF/PF,4400.0,False,True
43584773,150643,1408109,499,6198116,Duke Brennan,BKN,SF/PF,4400.0,False,True
43584774,150643,1408109,501,6198116,Duke Brennan,BKN,SF/PF,4400.0,False,True
43584775,150643,1408109,503,6198116,Duke Brennan,BKN,SF/PF,4400.0,False,True
43584776,150643,1481728,498,6198116,Ben Humrichous,BKN,SF/PF,4200.0,False,True
43584777,150643,1481728,499,6198116,Ben Humrichous,BKN,SF/PF,4200.0,False,True
43584778,150643,1481728,501,6198116,Ben Humrichous,BKN,SF/PF,4200.0,False,True
43584779,150643,1481728,503,6198116,Ben Humrichous,BKN,SF/PF,4200.0,False,True
43584780,150643,1405959,496,6198116,Dion Brown,BKN,PG/SG,4100.0,False,True
43584781,150643,1405959,497,6198116,Dion Brown,BKN,PG/SG,4100.0,False,True
43584782,150643,1405959,502,6198116,Dion Brown,BKN,PG/SG,4100.0,False,True
43584783,150643,1405959,503,6198116,Dion Brown,BKN,PG/SG,4100.0,False,True
43584784,150643,1345138,497,6198116,Aaron Scott,BKN,SG/SF,4000.0,False,True
43584785,150643,1345138,498,6198116,Aaron Scott,BKN,SG/SF,4000.0,False,True
43584786,150643,1345138,502,6198116,Aaron Scott,BKN,SG/SF,4000.0,False,True
43584787,150643,1345138,501,6198116,Aaron Scott,BKN,SG/SF,4000.0,False,True
43584788,150643,1345138,503,6198116,Aaron Scott,BKN,SG/SF,4000.0,False,True
43584789,150643,1145246,498,6198118,Kaodirichi Akobundu-Ehiogu,DAL,SF/PF,4400.0,False,True
43584790,150643,1145246,499,6198118,Kaodirichi Akobundu-Ehiogu,DAL,SF/PF,4400.0,False,True
43584791,150643,1145246,501,6198118,Kaodirichi Akobundu-Ehiogu,DAL,SF/PF,4400.0,False,True
43584792,150643,1145246,503,6198118,Kaodirichi Akobundu-Ehiogu,DAL,SF/PF,4400.0,False,True
43584793,150643,1232441,498,6198115,Osayi Osifo,DEN,SF/PF,4200.0,False,True
43584794,150643,1232441,499,6198115,Osayi Osifo,DEN,SF/PF,4200.0,False,True
43584795,150643,1232441,501,6198115,Osayi Osifo,DEN,SF/PF,4200.0,False,True
43584796,150643,1232441,503,6198115,Osayi Osifo,DEN,SF/PF,4200.0,False,True
43584797,150643,1231921,497,6198115,Coleman Hawkins,DEN,SG/SF,4100.0,False,True
43584798,150643,1231921,498,6198115,Coleman Hawkins,DEN,SG/SF,4100.0,False,True
43584799,150643,1231921,502,6198115,Coleman Hawkins,DEN,SG/SF,4100.0,False,True
43584800,150643,1231921,501,6198115,Coleman Hawkins,DEN,SG/SF,4100.0,False,True
43584801,150643,1231921,503,6198115,Coleman Hawkins,DEN,SG/SF,4100.0,False,True
43584802,150643,1408145,496,6198117,Quadir Copeland,HOU,PG/SG,4700.0,False,True
43584803,150643,1408145,497,6198117,Quadir Copeland,HOU,PG/SG,4700.0,False,True
43584804,150643,1408145,502,6198117,Quadir Copeland,HOU,PG/SG,4700.0,False,True
43584805,150643,1408145,503,6198117,Quadir Copeland,HOU,PG/SG,4700.0,False,True
43584806,150643,1403951,496,6198118,Chase Ross,LAL,PG/SG,4800.0,False,True
43584807,150643,1403951,497,6198118,Chase Ross,LAL,PG/SG,4800.0,False,True
43584808,150643,1403951,502,6198118,Chase Ross,LAL,PG/SG,4800.0,False,True
43584809,150643,1403951,503,6198118,Chase Ross,LAL,PG/SG,4800.0,False,True
43584810,150643,1088723,496,6198117,Tyreke Key,TOR,PG/SG,4700.0,False,True
43584811,150643,1088723,497,6198117,Tyreke Key,TOR,PG/SG,4700.0,False,True
43584812,150643,1088723,502,6198117,Tyreke Key,TOR,PG/SG,4700.0,False,True
43584813,150643,1088723,503,6198117,Tyreke Key,TOR,PG/SG,4700.0,False,True
43584814,150643,1328242,496,6198118,Robert McCray V,LAL,PG/SG,4700.0,False,True
43584815,150643,1328242,497,6198118,Robert McCray V,LAL,PG/SG,4700.0,False,True
43584816,150643,1328242,502,6198118,Robert McCray V,LAL,PG/SG,4700.0,False,True
43584817,150643,1328242,503,6198118,Robert McCray V,LAL,PG/SG,4700.0,False,True
43584818,150643,1193101,496,6198115,Dajuan Harris Jr.,MIN,PG/SG,4700.0,False,True
43584819,150643,1193101,497,6198115,Dajuan Harris Jr.,MIN,PG/SG,4700.0,False,True
43584820,150643,1193101,502,6198115,Dajuan Harris Jr.,MIN,PG/SG,4700.0,False,True
43584821,150643,1193101,503,6198115,Dajuan Harris Jr.,MIN,PG/SG,4700.0,False,True
43584822,150643,1324084,498,6198118,Ja'Vier Francis,DAL,SF/PF,4300.0,False,True
43584823,150643,1324084,499,6198118,Ja'Vier Francis,DAL,SF/PF,4300.0,False,True
43584824,150643,1324084,501,6198118,Ja'Vier Francis,DAL,SF/PF,4300.0,False,True
43584825,150643,1324084,503,6198118,Ja'Vier Francis,DAL,SF/PF,4300.0,False,True
43584826,150643,1324179,496,6198117,Stevie Mitchell,HOU,PG/SG,4500.0,False,True
43584827,150643,1324179,497,6198117,Stevie Mitchell,HOU,PG/SG,4500.0,False,True
43584828,150643,1324179,502,6198117,Stevie Mitchell,HOU,PG/SG,4500.0,False,True
43584829,150643,1324179,503,6198117,Stevie Mitchell,HOU,PG/SG,4500.0,False,True
43584830,150643,1402824,500,6198118,Robbie Avila,LAL,C,4600.0,False,True
43584831,150643,1402824,503,6198118,Robbie Avila,LAL,C,4600.0,False,True
43584832,150643,1323523,498,6198115,Chris Mantis,MIN,SF/PF,4600.0,False,True
43584833,150643,1323523,499,6198115,Chris Mantis,MIN,SF/PF,4600.0,False,True
43584834,150643,1323523,501,6198115,Chris Mantis,MIN,SF/PF,4600.0,False,True
43584835,150643,1323523,503,6198115,Chris Mantis,MIN,SF/PF,4600.0,False,True
43584836,150643,1325434,498,6198115,Nate Santos,MIN,SF/PF,4500.0,False,True
43584837,150643,1325434,499,6198115,Nate Santos,MIN,SF/PF,4500.0,False,True
43584838,150643,1325434,501,6198115,Nate Santos,MIN,SF/PF,4500.0,False,True
43584839,150643,1325434,503,6198115,Nate Santos,MIN,SF/PF,4500.0,False,True
43584840,150643,1232142,496,6198117,Jalen Celestine,TOR,PG/SG,4500.0,False,True
43584841,150643,1232142,497,6198117,Jalen Celestine,TOR,PG/SG,4500.0,False,True
43584842,150643,1232142,502,6198117,Jalen Celestine,TOR,PG/SG,4500.0,False,True
43584843,150643,1232142,503,6198117,Jalen Celestine,TOR,PG/SG,4500.0,False,True
43584844,150643,1241397,496,6198117,A.J. Hoggard,TOR,PG/SG,4500.0,False,True
43584845,150643,1241397,497,6198117,A.J. Hoggard,TOR,PG/SG,4500.0,False,True
43584846,150643,1241397,502,6198117,A.J. Hoggard,TOR,PG/SG,4500.0,False,True
43584847,150643,1241397,503,6198117,A.J. Hoggard,TOR,PG/SG,4500.0,False,True
43584848,150643,1231389,496,6198115,TJ Bamba,DEN,PG/SG,4000.0,False,True
43584849,150643,1231389,497,6198115,TJ Bamba,DEN,PG/SG,4000.0,False,True
43584850,150643,1231389,502,6198115,TJ Bamba,DEN,PG/SG,4000.0,False,True
43584851,150643,1231389,503,6198115,TJ Bamba,DEN,PG/SG,4000.0,False,True
43584852,150643,1350609,497,6198117,Davide Casarin,HOU,SG,4400.0,False,True
43584853,150643,1350609,502,6198117,Davide Casarin,HOU,SG,4400.0,False,True
43584854,150643,1350609,503,6198117,Davide Casarin,HOU,SG,4400.0,False,True
43584855,150643,1405617,498,6198118,William Kyle,LAL,SF/PF,4500.0,False,True
43584856,150643,1405617,499,6198118,William Kyle,LAL,SF/PF,4500.0,False,True
43584857,150643,1405617,501,6198118,William Kyle,LAL,SF/PF,4500.0,False,True
43584858,150643,1405617,503,6198118,William Kyle,LAL,SF/PF,4500.0,False,True
43584859,150643,1422977,498,6198115,Toby Harris,MIN,SF/PF,4400.0,False,True
43584860,150643,1422977,499,6198115,Toby Harris,MIN,SF/PF,4400.0,False,True
43584861,150643,1422977,501,6198115,Toby Harris,MIN,SF/PF,4400.0,False,True
43584862,150643,1422977,503,6198115,Toby Harris,MIN,SF/PF,4400.0,False,True
43584863,150643,1193435,498,6198115,Jaylin Williams,MIN,SF/PF,4300.0,False,True
43584864,150643,1193435,499,6198115,Jaylin Williams,MIN,SF/PF,4300.0,False,True
43584865,150643,1193435,501,6198115,Jaylin Williams,MIN,SF/PF,4300.0,False,True
43584866,150643,1193435,503,6198115,Jaylin Williams,MIN,SF/PF,4300.0,False,True
43584867,150643,1406752,496,6198118,Jacari White,LAL,PG/SG,4400.0,False,True
43584868,150643,1406752,497,6198118,Jacari White,LAL,PG/SG,4400.0,False,True
43584869,150643,1406752,502,6198118,Jacari White,LAL,PG/SG,4400.0,False,True
43584870,150643,1406752,503,6198118,Jacari White,LAL,PG/SG,4400.0,False,True
43584871,150643,1326056,498,6198115,Devin McGlockton,MIN,SF/PF,4200.0,False,True
43584872,150643,1326056,499,6198115,Devin McGlockton,MIN,SF/PF,4200.0,False,True
43584873,150643,1326056,501,6198115,Devin McGlockton,MIN,SF/PF,4200.0,False,True
43584874,150643,1326056,503,6198115,Devin McGlockton,MIN,SF/PF,4200.0,False,True
43584875,150643,1326876,500,6198117,Nate Bittle,TOR,C,4300.0,False,True
43584876,150643,1326876,503,6198117,Nate Bittle,TOR,C,4300.0,False,True
43584877,150643,1405326,498,6198118,Jorge Diaz Graham,DAL,SF/PF,4100.0,False,True
43584878,150643,1405326,499,6198118,Jorge Diaz Graham,DAL,SF/PF,4100.0,False,True
43584879,150643,1405326,501,6198118,Jorge Diaz Graham,DAL,SF/PF,4100.0,False,True
43584880,150643,1405326,503,6198118,Jorge Diaz Graham,DAL,SF/PF,4100.0,False,True
43584881,150643,1176528,498,6198117,Chris Ledlum,HOU,SF/PF,4300.0,False,True
43584882,150643,1176528,499,6198117,Chris Ledlum,HOU,SF/PF,4300.0,False,True
43584883,150643,1176528,501,6198117,Chris Ledlum,HOU,SF/PF,4300.0,False,True
43584884,150643,1176528,503,6198117,Chris Ledlum,HOU,SF/PF,4300.0,False,True
43584885,150643,1482307,500,6198117,Oscar Cluff,HOU,C,4200.0,False,True
43584886,150643,1482307,503,6198117,Oscar Cluff,HOU,C,4200.0,False,True
43584887,150643,1352160,496,6198118,William Hickey,LAL,PG/SG,4300.0,False,True
43584888,150643,1352160,497,6198118,William Hickey,LAL,PG/SG,4300.0,False,True
43584889,150643,1352160,502,6198118,William Hickey,LAL,PG/SG,4300.0,False,True
43584890,150643,1352160,503,6198118,William Hickey,LAL,PG/SG,4300.0,False,True
43584891,150643,1408442,496,6198115,Aidan Mahaney,MIN,PG/SG,4100.0,False,True
43584892,150643,1408442,497,6198115,Aidan Mahaney,MIN,PG/SG,4100.0,False,True
43584893,150643,1408442,502,6198115,Aidan Mahaney,MIN,PG/SG,4100.0,False,True
43584894,150643,1408442,503,6198115,Aidan Mahaney,MIN,PG/SG,4100.0,False,True
43584895,150643,1243566,498,6198117,Aziz Bandaogo,TOR,SF/PF,4200.0,False,True
43584896,150643,1243566,499,6198117,Aziz Bandaogo,TOR,SF/PF,4200.0,False,True
43584897,150643,1243566,501,6198117,Aziz Bandaogo,TOR,SF/PF,4200.0,False,True
43584898,150643,1243566,503,6198117,Aziz Bandaogo,TOR,SF/PF,4200.0,False,True
43584899,150643,1241593,496,6198117,Nimari Burnett,TOR,PG/SG,4200.0,False,True
43584900,150643,1241593,497,6198117,Nimari Burnett,TOR,PG/SG,4200.0,False,True
43584901,150643,1241593,502,6198117,Nimari Burnett,TOR,PG/SG,4200.0,False,True
43584902,150643,1241593,503,6198117,Nimari Burnett,TOR,PG/SG,4200.0,False,True
43584903,150643,1323635,498,6198118,Arthur Kaluma,LAL,SF/PF,4200.0,False,True
43584904,150643,1323635,499,6198118,Arthur Kaluma,LAL,SF/PF,4200.0,False,True
43584905,150643,1323635,501,6198118,Arthur Kaluma,LAL,SF/PF,4200.0,False,True
43584906,150643,1323635,503,6198118,Arthur Kaluma,LAL,SF/PF,4200.0,False,True
43584907,150643,1348260,496,6198117,Malik Thomas,TOR,PG/SG,4100.0,False,True
43584908,150643,1348260,497,6198117,Malik Thomas,TOR,PG/SG,4100.0,False,True
43584909,150643,1348260,502,6198117,Malik Thomas,TOR,PG/SG,4100.0,False,True
43584910,150643,1348260,503,6198117,Malik Thomas,TOR,PG/SG,4100.0,False,True
43584911,150643,1326046,498,6198117,Tyson Degenhart,TOR,SF/PF,4100.0,False,True
43584912,150643,1326046,499,6198117,Tyson Degenhart,TOR,SF/PF,4100.0,False,True
43584913,150643,1326046,501,6198117,Tyson Degenhart,TOR,SF/PF,4100.0,False,True
43584914,150643,1326046,503,6198117,Tyson Degenhart,TOR,SF/PF,4100.0,False,True
43584915,150643,1405328,498,6198118,Guillermo Diaz Graham,DAL,SF/PF,4000.0,False,True
43584916,150643,1405328,499,6198118,Guillermo Diaz Graham,DAL,SF/PF,4000.0,False,True
43584917,150643,1405328,501,6198118,Guillermo Diaz Graham,DAL,SF/PF,4000.0,False,True
43584918,150643,1405328,503,6198118,Guillermo Diaz Graham,DAL,SF/PF,4000.0,False,True
43584919,150643,1334229,498,6198117,Ben Middlebrooks,HOU,SF/PF,4000.0,False,True
43584920,150643,1334229,499,6198117,Ben Middlebrooks,HOU,SF/PF,4000.0,False,True
43584921,150643,1334229,501,6198117,Ben Middlebrooks,HOU,SF/PF,4000.0,False,True
43584922,150643,1334229,503,6198117,Ben Middlebrooks,HOU,SF/PF,4000.0,False,True
43584923,150643,1324092,498,6198118,Luke Goode,LAL,SF/PF,4100.0,False,True
43584924,150643,1324092,499,6198118,Luke Goode,LAL,SF/PF,4100.0,False,True
43584925,150643,1324092,501,6198118,Luke Goode,LAL,SF/PF,4100.0,False,True
43584926,150643,1324092,503,6198118,Luke Goode,LAL,SF/PF,4100.0,False,True
43584927,150643,851888,496,6198118,Jon Elmore,LAL,PG,4000.0,False,True
43584928,150643,851888,502,6198118,Jon Elmore,LAL,PG,4000.0,False,True
43584929,150643,851888,503,6198118,Jon Elmore,LAL,PG,4000.0,False,True
43584930,150643,1405882,496,6198115,Trey Campbell,MIN,PG/SG,4000.0,False,True
43584931,150643,1405882,497,6198115,Trey Campbell,MIN,PG/SG,4000.0,False,True
43584932,150643,1405882,502,6198115,Trey Campbell,MIN,PG/SG,4000.0,False,True
43584933,150643,1405882,503,6198115,Trey Campbell,MIN,PG/SG,4000.0,False,True
43584934,150643,1231293,498,6198117,Brandon Angel,TOR,SF/PF,4000.0,False,True
43584935,150643,1231293,499,6198117,Brandon Angel,TOR,SF/PF,4000.0,False,True
43584936,150643,1231293,501,6198117,Brandon Angel,TOR,SF/PF,4000.0,False,True
43584937,150643,1231293,503,6198117,Brandon Angel,TOR,SF/PF,4000.0,False,True
43585143,150646,1520671,494,6198118,Morez Johnson,DAL,PF,10200.0,False,True
43585144,150646,1460958,494,6198118,Cameron Carr,LAL,SG,9800.0,False,True
43585145,150646,1191196,494,6198118,Anton Watson,LAL,SF/PF,9600.0,False,True
43585146,150646,1231665,494,6198118,Jaden Springer,DAL,PG/SG,9200.0,False,True
43585147,150646,1429357,494,6198118,Tyler Smith,DAL,PF,9000.0,False,True
43585148,150646,1408189,494,6198118,Adou Thiero,LAL,SF,8400.0,False,True
43585149,150646,1654816,494,6198118,Vsevolod Ishchenko,DAL,SG,7400.0,False,True
43585150,150646,1232601,494,6198118,Chris Manon,LAL,PG/SG,6600.0,False,True
43585151,150646,1343052,494,6198118,John Poulakidas,DAL,PG/SG,6200.0,False,True
43585152,150646,1323621,494,6198118,Ryan Nembhard,DAL,PG/SG,5800.0,False,True
43585153,150646,1654518,494,6198118,Sergio de Larrea,DAL,SG,5400.0,False,True
43585154,150646,1401446,494,6198118,Peter Suder,LAL,SG,5000.0,False,True
43585155,150646,1408263,494,6198118,Tobi Lawal,DAL,SF,4800.0,False,True
43585156,150646,1427004,494,6198118,AK Okereke,LAL,SF,4400.0,False,True
43585157,150646,1078666,494,6198118,Zhaire Smith,LAL,SF,3800.0,False,True
43585158,150646,1403951,494,6198118,Chase Ross,LAL,PG/SG,3600.0,False,True
43585159,150646,1328242,494,6198118,Robert McCray V,LAL,PG/SG,3400.0,False,True
43585160,150646,1402824,494,6198118,Robbie Avila,LAL,C,3200.0,False,True
43585161,150646,1175300,494,6198118,Darin Green Jr.,DAL,PG/SG,3000.0,False,True
43585162,150646,1405617,494,6198118,William Kyle,LAL,SF/PF,2800.0,False,True
43585163,150646,1145246,494,6198118,Kaodirichi Akobundu-Ehiogu,DAL,SF/PF,2600.0,False,True
43585164,150646,1406752,494,6198118,Jacari White,LAL,PG/SG,2400.0,False,True
43585165,150646,1324084,494,6198118,Ja'Vier Francis,DAL,SF/PF,2400.0,False,True
43585166,150646,1352160,494,6198118,William Hickey,LAL,PG/SG,2200.0,False,True
43585167,150646,1323635,494,6198118,Arthur Kaluma,LAL,SF/PF,2200.0,False,True
43585168,150646,1405326,494,6198118,Jorge Diaz Graham,DAL,SF/PF,2000.0,False,True
43585169,150646,1324092,494,6198118,Luke Goode,LAL,SF/PF,2000.0,False,True
43585170,150646,1405328,494,6198118,Guillermo Diaz Graham,DAL,SF/PF,2000.0,False,True
43585171,150646,851888,494,6198118,Jon Elmore,LAL,PG,2000.0,False,True
43585172,150646,1520671,495,6198118,Morez Johnson,DAL,PF,15300.0,False,True
43585173,150646,1460958,495,6198118,Cameron Carr,LAL,SG,14700.0,False,True
43585174,150646,1191196,495,6198118,Anton Watson,LAL,SF/PF,14400.0,False,True
43585175,150646,1231665,495,6198118,Jaden Springer,DAL,PG/SG,13800.0,False,True
43585176,150646,1429357,495,6198118,Tyler Smith,DAL,PF,13500.0,False,True
43585177,150646,1408189,495,6198118,Adou Thiero,LAL,SF,12600.0,False,True
43585178,150646,1654816,495,6198118,Vsevolod Ishchenko,DAL,SG,11100.0,False,True
43585179,150646,1232601,495,6198118,Chris Manon,LAL,PG/SG,9900.0,False,True
43585180,150646,1343052,495,6198118,John Poulakidas,DAL,PG/SG,9300.0,False,True
43585181,150646,1323621,495,6198118,Ryan Nembhard,DAL,PG/SG,8700.0,False,True
43585182,150646,1654518,495,6198118,Sergio de Larrea,DAL,SG,8100.0,False,True
43585183,150646,1401446,495,6198118,Peter Suder,LAL,SG,7500.0,False,True
43585184,150646,1408263,495,6198118,Tobi Lawal,DAL,SF,7200.0,False,True
43585185,150646,1427004,495,6198118,AK Okereke,LAL,SF,6600.0,False,True
43585186,150646,1078666,495,6198118,Zhaire Smith,LAL,SF,5700.0,False,True
43585187,150646,1403951,495,6198118,Chase Ross,LAL,PG/SG,5400.0,False,True
43585188,150646,1328242,495,6198118,Robert McCray V,LAL,PG/SG,5100.0,False,True
43585189,150646,1402824,495,6198118,Robbie Avila,LAL,C,4800.0,False,True
43585190,150646,1175300,495,6198118,Darin Green Jr.,DAL,PG/SG,4500.0,False,True
43585191,150646,1405617,495,6198118,William Kyle,LAL,SF/PF,4200.0,False,True
43585192,150646,1145246,495,6198118,Kaodirichi Akobundu-Ehiogu,DAL,SF/PF,3900.0,False,True
43585193,150646,1406752,495,6198118,Jacari White,LAL,PG/SG,3600.0,False,True
43585194,150646,1324084,495,6198118,Ja'Vier Francis,DAL,SF/PF,3600.0,False,True
43585195,150646,1352160,495,6198118,William Hickey,LAL,PG/SG,3300.0,False,True
43585196,150646,1323635,495,6198118,Arthur Kaluma,LAL,SF/PF,3300.0,False,True
43585197,150646,1405326,495,6198118,Jorge Diaz Graham,DAL,SF/PF,3000.0,False,True
43585198,150646,1324092,495,6198118,Luke Goode,LAL,SF/PF,3000.0,False,True
43585199,150646,1405328,495,6198118,Guillermo Diaz Graham,DAL,SF/PF,3000.0,False,True
43585200,150646,851888,495,6198118,Jon Elmore,LAL,PG,3000.0,False,True
43586675,150644,1523978,464,6198116,Egor Demin,BKN,PG,,False,False
43586676,150644,1523978,465,6198116,Egor Demin,BKN,PG,,False,False
43586677,150644,1523978,636,6198116,Egor Demin,BKN,PG,,False,False
43586678,150644,1465110,633,6198117,Collin Murray-Boyles,TOR,PF,,False,False
43586679,150644,1465110,465,6198117,Collin Murray-Boyles,TOR,PF,,False,False
43586680,150644,1465110,636,6198117,Collin Murray-Boyles,TOR,PF,,False,False
43586681,150644,1593658,464,6198116,Mikel Brown Jr.,BKN,PG,,False,False
43586682,150644,1593658,465,6198116,Mikel Brown Jr.,BKN,PG,,False,False
43586683,150644,1593658,636,6198116,Mikel Brown Jr.,BKN,PG,,False,False
43586684,150644,1593959,464,6198116,Kingston Flemings,ATL,PG,,False,False
43586685,150644,1593959,465,6198116,Kingston Flemings,ATL,PG,,False,False
43586686,150644,1593959,636,6198116,Kingston Flemings,ATL,PG,,False,False
43586687,150644,1520671,633,6198118,Morez Johnson,DAL,PF,,False,False
43586688,150644,1520671,465,6198118,Morez Johnson,DAL,PF,,False,False
43586689,150644,1520671,636,6198118,Morez Johnson,DAL,PF,,False,False
43586690,150644,1590552,633,6198115,Joan Beringer,MIN,C,,False,False
43586691,150644,1590552,465,6198115,Joan Beringer,MIN,C,,False,False
43586692,150644,1590552,636,6198115,Joan Beringer,MIN,C,,False,False
43586693,150644,1415928,633,6198116,Danny Wolf,BKN,PF,,False,False
43586694,150644,1415928,465,6198116,Danny Wolf,BKN,PF,,False,False
43586695,150644,1415928,636,6198116,Danny Wolf,BKN,PF,,False,False
43586696,150644,1460958,464,6198118,Cameron Carr,LAL,SG,,False,False
43586697,150644,1460958,465,6198118,Cameron Carr,LAL,SG,,False,False
43586698,150644,1460958,636,6198118,Cameron Carr,LAL,SG,,False,False
43586699,150644,1538643,633,6198117,Allen Graves,TOR,SF,,False,False
43586700,150644,1538643,465,6198117,Allen Graves,TOR,SF,,False,False
43586701,150644,1538643,636,6198117,Allen Graves,TOR,SF,,False,False
43586702,150644,1343005,464,6198116,Hunter Sallis,BKN,PG,,False,False
43586703,150644,1343005,465,6198116,Hunter Sallis,BKN,PG,,False,False
43586704,150644,1343005,636,6198116,Hunter Sallis,BKN,PG,,False,False
43586705,150644,1253947,464,6198115,Mark Sears,DEN,PG,,False,False
43586706,150644,1253947,465,6198115,Mark Sears,DEN,PG,,False,False
43586707,150644,1253947,636,6198115,Mark Sears,DEN,PG,,False,False
43586708,150644,1524332,633,6198116,Asa Newell,ATL,PF,,False,False
43586709,150644,1524332,465,6198116,Asa Newell,ATL,PF,,False,False
43586710,150644,1524332,636,6198116,Asa Newell,ATL,PF,,False,False
43586711,150644,1176741,633,6198116,Jacob Toppin,ATL,SF,,False,False
43586712,150644,1176741,465,6198116,Jacob Toppin,ATL,SF,,False,False
43586713,150644,1176741,636,6198116,Jacob Toppin,ATL,SF,,False,False
43586714,150644,1323636,464,6198115,KJ Simpson,DEN,PG,,False,False
43586715,150644,1323636,465,6198115,KJ Simpson,DEN,PG,,False,False
43586716,150644,1323636,636,6198115,KJ Simpson,DEN,PG,,False,False
43586717,150644,1191196,633,6198118,Anton Watson,LAL,SF,,False,False
43586718,150644,1191196,465,6198118,Anton Watson,LAL,SF,,False,False
43586719,150644,1191196,636,6198118,Anton Watson,LAL,SF,,False,False
43586720,150644,1542179,633,6198116,Drake Powell,BKN,SF,,False,False
43586721,150644,1542179,465,6198116,Drake Powell,BKN,SF,,False,False
43586722,150644,1542179,636,6198116,Drake Powell,BKN,SF,,False,False
43586723,150644,1590554,464,6198116,Ben Saraf,BKN,SG,,False,False
43586724,150644,1590554,465,6198116,Ben Saraf,BKN,SG,,False,False
43586725,150644,1590554,636,6198116,Ben Saraf,BKN,SG,,False,False
43586726,150644,1194704,464,6198116,RayJ Dennis,ATL,PG,,False,False
43586727,150644,1194704,465,6198116,RayJ Dennis,ATL,PG,,False,False
43586728,150644,1194704,636,6198116,RayJ Dennis,ATL,PG,,False,False
43586729,150644,1231665,464,6198118,Jaden Springer,DAL,PG,,False,False
43586730,150644,1231665,465,6198118,Jaden Springer,DAL,PG,,False,False
43586731,150644,1231665,636,6198118,Jaden Springer,DAL,PG,,False,False
43586732,150644,1232344,464,6198117,Alijah Martin,TOR,PG,,False,False
43586733,150644,1232344,465,6198117,Alijah Martin,TOR,PG,,False,False
43586734,150644,1232344,636,6198117,Alijah Martin,TOR,PG,,False,False
43586735,150644,1327212,464,6198117,Chucky Hepburn,TOR,PG,,False,False
43586736,150644,1327212,465,6198117,Chucky Hepburn,TOR,PG,,False,False
43586737,150644,1327212,636,6198117,Chucky Hepburn,TOR,PG,,False,False
43586738,150644,1176631,633,6198117,Isaiah Crawford,HOU,SF,,False,False
43586739,150644,1176631,465,6198117,Isaiah Crawford,HOU,SF,,False,False
43586740,150644,1176631,636,6198117,Isaiah Crawford,HOU,SF,,False,False
43586741,150644,1502168,633,6198115,Rocco Zikarsky,MIN,C,,False,False
43586742,150644,1502168,465,6198115,Rocco Zikarsky,MIN,C,,False,False
43586743,150644,1502168,636,6198115,Rocco Zikarsky,MIN,C,,False,False
43586744,150644,1174846,464,6198117,Tristen Newton,HOU,SG,,False,False
43586745,150644,1174846,465,6198117,Tristen Newton,HOU,SG,,False,False
43586746,150644,1174846,636,6198117,Tristen Newton,HOU,SG,,False,False
43586747,150644,1197096,633,6198115,Enrique Freeman,MIN,PF,,False,False
43586748,150644,1197096,465,6198115,Enrique Freeman,MIN,PF,,False,False
43586749,150644,1197096,636,6198115,Enrique Freeman,MIN,PF,,False,False
43586750,150644,1429357,633,6198118,Tyler Smith,DAL,PF,,False,False
43586751,150644,1429357,465,6198118,Tyler Smith,DAL,PF,,False,False
43586752,150644,1429357,636,6198118,Tyler Smith,DAL,PF,,False,False
43586753,150644,1408189,633,6198118,Adou Thiero,LAL,SF,,False,False
43586754,150644,1408189,465,6198118,Adou Thiero,LAL,SF,,False,False
43586755,150644,1408189,636,6198118,Adou Thiero,LAL,SF,,False,False
43586756,150644,1175076,464,6198116,Isaiah Wong,ATL,PG,,False,False
43586757,150644,1175076,465,6198116,Isaiah Wong,ATL,PG,,False,False
43586758,150644,1175076,636,6198116,Isaiah Wong,ATL,PG,,False,False
43586759,150644,1271709,464,6198117,Daishen Nix,HOU,SG,,False,False
43586760,150644,1271709,465,6198117,Daishen Nix,HOU,SG,,False,False
43586761,150644,1271709,636,6198117,Daishen Nix,HOU,SG,,False,False
43586762,150644,1175108,464,6198115,Damion Baugh,MIN,PG,,False,False
43586763,150644,1175108,465,6198115,Damion Baugh,MIN,PG,,False,False
43586764,150644,1175108,636,6198115,Damion Baugh,MIN,PG,,False,False
43586765,150644,1502180,633,6198116,Eli Ndiaye,ATL,C,,False,False
43586766,150644,1502180,465,6198116,Eli Ndiaye,ATL,C,,False,False
43586767,150644,1502180,636,6198116,Eli Ndiaye,ATL,C,,False,False
43586768,150644,1232601,464,6198118,Chris Manon,LAL,PG,,False,False
43586769,150644,1232601,465,6198118,Chris Manon,LAL,PG,,False,False
43586770,150644,1232601,636,6198118,Chris Manon,LAL,PG,,False,False
43586771,150644,1323621,464,6198118,Ryan Nembhard,DAL,PG,,False,False
43586772,150644,1323621,465,6198118,Ryan Nembhard,DAL,PG,,False,False
43586773,150644,1323621,636,6198118,Ryan Nembhard,DAL,PG,,False,False
43586774,150644,1327829,464,6198116,Keshon Gilbert,ATL,PG,,False,False
43586775,150644,1327829,465,6198116,Keshon Gilbert,ATL,PG,,False,False
43586776,150644,1327829,636,6198116,Keshon Gilbert,ATL,PG,,False,False
43586777,150644,1413173,633,6198116,Henri Veesaar,ATL,C,,False,False
43586778,150644,1413173,465,6198116,Henri Veesaar,ATL,C,,False,False
43586779,150644,1413173,636,6198116,Henri Veesaar,ATL,C,,False,False
43586780,150644,1416382,633,6198116,Zuby Ejiofor,ATL,SF,,False,False
43586781,150644,1416382,465,6198116,Zuby Ejiofor,ATL,SF,,False,False
43586782,150644,1416382,636,6198116,Zuby Ejiofor,ATL,SF,,False,False
43586783,150644,1405461,633,6198116,Tyler Bilodeau,BKN,PF,,False,False
43586784,150644,1405461,465,6198116,Tyler Bilodeau,BKN,PF,,False,False
43586785,150644,1405461,636,6198116,Tyler Bilodeau,BKN,PF,,False,False
43586786,150644,1475170,633,6198116,Chaney Johnson,BKN,SF,,False,False
43586787,150644,1475170,465,6198116,Chaney Johnson,BKN,SF,,False,False
43586788,150644,1475170,636,6198116,Chaney Johnson,BKN,SF,,False,False
43586789,150644,1408263,633,6198118,Tobi Lawal,DAL,SF,,False,False
43586790,150644,1408263,465,6198118,Tobi Lawal,DAL,SF,,False,False
43586791,150644,1408263,636,6198118,Tobi Lawal,DAL,SF,,False,False
43586792,150644,1654816,464,6198118,Vsevolod Ishchenko,DAL,SG,,False,False
43586793,150644,1654816,465,6198118,Vsevolod Ishchenko,DAL,SG,,False,False
43586794,150644,1654816,636,6198118,Vsevolod Ishchenko,DAL,SG,,False,False
43586795,150644,1343052,464,6198118,John Poulakidas,DAL,PG,,False,False
43586796,150644,1343052,465,6198118,John Poulakidas,DAL,PG,,False,False
43586797,150644,1343052,636,6198118,John Poulakidas,DAL,PG,,False,False
43586798,150644,1654518,464,6198118,Sergio de Larrea,DAL,SG,,False,False
43586799,150644,1654518,465,6198118,Sergio de Larrea,DAL,SG,,False,False
43586800,150644,1654518,636,6198118,Sergio de Larrea,DAL,SG,,False,False
43586801,150644,1401378,464,6198117,Jaden Bradley,TOR,PG,,False,False
43586802,150644,1401378,465,6198117,Jaden Bradley,TOR,PG,,False,False
43586803,150644,1401378,636,6198117,Jaden Bradley,TOR,PG,,False,False
43586804,150644,1340791,633,6198115,Bryce Hopkins,DEN,SF,,False,False
43586805,150644,1340791,465,6198115,Bryce Hopkins,DEN,SF,,False,False
43586806,150644,1340791,636,6198115,Bryce Hopkins,DEN,SF,,False,False
43586807,150644,1325097,633,6198115,Trey Kaufman-Renn,MIN,PF,,False,False
43586808,150644,1325097,465,6198115,Trey Kaufman-Renn,MIN,PF,,False,False
43586809,150644,1325097,636,6198115,Trey Kaufman-Renn,MIN,PF,,False,False
43586810,150644,1196146,464,6198115,Zyon Pullin,MIN,PG,,False,False
43586811,150644,1196146,465,6198115,Zyon Pullin,MIN,PG,,False,False
43586812,150644,1196146,636,6198115,Zyon Pullin,MIN,PG,,False,False
43586813,150644,1408255,464,6198117,Bruce Thornton,HOU,PG,,False,False
43586814,150644,1408255,465,6198117,Bruce Thornton,HOU,PG,,False,False
43586815,150644,1408255,636,6198117,Bruce Thornton,HOU,PG,,False,False
43586816,150644,1133857,633,6198117,Miller Kopp,HOU,SF,,False,False
43586817,150644,1133857,465,6198117,Miller Kopp,HOU,SF,,False,False
43586818,150644,1133857,636,6198117,Miller Kopp,HOU,SF,,False,False
43586819,150644,950903,464,6198115,DeJon Jarreau,DEN,PG,,False,False
43586820,150644,950903,465,6198115,DeJon Jarreau,DEN,PG,,False,False
43586821,150644,950903,636,6198115,DeJon Jarreau,DEN,PG,,False,False
43586822,150644,1232497,633,6198116,Grant Nelson,BKN,SF,,False,False
43586823,150644,1232497,465,6198116,Grant Nelson,BKN,SF,,False,False
43586824,150644,1232497,636,6198116,Grant Nelson,BKN,SF,,False,False
43586825,150644,1189241,633,6198117,Seth Lundy,TOR,SF,,False,False
43586826,150644,1189241,465,6198117,Seth Lundy,TOR,SF,,False,False
43586827,150644,1189241,636,6198117,Seth Lundy,TOR,SF,,False,False
43586828,150644,1235208,464,6198116,Gabe Madsen,ATL,PG,,False,False
43586829,150644,1235208,465,6198116,Gabe Madsen,ATL,PG,,False,False
43586830,150644,1235208,636,6198116,Gabe Madsen,ATL,PG,,False,False
43586831,150644,1427004,633,6198118,AK Okereke,LAL,SF,,False,False
43586832,150644,1427004,465,6198118,AK Okereke,LAL,SF,,False,False
43586833,150644,1427004,636,6198118,AK Okereke,LAL,SF,,False,False
43586834,150644,1401446,464,6198118,Peter Suder,LAL,SG,,False,False
43586835,150644,1401446,465,6198118,Peter Suder,LAL,SG,,False,False
43586836,150644,1401446,636,6198118,Peter Suder,LAL,SG,,False,False
43586837,150644,1357746,633,6198117,Michael Foster,HOU,PF,,False,False
43586838,150644,1357746,465,6198117,Michael Foster,HOU,PF,,False,False
43586839,150644,1357746,636,6198117,Michael Foster,HOU,PF,,False,False
43586840,150644,1345658,633,6198117,Jamarion Sharp,TOR,SF,,False,False
43586841,150644,1345658,465,6198117,Jamarion Sharp,TOR,SF,,False,False
43586842,150644,1345658,636,6198117,Jamarion Sharp,TOR,SF,,False,False
43586843,150644,1078666,633,6198118,Zhaire Smith,LAL,SF,,False,False
43586844,150644,1078666,465,6198118,Zhaire Smith,LAL,SF,,False,False
43586845,150644,1078666,636,6198118,Zhaire Smith,LAL,SF,,False,False
43586846,150644,1182151,464,6198115,Jahmi'us Ramsey,DEN,SG,,False,False
43586847,150644,1182151,465,6198115,Jahmi'us Ramsey,DEN,SG,,False,False
43586848,150644,1182151,636,6198115,Jahmi'us Ramsey,DEN,SG,,False,False
43586849,150644,1132913,464,6198115,Erik Stevenson,DEN,PG,,False,False
43586850,150644,1132913,465,6198115,Erik Stevenson,DEN,PG,,False,False
43586851,150644,1132913,636,6198115,Erik Stevenson,DEN,PG,,False,False
43586852,150644,1186764,464,6198115,Donovan Williams,MIN,PG,,False,False
43586853,150644,1186764,465,6198115,Donovan Williams,MIN,PG,,False,False
43586854,150644,1186764,636,6198115,Donovan Williams,MIN,PG,,False,False
43586855,150644,1138202,464,6198116,Dwight Murray Jr.,BKN,PG,,False,False
43586856,150644,1138202,465,6198116,Dwight Murray Jr.,BKN,PG,,False,False
43586857,150644,1138202,636,6198116,Dwight Murray Jr.,BKN,PG,,False,False
43586858,150644,1487427,464,6198115,Aaron Nkrumah,DEN,PG,,False,False
43586859,150644,1487427,465,6198115,Aaron Nkrumah,DEN,PG,,False,False
43586860,150644,1487427,636,6198115,Aaron Nkrumah,DEN,PG,,False,False
43586861,150644,1231627,464,6198115,Matthew Murrell,DEN,SG,,False,False
43586862,150644,1231627,465,6198115,Matthew Murrell,DEN,SG,,False,False
43586863,150644,1231627,636,6198115,Matthew Murrell,DEN,SG,,False,False
43586864,150644,1089686,633,6198115,E.J. Anosike,DEN,SF,,False,False
43586865,150644,1089686,465,6198115,E.J. Anosike,DEN,SF,,False,False
43586866,150644,1089686,636,6198115,E.J. Anosike,DEN,SF,,False,False
43586867,150644,1327770,633,6198115,Giovanni Emejuru,DEN,C,,False,False
43586868,150644,1327770,465,6198115,Giovanni Emejuru,DEN,C,,False,False
43586869,150644,1327770,636,6198115,Giovanni Emejuru,DEN,C,,False,False
43586870,150644,1406026,464,6198116,Isaac McKneely,ATL,PG,,False,False
43586871,150644,1406026,465,6198116,Isaac McKneely,ATL,PG,,False,False
43586872,150644,1406026,636,6198116,Isaac McKneely,ATL,PG,,False,False
43586873,150644,1402299,633,6198116,Cameron Corhen,ATL,SF,,False,False
43586874,150644,1402299,465,6198116,Cameron Corhen,ATL,SF,,False,False
43586875,150644,1402299,636,6198116,Cameron Corhen,ATL,SF,,False,False
43586876,150644,1401379,464,6198115,Rylan Griffen,DEN,PG,,False,False
43586877,150644,1401379,465,6198115,Rylan Griffen,DEN,PG,,False,False
43586878,150644,1401379,636,6198115,Rylan Griffen,DEN,PG,,False,False
43586879,150644,1147319,464,6198116,Devon Higgs,ATL,PG,,False,False
43586880,150644,1147319,465,6198116,Devon Higgs,ATL,PG,,False,False
43586881,150644,1147319,636,6198116,Devon Higgs,ATL,PG,,False,False
43586882,150644,1231378,633,6198115,Efe Abogidi,DEN,SF,,False,False
43586883,150644,1231378,465,6198115,Efe Abogidi,DEN,SF,,False,False
43586884,150644,1231378,636,6198115,Efe Abogidi,DEN,SF,,False,False
43586885,150644,1324023,464,6198116,Kobe Knox,ATL,PG,,False,False
43586886,150644,1324023,465,6198116,Kobe Knox,ATL,PG,,False,False
43586887,150644,1324023,636,6198116,Kobe Knox,ATL,PG,,False,False
43586888,150644,1326491,464,6198116,Zeke Mayo,ATL,PG,,False,False
43586889,150644,1326491,465,6198116,Zeke Mayo,ATL,PG,,False,False
43586890,150644,1326491,636,6198116,Zeke Mayo,ATL,PG,,False,False
43586891,150644,1348259,464,6198116,Kobe Johnson,ATL,PG,,False,False
43586892,150644,1348259,465,6198116,Kobe Johnson,ATL,PG,,False,False
43586893,150644,1348259,636,6198116,Kobe Johnson,ATL,PG,,False,False
43586894,150644,1418010,633,6198116,John Ukomadu,BKN,SF,,False,False
43586895,150644,1418010,465,6198116,John Ukomadu,BKN,SF,,False,False
43586896,150644,1418010,636,6198116,John Ukomadu,BKN,SF,,False,False
43586897,150644,1175300,464,6198118,Darin Green Jr.,DAL,PG,,False,False
43586898,150644,1175300,465,6198118,Darin Green Jr.,DAL,PG,,False,False
43586899,150644,1175300,636,6198118,Darin Green Jr.,DAL,PG,,False,False
43586900,150644,1403601,633,6198115,Mark Mitchell,DEN,SF,,False,False
43586901,150644,1403601,465,6198115,Mark Mitchell,DEN,SF,,False,False
43586902,150644,1403601,636,6198115,Mark Mitchell,DEN,SF,,False,False
43586903,150644,1408109,633,6198116,Duke Brennan,BKN,SF,,False,False
43586904,150644,1408109,465,6198116,Duke Brennan,BKN,SF,,False,False
43586905,150644,1408109,636,6198116,Duke Brennan,BKN,SF,,False,False
43586906,150644,1481728,633,6198116,Ben Humrichous,BKN,SF,,False,False
43586907,150644,1481728,465,6198116,Ben Humrichous,BKN,SF,,False,False
43586908,150644,1481728,636,6198116,Ben Humrichous,BKN,SF,,False,False
43586909,150644,1405959,464,6198116,Dion Brown,BKN,PG,,False,False
43586910,150644,1405959,465,6198116,Dion Brown,BKN,PG,,False,False
43586911,150644,1405959,636,6198116,Dion Brown,BKN,PG,,False,False
43586912,150644,1345138,633,6198116,Aaron Scott,BKN,SF,,False,False
43586913,150644,1345138,465,6198116,Aaron Scott,BKN,SF,,False,False
43586914,150644,1345138,636,6198116,Aaron Scott,BKN,SF,,False,False
43586915,150644,1145246,633,6198118,Kaodirichi Akobundu-Ehiogu,DAL,SF,,False,False
43586916,150644,1145246,465,6198118,Kaodirichi Akobundu-Ehiogu,DAL,SF,,False,False
43586917,150644,1145246,636,6198118,Kaodirichi Akobundu-Ehiogu,DAL,SF,,False,False
43586918,150644,1232441,633,6198115,Osayi Osifo,DEN,SF,,False,False
43586919,150644,1232441,465,6198115,Osayi Osifo,DEN,SF,,False,False
43586920,150644,1232441,636,6198115,Osayi Osifo,DEN,SF,,False,False
43586921,150644,1231921,633,6198115,Coleman Hawkins,DEN,SF,,False,False
43586922,150644,1231921,465,6198115,Coleman Hawkins,DEN,SF,,False,False
43586923,150644,1231921,636,6198115,Coleman Hawkins,DEN,SF,,False,False
43586924,150644,1408145,464,6198117,Quadir Copeland,HOU,PG,,False,False
43586925,150644,1408145,465,6198117,Quadir Copeland,HOU,PG,,False,False
43586926,150644,1408145,636,6198117,Quadir Copeland,HOU,PG,,False,False
43586927,150644,1403951,464,6198118,Chase Ross,LAL,PG,,False,False
43586928,150644,1403951,465,6198118,Chase Ross,LAL,PG,,False,False
43586929,150644,1403951,636,6198118,Chase Ross,LAL,PG,,False,False
43586930,150644,1088723,464,6198117,Tyreke Key,TOR,PG,,False,False
43586931,150644,1088723,465,6198117,Tyreke Key,TOR,PG,,False,False
43586932,150644,1088723,636,6198117,Tyreke Key,TOR,PG,,False,False
43586933,150644,1328242,464,6198118,Robert McCray V,LAL,PG,,False,False
43586934,150644,1328242,465,6198118,Robert McCray V,LAL,PG,,False,False
43586935,150644,1328242,636,6198118,Robert McCray V,LAL,PG,,False,False
43586936,150644,1193101,464,6198115,Dajuan Harris Jr.,MIN,PG,,False,False
43586937,150644,1193101,465,6198115,Dajuan Harris Jr.,MIN,PG,,False,False
43586938,150644,1193101,636,6198115,Dajuan Harris Jr.,MIN,PG,,False,False
43586939,150644,1324084,633,6198118,Ja'Vier Francis,DAL,SF,,False,False
43586940,150644,1324084,465,6198118,Ja'Vier Francis,DAL,SF,,False,False
43586941,150644,1324084,636,6198118,Ja'Vier Francis,DAL,SF,,False,False
43586942,150644,1324179,464,6198117,Stevie Mitchell,HOU,PG,,False,False
43586943,150644,1324179,465,6198117,Stevie Mitchell,HOU,PG,,False,False
43586944,150644,1324179,636,6198117,Stevie Mitchell,HOU,PG,,False,False
43586945,150644,1402824,633,6198118,Robbie Avila,LAL,C,,False,False
43586946,150644,1402824,465,6198118,Robbie Avila,LAL,C,,False,False
43586947,150644,1402824,636,6198118,Robbie Avila,LAL,C,,False,False
43586948,150644,1323523,633,6198115,Chris Mantis,MIN,SF,,False,False
43586949,150644,1323523,465,6198115,Chris Mantis,MIN,SF,,False,False
43586950,150644,1323523,636,6198115,Chris Mantis,MIN,SF,,False,False
43586951,150644,1325434,633,6198115,Nate Santos,MIN,SF,,False,False
43586952,150644,1325434,465,6198115,Nate Santos,MIN,SF,,False,False
43586953,150644,1325434,636,6198115,Nate Santos,MIN,SF,,False,False
43586954,150644,1232142,464,6198117,Jalen Celestine,TOR,PG,,False,False
43586955,150644,1232142,465,6198117,Jalen Celestine,TOR,PG,,False,False
43586956,150644,1232142,636,6198117,Jalen Celestine,TOR,PG,,False,False
43586957,150644,1241397,464,6198117,A.J. Hoggard,TOR,PG,,False,False
43586958,150644,1241397,465,6198117,A.J. Hoggard,TOR,PG,,False,False
43586959,150644,1241397,636,6198117,A.J. Hoggard,TOR,PG,,False,False
43586960,150644,1231389,464,6198115,TJ Bamba,DEN,PG,,False,False
43586961,150644,1231389,465,6198115,TJ Bamba,DEN,PG,,False,False
43586962,150644,1231389,636,6198115,TJ Bamba,DEN,PG,,False,False
43586963,150644,1350609,464,6198117,Davide Casarin,HOU,SG,,False,False
43586964,150644,1350609,465,6198117,Davide Casarin,HOU,SG,,False,False
43586965,150644,1350609,636,6198117,Davide Casarin,HOU,SG,,False,False
43586966,150644,1405617,633,6198118,William Kyle,LAL,SF,,False,False
43586967,150644,1405617,465,6198118,William Kyle,LAL,SF,,False,False
43586968,150644,1405617,636,6198118,William Kyle,LAL,SF,,False,False
43586969,150644,1422977,633,6198115,Toby Harris,MIN,SF,,False,False
43586970,150644,1422977,465,6198115,Toby Harris,MIN,SF,,False,False
43586971,150644,1422977,636,6198115,Toby Harris,MIN,SF,,False,False
43586972,150644,1193435,633,6198115,Jaylin Williams,MIN,SF,,False,False
43586973,150644,1193435,465,6198115,Jaylin Williams,MIN,SF,,False,False
43586974,150644,1193435,636,6198115,Jaylin Williams,MIN,SF,,False,False
43586975,150644,1406752,464,6198118,Jacari White,LAL,PG,,False,False
43586976,150644,1406752,465,6198118,Jacari White,LAL,PG,,False,False
43586977,150644,1406752,636,6198118,Jacari White,LAL,PG,,False,False
43586978,150644,1326056,633,6198115,Devin McGlockton,MIN,SF,,False,False
43586979,150644,1326056,465,6198115,Devin McGlockton,MIN,SF,,False,False
43586980,150644,1326056,636,6198115,Devin McGlockton,MIN,SF,,False,False
43586981,150644,1326876,633,6198117,Nate Bittle,TOR,C,,False,False
43586982,150644,1326876,465,6198117,Nate Bittle,TOR,C,,False,False
43586983,150644,1326876,636,6198117,Nate Bittle,TOR,C,,False,False
43586984,150644,1405326,633,6198118,Jorge Diaz Graham,DAL,SF,,False,False
43586985,150644,1405326,465,6198118,Jorge Diaz Graham,DAL,SF,,False,False
43586986,150644,1405326,636,6198118,Jorge Diaz Graham,DAL,SF,,False,False
43586987,150644,1176528,633,6198117,Chris Ledlum,HOU,SF,,False,False
43586988,150644,1176528,465,6198117,Chris Ledlum,HOU,SF,,False,False
43586989,150644,1176528,636,6198117,Chris Ledlum,HOU,SF,,False,False
43586990,150644,1482307,633,6198117,Oscar Cluff,HOU,C,,False,False
43586991,150644,1482307,465,6198117,Oscar Cluff,HOU,C,,False,False
43586992,150644,1482307,636,6198117,Oscar Cluff,HOU,C,,False,False
43586993,150644,1352160,464,6198118,William Hickey,LAL,PG,,False,False
43586994,150644,1352160,465,6198118,William Hickey,LAL,PG,,False,False
43586995,150644,1352160,636,6198118,William Hickey,LAL,PG,,False,False
43586996,150644,1408442,464,6198115,Aidan Mahaney,MIN,PG,,False,False
43586997,150644,1408442,465,6198115,Aidan Mahaney,MIN,PG,,False,False
43586998,150644,1408442,636,6198115,Aidan Mahaney,MIN,PG,,False,False
43586999,150644,1243566,633,6198117,Aziz Bandaogo,TOR,SF,,False,False
43587000,150644,1243566,465,6198117,Aziz Bandaogo,TOR,SF,,False,False
43587001,150644,1243566,636,6198117,Aziz Bandaogo,TOR,SF,,False,False
43587002,150644,1241593,464,6198117,Nimari Burnett,TOR,PG,,False,False
43587003,150644,1241593,465,6198117,Nimari Burnett,TOR,PG,,False,False
43587004,150644,1241593,636,6198117,Nimari Burnett,TOR,PG,,False,False
43587005,150644,1323635,633,6198118,Arthur Kaluma,LAL,SF,,False,False
43587006,150644,1323635,465,6198118,Arthur Kaluma,LAL,SF,,False,False
43587007,150644,1323635,636,6198118,Arthur Kaluma,LAL,SF,,False,False
43587008,150644,1348260,464,6198117,Malik Thomas,TOR,PG,,False,False
43587009,150644,1348260,465,6198117,Malik Thomas,TOR,PG,,False,False
43587010,150644,1348260,636,6198117,Malik Thomas,TOR,PG,,False,False
43587011,150644,1326046,633,6198117,Tyson Degenhart,TOR,SF,,False,False
43587012,150644,1326046,465,6198117,Tyson Degenhart,TOR,SF,,False,False
43587013,150644,1326046,636,6198117,Tyson Degenhart,TOR,SF,,False,False
43587014,150644,1405328,633,6198118,Guillermo Diaz Graham,DAL,SF,,False,False
43587015,150644,1405328,465,6198118,Guillermo Diaz Graham,DAL,SF,,False,False
43587016,150644,1405328,636,6198118,Guillermo Diaz Graham,DAL,SF,,False,False
43587017,150644,1334229,633,6198117,Ben Middlebrooks,HOU,SF,,False,False
43587018,150644,1334229,465,6198117,Ben Middlebrooks,HOU,SF,,False,False
43587019,150644,1334229,636,6198117,Ben Middlebrooks,HOU,SF,,False,False
43587020,150644,1324092,633,6198118,Luke Goode,LAL,SF,,False,False
43587021,150644,1324092,465,6198118,Luke Goode,LAL,SF,,False,False
43587022,150644,1324092,636,6198118,Luke Goode,LAL,SF,,False,False
43587023,150644,851888,464,6198118,Jon Elmore,LAL,PG,,False,False
43587024,150644,851888,465,6198118,Jon Elmore,LAL,PG,,False,False
43587025,150644,851888,636,6198118,Jon Elmore,LAL,PG,,False,False
43587026,150644,1405882,464,6198115,Trey Campbell,MIN,PG,,False,False
43587027,150644,1405882,465,6198115,Trey Campbell,MIN,PG,,False,False
43587028,150644,1405882,636,6198115,Trey Campbell,MIN,PG,,False,False
43587029,150644,1231293,633,6198117,Brandon Angel,TOR,SF,,False,False
43587030,150644,1231293,465,6198117,Brandon Angel,TOR,SF,,False,False
43587031,150644,1231293,636,6198117,Brandon Angel,TOR,SF,,False,False
