draftable_id,draft_group_id,player_id,roster_slot_id,competition_id,name,team,position_name,salary,is_disabled,is_swappable
43622264,150895,692156,226,6163197,Breanna Stewart,NYL,SF/PF,11800.0,False,True
43622265,150895,692156,227,6163197,Breanna Stewart,NYL,SF/PF,11800.0,False,True
43622266,150895,1238619,225,6163197,Caitlin Clark,IND,PG/SG,11700.0,False,True
43622267,150895,1238619,227,6163197,Caitlin Clark,IND,PG/SG,11700.0,False,True
43622268,150895,1192647,226,6163197,Aliyah Boston,IND,SF/PF,11300.0,False,True
43622269,150895,1192647,227,6163197,Aliyah Boston,IND,SF/PF,11300.0,False,True
43622270,150895,839540,225,6163197,Kelsey Mitchell,IND,PG/SG,11000.0,False,True
43622271,150895,839540,227,6163197,Kelsey Mitchell,IND,PG/SG,11000.0,False,True
43622272,150895,574059,226,6163198,Natasha Howard,MIN,SF/PF,10900.0,False,True
43622273,150895,574059,227,6163198,Natasha Howard,MIN,SF/PF,10900.0,False,True
43622274,150895,709448,226,6163197,Jonquel Jones,NYL,SF/PF,10800.0,False,True
43622275,150895,709448,227,6163197,Jonquel Jones,NYL,SF/PF,10800.0,False,True
43622276,150895,1268935,225,6163198,Olivia Miles,MIN,PG/SG,10700.0,False,True
43622277,150895,1268935,227,6163198,Olivia Miles,MIN,PG/SG,10700.0,False,True
43622278,150895,945668,225,6163197,Sabrina Ionescu,NYL,PG/SG,10400.0,False,True
43622279,150895,945668,227,6163197,Sabrina Ionescu,NYL,PG/SG,10400.0,False,True
43622280,150895,880871,226,6163198,Napheesa Collier,MIN,SF/PF,10300.0,False,True
43622281,150895,880871,227,6163198,Napheesa Collier,MIN,SF/PF,10300.0,False,True
43622282,150895,574369,225,6163198,Kayla McBride,MIN,PG/SG,10200.0,False,True
43622283,150895,574369,227,6163198,Kayla McBride,MIN,PG/SG,10200.0,False,True
43622284,150895,695504,225,6163198,Courtney Williams,MIN,PG/SG,9800.0,False,True
43622285,150895,695504,227,6163198,Courtney Williams,MIN,PG/SG,9800.0,False,True
43622286,150895,1127121,226,6163200,Shakira Austin,WAS,SF/PF,9700.0,False,True
43622287,150895,1127121,227,6163200,Shakira Austin,WAS,SF/PF,9700.0,False,True
43622288,150895,1329912,226,6163200,Kiki Iriafen,WAS,SF/PF,9600.0,False,True
43622289,150895,1329912,227,6163200,Kiki Iriafen,WAS,SF/PF,9600.0,False,True
43622290,150895,1138402,226,6163198,Emily Engstler,PDX,SF/PF,9200.0,False,True
43622291,150895,1138402,227,6163198,Emily Engstler,PDX,SF/PF,9200.0,False,True
43622292,150895,1127174,225,6163200,Veronica Burton,GSV,PG/SG,9000.0,False,True
43622293,150895,1127174,227,6163200,Veronica Burton,GSV,PG/SG,9000.0,False,True
43622294,150895,839859,226,6163200,Gabby Williams,GSV,SF/PF,8800.0,False,True
43622295,150895,839859,227,6163200,Gabby Williams,GSV,SF/PF,8800.0,False,True
43622296,150895,1511559,226,6163200,Janelle Salaun,GSV,SF/PF,8500.0,False,True
43622297,150895,1511559,227,6163200,Janelle Salaun,GSV,SF/PF,8500.0,False,True
43622298,150895,747542,226,6163198,Nia Coffey,MIN,SF/PF,8400.0,False,True
43622299,150895,747542,227,6163198,Nia Coffey,MIN,SF/PF,8400.0,False,True
43622300,150895,882016,226,6163198,Bridget Carleton,PDX,SF/PF,8300.0,False,True
43622301,150895,882016,227,6163198,Bridget Carleton,PDX,SF/PF,8300.0,False,True
43622302,150895,1508685,225,6163198,Carla Leite,PDX,PG/SG,8100.0,False,True
43622303,150895,1508685,227,6163198,Carla Leite,PDX,PG/SG,8100.0,False,True
43622304,150895,1353845,225,6163200,Sonia Citron,WAS,PG/SG,7900.0,False,True
43622305,150895,1353845,227,6163200,Sonia Citron,WAS,PG/SG,7900.0,False,True
43622306,150895,889432,226,6163198,Megan Gustafson,PDX,SF/PF,7800.0,False,True
43622307,150895,889432,227,6163198,Megan Gustafson,PDX,SF/PF,7800.0,False,True
43622308,150895,570043,226,6163200,Kayla Thornton,GSV,SF/PF,7500.0,False,True
43622309,150895,570043,227,6163200,Kayla Thornton,GSV,SF/PF,7500.0,False,True
43622310,150895,1511540,226,6163197,Pauline Astier,NYL,SF/PF,7200.0,False,True
43622311,150895,1511540,227,6163197,Pauline Astier,NYL,SF/PF,7200.0,False,True
43622312,150895,1239742,225,6163198,Sarah Ashlee Barker,PDX,PG/SG,6800.0,False,True
43622313,150895,1239742,227,6163198,Sarah Ashlee Barker,PDX,PG/SG,6800.0,False,True
43622314,150895,1214989,226,6163197,Leonie Fiebich,NYL,SF/PF,6600.0,False,True
43622315,150895,1214989,227,6163197,Leonie Fiebich,NYL,SF/PF,6600.0,False,True
43622316,150895,849343,226,6163197,Monique Billings,IND,SF/PF,6500.0,False,True
43622317,150895,849343,227,6163197,Monique Billings,IND,SF/PF,6500.0,False,True
43622318,150895,1079988,226,6163200,Michaela Onyenwere,WAS,SF/PF,6300.0,False,True
43622319,150895,1079988,227,6163200,Michaela Onyenwere,WAS,SF/PF,6300.0,False,True
43622320,150895,619369,226,6163200,Kiah Stokes,GSV,SF/PF,6200.0,False,True
43622321,150895,619369,227,6163200,Kiah Stokes,GSV,SF/PF,6200.0,False,True
43622322,150895,1061712,226,6163197,Satou Sabally,NYL,SF/PF,6100.0,False,True
43622323,150895,1061712,227,6163197,Satou Sabally,NYL,SF/PF,6100.0,False,True
43622324,150895,883559,225,6163197,Sophie Cunningham,IND,PG/SG,6000.0,False,True
43622325,150895,883559,227,6163197,Sophie Cunningham,IND,PG/SG,6000.0,False,True
43622326,150895,1074085,226,6163200,Cecilia Zandalasini,GSV,SF/PF,5900.0,False,True
43622327,150895,1074085,227,6163200,Cecilia Zandalasini,GSV,SF/PF,5900.0,False,True
43622328,150895,945094,225,6163200,Kaila Charles,GSV,PG/SG,5800.0,False,True
43622329,150895,945094,227,6163200,Kaila Charles,GSV,PG/SG,5800.0,False,True
43622330,150895,473026,225,6163200,Tiffany Hayes,GSV,PG/SG,5700.0,False,True
43622331,150895,473026,227,6163200,Tiffany Hayes,GSV,PG/SG,5700.0,False,True
43622332,150895,1132742,225,6163197,Lexie Hull,IND,PG/SG,5600.0,False,True
43622333,150895,1132742,227,6163197,Lexie Hull,IND,PG/SG,5600.0,False,True
43622334,150895,1409996,226,6163200,Lauren Betts,WAS,SF/PF,5500.0,False,True
43622335,150895,1409996,227,6163200,Lauren Betts,WAS,SF/PF,5500.0,False,True
43622336,150895,946830,225,6163197,Tyasha Harris,IND,PG/SG,5400.0,False,True
43622337,150895,946830,227,6163197,Tyasha Harris,IND,PG/SG,5400.0,False,True
43622338,150895,924162,225,6163197,Marine Johannes,NYL,PG/SG,5300.0,False,True
43622339,150895,924162,227,6163197,Marine Johannes,NYL,PG/SG,5300.0,False,True
43622340,150895,1138482,226,6163198,Dorka Juhasz,MIN,SF/PF,5200.0,False,True
43622341,150895,1138482,227,6163198,Dorka Juhasz,MIN,SF/PF,5200.0,False,True
43622342,150895,1346972,225,6163200,Kaitlyn Chen,GSV,PG/SG,5100.0,False,True
43622343,150895,1346972,227,6163200,Kaitlyn Chen,GSV,PG/SG,5100.0,False,True
43622344,150895,1239247,225,6163200,Georgia Amoore,WAS,PG/SG,5000.0,False,True
43622345,150895,1239247,227,6163200,Georgia Amoore,WAS,PG/SG,5000.0,False,True
43622346,150895,1418182,226,6163200,Cotie McMahon,WAS,SF/PF,4900.0,False,True
43622347,150895,1418182,227,6163200,Cotie McMahon,WAS,SF/PF,4900.0,False,True
43622348,150895,1408667,226,6163198,Frieda Buhner,PDX,SF/PF,4800.0,False,True
43622349,150895,1408667,227,6163198,Frieda Buhner,PDX,SF/PF,4800.0,False,True
43622350,150895,1192652,226,6163200,Laeticia Amihere,GSV,SF/PF,4700.0,False,True
43622351,150895,1192652,227,6163200,Laeticia Amihere,GSV,SF/PF,4700.0,False,True
43622352,150895,1343042,226,6163197,Makayla Timpson,IND,SF/PF,4600.0,False,True
43622353,150895,1343042,227,6163197,Makayla Timpson,IND,SF/PF,4600.0,False,True
43622354,150895,785079,225,6163198,Karlie Samuelson,PDX,PG/SG,4500.0,False,True
43622355,150895,785079,227,6163198,Karlie Samuelson,PDX,PG/SG,4500.0,False,True
43622356,150895,1313708,225,6163198,Antonia Delaere,MIN,PG/SG,4400.0,False,True
43622357,150895,1313708,227,6163198,Antonia Delaere,MIN,PG/SG,4400.0,False,True
43622358,150895,1650029,225,6163200,Alicia Florez,WAS,PG/SG,4300.0,False,True
43622359,150895,1650029,227,6163200,Alicia Florez,WAS,PG/SG,4300.0,False,True
43622360,150895,1413119,226,6163198,Serah Williams,PDX,SF/PF,4200.0,False,True
43622361,150895,1413119,227,6163198,Serah Williams,PDX,SF/PF,4200.0,False,True
43622362,150895,853608,226,6163197,Myisha Hines-Allen,IND,SF/PF,4100.0,False,True
43622363,150895,853608,227,6163197,Myisha Hines-Allen,IND,SF/PF,4100.0,False,True
43622364,150895,1338492,225,6163197,Raven Johnson,IND,PG/SG,4000.0,False,True
43622365,150895,1338492,227,6163197,Raven Johnson,IND,PG/SG,4000.0,False,True
43622366,150895,1165033,226,6163197,Han Xu,NYL,SF/PF,3900.0,False,True
43622367,150895,1165033,227,6163197,Han Xu,NYL,SF/PF,3900.0,False,True
43622368,150895,620441,225,6163197,Betnijah Laney-Hamilton,NYL,PG/SG,3800.0,False,True
43622369,150895,620441,227,6163197,Betnijah Laney-Hamilton,NYL,PG/SG,3800.0,False,True
43622370,150895,1582293,226,6163198,Anastasiia Olairi Kosu,MIN,SF/PF,3700.0,False,True
43622371,150895,1582293,227,6163198,Anastasiia Olairi Kosu,MIN,SF/PF,3700.0,False,True
43622372,150895,1432600,225,6163200,Cassandre Prosper,WAS,PG/SG,3600.0,False,True
43622373,150895,1432600,227,6163200,Cassandre Prosper,WAS,PG/SG,3600.0,False,True
43622374,150895,1062313,225,6163198,Maya Caldwell,MIN,PG/SG,3500.0,False,True
43622375,150895,1062313,227,6163198,Maya Caldwell,MIN,PG/SG,3500.0,False,True
43622376,150895,1061711,226,6163197,Anneli Maley,NYL,SF/PF,3500.0,False,True
43622377,150895,1061711,227,6163197,Anneli Maley,NYL,SF/PF,3500.0,False,True
43622378,150895,1282440,226,6163197,Raquel Carrera,NYL,SF/PF,3400.0,False,True
43622379,150895,1282440,227,6163197,Raquel Carrera,NYL,SF/PF,3400.0,False,True
43622380,150895,1347014,225,6163200,Lucy Olsen,WAS,PG/SG,3400.0,False,True
43622381,150895,1347014,227,6163200,Lucy Olsen,WAS,PG/SG,3400.0,False,True
43622382,150895,1240231,226,6163200,Angela Dugalic,WAS,SF/PF,3300.0,False,True
43622383,150895,1240231,227,6163200,Angela Dugalic,WAS,SF/PF,3300.0,False,True
43622384,150895,1647057,225,6163198,Teja Oblak,PDX,PG/SG,3300.0,False,True
43622385,150895,1647057,227,6163198,Teja Oblak,PDX,PG/SG,3300.0,False,True
43622386,150895,1646983,225,6163198,Eliska Hamzova,MIN,PG/SG,3200.0,False,True
43622387,150895,1646983,227,6163198,Eliska Hamzova,MIN,PG/SG,3200.0,False,True
43622388,150895,1214990,226,6163198,Luisa Geiselsoder,PDX,SF/PF,3200.0,False,True
43622389,150895,1214990,227,6163198,Luisa Geiselsoder,PDX,SF/PF,3200.0,False,True
43622390,150895,474457,225,6163197,Rebekah Gardner,NYL,PG/SG,3100.0,False,True
43622391,150895,474457,227,6163197,Rebekah Gardner,NYL,PG/SG,3100.0,False,True
43622392,150895,1236981,226,6163198,Liatu King,MIN,SF/PF,3100.0,False,True
43622393,150895,1236981,227,6163198,Liatu King,MIN,SF/PF,3100.0,False,True
43622394,150895,1508688,226,6163198,Nyadiew Puoch,PDX,SF/PF,3100.0,False,True
43622395,150895,1508688,227,6163198,Nyadiew Puoch,PDX,SF/PF,3100.0,False,True
43622396,150895,1282439,226,6163200,Iliana Rupert,GSV,SF/PF,3000.0,False,True
43622397,150895,1282439,227,6163200,Iliana Rupert,GSV,SF/PF,3000.0,False,True
43622398,150895,654576,226,6163197,Damiris Dantas,IND,SF/PF,3000.0,False,True
43622399,150895,654576,227,6163197,Damiris Dantas,IND,SF/PF,3000.0,False,True
43622400,150895,1409724,226,6163197,Grace VanSlooten,IND,SF/PF,3000.0,False,True
43622401,150895,1409724,227,6163197,Grace VanSlooten,IND,SF/PF,3000.0,False,True
43622402,150895,1646982,226,6163198,Emma Cechova,MIN,SF/PF,3000.0,False,True
43622403,150895,1646982,227,6163198,Emma Cechova,MIN,SF/PF,3000.0,False,True
43622404,150895,1189691,226,6163200,Ashten Prechtel,GSV,SF/PF,3000.0,False,True
43622405,150895,1189691,227,6163200,Ashten Prechtel,GSV,SF/PF,3000.0,False,True
43622406,150895,1582285,226,6163200,Juste Jocyte,GSV,SF/PF,3000.0,False,True
43622407,150895,1582285,227,6163200,Juste Jocyte,GSV,SF/PF,3000.0,False,True
43622408,150895,945689,226,6163200,Nadia Fingall,GSV,SF/PF,3000.0,False,True
43622409,150895,945689,227,6163200,Nadia Fingall,GSV,SF/PF,3000.0,False,True
43622410,150895,1338491,225,6163197,Bree Hall,IND,PG/SG,3000.0,False,True
43622411,150895,1338491,227,6163197,Bree Hall,IND,PG/SG,3000.0,False,True
43622412,150895,1646923,225,6163200,Miela Sowah,GSV,PG/SG,3000.0,False,True
43622413,150895,1646923,227,6163200,Miela Sowah,GSV,PG/SG,3000.0,False,True
43622414,150895,871869,225,6163197,Rebecca Allen,NYL,PG/SG,3000.0,False,True
43622415,150895,871869,227,6163197,Rebecca Allen,NYL,PG/SG,3000.0,False,True
43622416,150895,1282441,225,6163197,Marine Fauthoux,NYL,PG/SG,3000.0,False,True
43622417,150895,1282441,227,6163197,Marine Fauthoux,NYL,PG/SG,3000.0,False,True
43622418,150895,1409781,226,6163200,Darianna Littlepage-Buggs,WAS,SF/PF,3000.0,False,True
43622419,150895,1409781,227,6163200,Darianna Littlepage-Buggs,WAS,SF/PF,3000.0,False,True
43622420,150895,1329933,225,6163200,Rori Harmon,WAS,PG/SG,3000.0,False,True
43622421,150895,1329933,227,6163200,Rori Harmon,WAS,PG/SG,3000.0,False,True
43622422,150895,1410004,225,6163198,Jordan Harrison,PDX,PG/SG,3000.0,False,True
43622423,150895,1410004,227,6163198,Jordan Harrison,PDX,PG/SG,3000.0,False,True
43622424,150895,1338490,226,6163198,Sania Feagin,PDX,SF/PF,3000.0,False,True
43622425,150895,1338490,227,6163198,Sania Feagin,PDX,SF/PF,3000.0,False,True
43622426,150895,1178927,225,6163198,Holly Winterburn,PDX,PG/SG,3000.0,False,True
43622427,150895,1178927,227,6163198,Holly Winterburn,PDX,PG/SG,3000.0,False,True
43622428,150897,692156,672,6163197,Breanna Stewart,NYL,SF/PF,,False,True
43622429,150897,1238619,672,6163197,Caitlin Clark,IND,PG/SG,,False,True
43622430,150897,1192647,672,6163197,Aliyah Boston,IND,SF/PF,,False,True
43622431,150897,839540,672,6163197,Kelsey Mitchell,IND,PG/SG,,False,True
43622432,150897,574059,672,6163198,Natasha Howard,MIN,SF/PF,,False,True
43622433,150897,709448,672,6163197,Jonquel Jones,NYL,SF/PF,,False,True
43622434,150897,1268935,672,6163198,Olivia Miles,MIN,PG/SG,,False,True
43622435,150897,945668,672,6163197,Sabrina Ionescu,NYL,PG/SG,,False,True
43622436,150897,880871,672,6163198,Napheesa Collier,MIN,SF/PF,,False,True
43622437,150897,574369,672,6163198,Kayla McBride,MIN,PG/SG,,False,True
43622438,150897,695504,672,6163198,Courtney Williams,MIN,PG/SG,,False,True
43622439,150897,1127121,672,6163200,Shakira Austin,WAS,SF/PF,,False,True
43622440,150897,1329912,672,6163200,Kiki Iriafen,WAS,SF/PF,,False,True
43622441,150897,1138402,672,6163198,Emily Engstler,PDX,SF/PF,,False,True
43622442,150897,1127174,672,6163200,Veronica Burton,GSV,PG/SG,,False,True
43622443,150897,839859,672,6163200,Gabby Williams,GSV,SF/PF,,False,True
43622444,150897,1511559,672,6163200,Janelle Salaun,GSV,SF/PF,,False,True
43622445,150897,747542,672,6163198,Nia Coffey,MIN,SF/PF,,False,True
43622446,150897,882016,672,6163198,Bridget Carleton,PDX,SF/PF,,False,True
43622447,150897,1508685,672,6163198,Carla Leite,PDX,PG/SG,,False,True
43622448,150897,1353845,672,6163200,Sonia Citron,WAS,PG/SG,,False,True
43622449,150897,889432,672,6163198,Megan Gustafson,PDX,SF/PF,,False,True
43622450,150897,570043,672,6163200,Kayla Thornton,GSV,SF/PF,,False,True
43622451,150897,1511540,672,6163197,Pauline Astier,NYL,SF/PF,,False,True
43622452,150897,1239742,672,6163198,Sarah Ashlee Barker,PDX,PG/SG,,False,True
43622453,150897,1214989,672,6163197,Leonie Fiebich,NYL,SF/PF,,False,True
43622454,150897,849343,672,6163197,Monique Billings,IND,SF/PF,,False,True
43622455,150897,1079988,672,6163200,Michaela Onyenwere,WAS,SF/PF,,False,True
43622456,150897,619369,672,6163200,Kiah Stokes,GSV,SF/PF,,False,True
43622457,150897,1061712,672,6163197,Satou Sabally,NYL,SF/PF,,False,True
43622458,150897,883559,672,6163197,Sophie Cunningham,IND,PG/SG,,False,True
43622459,150897,1074085,672,6163200,Cecilia Zandalasini,GSV,SF/PF,,False,True
43622460,150897,945094,672,6163200,Kaila Charles,GSV,PG/SG,,False,True
43622461,150897,473026,672,6163200,Tiffany Hayes,GSV,PG/SG,,False,True
43622462,150897,1132742,672,6163197,Lexie Hull,IND,PG/SG,,False,True
43622463,150897,1409996,672,6163200,Lauren Betts,WAS,SF/PF,,False,True
43622464,150897,946830,672,6163197,Tyasha Harris,IND,PG/SG,,False,True
43622465,150897,924162,672,6163197,Marine Johannes,NYL,PG/SG,,False,True
43622466,150897,1138482,672,6163198,Dorka Juhasz,MIN,SF/PF,,False,True
43622467,150897,1346972,672,6163200,Kaitlyn Chen,GSV,PG/SG,,False,True
43622468,150897,1239247,672,6163200,Georgia Amoore,WAS,PG/SG,,False,True
43622469,150897,1418182,672,6163200,Cotie McMahon,WAS,SF/PF,,False,True
43622470,150897,1408667,672,6163198,Frieda Buhner,PDX,SF/PF,,False,True
43622471,150897,1192652,672,6163200,Laeticia Amihere,GSV,SF/PF,,False,True
43622472,150897,1343042,672,6163197,Makayla Timpson,IND,SF/PF,,False,True
43622473,150897,785079,672,6163198,Karlie Samuelson,PDX,PG/SG,,False,True
43622474,150897,1313708,672,6163198,Antonia Delaere,MIN,PG/SG,,False,True
43622475,150897,1650029,672,6163200,Alicia Florez,WAS,PG/SG,,False,True
43622476,150897,1413119,672,6163198,Serah Williams,PDX,SF/PF,,False,True
43622477,150897,853608,672,6163197,Myisha Hines-Allen,IND,SF/PF,,False,True
43622478,150897,1338492,672,6163197,Raven Johnson,IND,PG/SG,,False,True
43622479,150897,1165033,672,6163197,Han Xu,NYL,SF/PF,,False,True
43622480,150897,620441,672,6163197,Betnijah Laney-Hamilton,NYL,PG/SG,,False,True
43622481,150897,1582293,672,6163198,Anastasiia Olairi Kosu,MIN,SF/PF,,False,True
43622482,150897,1432600,672,6163200,Cassandre Prosper,WAS,PG/SG,,False,True
43622483,150897,1062313,672,6163198,Maya Caldwell,MIN,PG/SG,,False,True
43622484,150897,1061711,672,6163197,Anneli Maley,NYL,SF/PF,,False,True
43622485,150897,1282440,672,6163197,Raquel Carrera,NYL,SF/PF,,False,True
43622486,150897,1347014,672,6163200,Lucy Olsen,WAS,PG/SG,,False,True
43622487,150897,1240231,672,6163200,Angela Dugalic,WAS,SF/PF,,False,True
43622488,150897,1647057,672,6163198,Teja Oblak,PDX,PG/SG,,False,True
43622489,150897,1646983,672,6163198,Eliska Hamzova,MIN,PG/SG,,False,True
43622490,150897,1214990,672,6163198,Luisa Geiselsoder,PDX,SF/PF,,False,True
43622491,150897,474457,672,6163197,Rebekah Gardner,NYL,PG/SG,,False,True
43622492,150897,1236981,672,6163198,Liatu King,MIN,SF/PF,,False,True
43622493,150897,1508688,672,6163198,Nyadiew Puoch,PDX,SF/PF,,False,True
43622494,150897,1282439,672,6163200,Iliana Rupert,GSV,SF/PF,,False,True
43622495,150897,654576,672,6163197,Damiris Dantas,IND,SF/PF,,False,True
43622496,150897,1409724,672,6163197,Grace VanSlooten,IND,SF/PF,,False,True
43622497,150897,1646982,672,6163198,Emma Cechova,MIN,SF/PF,,False,True
43622498,150897,1189691,672,6163200,Ashten Prechtel,GSV,SF/PF,,False,True
43622499,150897,1582285,672,6163200,Juste Jocyte,GSV,SF/PF,,False,True
43622500,150897,945689,672,6163200,Nadia Fingall,GSV,SF/PF,,False,True
43622501,150897,1338491,672,6163197,Bree Hall,IND,PG/SG,,False,True
43622502,150897,1646923,672,6163200,Miela Sowah,GSV,PG/SG,,False,True
43622503,150897,871869,672,6163197,Rebecca Allen,NYL,PG/SG,,False,True
43622504,150897,1282441,672,6163197,Marine Fauthoux,NYL,PG/SG,,False,True
43622505,150897,1409781,672,6163200,Darianna Littlepage-Buggs,WAS,SF/PF,,False,True
43622506,150897,1329933,672,6163200,Rori Harmon,WAS,PG/SG,,False,True
43622507,150897,1410004,672,6163198,Jordan Harrison,PDX,PG/SG,,False,True
43622508,150897,1338490,672,6163198,Sania Feagin,PDX,SF/PF,,False,True
43622509,150897,1178927,672,6163198,Holly Winterburn,PDX,PG/SG,,False,True
43622510,150896,692156,633,6163197,Breanna Stewart,NYL,SF,,False,False
43622511,150896,692156,465,6163197,Breanna Stewart,NYL,SF,,False,False
43622512,150896,692156,636,6163197,Breanna Stewart,NYL,SF,,False,False
43622513,150896,1238619,464,6163197,Caitlin Clark,IND,PG,,False,False
43622514,150896,1238619,465,6163197,Caitlin Clark,IND,PG,,False,False
43622515,150896,1238619,636,6163197,Caitlin Clark,IND,PG,,False,False
43622516,150896,1192647,633,6163197,Aliyah Boston,IND,SF,,False,False
43622517,150896,1192647,465,6163197,Aliyah Boston,IND,SF,,False,False
43622518,150896,1192647,636,6163197,Aliyah Boston,IND,SF,,False,False
43622519,150896,839540,464,6163197,Kelsey Mitchell,IND,PG,,False,False
43622520,150896,839540,465,6163197,Kelsey Mitchell,IND,PG,,False,False
43622521,150896,839540,636,6163197,Kelsey Mitchell,IND,PG,,False,False
43622522,150896,574059,633,6163198,Natasha Howard,MIN,SF,,False,False
43622523,150896,574059,465,6163198,Natasha Howard,MIN,SF,,False,False
43622524,150896,574059,636,6163198,Natasha Howard,MIN,SF,,False,False
43622525,150896,709448,633,6163197,Jonquel Jones,NYL,SF,,False,False
43622526,150896,709448,465,6163197,Jonquel Jones,NYL,SF,,False,False
43622527,150896,709448,636,6163197,Jonquel Jones,NYL,SF,,False,False
43622528,150896,1268935,464,6163198,Olivia Miles,MIN,PG,,False,False
43622529,150896,1268935,465,6163198,Olivia Miles,MIN,PG,,False,False
43622530,150896,1268935,636,6163198,Olivia Miles,MIN,PG,,False,False
43622531,150896,945668,464,6163197,Sabrina Ionescu,NYL,PG,,False,False
43622532,150896,945668,465,6163197,Sabrina Ionescu,NYL,PG,,False,False
43622533,150896,945668,636,6163197,Sabrina Ionescu,NYL,PG,,False,False
43622534,150896,880871,633,6163198,Napheesa Collier,MIN,SF,,False,False
43622535,150896,880871,465,6163198,Napheesa Collier,MIN,SF,,False,False
43622536,150896,880871,636,6163198,Napheesa Collier,MIN,SF,,False,False
43622537,150896,574369,464,6163198,Kayla McBride,MIN,PG,,False,False
43622538,150896,574369,465,6163198,Kayla McBride,MIN,PG,,False,False
43622539,150896,574369,636,6163198,Kayla McBride,MIN,PG,,False,False
43622540,150896,695504,464,6163198,Courtney Williams,MIN,PG,,False,False
43622541,150896,695504,465,6163198,Courtney Williams,MIN,PG,,False,False
43622542,150896,695504,636,6163198,Courtney Williams,MIN,PG,,False,False
43622543,150896,1127121,633,6163200,Shakira Austin,WAS,SF,,False,False
43622544,150896,1127121,465,6163200,Shakira Austin,WAS,SF,,False,False
43622545,150896,1127121,636,6163200,Shakira Austin,WAS,SF,,False,False
43622546,150896,1329912,633,6163200,Kiki Iriafen,WAS,SF,,False,False
43622547,150896,1329912,465,6163200,Kiki Iriafen,WAS,SF,,False,False
43622548,150896,1329912,636,6163200,Kiki Iriafen,WAS,SF,,False,False
43622549,150896,1138402,633,6163198,Emily Engstler,PDX,SF,,False,False
43622550,150896,1138402,465,6163198,Emily Engstler,PDX,SF,,False,False
43622551,150896,1138402,636,6163198,Emily Engstler,PDX,SF,,False,False
43622552,150896,1127174,464,6163200,Veronica Burton,GSV,PG,,False,False
43622553,150896,1127174,465,6163200,Veronica Burton,GSV,PG,,False,False
43622554,150896,1127174,636,6163200,Veronica Burton,GSV,PG,,False,False
43622555,150896,839859,633,6163200,Gabby Williams,GSV,SF,,False,False
43622556,150896,839859,465,6163200,Gabby Williams,GSV,SF,,False,False
43622557,150896,839859,636,6163200,Gabby Williams,GSV,SF,,False,False
43622558,150896,1511559,633,6163200,Janelle Salaun,GSV,SF,,False,False
43622559,150896,1511559,465,6163200,Janelle Salaun,GSV,SF,,False,False
43622560,150896,1511559,636,6163200,Janelle Salaun,GSV,SF,,False,False
43622561,150896,747542,633,6163198,Nia Coffey,MIN,SF,,False,False
43622562,150896,747542,465,6163198,Nia Coffey,MIN,SF,,False,False
43622563,150896,747542,636,6163198,Nia Coffey,MIN,SF,,False,False
43622564,150896,882016,633,6163198,Bridget Carleton,PDX,SF,,False,False
43622565,150896,882016,465,6163198,Bridget Carleton,PDX,SF,,False,False
43622566,150896,882016,636,6163198,Bridget Carleton,PDX,SF,,False,False
43622567,150896,1508685,464,6163198,Carla Leite,PDX,PG,,False,False
43622568,150896,1508685,465,6163198,Carla Leite,PDX,PG,,False,False
43622569,150896,1508685,636,6163198,Carla Leite,PDX,PG,,False,False
43622570,150896,1353845,464,6163200,Sonia Citron,WAS,PG,,False,False
43622571,150896,1353845,465,6163200,Sonia Citron,WAS,PG,,False,False
43622572,150896,1353845,636,6163200,Sonia Citron,WAS,PG,,False,False
43622573,150896,889432,633,6163198,Megan Gustafson,PDX,SF,,False,False
43622574,150896,889432,465,6163198,Megan Gustafson,PDX,SF,,False,False
43622575,150896,889432,636,6163198,Megan Gustafson,PDX,SF,,False,False
43622576,150896,570043,633,6163200,Kayla Thornton,GSV,SF,,False,False
43622577,150896,570043,465,6163200,Kayla Thornton,GSV,SF,,False,False
43622578,150896,570043,636,6163200,Kayla Thornton,GSV,SF,,False,False
43622579,150896,1511540,633,6163197,Pauline Astier,NYL,SF,,False,False
43622580,150896,1511540,465,6163197,Pauline Astier,NYL,SF,,False,False
43622581,150896,1511540,636,6163197,Pauline Astier,NYL,SF,,False,False
43622582,150896,1239742,464,6163198,Sarah Ashlee Barker,PDX,PG,,False,False
43622583,150896,1239742,465,6163198,Sarah Ashlee Barker,PDX,PG,,False,False
43622584,150896,1239742,636,6163198,Sarah Ashlee Barker,PDX,PG,,False,False
43622585,150896,1214989,633,6163197,Leonie Fiebich,NYL,SF,,False,False
43622586,150896,1214989,465,6163197,Leonie Fiebich,NYL,SF,,False,False
43622587,150896,1214989,636,6163197,Leonie Fiebich,NYL,SF,,False,False
43622588,150896,849343,633,6163197,Monique Billings,IND,SF,,False,False
43622589,150896,849343,465,6163197,Monique Billings,IND,SF,,False,False
43622590,150896,849343,636,6163197,Monique Billings,IND,SF,,False,False
43622591,150896,1079988,633,6163200,Michaela Onyenwere,WAS,SF,,False,False
43622592,150896,1079988,465,6163200,Michaela Onyenwere,WAS,SF,,False,False
43622593,150896,1079988,636,6163200,Michaela Onyenwere,WAS,SF,,False,False
43622594,150896,619369,633,6163200,Kiah Stokes,GSV,SF,,False,False
43622595,150896,619369,465,6163200,Kiah Stokes,GSV,SF,,False,False
43622596,150896,619369,636,6163200,Kiah Stokes,GSV,SF,,False,False
43622597,150896,1061712,633,6163197,Satou Sabally,NYL,SF,,False,False
43622598,150896,1061712,465,6163197,Satou Sabally,NYL,SF,,False,False
43622599,150896,1061712,636,6163197,Satou Sabally,NYL,SF,,False,False
43622600,150896,883559,464,6163197,Sophie Cunningham,IND,PG,,False,False
43622601,150896,883559,465,6163197,Sophie Cunningham,IND,PG,,False,False
43622602,150896,883559,636,6163197,Sophie Cunningham,IND,PG,,False,False
43622603,150896,1074085,633,6163200,Cecilia Zandalasini,GSV,SF,,False,False
43622604,150896,1074085,465,6163200,Cecilia Zandalasini,GSV,SF,,False,False
43622605,150896,1074085,636,6163200,Cecilia Zandalasini,GSV,SF,,False,False
43622606,150896,945094,464,6163200,Kaila Charles,GSV,PG,,False,False
43622607,150896,945094,465,6163200,Kaila Charles,GSV,PG,,False,False
43622608,150896,945094,636,6163200,Kaila Charles,GSV,PG,,False,False
43622609,150896,473026,464,6163200,Tiffany Hayes,GSV,PG,,False,False
43622610,150896,473026,465,6163200,Tiffany Hayes,GSV,PG,,False,False
43622611,150896,473026,636,6163200,Tiffany Hayes,GSV,PG,,False,False
43622612,150896,1132742,464,6163197,Lexie Hull,IND,PG,,False,False
43622613,150896,1132742,465,6163197,Lexie Hull,IND,PG,,False,False
43622614,150896,1132742,636,6163197,Lexie Hull,IND,PG,,False,False
43622615,150896,1409996,633,6163200,Lauren Betts,WAS,SF,,False,False
43622616,150896,1409996,465,6163200,Lauren Betts,WAS,SF,,False,False
43622617,150896,1409996,636,6163200,Lauren Betts,WAS,SF,,False,False
43622618,150896,946830,464,6163197,Tyasha Harris,IND,PG,,False,False
43622619,150896,946830,465,6163197,Tyasha Harris,IND,PG,,False,False
43622620,150896,946830,636,6163197,Tyasha Harris,IND,PG,,False,False
43622621,150896,924162,464,6163197,Marine Johannes,NYL,PG,,False,False
43622622,150896,924162,465,6163197,Marine Johannes,NYL,PG,,False,False
43622623,150896,924162,636,6163197,Marine Johannes,NYL,PG,,False,False
43622624,150896,1138482,633,6163198,Dorka Juhasz,MIN,SF,,False,False
43622625,150896,1138482,465,6163198,Dorka Juhasz,MIN,SF,,False,False
43622626,150896,1138482,636,6163198,Dorka Juhasz,MIN,SF,,False,False
43622627,150896,1346972,464,6163200,Kaitlyn Chen,GSV,PG,,False,False
43622628,150896,1346972,465,6163200,Kaitlyn Chen,GSV,PG,,False,False
43622629,150896,1346972,636,6163200,Kaitlyn Chen,GSV,PG,,False,False
43622630,150896,1239247,464,6163200,Georgia Amoore,WAS,PG,,False,False
43622631,150896,1239247,465,6163200,Georgia Amoore,WAS,PG,,False,False
43622632,150896,1239247,636,6163200,Georgia Amoore,WAS,PG,,False,False
43622633,150896,1418182,633,6163200,Cotie McMahon,WAS,SF,,False,False
43622634,150896,1418182,465,6163200,Cotie McMahon,WAS,SF,,False,False
43622635,150896,1418182,636,6163200,Cotie McMahon,WAS,SF,,False,False
43622636,150896,1408667,633,6163198,Frieda Buhner,PDX,SF,,False,False
43622637,150896,1408667,465,6163198,Frieda Buhner,PDX,SF,,False,False
43622638,150896,1408667,636,6163198,Frieda Buhner,PDX,SF,,False,False
43622639,150896,1192652,633,6163200,Laeticia Amihere,GSV,SF,,False,False
43622640,150896,1192652,465,6163200,Laeticia Amihere,GSV,SF,,False,False
43622641,150896,1192652,636,6163200,Laeticia Amihere,GSV,SF,,False,False
43622642,150896,1343042,633,6163197,Makayla Timpson,IND,SF,,False,False
43622643,150896,1343042,465,6163197,Makayla Timpson,IND,SF,,False,False
43622644,150896,1343042,636,6163197,Makayla Timpson,IND,SF,,False,False
43622645,150896,785079,464,6163198,Karlie Samuelson,PDX,PG,,False,False
43622646,150896,785079,465,6163198,Karlie Samuelson,PDX,PG,,False,False
43622647,150896,785079,636,6163198,Karlie Samuelson,PDX,PG,,False,False
43622648,150896,1313708,464,6163198,Antonia Delaere,MIN,PG,,False,False
43622649,150896,1313708,465,6163198,Antonia Delaere,MIN,PG,,False,False
43622650,150896,1313708,636,6163198,Antonia Delaere,MIN,PG,,False,False
43622651,150896,1650029,464,6163200,Alicia Florez,WAS,PG,,False,False
43622652,150896,1650029,465,6163200,Alicia Florez,WAS,PG,,False,False
43622653,150896,1650029,636,6163200,Alicia Florez,WAS,PG,,False,False
43622654,150896,1413119,633,6163198,Serah Williams,PDX,SF,,False,False
43622655,150896,1413119,465,6163198,Serah Williams,PDX,SF,,False,False
43622656,150896,1413119,636,6163198,Serah Williams,PDX,SF,,False,False
43622657,150896,853608,633,6163197,Myisha Hines-Allen,IND,SF,,False,False
43622658,150896,853608,465,6163197,Myisha Hines-Allen,IND,SF,,False,False
43622659,150896,853608,636,6163197,Myisha Hines-Allen,IND,SF,,False,False
43622660,150896,1338492,464,6163197,Raven Johnson,IND,PG,,False,False
43622661,150896,1338492,465,6163197,Raven Johnson,IND,PG,,False,False
43622662,150896,1338492,636,6163197,Raven Johnson,IND,PG,,False,False
43622663,150896,1165033,633,6163197,Han Xu,NYL,SF,,False,False
43622664,150896,1165033,465,6163197,Han Xu,NYL,SF,,False,False
43622665,150896,1165033,636,6163197,Han Xu,NYL,SF,,False,False
43622666,150896,620441,464,6163197,Betnijah Laney-Hamilton,NYL,PG,,False,False
43622667,150896,620441,465,6163197,Betnijah Laney-Hamilton,NYL,PG,,False,False
43622668,150896,620441,636,6163197,Betnijah Laney-Hamilton,NYL,PG,,False,False
43622669,150896,1582293,633,6163198,Anastasiia Olairi Kosu,MIN,SF,,False,False
43622670,150896,1582293,465,6163198,Anastasiia Olairi Kosu,MIN,SF,,False,False
43622671,150896,1582293,636,6163198,Anastasiia Olairi Kosu,MIN,SF,,False,False
43622672,150896,1432600,464,6163200,Cassandre Prosper,WAS,PG,,False,False
43622673,150896,1432600,465,6163200,Cassandre Prosper,WAS,PG,,False,False
43622674,150896,1432600,636,6163200,Cassandre Prosper,WAS,PG,,False,False
43622675,150896,1062313,464,6163198,Maya Caldwell,MIN,PG,,False,False
43622676,150896,1062313,465,6163198,Maya Caldwell,MIN,PG,,False,False
43622677,150896,1062313,636,6163198,Maya Caldwell,MIN,PG,,False,False
43622678,150896,1061711,633,6163197,Anneli Maley,NYL,SF,,False,False
43622679,150896,1061711,465,6163197,Anneli Maley,NYL,SF,,False,False
43622680,150896,1061711,636,6163197,Anneli Maley,NYL,SF,,False,False
43622681,150896,1282440,633,6163197,Raquel Carrera,NYL,SF,,False,False
43622682,150896,1282440,465,6163197,Raquel Carrera,NYL,SF,,False,False
43622683,150896,1282440,636,6163197,Raquel Carrera,NYL,SF,,False,False
43622684,150896,1347014,464,6163200,Lucy Olsen,WAS,PG,,False,False
43622685,150896,1347014,465,6163200,Lucy Olsen,WAS,PG,,False,False
43622686,150896,1347014,636,6163200,Lucy Olsen,WAS,PG,,False,False
43622687,150896,1240231,633,6163200,Angela Dugalic,WAS,SF,,False,False
43622688,150896,1240231,465,6163200,Angela Dugalic,WAS,SF,,False,False
43622689,150896,1240231,636,6163200,Angela Dugalic,WAS,SF,,False,False
43622690,150896,1647057,464,6163198,Teja Oblak,PDX,PG,,False,False
43622691,150896,1647057,465,6163198,Teja Oblak,PDX,PG,,False,False
43622692,150896,1647057,636,6163198,Teja Oblak,PDX,PG,,False,False
43622693,150896,1646983,464,6163198,Eliska Hamzova,MIN,PG,,False,False
43622694,150896,1646983,465,6163198,Eliska Hamzova,MIN,PG,,False,False
43622695,150896,1646983,636,6163198,Eliska Hamzova,MIN,PG,,False,False
43622696,150896,1214990,633,6163198,Luisa Geiselsoder,PDX,SF,,False,False
43622697,150896,1214990,465,6163198,Luisa Geiselsoder,PDX,SF,,False,False
43622698,150896,1214990,636,6163198,Luisa Geiselsoder,PDX,SF,,False,False
43622699,150896,474457,464,6163197,Rebekah Gardner,NYL,PG,,False,False
43622700,150896,474457,465,6163197,Rebekah Gardner,NYL,PG,,False,False
43622701,150896,474457,636,6163197,Rebekah Gardner,NYL,PG,,False,False
43622702,150896,1236981,633,6163198,Liatu King,MIN,SF,,False,False
43622703,150896,1236981,465,6163198,Liatu King,MIN,SF,,False,False
43622704,150896,1236981,636,6163198,Liatu King,MIN,SF,,False,False
43622705,150896,1508688,633,6163198,Nyadiew Puoch,PDX,SF,,False,False
43622706,150896,1508688,465,6163198,Nyadiew Puoch,PDX,SF,,False,False
43622707,150896,1508688,636,6163198,Nyadiew Puoch,PDX,SF,,False,False
43622708,150896,1282439,633,6163200,Iliana Rupert,GSV,SF,,False,False
43622709,150896,1282439,465,6163200,Iliana Rupert,GSV,SF,,False,False
43622710,150896,1282439,636,6163200,Iliana Rupert,GSV,SF,,False,False
43622711,150896,654576,633,6163197,Damiris Dantas,IND,SF,,False,False
43622712,150896,654576,465,6163197,Damiris Dantas,IND,SF,,False,False
43622713,150896,654576,636,6163197,Damiris Dantas,IND,SF,,False,False
43622714,150896,1409724,633,6163197,Grace VanSlooten,IND,SF,,False,False
43622715,150896,1409724,465,6163197,Grace VanSlooten,IND,SF,,False,False
43622716,150896,1409724,636,6163197,Grace VanSlooten,IND,SF,,False,False
43622717,150896,1646982,633,6163198,Emma Cechova,MIN,SF,,False,False
43622718,150896,1646982,465,6163198,Emma Cechova,MIN,SF,,False,False
43622719,150896,1646982,636,6163198,Emma Cechova,MIN,SF,,False,False
43622720,150896,1189691,633,6163200,Ashten Prechtel,GSV,SF,,False,False
43622721,150896,1189691,465,6163200,Ashten Prechtel,GSV,SF,,False,False
43622722,150896,1189691,636,6163200,Ashten Prechtel,GSV,SF,,False,False
43622723,150896,1582285,633,6163200,Juste Jocyte,GSV,SF,,False,False
43622724,150896,1582285,465,6163200,Juste Jocyte,GSV,SF,,False,False
43622725,150896,1582285,636,6163200,Juste Jocyte,GSV,SF,,False,False
43622726,150896,945689,633,6163200,Nadia Fingall,GSV,SF,,False,False
43622727,150896,945689,465,6163200,Nadia Fingall,GSV,SF,,False,False
43622728,150896,945689,636,6163200,Nadia Fingall,GSV,SF,,False,False
43622729,150896,1338491,464,6163197,Bree Hall,IND,PG,,False,False
43622730,150896,1338491,465,6163197,Bree Hall,IND,PG,,False,False
43622731,150896,1338491,636,6163197,Bree Hall,IND,PG,,False,False
43622732,150896,1646923,464,6163200,Miela Sowah,GSV,PG,,False,False
43622733,150896,1646923,465,6163200,Miela Sowah,GSV,PG,,False,False
43622734,150896,1646923,636,6163200,Miela Sowah,GSV,PG,,False,False
43622735,150896,871869,464,6163197,Rebecca Allen,NYL,PG,,False,False
43622736,150896,871869,465,6163197,Rebecca Allen,NYL,PG,,False,False
43622737,150896,871869,636,6163197,Rebecca Allen,NYL,PG,,False,False
43622738,150896,1282441,464,6163197,Marine Fauthoux,NYL,PG,,False,False
43622739,150896,1282441,465,6163197,Marine Fauthoux,NYL,PG,,False,False
43622740,150896,1282441,636,6163197,Marine Fauthoux,NYL,PG,,False,False
43622741,150896,1409781,633,6163200,Darianna Littlepage-Buggs,WAS,SF,,False,False
43622742,150896,1409781,465,6163200,Darianna Littlepage-Buggs,WAS,SF,,False,False
43622743,150896,1409781,636,6163200,Darianna Littlepage-Buggs,WAS,SF,,False,False
43622744,150896,1329933,464,6163200,Rori Harmon,WAS,PG,,False,False
43622745,150896,1329933,465,6163200,Rori Harmon,WAS,PG,,False,False
43622746,150896,1329933,636,6163200,Rori Harmon,WAS,PG,,False,False
43622747,150896,1410004,464,6163198,Jordan Harrison,PDX,PG,,False,False
43622748,150896,1410004,465,6163198,Jordan Harrison,PDX,PG,,False,False
43622749,150896,1410004,636,6163198,Jordan Harrison,PDX,PG,,False,False
43622750,150896,1338490,633,6163198,Sania Feagin,PDX,SF,,False,False
43622751,150896,1338490,465,6163198,Sania Feagin,PDX,SF,,False,False
43622752,150896,1338490,636,6163198,Sania Feagin,PDX,SF,,False,False
43622753,150896,1178927,464,6163198,Holly Winterburn,PDX,PG,,False,False
43622754,150896,1178927,465,6163198,Holly Winterburn,PDX,PG,,False,False
43622755,150896,1178927,636,6163198,Holly Winterburn,PDX,PG,,False,False
43622900,150898,692156,475,6163197,Breanna Stewart,NYL,SF/PF,11600.0,False,True
43622901,150898,1238619,475,6163197,Caitlin Clark,IND,PG/SG,11400.0,False,True
43622902,150898,1192647,475,6163197,Aliyah Boston,IND,SF/PF,11000.0,False,True
43622903,150898,839540,475,6163197,Kelsey Mitchell,IND,PG/SG,10400.0,False,True
43622904,150898,709448,475,6163197,Jonquel Jones,NYL,SF/PF,10200.0,False,True
43622905,150898,945668,475,6163197,Sabrina Ionescu,NYL,PG/SG,9800.0,False,True
43622906,150898,1511540,475,6163197,Pauline Astier,NYL,SF/PF,6400.0,False,True
43622907,150898,849343,475,6163197,Monique Billings,IND,SF/PF,5800.0,False,True
43622908,150898,883559,475,6163197,Sophie Cunningham,IND,PG/SG,5400.0,False,True
43622909,150898,1132742,475,6163197,Lexie Hull,IND,PG/SG,5000.0,False,True
43622910,150898,946830,475,6163197,Tyasha Harris,IND,PG/SG,4800.0,False,True
43622911,150898,924162,475,6163197,Marine Johannes,NYL,PG/SG,4600.0,False,True
43622912,150898,1343042,475,6163197,Makayla Timpson,IND,SF/PF,3800.0,False,True
43622913,150898,853608,475,6163197,Myisha Hines-Allen,IND,SF/PF,3400.0,False,True
43622914,150898,1338492,475,6163197,Raven Johnson,IND,PG/SG,3200.0,False,True
43622915,150898,1165033,475,6163197,Han Xu,NYL,SF/PF,3000.0,False,True
43622916,150898,620441,475,6163197,Betnijah Laney-Hamilton,NYL,PG/SG,2800.0,False,True
43622917,150898,1061711,475,6163197,Anneli Maley,NYL,SF/PF,2600.0,False,True
43622918,150898,1282440,475,6163197,Raquel Carrera,NYL,SF/PF,2400.0,False,True
43622919,150898,474457,475,6163197,Rebekah Gardner,NYL,PG/SG,2200.0,False,True
43622920,150898,654576,475,6163197,Damiris Dantas,IND,SF/PF,2000.0,False,True
43622921,150898,871869,475,6163197,Rebecca Allen,NYL,PG/SG,2000.0,False,True
43622922,150898,1409724,475,6163197,Grace VanSlooten,IND,SF/PF,2000.0,False,True
43622923,150898,1338491,475,6163197,Bree Hall,IND,PG/SG,2000.0,False,True
43622924,150898,1282441,475,6163197,Marine Fauthoux,NYL,PG/SG,2000.0,False,True
43622925,150898,1214989,475,6163197,Leonie Fiebich,NYL,SF/PF,6000.0,False,True
43622926,150898,1061712,475,6163197,Satou Sabally,NYL,SF/PF,5600.0,False,True
43622927,150898,692156,476,6163197,Breanna Stewart,NYL,SF/PF,17400.0,False,True
43622928,150898,1238619,476,6163197,Caitlin Clark,IND,PG/SG,17100.0,False,True
43622929,150898,1192647,476,6163197,Aliyah Boston,IND,SF/PF,16500.0,False,True
43622930,150898,839540,476,6163197,Kelsey Mitchell,IND,PG/SG,15600.0,False,True
43622931,150898,709448,476,6163197,Jonquel Jones,NYL,SF/PF,15300.0,False,True
43622932,150898,945668,476,6163197,Sabrina Ionescu,NYL,PG/SG,14700.0,False,True
43622933,150898,1511540,476,6163197,Pauline Astier,NYL,SF/PF,9600.0,False,True
43622934,150898,849343,476,6163197,Monique Billings,IND,SF/PF,8700.0,False,True
43622935,150898,883559,476,6163197,Sophie Cunningham,IND,PG/SG,8100.0,False,True
43622936,150898,1132742,476,6163197,Lexie Hull,IND,PG/SG,7500.0,False,True
43622937,150898,946830,476,6163197,Tyasha Harris,IND,PG/SG,7200.0,False,True
43622938,150898,924162,476,6163197,Marine Johannes,NYL,PG/SG,6900.0,False,True
43622939,150898,1343042,476,6163197,Makayla Timpson,IND,SF/PF,5700.0,False,True
43622940,150898,853608,476,6163197,Myisha Hines-Allen,IND,SF/PF,5100.0,False,True
43622941,150898,1338492,476,6163197,Raven Johnson,IND,PG/SG,4800.0,False,True
43622942,150898,1165033,476,6163197,Han Xu,NYL,SF/PF,4500.0,False,True
43622943,150898,620441,476,6163197,Betnijah Laney-Hamilton,NYL,PG/SG,4200.0,False,True
43622944,150898,1061711,476,6163197,Anneli Maley,NYL,SF/PF,3900.0,False,True
43622945,150898,1282440,476,6163197,Raquel Carrera,NYL,SF/PF,3600.0,False,True
43622946,150898,474457,476,6163197,Rebekah Gardner,NYL,PG/SG,3300.0,False,True
43622947,150898,654576,476,6163197,Damiris Dantas,IND,SF/PF,3000.0,False,True
43622948,150898,871869,476,6163197,Rebecca Allen,NYL,PG/SG,3000.0,False,True
43622949,150898,1409724,476,6163197,Grace VanSlooten,IND,SF/PF,3000.0,False,True
43622950,150898,1338491,476,6163197,Bree Hall,IND,PG/SG,3000.0,False,True
43622951,150898,1282441,476,6163197,Marine Fauthoux,NYL,PG/SG,3000.0,False,True
43622952,150898,1214989,476,6163197,Leonie Fiebich,NYL,SF/PF,9000.0,False,True
43622953,150898,1061712,476,6163197,Satou Sabally,NYL,SF/PF,8400.0,False,True
43622954,150899,1127121,475,6163200,Shakira Austin,WAS,SF/PF,10400.0,False,True
43622955,150899,1329912,475,6163200,Kiki Iriafen,WAS,SF/PF,10200.0,False,True
43622956,150899,1127174,475,6163200,Veronica Burton,GSV,PG/SG,9600.0,False,True
43622957,150899,839859,475,6163200,Gabby Williams,GSV,SF/PF,9200.0,False,True
43622958,150899,1511559,475,6163200,Janelle Salaun,GSV,SF/PF,8600.0,False,True
43622959,150899,1353845,475,6163200,Sonia Citron,WAS,PG/SG,7400.0,False,True
43622960,150899,570043,475,6163200,Kayla Thornton,GSV,SF/PF,7000.0,False,True
43622961,150899,1079988,475,6163200,Michaela Onyenwere,WAS,SF/PF,6200.0,False,True
43622962,150899,619369,475,6163200,Kiah Stokes,GSV,SF/PF,6000.0,False,True
43622963,150899,1074085,475,6163200,Cecilia Zandalasini,GSV,SF/PF,5800.0,False,True
43622964,150899,945094,475,6163200,Kaila Charles,GSV,PG/SG,5600.0,False,True
43622965,150899,473026,475,6163200,Tiffany Hayes,GSV,PG/SG,5400.0,False,True
43622966,150899,1409996,475,6163200,Lauren Betts,WAS,SF/PF,5200.0,False,True
43622967,150899,1346972,475,6163200,Kaitlyn Chen,GSV,PG/SG,4800.0,False,True
43622968,150899,1239247,475,6163200,Georgia Amoore,WAS,PG/SG,4600.0,False,True
43622969,150899,1418182,475,6163200,Cotie McMahon,WAS,SF/PF,4400.0,False,True
43622970,150899,1192652,475,6163200,Laeticia Amihere,GSV,SF/PF,4200.0,False,True
43622971,150899,1650029,475,6163200,Alicia Florez,WAS,PG/SG,3600.0,False,True
43622972,150899,1432600,475,6163200,Cassandre Prosper,WAS,PG/SG,3000.0,False,True
43622973,150899,1347014,475,6163200,Lucy Olsen,WAS,PG/SG,2600.0,False,True
43622974,150899,1240231,475,6163200,Angela Dugalic,WAS,SF/PF,2200.0,False,True
43622975,150899,1329933,475,6163200,Rori Harmon,WAS,PG/SG,2000.0,False,True
43622976,150899,945689,475,6163200,Nadia Fingall,GSV,SF/PF,2000.0,False,True
43622977,150899,1646923,475,6163200,Miela Sowah,GSV,PG/SG,2000.0,False,True
43622978,150899,1189691,475,6163200,Ashten Prechtel,GSV,SF/PF,2000.0,False,True
43622979,150899,1582285,475,6163200,Juste Jocyte,GSV,SF/PF,2000.0,False,True
43622980,150899,1282439,475,6163200,Iliana Rupert,GSV,SF/PF,2000.0,False,True
43622981,150899,1409781,475,6163200,Darianna Littlepage-Buggs,WAS,SF/PF,2000.0,False,True
43622982,150899,1127121,476,6163200,Shakira Austin,WAS,SF/PF,15600.0,False,True
43622983,150899,1329912,476,6163200,Kiki Iriafen,WAS,SF/PF,15300.0,False,True
43622984,150899,1127174,476,6163200,Veronica Burton,GSV,PG/SG,14400.0,False,True
43622985,150899,839859,476,6163200,Gabby Williams,GSV,SF/PF,13800.0,False,True
43622986,150899,1511559,476,6163200,Janelle Salaun,GSV,SF/PF,12900.0,False,True
43622987,150899,1353845,476,6163200,Sonia Citron,WAS,PG/SG,11100.0,False,True
43622988,150899,570043,476,6163200,Kayla Thornton,GSV,SF/PF,10500.0,False,True
43622989,150899,1079988,476,6163200,Michaela Onyenwere,WAS,SF/PF,9300.0,False,True
43622990,150899,619369,476,6163200,Kiah Stokes,GSV,SF/PF,9000.0,False,True
43622991,150899,1074085,476,6163200,Cecilia Zandalasini,GSV,SF/PF,8700.0,False,True
43622992,150899,945094,476,6163200,Kaila Charles,GSV,PG/SG,8400.0,False,True
43622993,150899,473026,476,6163200,Tiffany Hayes,GSV,PG/SG,8100.0,False,True
43622994,150899,1409996,476,6163200,Lauren Betts,WAS,SF/PF,7800.0,False,True
43622995,150899,1346972,476,6163200,Kaitlyn Chen,GSV,PG/SG,7200.0,False,True
43622996,150899,1239247,476,6163200,Georgia Amoore,WAS,PG/SG,6900.0,False,True
43622997,150899,1418182,476,6163200,Cotie McMahon,WAS,SF/PF,6600.0,False,True
43622998,150899,1192652,476,6163200,Laeticia Amihere,GSV,SF/PF,6300.0,False,True
43622999,150899,1650029,476,6163200,Alicia Florez,WAS,PG/SG,5400.0,False,True
43623000,150899,1432600,476,6163200,Cassandre Prosper,WAS,PG/SG,4500.0,False,True
43623001,150899,1347014,476,6163200,Lucy Olsen,WAS,PG/SG,3900.0,False,True
43623002,150899,1240231,476,6163200,Angela Dugalic,WAS,SF/PF,3300.0,False,True
43623003,150899,1329933,476,6163200,Rori Harmon,WAS,PG/SG,3000.0,False,True
43623004,150899,945689,476,6163200,Nadia Fingall,GSV,SF/PF,3000.0,False,True
43623005,150899,1646923,476,6163200,Miela Sowah,GSV,PG/SG,3000.0,False,True
43623006,150899,1189691,476,6163200,Ashten Prechtel,GSV,SF/PF,3000.0,False,True
43623007,150899,1582285,476,6163200,Juste Jocyte,GSV,SF/PF,3000.0,False,True
43623008,150899,1282439,476,6163200,Iliana Rupert,GSV,SF/PF,3000.0,False,True
43623009,150899,1409781,476,6163200,Darianna Littlepage-Buggs,WAS,SF/PF,3000.0,False,True
43624509,151048,1519152,496,6198163,Labaron Philon Jr.,PHI,PG,9000.0,False,True
43624510,151048,1519152,502,6198163,Labaron Philon Jr.,PHI,PG,9000.0,False,True
43624511,151048,1519152,503,6198163,Labaron Philon Jr.,PHI,PG,9000.0,False,True
43624512,151048,1590553,498,6198162,Hugo Gonzalez,BOS,SF,8800.0,False,True
43624513,151048,1590553,501,6198162,Hugo Gonzalez,BOS,SF,8800.0,False,True
43624514,151048,1590553,503,6198162,Hugo Gonzalez,BOS,SF,8800.0,False,True
43624515,151048,1231975,500,6198163,Johni Broome,PHI,C,8400.0,False,True
43624516,151048,1231975,503,6198163,Johni Broome,PHI,C,8400.0,False,True
43624517,151048,1610164,497,6198163,Brayden Burries,MIL,SG,8300.0,False,True
43624518,151048,1610164,502,6198163,Brayden Burries,MIL,SG,8300.0,False,True
43624519,151048,1610164,503,6198163,Brayden Burries,MIL,SG,8300.0,False,True
43624520,151048,1232028,500,6198162,Amari Williams,BOS,C,8200.0,False,True
43624521,151048,1232028,503,6198162,Amari Williams,BOS,C,8200.0,False,True
43624522,151048,1133861,498,6198163,Pete Nance,MIL,SF/PF,7800.0,False,True
43624523,151048,1133861,499,6198163,Pete Nance,MIL,SF/PF,7800.0,False,True
43624524,151048,1133861,501,6198163,Pete Nance,MIL,SF/PF,7800.0,False,True
43624525,151048,1133861,503,6198163,Pete Nance,MIL,SF/PF,7800.0,False,True
43624526,151048,1133800,500,6198162,Colin Castleton,ORL,C,7700.0,False,True
43624527,151048,1133800,503,6198162,Colin Castleton,ORL,C,7700.0,False,True
43624528,151048,1176674,497,6198162,John Tonje,BOS,SG,7200.0,False,True
43624529,151048,1176674,502,6198162,John Tonje,BOS,SG,7200.0,False,True
43624530,151048,1176674,503,6198162,John Tonje,BOS,SG,7200.0,False,True
43624531,151048,1175110,496,6198162,Lester Quinones,ORL,PG/SG,7100.0,False,True
43624532,151048,1175110,497,6198162,Lester Quinones,ORL,PG/SG,7100.0,False,True
43624533,151048,1175110,502,6198162,Lester Quinones,ORL,PG/SG,7100.0,False,True
43624534,151048,1175110,503,6198162,Lester Quinones,ORL,PG/SG,7100.0,False,True
43624535,151048,1528467,497,6198162,Jase Richardson,ORL,SG,6900.0,False,True
43624536,151048,1528467,502,6198162,Jase Richardson,ORL,SG,6900.0,False,True
43624537,151048,1528467,503,6198162,Jase Richardson,ORL,SG,6900.0,False,True
43624538,151048,1593958,500,6198162,Chris Cenac Jr.,BOS,C,6800.0,False,True
43624539,151048,1593958,503,6198162,Chris Cenac Jr.,BOS,C,6800.0,False,True
43624540,151048,1352114,497,6198163,Luke Travers,MIL,SG,6700.0,False,True
43624541,151048,1352114,502,6198163,Luke Travers,MIL,SG,6700.0,False,True
43624542,151048,1352114,503,6198163,Luke Travers,MIL,SG,6700.0,False,True
43624543,151048,1340789,496,6198162,TyTy Washington Jr.,ORL,PG/SG,6600.0,False,True
43624544,151048,1340789,497,6198162,TyTy Washington Jr.,ORL,PG/SG,6600.0,False,True
43624545,151048,1340789,502,6198162,TyTy Washington Jr.,ORL,PG/SG,6600.0,False,True
43624546,151048,1340789,503,6198162,TyTy Washington Jr.,ORL,PG/SG,6600.0,False,True
43624547,151048,1324173,496,6198163,Kam Jones,MIL,PG,6500.0,False,True
43624548,151048,1324173,502,6198163,Kam Jones,MIL,PG,6500.0,False,True
43624549,151048,1324173,503,6198163,Kam Jones,MIL,PG,6500.0,False,True
43624550,151048,1593334,499,6198163,Nate Ament,MIL,PF,6400.0,False,True
43624551,151048,1593334,501,6198163,Nate Ament,MIL,PF,6400.0,False,True
43624552,151048,1593334,503,6198163,Nate Ament,MIL,PF,6400.0,False,True
43624553,151048,1590551,499,6198162,Noah Penda,ORL,PF,6300.0,False,True
43624554,151048,1590551,501,6198162,Noah Penda,ORL,PF,6300.0,False,True
43624555,151048,1590551,503,6198162,Noah Penda,ORL,PF,6300.0,False,True
43624556,151048,1408158,498,6198162,Dillon Mitchell,BOS,SF,6200.0,False,True
43624557,151048,1408158,501,6198162,Dillon Mitchell,BOS,SF,6200.0,False,True
43624558,151048,1408158,503,6198162,Dillon Mitchell,BOS,SF,6200.0,False,True
43624559,151048,1432129,499,6198163,Bogoljub Markovic,MIL,PF,6100.0,False,True
43624560,151048,1432129,501,6198163,Bogoljub Markovic,MIL,PF,6100.0,False,True
43624561,151048,1432129,503,6198163,Bogoljub Markovic,MIL,PF,6100.0,False,True
43624562,151048,1448788,496,6198163,Kasparas Jakucionis,MIL,PG,6000.0,False,True
43624563,151048,1448788,502,6198163,Kasparas Jakucionis,MIL,PG,6000.0,False,True
43624564,151048,1448788,503,6198163,Kasparas Jakucionis,MIL,PG,6000.0,False,True
43624565,151048,1175267,496,6198162,Alex Morales,ORL,PG/SG,5900.0,False,True
43624566,151048,1175267,497,6198162,Alex Morales,ORL,PG/SG,5900.0,False,True
43624567,151048,1175267,502,6198162,Alex Morales,ORL,PG/SG,5900.0,False,True
43624568,151048,1175267,503,6198162,Alex Morales,ORL,PG/SG,5900.0,False,True
43624569,151048,1231792,497,6198162,Keon Johnson,ORL,SG/SF,5800.0,False,True
43624570,151048,1231792,498,6198162,Keon Johnson,ORL,SG/SF,5800.0,False,True
43624571,151048,1231792,502,6198162,Keon Johnson,ORL,SG/SF,5800.0,False,True
43624572,151048,1231792,501,6198162,Keon Johnson,ORL,SG/SF,5800.0,False,True
43624573,151048,1231792,503,6198162,Keon Johnson,ORL,SG/SF,5800.0,False,True
43624574,151048,1323685,496,6198162,Curtis Jones,BOS,PG/SG,5700.0,False,True
43624575,151048,1323685,497,6198162,Curtis Jones,BOS,PG/SG,5700.0,False,True
43624576,151048,1323685,502,6198162,Curtis Jones,BOS,PG/SG,5700.0,False,True
43624577,151048,1323685,503,6198162,Curtis Jones,BOS,PG/SG,5700.0,False,True
43624578,151048,1232029,496,6198163,Dante Maddox Jr.,PHI,PG/SG,5800.0,False,True
43624579,151048,1232029,497,6198163,Dante Maddox Jr.,PHI,PG/SG,5800.0,False,True
43624580,151048,1232029,502,6198163,Dante Maddox Jr.,PHI,PG/SG,5800.0,False,True
43624581,151048,1232029,503,6198163,Dante Maddox Jr.,PHI,PG/SG,5800.0,False,True
43624582,151048,1373323,498,6198162,Phillip Wheeler,ORL,SF,5600.0,False,True
43624583,151048,1373323,501,6198162,Phillip Wheeler,ORL,SF,5600.0,False,True
43624584,151048,1373323,503,6198162,Phillip Wheeler,ORL,SF,5600.0,False,True
43624585,151048,1245906,497,6198163,Brandon Boston Jr.,MIL,SG,5500.0,False,True
43624586,151048,1245906,502,6198163,Brandon Boston Jr.,MIL,SG,5500.0,False,True
43624587,151048,1245906,503,6198163,Brandon Boston Jr.,MIL,SG,5500.0,False,True
43624588,151048,1234923,498,6198163,Matt Rogers,PHI,SF/PF,5300.0,False,True
43624589,151048,1234923,499,6198163,Matt Rogers,PHI,SF/PF,5300.0,False,True
43624590,151048,1234923,501,6198163,Matt Rogers,PHI,SF/PF,5300.0,False,True
43624591,151048,1234923,503,6198163,Matt Rogers,PHI,SF/PF,5300.0,False,True
43624592,151048,1193119,496,6198162,Alondes Williams,BOS,PG/SG,5200.0,False,True
43624593,151048,1193119,497,6198162,Alondes Williams,BOS,PG/SG,5200.0,False,True
43624594,151048,1193119,502,6198162,Alondes Williams,BOS,PG/SG,5200.0,False,True
43624595,151048,1193119,503,6198162,Alondes Williams,BOS,PG/SG,5200.0,False,True
43624596,151048,1324081,498,6198163,Saint Thomas,PHI,SF/PF,5100.0,False,True
43624597,151048,1324081,499,6198163,Saint Thomas,PHI,SF/PF,5100.0,False,True
43624598,151048,1324081,501,6198163,Saint Thomas,PHI,SF/PF,5100.0,False,True
43624599,151048,1324081,503,6198163,Saint Thomas,PHI,SF/PF,5100.0,False,True
43624600,151048,1134766,496,6198163,Cormac Ryan,MIL,PG/SG,5100.0,False,True
43624601,151048,1134766,497,6198163,Cormac Ryan,MIL,PG/SG,5100.0,False,True
43624602,151048,1134766,502,6198163,Cormac Ryan,MIL,PG/SG,5100.0,False,True
43624603,151048,1134766,503,6198163,Cormac Ryan,MIL,PG/SG,5100.0,False,True
43624604,151048,1415581,498,6198163,Amani Lyles,PHI,SF/PF,5000.0,False,True
43624605,151048,1415581,499,6198163,Amani Lyles,PHI,SF/PF,5000.0,False,True
43624606,151048,1415581,501,6198163,Amani Lyles,PHI,SF/PF,5000.0,False,True
43624607,151048,1415581,503,6198163,Amani Lyles,PHI,SF/PF,5000.0,False,True
43624608,151048,1405418,496,6198162,Milos Uzan,BOS,PG/SG,4900.0,False,True
43624609,151048,1405418,497,6198162,Milos Uzan,BOS,PG/SG,4900.0,False,True
43624610,151048,1405418,502,6198162,Milos Uzan,BOS,PG/SG,4900.0,False,True
43624611,151048,1405418,503,6198162,Milos Uzan,BOS,PG/SG,4900.0,False,True
43624612,151048,1186774,498,6198162,Will Baker,ORL,SF/PF,4800.0,False,True
43624613,151048,1186774,499,6198162,Will Baker,ORL,SF/PF,4800.0,False,True
43624614,151048,1186774,501,6198162,Will Baker,ORL,SF/PF,4800.0,False,True
43624615,151048,1186774,503,6198162,Will Baker,ORL,SF/PF,4800.0,False,True
43624616,151048,1253428,498,6198163,Zack Austin,MIL,SF/PF,4800.0,False,True
43624617,151048,1253428,499,6198163,Zack Austin,MIL,SF/PF,4800.0,False,True
43624618,151048,1253428,501,6198163,Zack Austin,MIL,SF/PF,4800.0,False,True
43624619,151048,1253428,503,6198163,Zack Austin,MIL,SF/PF,4800.0,False,True
43624620,151048,1232314,496,6198163,Duke Miles,PHI,PG/SG,4800.0,False,True
43624621,151048,1232314,497,6198163,Duke Miles,PHI,PG/SG,4800.0,False,True
43624622,151048,1232314,502,6198163,Duke Miles,PHI,PG/SG,4800.0,False,True
43624623,151048,1232314,503,6198163,Duke Miles,PHI,PG/SG,4800.0,False,True
43624624,151048,1132015,499,6198162,Hunter Tyson,ORL,PF,4700.0,False,True
43624625,151048,1132015,501,6198162,Hunter Tyson,ORL,PF,4700.0,False,True
43624626,151048,1132015,503,6198162,Hunter Tyson,ORL,PF,4700.0,False,True
43624627,151048,1340218,498,6198162,Tucker DeVries,BOS,SF/PF,4600.0,False,True
43624628,151048,1340218,499,6198162,Tucker DeVries,BOS,SF/PF,4600.0,False,True
43624629,151048,1340218,501,6198162,Tucker DeVries,BOS,SF/PF,4600.0,False,True
43624630,151048,1340218,503,6198162,Tucker DeVries,BOS,SF/PF,4600.0,False,True
43624631,151048,1432591,496,6198163,Gerald Ayayi,PHI,PG,4600.0,False,True
43624632,151048,1432591,502,6198163,Gerald Ayayi,PHI,PG,4600.0,False,True
43624633,151048,1432591,503,6198163,Gerald Ayayi,PHI,PG,4600.0,False,True
43624634,151048,1340214,496,6198163,Boopie Miller,MIL,PG/SG,4500.0,False,True
43624635,151048,1340214,497,6198163,Boopie Miller,MIL,PG/SG,4500.0,False,True
43624636,151048,1340214,502,6198163,Boopie Miller,MIL,PG/SG,4500.0,False,True
43624637,151048,1340214,503,6198163,Boopie Miller,MIL,PG/SG,4500.0,False,True
43624638,151048,1132027,498,6198162,Cam Reddish,ORL,SF/PF,4400.0,False,True
43624639,151048,1132027,499,6198162,Cam Reddish,ORL,SF/PF,4400.0,False,True
43624640,151048,1132027,501,6198162,Cam Reddish,ORL,SF/PF,4400.0,False,True
43624641,151048,1132027,503,6198162,Cam Reddish,ORL,SF/PF,4400.0,False,True
43624642,151048,1502252,497,6198162,Kyle Mangas,BOS,SG,4400.0,False,True
43624643,151048,1502252,502,6198162,Kyle Mangas,BOS,SG,4400.0,False,True
43624644,151048,1502252,503,6198162,Kyle Mangas,BOS,SG,4400.0,False,True
43624645,151048,1536409,496,6198163,Taye Fields,PHI,PG/SG,4400.0,False,True
43624646,151048,1536409,497,6198163,Taye Fields,PHI,PG/SG,4400.0,False,True
43624647,151048,1536409,502,6198163,Taye Fields,PHI,PG/SG,4400.0,False,True
43624648,151048,1536409,503,6198163,Taye Fields,PHI,PG/SG,4400.0,False,True
43624649,151048,1326878,500,6198163,Isaac Johnson,PHI,C,4300.0,False,True
43624650,151048,1326878,503,6198163,Isaac Johnson,PHI,C,4300.0,False,True
43624651,151048,1326422,500,6198163,Rafael Castro,MIL,C,4300.0,False,True
43624652,151048,1326422,503,6198163,Rafael Castro,MIL,C,4300.0,False,True
43624653,151048,1232070,496,6198162,Ace Baldwin Jr.,ORL,PG/SG,4300.0,False,True
43624654,151048,1232070,497,6198162,Ace Baldwin Jr.,ORL,PG/SG,4300.0,False,True
43624655,151048,1232070,502,6198162,Ace Baldwin Jr.,ORL,PG/SG,4300.0,False,True
43624656,151048,1232070,503,6198162,Ace Baldwin Jr.,ORL,PG/SG,4300.0,False,True
43624657,151048,1401533,498,6198162,Chauncey Wiggins,BOS,SF/PF,4300.0,False,True
43624658,151048,1401533,499,6198162,Chauncey Wiggins,BOS,SF/PF,4300.0,False,True
43624659,151048,1401533,501,6198162,Chauncey Wiggins,BOS,SF/PF,4300.0,False,True
43624660,151048,1401533,503,6198162,Chauncey Wiggins,BOS,SF/PF,4300.0,False,True
43624661,151048,1402782,498,6198162,Malik Reneau,ORL,SF/PF,4200.0,False,True
43624662,151048,1402782,499,6198162,Malik Reneau,ORL,SF/PF,4200.0,False,True
43624663,151048,1402782,501,6198162,Malik Reneau,ORL,SF/PF,4200.0,False,True
43624664,151048,1402782,503,6198162,Malik Reneau,ORL,SF/PF,4200.0,False,True
43624665,151048,1236199,498,6198162,Ricky Council IV,ORL,SF/PF,4200.0,False,True
43624666,151048,1236199,499,6198162,Ricky Council IV,ORL,SF/PF,4200.0,False,True
43624667,151048,1236199,501,6198162,Ricky Council IV,ORL,SF/PF,4200.0,False,True
43624668,151048,1236199,503,6198162,Ricky Council IV,ORL,SF/PF,4200.0,False,True
43624669,151048,1236723,498,6198162,Nick Pringle,BOS,SF/PF,4200.0,False,True
43624670,151048,1236723,499,6198162,Nick Pringle,BOS,SF/PF,4200.0,False,True
43624671,151048,1236723,501,6198162,Nick Pringle,BOS,SF/PF,4200.0,False,True
43624672,151048,1236723,503,6198162,Nick Pringle,BOS,SF/PF,4200.0,False,True
43624673,151048,1176335,496,6198163,Mylik Wilson,PHI,PG/SG,4200.0,False,True
43624674,151048,1176335,497,6198163,Mylik Wilson,PHI,PG/SG,4200.0,False,True
43624675,151048,1176335,502,6198163,Mylik Wilson,PHI,PG/SG,4200.0,False,True
43624676,151048,1176335,503,6198163,Mylik Wilson,PHI,PG/SG,4200.0,False,True
43624677,151048,1178150,500,6198163,Jesse Edwards,MIL,C,4200.0,False,True
43624678,151048,1178150,503,6198163,Jesse Edwards,MIL,C,4200.0,False,True
43624679,151048,1415864,498,6198162,Izaiyah Nelson,ORL,SF/PF,4100.0,False,True
43624680,151048,1415864,499,6198162,Izaiyah Nelson,ORL,SF/PF,4100.0,False,True
43624681,151048,1415864,501,6198162,Izaiyah Nelson,ORL,SF/PF,4100.0,False,True
43624682,151048,1415864,503,6198162,Izaiyah Nelson,ORL,SF/PF,4100.0,False,True
43624683,151048,1231377,497,6198163,Kobe Stewart,MIL,SG/SF,4100.0,False,True
43624684,151048,1231377,498,6198163,Kobe Stewart,MIL,SG/SF,4100.0,False,True
43624685,151048,1231377,502,6198163,Kobe Stewart,MIL,SG/SF,4100.0,False,True
43624686,151048,1231377,501,6198163,Kobe Stewart,MIL,SG/SF,4100.0,False,True
43624687,151048,1231377,503,6198163,Kobe Stewart,MIL,SG/SF,4100.0,False,True
43624688,151048,1413221,496,6198162,Tre Holloman,ORL,PG/SG,4000.0,False,True
43624689,151048,1413221,497,6198162,Tre Holloman,ORL,PG/SG,4000.0,False,True
43624690,151048,1413221,502,6198162,Tre Holloman,ORL,PG/SG,4000.0,False,True
43624691,151048,1413221,503,6198162,Tre Holloman,ORL,PG/SG,4000.0,False,True
43624692,151048,1401740,496,6198162,Mike Sharavjamts,ORL,PG/SG,4000.0,False,True
43624693,151048,1401740,497,6198162,Mike Sharavjamts,ORL,PG/SG,4000.0,False,True
43624694,151048,1401740,502,6198162,Mike Sharavjamts,ORL,PG/SG,4000.0,False,True
43624695,151048,1401740,503,6198162,Mike Sharavjamts,ORL,PG/SG,4000.0,False,True
43624696,151048,1174826,496,6198162,Caleb Grill,BOS,PG/SG,4000.0,False,True
43624697,151048,1174826,497,6198162,Caleb Grill,BOS,PG/SG,4000.0,False,True
43624698,151048,1174826,502,6198162,Caleb Grill,BOS,PG/SG,4000.0,False,True
43624699,151048,1174826,503,6198162,Caleb Grill,BOS,PG/SG,4000.0,False,True
43624700,151048,1453956,497,6198162,Mo Amini,BOS,SG,4000.0,False,True
43624701,151048,1453956,502,6198162,Mo Amini,BOS,SG,4000.0,False,True
43624702,151048,1453956,503,6198162,Mo Amini,BOS,SG,4000.0,False,True
43624703,151048,1448789,498,6198163,Malique Lewis,MIL,SF,4000.0,False,True
43624704,151048,1448789,501,6198163,Malique Lewis,MIL,SF,4000.0,False,True
43624705,151048,1448789,503,6198163,Malique Lewis,MIL,SF,4000.0,False,True
43624706,151048,1232341,496,6198162,Johnell Davis,ORL,PG/SG,4000.0,False,True
43624707,151048,1232341,497,6198162,Johnell Davis,ORL,PG/SG,4000.0,False,True
43624708,151048,1232341,502,6198162,Johnell Davis,ORL,PG/SG,4000.0,False,True
43624709,151048,1232341,503,6198162,Johnell Davis,ORL,PG/SG,4000.0,False,True
43624710,151048,1657508,498,6198162,Hank Morgan,BOS,SF,4000.0,False,True
43624711,151048,1657508,501,6198162,Hank Morgan,BOS,SF,4000.0,False,True
43624712,151048,1657508,503,6198162,Hank Morgan,BOS,SF,4000.0,False,True
43624713,151048,608153,498,6198163,Aaron Williams,MIL,SF/PF,4000.0,False,True
43624714,151048,608153,499,6198163,Aaron Williams,MIL,SF/PF,4000.0,False,True
43624715,151048,608153,501,6198163,Aaron Williams,MIL,SF/PF,4000.0,False,True
43624716,151048,608153,503,6198163,Aaron Williams,MIL,SF/PF,4000.0,False,True
43624717,151048,1176203,498,6198163,Kuany Kuany,MIL,SF/PF,4000.0,False,True
43624718,151048,1176203,499,6198163,Kuany Kuany,MIL,SF/PF,4000.0,False,True
43624719,151048,1176203,501,6198163,Kuany Kuany,MIL,SF/PF,4000.0,False,True
43624720,151048,1176203,503,6198163,Kuany Kuany,MIL,SF/PF,4000.0,False,True
43624721,151048,1340782,498,6198163,John Butler,MIL,SF/PF,4000.0,False,True
43624722,151048,1340782,499,6198163,John Butler,MIL,SF/PF,4000.0,False,True
43624723,151048,1340782,501,6198163,John Butler,MIL,SF/PF,4000.0,False,True
43624724,151048,1340782,503,6198163,John Butler,MIL,SF/PF,4000.0,False,True
43624725,151048,1482354,500,6198163,Drew Cisse,PHI,C,4000.0,False,True
43624726,151048,1482354,503,6198163,Drew Cisse,PHI,C,4000.0,False,True
43624727,151048,1415929,498,6198163,Nick Townsend,PHI,SF/PF,4000.0,False,True
43624728,151048,1415929,499,6198163,Nick Townsend,PHI,SF/PF,4000.0,False,True
43624729,151048,1415929,501,6198163,Nick Townsend,PHI,SF/PF,4000.0,False,True
43624730,151048,1415929,503,6198163,Nick Townsend,PHI,SF/PF,4000.0,False,True
43624731,151048,1430922,496,6198163,JJ Harper,PHI,PG/SG,4000.0,False,True
43624732,151048,1430922,497,6198163,JJ Harper,PHI,PG/SG,4000.0,False,True
43624733,151048,1430922,502,6198163,JJ Harper,PHI,PG/SG,4000.0,False,True
43624734,151048,1430922,503,6198163,JJ Harper,PHI,PG/SG,4000.0,False,True
43624735,151048,1524017,496,6198163,Javontae Campbell,PHI,PG/SG,4000.0,False,True
43624736,151048,1524017,497,6198163,Javontae Campbell,PHI,PG/SG,4000.0,False,True
43624737,151048,1524017,502,6198163,Javontae Campbell,PHI,PG/SG,4000.0,False,True
43624738,151048,1524017,503,6198163,Javontae Campbell,PHI,PG/SG,4000.0,False,True
43624739,151048,1556035,497,6198162,DJ Armstrong Jr.,ORL,SG/SF,4000.0,False,True
43624740,151048,1556035,498,6198162,DJ Armstrong Jr.,ORL,SG/SF,4000.0,False,True
43624741,151048,1556035,502,6198162,DJ Armstrong Jr.,ORL,SG/SF,4000.0,False,True
43624742,151048,1556035,501,6198162,DJ Armstrong Jr.,ORL,SG/SF,4000.0,False,True
43624743,151048,1556035,503,6198162,DJ Armstrong Jr.,ORL,SG/SF,4000.0,False,True
43624744,151048,1135177,498,6198162,CJ Elleby,ORL,SF/PF,4000.0,False,True
43624745,151048,1135177,499,6198162,CJ Elleby,ORL,SF/PF,4000.0,False,True
43624746,151048,1135177,501,6198162,CJ Elleby,ORL,SF/PF,4000.0,False,True
43624747,151048,1135177,503,6198162,CJ Elleby,ORL,SF/PF,4000.0,False,True
43624748,151048,1475191,496,6198162,Day Day Thomas,BOS,PG/SG,4000.0,False,True
43624749,151048,1475191,497,6198162,Day Day Thomas,BOS,PG/SG,4000.0,False,True
43624750,151048,1475191,502,6198162,Day Day Thomas,BOS,PG/SG,4000.0,False,True
43624751,151048,1475191,503,6198162,Day Day Thomas,BOS,PG/SG,4000.0,False,True
43624752,151049,1593986,499,6198164,Cameron Boozer,MEM,PF,9600.0,False,True
43624753,151049,1593986,501,6198164,Cameron Boozer,MEM,PF,9600.0,False,True
43624754,151049,1593986,503,6198164,Cameron Boozer,MEM,PF,9600.0,False,True
43624755,151049,1482282,498,6198166,Yaxel Lendeborg,GS,SF,9300.0,False,True
43624756,151049,1482282,501,6198166,Yaxel Lendeborg,GS,SF,9300.0,False,True
43624757,151049,1482282,503,6198166,Yaxel Lendeborg,GS,SF,9300.0,False,True
43624758,151049,1617074,498,6198165,AJ Dybantsa,WAS,SF,9200.0,False,True
43624759,151049,1617074,501,6198165,AJ Dybantsa,WAS,SF,9200.0,False,True
43624760,151049,1617074,503,6198165,AJ Dybantsa,WAS,SF,9200.0,False,True
43624761,151049,1351367,496,6198164,Cedric Coward,MEM,PG/SG,8500.0,False,True
43624762,151049,1351367,497,6198164,Cedric Coward,MEM,PG/SG,8500.0,False,True
43624763,151049,1351367,502,6198164,Cedric Coward,MEM,PG/SG,8500.0,False,True
43624764,151049,1351367,503,6198164,Cedric Coward,MEM,PG/SG,8500.0,False,True
43624765,151049,1520672,498,6198165,Will Riley,WAS,SF,8400.0,False,True
43624766,151049,1520672,501,6198165,Will Riley,WAS,SF,8400.0,False,True
43624767,151049,1520672,503,6198165,Will Riley,WAS,SF,8400.0,False,True
43624768,151049,1176631,498,6198164,Isaiah Crawford,HOU,SF/PF,8300.0,False,True
43624769,151049,1176631,499,6198164,Isaiah Crawford,HOU,SF/PF,8300.0,False,True
43624770,151049,1176631,501,6198164,Isaiah Crawford,HOU,SF/PF,8300.0,False,True
43624771,151049,1176631,503,6198164,Isaiah Crawford,HOU,SF/PF,8300.0,False,True
43624772,151049,1135981,499,6198167,Jalen Slawson,IND,PF,8200.0,False,True
43624773,151049,1135981,501,6198167,Jalen Slawson,IND,PF,8200.0,False,True
43624774,151049,1135981,503,6198167,Jalen Slawson,IND,PF,8200.0,False,True
43624775,151049,1324350,496,6198167,Kobe Bufkin,NO,PG/SG,8100.0,False,True
43624776,151049,1324350,497,6198167,Kobe Bufkin,NO,PG/SG,8100.0,False,True
43624777,151049,1324350,502,6198167,Kobe Bufkin,NO,PG/SG,8100.0,False,True
43624778,151049,1324350,503,6198167,Kobe Bufkin,NO,PG/SG,8100.0,False,True
43624779,151049,1593959,496,6198165,Kingston Flemings,ATL,PG,7700.0,False,True
43624780,151049,1593959,502,6198165,Kingston Flemings,ATL,PG,7700.0,False,True
43624781,151049,1593959,503,6198165,Kingston Flemings,ATL,PG,7700.0,False,True
43624782,151049,1460958,497,6198166,Cameron Carr,LAL,SG,7700.0,False,True
43624783,151049,1460958,502,6198166,Cameron Carr,LAL,SG,7700.0,False,True
43624784,151049,1460958,503,6198166,Cameron Carr,LAL,SG,7700.0,False,True
43624785,151049,1415915,498,6198166,Lachlan Olbrich,GS,SF/PF,7600.0,False,True
43624786,151049,1415915,499,6198166,Lachlan Olbrich,GS,SF/PF,7600.0,False,True
43624787,151049,1415915,501,6198166,Lachlan Olbrich,GS,SF/PF,7600.0,False,True
43624788,151049,1415915,503,6198166,Lachlan Olbrich,GS,SF/PF,7600.0,False,True
43624789,151049,1408255,496,6198164,Bruce Thornton,HOU,PG,7500.0,False,True
43624790,151049,1408255,502,6198164,Bruce Thornton,HOU,PG,7500.0,False,True
43624791,151049,1408255,503,6198164,Bruce Thornton,HOU,PG,7500.0,False,True
43624792,151049,1175076,496,6198165,Isaiah Wong,ATL,PG/SG,7500.0,False,True
43624793,151049,1175076,497,6198165,Isaiah Wong,ATL,PG/SG,7500.0,False,True
43624794,151049,1175076,502,6198165,Isaiah Wong,ATL,PG/SG,7500.0,False,True
43624795,151049,1175076,503,6198165,Isaiah Wong,ATL,PG/SG,7500.0,False,True
43624796,151049,1524332,499,6198165,Asa Newell,ATL,PF,7400.0,False,True
43624797,151049,1524332,501,6198165,Asa Newell,ATL,PF,7400.0,False,True
43624798,151049,1524332,503,6198165,Asa Newell,ATL,PF,7400.0,False,True
43624799,151049,1174846,497,6198164,Tristen Newton,HOU,SG,7300.0,False,True
43624800,151049,1174846,502,6198164,Tristen Newton,HOU,SG,7300.0,False,True
43624801,151049,1174846,503,6198164,Tristen Newton,HOU,SG,7300.0,False,True
43624802,151049,1176741,498,6198165,Jacob Toppin,ATL,SF,7200.0,False,True
43624803,151049,1176741,501,6198165,Jacob Toppin,ATL,SF,7200.0,False,True
43624804,151049,1176741,503,6198165,Jacob Toppin,ATL,SF,7200.0,False,True
43624805,151049,1405861,498,6198164,Taylor Hendricks,MEM,SF/PF,7200.0,False,True
43624806,151049,1405861,499,6198164,Taylor Hendricks,MEM,SF/PF,7200.0,False,True
43624807,151049,1405861,501,6198164,Taylor Hendricks,MEM,SF/PF,7200.0,False,True
43624808,151049,1405861,503,6198164,Taylor Hendricks,MEM,SF/PF,7200.0,False,True
43624809,151049,1324003,496,6198164,Javon Small,MEM,PG/SG,7100.0,False,True
43624810,151049,1324003,497,6198164,Javon Small,MEM,PG/SG,7100.0,False,True
43624811,151049,1324003,502,6198164,Javon Small,MEM,PG/SG,7100.0,False,True
43624812,151049,1324003,503,6198164,Javon Small,MEM,PG/SG,7100.0,False,True
43624813,151049,1338969,497,6198164,Walter Clayton Jr.,MEM,SG,7000.0,False,True
43624814,151049,1338969,502,6198164,Walter Clayton Jr.,MEM,SG,7000.0,False,True
43624815,151049,1338969,503,6198164,Walter Clayton Jr.,MEM,SG,7000.0,False,True
43624816,151049,1453977,496,6198167,Yuki Kawamura,IND,PG,6900.0,False,True
43624817,151049,1453977,502,6198167,Yuki Kawamura,IND,PG,6900.0,False,True
43624818,151049,1453977,503,6198167,Yuki Kawamura,IND,PG,6900.0,False,True
43624819,151049,1194704,496,6198165,RayJ Dennis,ATL,PG/SG,6800.0,False,True
43624820,151049,1194704,497,6198165,RayJ Dennis,ATL,PG/SG,6800.0,False,True
43624821,151049,1194704,502,6198165,RayJ Dennis,ATL,PG/SG,6800.0,False,True
43624822,151049,1194704,503,6198165,RayJ Dennis,ATL,PG/SG,6800.0,False,True
43624823,151049,1191196,498,6198166,Anton Watson,LAL,SF/PF,6800.0,False,True
43624824,151049,1191196,499,6198166,Anton Watson,LAL,SF/PF,6800.0,False,True
43624825,151049,1191196,501,6198166,Anton Watson,LAL,SF/PF,6800.0,False,True
43624826,151049,1191196,503,6198166,Anton Watson,LAL,SF/PF,6800.0,False,True
43624827,151049,1231970,497,6198166,Max Shulga,GS,SG,6800.0,False,True
43624828,151049,1231970,502,6198166,Max Shulga,GS,SG,6800.0,False,True
43624829,151049,1231970,503,6198166,Max Shulga,GS,SG,6800.0,False,True
43624830,151049,1243726,496,6198167,Taelon Peter,IND,PG/SG,6800.0,False,True
43624831,151049,1243726,497,6198167,Taelon Peter,IND,PG/SG,6800.0,False,True
43624832,151049,1243726,502,6198167,Taelon Peter,IND,PG/SG,6800.0,False,True
43624833,151049,1243726,503,6198167,Taelon Peter,IND,PG/SG,6800.0,False,True
43624834,151049,1232483,499,6198164,Olivier-Maxence Prosper,MEM,PF,6800.0,False,True
43624835,151049,1232483,501,6198164,Olivier-Maxence Prosper,MEM,PF,6800.0,False,True
43624836,151049,1232483,503,6198164,Olivier-Maxence Prosper,MEM,PF,6800.0,False,True
43624837,151049,1413173,500,6198165,Henri Veesaar,ATL,C,6800.0,False,True
43624838,151049,1413173,503,6198165,Henri Veesaar,ATL,C,6800.0,False,True
43624839,151049,1408196,498,6198165,Chris Livingston,WAS,SF/PF,6700.0,False,True
43624840,151049,1408196,499,6198165,Chris Livingston,WAS,SF/PF,6700.0,False,True
43624841,151049,1408196,501,6198165,Chris Livingston,WAS,SF/PF,6700.0,False,True
43624842,151049,1408196,503,6198165,Chris Livingston,WAS,SF/PF,6700.0,False,True
43624843,151049,1408189,498,6198166,Adou Thiero,LAL,SF,6700.0,False,True
43624844,151049,1408189,501,6198166,Adou Thiero,LAL,SF,6700.0,False,True
43624845,151049,1408189,503,6198166,Adou Thiero,LAL,SF,6700.0,False,True
43624846,151049,1405372,496,6198167,Braden Smith,IND,PG,6600.0,False,True
43624847,151049,1405372,502,6198167,Braden Smith,IND,PG,6600.0,False,True
43624848,151049,1405372,503,6198167,Braden Smith,IND,PG,6600.0,False,True
43624849,151049,1328248,496,6198164,Jahmai Mashack,MEM,PG/SG,6500.0,False,True
43624850,151049,1328248,497,6198164,Jahmai Mashack,MEM,PG/SG,6500.0,False,True
43624851,151049,1328248,502,6198164,Jahmai Mashack,MEM,PG/SG,6500.0,False,True
43624852,151049,1328248,503,6198164,Jahmai Mashack,MEM,PG/SG,6500.0,False,True
43624853,151049,1323578,497,6198166,Will Richard,GS,SG,6400.0,False,True
43624854,151049,1323578,502,6198166,Will Richard,GS,SG,6400.0,False,True
43624855,151049,1323578,503,6198166,Will Richard,GS,SG,6400.0,False,True
43624856,151049,1232015,500,6198167,Hunter Dickinson,NO,C,6400.0,False,True
43624857,151049,1232015,503,6198167,Hunter Dickinson,NO,C,6400.0,False,True
43624858,151049,1271709,497,6198164,Daishen Nix,HOU,SG,6300.0,False,True
43624859,151049,1271709,502,6198164,Daishen Nix,HOU,SG,6300.0,False,True
43624860,151049,1271709,503,6198164,Daishen Nix,HOU,SG,6300.0,False,True
43624861,151049,1231798,497,6198166,Colby Jones,GS,SG,6300.0,False,True
43624862,151049,1231798,502,6198166,Colby Jones,GS,SG,6300.0,False,True
43624863,151049,1231798,503,6198166,Colby Jones,GS,SG,6300.0,False,True
43624864,151049,1135289,498,6198167,Gabe McGlothan,IND,SF/PF,6300.0,False,True
43624865,151049,1135289,499,6198167,Gabe McGlothan,IND,SF/PF,6300.0,False,True
43624866,151049,1135289,501,6198167,Gabe McGlothan,IND,SF/PF,6300.0,False,True
43624867,151049,1135289,503,6198167,Gabe McGlothan,IND,SF/PF,6300.0,False,True
43624868,151049,1230369,496,6198165,Reece Beekman,WAS,PG,6300.0,False,True
43624869,151049,1230369,502,6198165,Reece Beekman,WAS,PG,6300.0,False,True
43624870,151049,1230369,503,6198165,Reece Beekman,WAS,PG,6300.0,False,True
43624871,151049,1323635,498,6198166,Arthur Kaluma,LAL,SF/PF,6300.0,False,True
43624872,151049,1323635,499,6198166,Arthur Kaluma,LAL,SF/PF,6300.0,False,True
43624873,151049,1323635,501,6198166,Arthur Kaluma,LAL,SF/PF,6300.0,False,True
43624874,151049,1323635,503,6198166,Arthur Kaluma,LAL,SF/PF,6300.0,False,True
43624875,151049,1502180,500,6198165,Eli Ndiaye,ATL,C,6200.0,False,True
43624876,151049,1502180,503,6198165,Eli Ndiaye,ATL,C,6200.0,False,True
43624877,151049,1249996,496,6198166,L.J. Cryer,GS,PG/SG,6200.0,False,True
43624878,151049,1249996,497,6198166,L.J. Cryer,GS,PG/SG,6200.0,False,True
43624879,151049,1249996,502,6198166,L.J. Cryer,GS,PG/SG,6200.0,False,True
43624880,151049,1249996,503,6198166,L.J. Cryer,GS,PG/SG,6200.0,False,True
43624881,151049,1327829,496,6198165,Keshon Gilbert,ATL,PG/SG,6100.0,False,True
43624882,151049,1327829,497,6198165,Keshon Gilbert,ATL,PG/SG,6100.0,False,True
43624883,151049,1327829,502,6198165,Keshon Gilbert,ATL,PG/SG,6100.0,False,True
43624884,151049,1327829,503,6198165,Keshon Gilbert,ATL,PG/SG,6100.0,False,True
43624885,151049,1546380,496,6198165,Tre Johnson,WAS,PG/SG,6100.0,False,True
43624886,151049,1546380,497,6198165,Tre Johnson,WAS,PG/SG,6100.0,False,True
43624887,151049,1546380,502,6198165,Tre Johnson,WAS,PG/SG,6100.0,False,True
43624888,151049,1546380,503,6198165,Tre Johnson,WAS,PG/SG,6100.0,False,True
43624889,151049,1243588,497,6198167,Jaron Pierre Jr.,NO,SG,6100.0,False,True
43624890,151049,1243588,502,6198167,Jaron Pierre Jr.,NO,SG,6100.0,False,True
43624891,151049,1243588,503,6198167,Jaron Pierre Jr.,NO,SG,6100.0,False,True
43624892,151049,1345014,498,6198166,Malevy Leons,GS,SF/PF,6000.0,False,True
43624893,151049,1345014,499,6198166,Malevy Leons,GS,SF/PF,6000.0,False,True
43624894,151049,1345014,501,6198166,Malevy Leons,GS,SF/PF,6000.0,False,True
43624895,151049,1345014,503,6198166,Malevy Leons,GS,SF/PF,6000.0,False,True
43624896,151049,1416382,498,6198165,Zuby Ejiofor,ATL,SF/PF,6000.0,False,True
43624897,151049,1416382,499,6198165,Zuby Ejiofor,ATL,SF/PF,6000.0,False,True
43624898,151049,1416382,501,6198165,Zuby Ejiofor,ATL,SF/PF,6000.0,False,True
43624899,151049,1416382,503,6198165,Zuby Ejiofor,ATL,SF/PF,6000.0,False,True
43624900,151049,1193990,499,6198167,Rienk Mast,IND,PF/C,6000.0,False,True
43624901,151049,1193990,500,6198167,Rienk Mast,IND,PF/C,6000.0,False,True
43624902,151049,1193990,501,6198167,Rienk Mast,IND,PF/C,6000.0,False,True
43624903,151049,1193990,503,6198167,Rienk Mast,IND,PF/C,6000.0,False,True
43624904,151049,1406012,498,6198167,Malik Dia,NO,SF/PF,6000.0,False,True
43624905,151049,1406012,499,6198167,Malik Dia,NO,SF/PF,6000.0,False,True
43624906,151049,1406012,501,6198167,Malik Dia,NO,SF/PF,6000.0,False,True
43624907,151049,1406012,503,6198167,Malik Dia,NO,SF/PF,6000.0,False,True
43624908,151049,1136245,496,6198167,Markquis Nowell,NO,PG/SG,5900.0,False,True
43624909,151049,1136245,497,6198167,Markquis Nowell,NO,PG/SG,5900.0,False,True
43624910,151049,1136245,502,6198167,Markquis Nowell,NO,PG/SG,5900.0,False,True
43624911,151049,1136245,503,6198167,Markquis Nowell,NO,PG/SG,5900.0,False,True
43624912,151049,1232601,496,6198166,Chris Manon,LAL,PG/SG,5900.0,False,True
43624913,151049,1232601,497,6198166,Chris Manon,LAL,PG/SG,5900.0,False,True
43624914,151049,1232601,502,6198166,Chris Manon,LAL,PG/SG,5900.0,False,True
43624915,151049,1232601,503,6198166,Chris Manon,LAL,PG/SG,5900.0,False,True
43624916,151049,851888,496,6198166,Jon Elmore,LAL,PG,5800.0,False,True
43624917,151049,851888,502,6198166,Jon Elmore,LAL,PG,5800.0,False,True
43624918,151049,851888,503,6198166,Jon Elmore,LAL,PG,5800.0,False,True
43624919,151049,1348259,496,6198165,Kobe Johnson,ATL,PG/SG,5800.0,False,True
43624920,151049,1348259,497,6198165,Kobe Johnson,ATL,PG/SG,5800.0,False,True
43624921,151049,1348259,502,6198165,Kobe Johnson,ATL,PG/SG,5800.0,False,True
43624922,151049,1348259,503,6198165,Kobe Johnson,ATL,PG/SG,5800.0,False,True
43624923,151049,1232467,498,6198167,Christian Shumate,NO,SF/PF,5500.0,False,True
43624924,151049,1232467,499,6198167,Christian Shumate,NO,SF/PF,5500.0,False,True
43624925,151049,1232467,501,6198167,Christian Shumate,NO,SF/PF,5500.0,False,True
43624926,151049,1232467,503,6198167,Christian Shumate,NO,SF/PF,5500.0,False,True
43624927,151049,1482306,496,6198167,Melvin Council Jr.,NO,PG/SG,5500.0,False,True
43624928,151049,1482306,497,6198167,Melvin Council Jr.,NO,PG/SG,5500.0,False,True
43624929,151049,1482306,502,6198167,Melvin Council Jr.,NO,PG/SG,5500.0,False,True
43624930,151049,1482306,503,6198167,Melvin Council Jr.,NO,PG/SG,5500.0,False,True
43624931,151049,1231638,498,6198166,Graham Ike,GS,SF/PF,5500.0,False,True
43624932,151049,1231638,499,6198166,Graham Ike,GS,SF/PF,5500.0,False,True
43624933,151049,1231638,501,6198166,Graham Ike,GS,SF/PF,5500.0,False,True
43624934,151049,1231638,503,6198166,Graham Ike,GS,SF/PF,5500.0,False,True
43624935,151049,1408145,496,6198164,Quadir Copeland,HOU,PG/SG,5500.0,False,True
43624936,151049,1408145,497,6198164,Quadir Copeland,HOU,PG/SG,5500.0,False,True
43624937,151049,1408145,502,6198164,Quadir Copeland,HOU,PG/SG,5500.0,False,True
43624938,151049,1408145,503,6198164,Quadir Copeland,HOU,PG/SG,5500.0,False,True
43624939,151049,1241591,497,6198167,Micah Peavy,NO,SG/SF,5400.0,False,True
43624940,151049,1241591,498,6198167,Micah Peavy,NO,SG/SF,5400.0,False,True
43624941,151049,1241591,502,6198167,Micah Peavy,NO,SG/SF,5400.0,False,True
43624942,151049,1241591,501,6198167,Micah Peavy,NO,SG/SF,5400.0,False,True
43624943,151049,1241591,503,6198167,Micah Peavy,NO,SG/SF,5400.0,False,True
43624944,151049,1235208,496,6198165,Gabe Madsen,ATL,PG/SG,5400.0,False,True
43624945,151049,1235208,497,6198165,Gabe Madsen,ATL,PG/SG,5400.0,False,True
43624946,151049,1235208,502,6198165,Gabe Madsen,ATL,PG/SG,5400.0,False,True
43624947,151049,1235208,503,6198165,Gabe Madsen,ATL,PG/SG,5400.0,False,True
43624948,151049,1488649,496,6198167,Dominique Daniels Jr.,NO,PG/SG,5300.0,False,True
43624949,151049,1488649,497,6198167,Dominique Daniels Jr.,NO,PG/SG,5300.0,False,True
43624950,151049,1488649,502,6198167,Dominique Daniels Jr.,NO,PG/SG,5300.0,False,True
43624951,151049,1488649,503,6198167,Dominique Daniels Jr.,NO,PG/SG,5300.0,False,True
43624952,151049,1405037,496,6198165,Seth Trimble,WAS,PG/SG,5300.0,False,True
43624953,151049,1405037,497,6198165,Seth Trimble,WAS,PG/SG,5300.0,False,True
43624954,151049,1405037,502,6198165,Seth Trimble,WAS,PG/SG,5300.0,False,True
43624955,151049,1405037,503,6198165,Seth Trimble,WAS,PG/SG,5300.0,False,True
43624956,151049,1413227,498,6198167,Solomon Washington,NO,SF/PF,5200.0,False,True
43624957,151049,1413227,499,6198167,Solomon Washington,NO,SF/PF,5200.0,False,True
43624958,151049,1413227,501,6198167,Solomon Washington,NO,SF/PF,5200.0,False,True
43624959,151049,1413227,503,6198167,Solomon Washington,NO,SF/PF,5200.0,False,True
43624960,151049,1420535,498,6198166,Lajae Jones,GS,SF,5200.0,False,True
43624961,151049,1420535,501,6198166,Lajae Jones,GS,SF,5200.0,False,True
43624962,151049,1420535,503,6198166,Lajae Jones,GS,SF,5200.0,False,True
43624963,151049,1078666,498,6198166,Zhaire Smith,LAL,SF,5200.0,False,True
43624964,151049,1078666,501,6198166,Zhaire Smith,LAL,SF,5200.0,False,True
43624965,151049,1078666,503,6198166,Zhaire Smith,LAL,SF,5200.0,False,True
43624966,151049,1231489,496,6198165,Kadary Richmond,WAS,PG/SG,5200.0,False,True
43624967,151049,1231489,497,6198165,Kadary Richmond,WAS,PG/SG,5200.0,False,True
43624968,151049,1231489,502,6198165,Kadary Richmond,WAS,PG/SG,5200.0,False,True
43624969,151049,1231489,503,6198165,Kadary Richmond,WAS,PG/SG,5200.0,False,True
43624970,151049,1402299,498,6198165,Cameron Corhen,ATL,SF/PF,5100.0,False,True
43624971,151049,1402299,499,6198165,Cameron Corhen,ATL,SF/PF,5100.0,False,True
43624972,151049,1402299,501,6198165,Cameron Corhen,ATL,SF/PF,5100.0,False,True
43624973,151049,1402299,503,6198165,Cameron Corhen,ATL,SF/PF,5100.0,False,True
43624974,151049,1232056,497,6198165,Jamir Watkins,WAS,SG/SF,5000.0,False,True
43624975,151049,1232056,498,6198165,Jamir Watkins,WAS,SG/SF,5000.0,False,True
43624976,151049,1232056,502,6198165,Jamir Watkins,WAS,SG/SF,5000.0,False,True
43624977,151049,1232056,501,6198165,Jamir Watkins,WAS,SG/SF,5000.0,False,True
43624978,151049,1232056,503,6198165,Jamir Watkins,WAS,SG/SF,5000.0,False,True
43624979,151049,1401446,497,6198166,Peter Suder,LAL,SG,4900.0,False,True
43624980,151049,1401446,502,6198166,Peter Suder,LAL,SG,4900.0,False,True
43624981,151049,1401446,503,6198166,Peter Suder,LAL,SG,4900.0,False,True
43624982,151049,1352160,496,6198166,William Hickey,LAL,PG/SG,4900.0,False,True
43624983,151049,1352160,497,6198166,William Hickey,LAL,PG/SG,4900.0,False,True
43624984,151049,1352160,502,6198166,William Hickey,LAL,PG/SG,4900.0,False,True
43624985,151049,1352160,503,6198166,William Hickey,LAL,PG/SG,4900.0,False,True
43624986,151049,1482307,500,6198164,Oscar Cluff,HOU,C,4900.0,False,True
43624987,151049,1482307,503,6198164,Oscar Cluff,HOU,C,4900.0,False,True
43624988,151049,1507153,500,6198165,Norris Agbakoko,WAS,C,4900.0,False,True
43624989,151049,1507153,503,6198165,Norris Agbakoko,WAS,C,4900.0,False,True
43624990,151049,1405968,500,6198167,Keba Keita,IND,C,4900.0,False,True
43624991,151049,1405968,503,6198167,Keba Keita,IND,C,4900.0,False,True
43624992,151049,1408133,498,6198167,Chris Bell,NO,SF/PF,4800.0,False,True
43624993,151049,1408133,499,6198167,Chris Bell,NO,SF/PF,4800.0,False,True
43624994,151049,1408133,501,6198167,Chris Bell,NO,SF/PF,4800.0,False,True
43624995,151049,1408133,503,6198167,Chris Bell,NO,SF/PF,4800.0,False,True
43624996,151049,1536467,498,6198166,Jacksen Moni,GS,SF/PF,4800.0,False,True
43624997,151049,1536467,499,6198166,Jacksen Moni,GS,SF/PF,4800.0,False,True
43624998,151049,1536467,501,6198166,Jacksen Moni,GS,SF/PF,4800.0,False,True
43624999,151049,1536467,503,6198166,Jacksen Moni,GS,SF/PF,4800.0,False,True
43625000,151049,1324023,496,6198165,Kobe Knox,ATL,PG/SG,4800.0,False,True
43625001,151049,1324023,497,6198165,Kobe Knox,ATL,PG/SG,4800.0,False,True
43625002,151049,1324023,502,6198165,Kobe Knox,ATL,PG/SG,4800.0,False,True
43625003,151049,1324023,503,6198165,Kobe Knox,ATL,PG/SG,4800.0,False,True
43625004,151049,1427004,498,6198166,AK Okereke,LAL,SF,4800.0,False,True
43625005,151049,1427004,501,6198166,AK Okereke,LAL,SF,4800.0,False,True
43625006,151049,1427004,503,6198166,AK Okereke,LAL,SF,4800.0,False,True
43625007,151049,1408273,499,6198165,Felix Okpara,WAS,PF,4800.0,False,True
43625008,151049,1408273,501,6198165,Felix Okpara,WAS,PF,4800.0,False,True
43625009,151049,1408273,503,6198165,Felix Okpara,WAS,PF,4800.0,False,True
43625010,151049,1413222,500,6198164,Carson Cooper,MEM,C,4800.0,False,True
43625011,151049,1413222,503,6198164,Carson Cooper,MEM,C,4800.0,False,True
43625012,151049,1186155,498,6198167,Keion Brooks Jr.,IND,SF/PF,4800.0,False,True
43625013,151049,1186155,499,6198167,Keion Brooks Jr.,IND,SF/PF,4800.0,False,True
43625014,151049,1186155,501,6198167,Keion Brooks Jr.,IND,SF/PF,4800.0,False,True
43625015,151049,1186155,503,6198167,Keion Brooks Jr.,IND,SF/PF,4800.0,False,True
43625016,151049,1231237,496,6198166,Chance McMillian,GS,PG/SG,4800.0,False,True
43625017,151049,1231237,497,6198166,Chance McMillian,GS,PG/SG,4800.0,False,True
43625018,151049,1231237,502,6198166,Chance McMillian,GS,PG/SG,4800.0,False,True
43625019,151049,1231237,503,6198166,Chance McMillian,GS,PG/SG,4800.0,False,True
43625020,151049,1326491,496,6198165,Zeke Mayo,ATL,PG/SG,4800.0,False,True
43625021,151049,1326491,497,6198165,Zeke Mayo,ATL,PG/SG,4800.0,False,True
43625022,151049,1326491,502,6198165,Zeke Mayo,ATL,PG/SG,4800.0,False,True
43625023,151049,1326491,503,6198165,Zeke Mayo,ATL,PG/SG,4800.0,False,True
43625024,151049,1323927,498,6198167,Kowacie Reeves Jr.,IND,SF/PF,4700.0,False,True
43625025,151049,1323927,499,6198167,Kowacie Reeves Jr.,IND,SF/PF,4700.0,False,True
43625026,151049,1323927,501,6198167,Kowacie Reeves Jr.,IND,SF/PF,4700.0,False,True
43625027,151049,1323927,503,6198167,Kowacie Reeves Jr.,IND,SF/PF,4700.0,False,True
43625028,151049,1232336,496,6198166,Nick Boyd,GS,PG/SG,4700.0,False,True
43625029,151049,1232336,497,6198166,Nick Boyd,GS,PG/SG,4700.0,False,True
43625030,151049,1232336,502,6198166,Nick Boyd,GS,PG/SG,4700.0,False,True
43625031,151049,1232336,503,6198166,Nick Boyd,GS,PG/SG,4700.0,False,True
43625032,151049,1654517,498,6198164,Karim Lopez,MEM,SF,4700.0,False,True
43625033,151049,1654517,501,6198164,Karim Lopez,MEM,SF,4700.0,False,True
43625034,151049,1654517,503,6198164,Karim Lopez,MEM,SF,4700.0,False,True
43625035,151049,1328236,496,6198167,Cameron Hildreth,IND,PG/SG,4700.0,False,True
43625036,151049,1328236,497,6198167,Cameron Hildreth,IND,PG/SG,4700.0,False,True
43625037,151049,1328236,502,6198167,Cameron Hildreth,IND,PG/SG,4700.0,False,True
43625038,151049,1328236,503,6198167,Cameron Hildreth,IND,PG/SG,4700.0,False,True
43625039,151049,1403876,498,6198164,Zach Cleveland,MEM,SF/PF,4600.0,False,True
43625040,151049,1403876,499,6198164,Zach Cleveland,MEM,SF/PF,4600.0,False,True
43625041,151049,1403876,501,6198164,Zach Cleveland,MEM,SF/PF,4600.0,False,True
43625042,151049,1403876,503,6198164,Zach Cleveland,MEM,SF/PF,4600.0,False,True
43625043,151049,1357746,499,6198164,Michael Foster,HOU,PF,4600.0,False,True
43625044,151049,1357746,501,6198164,Michael Foster,HOU,PF,4600.0,False,True
43625045,151049,1357746,503,6198164,Michael Foster,HOU,PF,4600.0,False,True
43625046,151049,1324298,498,6198165,John Camden,WAS,SF/PF,4600.0,False,True
43625047,151049,1324298,499,6198165,John Camden,WAS,SF/PF,4600.0,False,True
43625048,151049,1324298,501,6198165,John Camden,WAS,SF/PF,4600.0,False,True
43625049,151049,1324298,503,6198165,John Camden,WAS,SF/PF,4600.0,False,True
43625050,151049,1134731,498,6198167,Nathan Mensah,NO,SF/PF,4600.0,False,True
43625051,151049,1134731,499,6198167,Nathan Mensah,NO,SF/PF,4600.0,False,True
43625052,151049,1134731,501,6198167,Nathan Mensah,NO,SF/PF,4600.0,False,True
43625053,151049,1134731,503,6198167,Nathan Mensah,NO,SF/PF,4600.0,False,True
43625054,151049,1349787,496,6198167,Jordan Riley,NO,PG/SG,4500.0,False,True
43625055,151049,1349787,497,6198167,Jordan Riley,NO,PG/SG,4500.0,False,True
43625056,151049,1349787,502,6198167,Jordan Riley,NO,PG/SG,4500.0,False,True
43625057,151049,1349787,503,6198167,Jordan Riley,NO,PG/SG,4500.0,False,True
43625058,151049,1656691,498,6198167,MJ Iraldi,IND,SF/PF,4500.0,False,True
43625059,151049,1656691,499,6198167,MJ Iraldi,IND,SF/PF,4500.0,False,True
43625060,151049,1656691,501,6198167,MJ Iraldi,IND,SF/PF,4500.0,False,True
43625061,151049,1656691,503,6198167,MJ Iraldi,IND,SF/PF,4500.0,False,True
43625062,151049,1427204,499,6198166,Alex Toohey,GS,PF,4500.0,False,True
43625063,151049,1427204,501,6198166,Alex Toohey,GS,PF,4500.0,False,True
43625064,151049,1427204,503,6198166,Alex Toohey,GS,PF,4500.0,False,True
43625065,151049,1134332,496,6198167,Taevion Kinsey,IND,PG/SG,4500.0,False,True
43625066,151049,1134332,497,6198167,Taevion Kinsey,IND,PG/SG,4500.0,False,True
43625067,151049,1134332,502,6198167,Taevion Kinsey,IND,PG/SG,4500.0,False,True
43625068,151049,1134332,503,6198167,Taevion Kinsey,IND,PG/SG,4500.0,False,True
43625069,151049,1147319,496,6198165,Devon Higgs,ATL,PG/SG,4500.0,False,True
43625070,151049,1147319,497,6198165,Devon Higgs,ATL,PG/SG,4500.0,False,True
43625071,151049,1147319,502,6198165,Devon Higgs,ATL,PG/SG,4500.0,False,True
43625072,151049,1147319,503,6198165,Devon Higgs,ATL,PG/SG,4500.0,False,True
43625073,151049,1133857,498,6198164,Miller Kopp,HOU,SF/PF,4500.0,False,True
43625074,151049,1133857,499,6198164,Miller Kopp,HOU,SF/PF,4500.0,False,True
43625075,151049,1133857,501,6198164,Miller Kopp,HOU,SF/PF,4500.0,False,True
43625076,151049,1133857,503,6198164,Miller Kopp,HOU,SF/PF,4500.0,False,True
43625077,151049,1324442,498,6198165,Julian Reese,WAS,SF/PF,4500.0,False,True
43625078,151049,1324442,499,6198165,Julian Reese,WAS,SF/PF,4500.0,False,True
43625079,151049,1324442,501,6198165,Julian Reese,WAS,SF/PF,4500.0,False,True
43625080,151049,1324442,503,6198165,Julian Reese,WAS,SF/PF,4500.0,False,True
43625081,151049,1175025,498,6198164,Tyler Burton,MEM,SF/PF,4500.0,False,True
43625082,151049,1175025,499,6198164,Tyler Burton,MEM,SF/PF,4500.0,False,True
43625083,151049,1175025,501,6198164,Tyler Burton,MEM,SF/PF,4500.0,False,True
43625084,151049,1175025,503,6198164,Tyler Burton,MEM,SF/PF,4500.0,False,True
43625085,151049,1406026,496,6198165,Isaac McKneely,ATL,PG/SG,4400.0,False,True
43625086,151049,1406026,497,6198165,Isaac McKneely,ATL,PG/SG,4400.0,False,True
43625087,151049,1406026,502,6198165,Isaac McKneely,ATL,PG/SG,4400.0,False,True
43625088,151049,1406026,503,6198165,Isaac McKneely,ATL,PG/SG,4400.0,False,True
43625089,151049,1340768,496,6198167,Jalen Warley,IND,PG/SG,4400.0,False,True
43625090,151049,1340768,497,6198167,Jalen Warley,IND,PG/SG,4400.0,False,True
43625091,151049,1340768,502,6198167,Jalen Warley,IND,PG/SG,4400.0,False,True
43625092,151049,1340768,503,6198167,Jalen Warley,IND,PG/SG,4400.0,False,True
43625093,151049,1324092,498,6198166,Luke Goode,LAL,SF/PF,4400.0,False,True
43625094,151049,1324092,499,6198166,Luke Goode,LAL,SF/PF,4400.0,False,True
43625095,151049,1324092,501,6198166,Luke Goode,LAL,SF/PF,4400.0,False,True
43625096,151049,1324092,503,6198166,Luke Goode,LAL,SF/PF,4400.0,False,True
43625097,151049,1324020,498,6198167,Jalon Moore,NO,SF/PF,4400.0,False,True
43625098,151049,1324020,499,6198167,Jalon Moore,NO,SF/PF,4400.0,False,True
43625099,151049,1324020,501,6198167,Jalon Moore,NO,SF/PF,4400.0,False,True
43625100,151049,1324020,503,6198167,Jalon Moore,NO,SF/PF,4400.0,False,True
43625101,151049,1406752,496,6198166,Jacari White,LAL,PG/SG,4300.0,False,True
43625102,151049,1406752,497,6198166,Jacari White,LAL,PG/SG,4300.0,False,True
43625103,151049,1406752,502,6198166,Jacari White,LAL,PG/SG,4300.0,False,True
43625104,151049,1406752,503,6198166,Jacari White,LAL,PG/SG,4300.0,False,True
43625105,151049,1061641,498,6198167,Alex Reese,IND,SF/PF,4300.0,False,True
43625106,151049,1061641,499,6198167,Alex Reese,IND,SF/PF,4300.0,False,True
43625107,151049,1061641,501,6198167,Alex Reese,IND,SF/PF,4300.0,False,True
43625108,151049,1061641,503,6198167,Alex Reese,IND,SF/PF,4300.0,False,True
43625109,151049,1323643,500,6198164,Lawson Lovering,MEM,C,4300.0,False,True
43625110,151049,1323643,503,6198164,Lawson Lovering,MEM,C,4300.0,False,True
43625111,151049,1324179,496,6198164,Stevie Mitchell,HOU,PG/SG,4300.0,False,True
43625112,151049,1324179,497,6198164,Stevie Mitchell,HOU,PG/SG,4300.0,False,True
43625113,151049,1324179,502,6198164,Stevie Mitchell,HOU,PG/SG,4300.0,False,True
43625114,151049,1324179,503,6198164,Stevie Mitchell,HOU,PG/SG,4300.0,False,True
43625115,151049,1403951,496,6198166,Chase Ross,LAL,PG/SG,4300.0,False,True
43625116,151049,1403951,497,6198166,Chase Ross,LAL,PG/SG,4300.0,False,True
43625117,151049,1403951,502,6198166,Chase Ross,LAL,PG/SG,4300.0,False,True
43625118,151049,1403951,503,6198166,Chase Ross,LAL,PG/SG,4300.0,False,True
43625119,151049,1174919,498,6198167,Josh Oduro,NO,SF/PF,4200.0,False,True
43625120,151049,1174919,499,6198167,Josh Oduro,NO,SF/PF,4200.0,False,True
43625121,151049,1174919,501,6198167,Josh Oduro,NO,SF/PF,4200.0,False,True
43625122,151049,1174919,503,6198167,Josh Oduro,NO,SF/PF,4200.0,False,True
43625123,151049,1328242,496,6198166,Robert McCray V,LAL,PG/SG,4200.0,False,True
43625124,151049,1328242,497,6198166,Robert McCray V,LAL,PG/SG,4200.0,False,True
43625125,151049,1328242,502,6198166,Robert McCray V,LAL,PG/SG,4200.0,False,True
43625126,151049,1328242,503,6198166,Robert McCray V,LAL,PG/SG,4200.0,False,True
43625127,151049,1402824,500,6198166,Robbie Avila,LAL,C,4200.0,False,True
43625128,151049,1402824,503,6198166,Robbie Avila,LAL,C,4200.0,False,True
43625129,151049,1060982,496,6198165,RJ Nembhard,WAS,PG/SG,4100.0,False,True
43625130,151049,1060982,497,6198165,RJ Nembhard,WAS,PG/SG,4100.0,False,True
43625131,151049,1060982,502,6198165,RJ Nembhard,WAS,PG/SG,4100.0,False,True
43625132,151049,1060982,503,6198165,RJ Nembhard,WAS,PG/SG,4100.0,False,True
43625133,151049,1405617,498,6198166,William Kyle,LAL,SF/PF,4100.0,False,True
43625134,151049,1405617,499,6198166,William Kyle,LAL,SF/PF,4100.0,False,True
43625135,151049,1405617,501,6198166,William Kyle,LAL,SF/PF,4100.0,False,True
43625136,151049,1405617,503,6198166,William Kyle,LAL,SF/PF,4100.0,False,True
43625137,151049,1234921,498,6198167,Johnny O'Neil,NO,SF/PF,4000.0,False,True
43625138,151049,1234921,499,6198167,Johnny O'Neil,NO,SF/PF,4000.0,False,True
43625139,151049,1234921,501,6198167,Johnny O'Neil,NO,SF/PF,4000.0,False,True
43625140,151049,1234921,503,6198167,Johnny O'Neil,NO,SF/PF,4000.0,False,True
43625141,151049,1350609,497,6198164,Davide Casarin,HOU,SG,4000.0,False,True
43625142,151049,1350609,502,6198164,Davide Casarin,HOU,SG,4000.0,False,True
43625143,151049,1350609,503,6198164,Davide Casarin,HOU,SG,4000.0,False,True
43625144,151049,1324182,498,6198166,KJ Adams,GS,SF/PF,4000.0,False,True
43625145,151049,1324182,499,6198166,KJ Adams,GS,SF/PF,4000.0,False,True
43625146,151049,1324182,501,6198166,KJ Adams,GS,SF/PF,4000.0,False,True
43625147,151049,1324182,503,6198166,KJ Adams,GS,SF/PF,4000.0,False,True
43625148,151049,1176528,498,6198164,Chris Ledlum,HOU,SF/PF,4000.0,False,True
43625149,151049,1176528,499,6198164,Chris Ledlum,HOU,SF/PF,4000.0,False,True
43625150,151049,1176528,501,6198164,Chris Ledlum,HOU,SF/PF,4000.0,False,True
43625151,151049,1176528,503,6198164,Chris Ledlum,HOU,SF/PF,4000.0,False,True
43625152,151049,1138636,498,6198166,Jack Clark,GS,SF/PF,4000.0,False,True
43625153,151049,1138636,499,6198166,Jack Clark,GS,SF/PF,4000.0,False,True
43625154,151049,1138636,501,6198166,Jack Clark,GS,SF/PF,4000.0,False,True
43625155,151049,1138636,503,6198166,Jack Clark,GS,SF/PF,4000.0,False,True
43625156,151049,1176723,496,6198165,Damari Monsanto,WAS,PG/SG,4000.0,False,True
43625157,151049,1176723,497,6198165,Damari Monsanto,WAS,PG/SG,4000.0,False,True
43625158,151049,1176723,502,6198165,Damari Monsanto,WAS,PG/SG,4000.0,False,True
43625159,151049,1176723,503,6198165,Damari Monsanto,WAS,PG/SG,4000.0,False,True
43625160,151049,1323921,498,6198165,Tre Carroll,WAS,SF/PF,4000.0,False,True
43625161,151049,1323921,499,6198165,Tre Carroll,WAS,SF/PF,4000.0,False,True
43625162,151049,1323921,501,6198165,Tre Carroll,WAS,SF/PF,4000.0,False,True
43625163,151049,1323921,503,6198165,Tre Carroll,WAS,SF/PF,4000.0,False,True
43625164,151049,1402846,496,6198167,Tamin Lipsey,IND,PG/SG,4000.0,False,True
43625165,151049,1402846,497,6198167,Tamin Lipsey,IND,PG/SG,4000.0,False,True
43625166,151049,1402846,502,6198167,Tamin Lipsey,IND,PG/SG,4000.0,False,True
43625167,151049,1402846,503,6198167,Tamin Lipsey,IND,PG/SG,4000.0,False,True
43625168,151049,1406915,496,6198164,Jestin Porter,MEM,PG/SG,4000.0,False,True
43625169,151049,1406915,497,6198164,Jestin Porter,MEM,PG/SG,4000.0,False,True
43625170,151049,1406915,502,6198164,Jestin Porter,MEM,PG/SG,4000.0,False,True
43625171,151049,1406915,503,6198164,Jestin Porter,MEM,PG/SG,4000.0,False,True
43625172,151049,1405317,498,6198164,Jevon Porter,MEM,SF/PF,4000.0,False,True
43625173,151049,1405317,499,6198164,Jevon Porter,MEM,SF/PF,4000.0,False,True
43625174,151049,1405317,501,6198164,Jevon Porter,MEM,SF/PF,4000.0,False,True
43625175,151049,1405317,503,6198164,Jevon Porter,MEM,SF/PF,4000.0,False,True
43625176,151049,1408223,496,6198164,Brendan Hausen,MEM,PG/SG,4000.0,False,True
43625177,151049,1408223,497,6198164,Brendan Hausen,MEM,PG/SG,4000.0,False,True
43625178,151049,1408223,502,6198164,Brendan Hausen,MEM,PG/SG,4000.0,False,True
43625179,151049,1408223,503,6198164,Brendan Hausen,MEM,PG/SG,4000.0,False,True
43625180,151049,1334229,498,6198164,Ben Middlebrooks,HOU,SF/PF,4000.0,False,True
43625181,151049,1334229,499,6198164,Ben Middlebrooks,HOU,SF/PF,4000.0,False,True
43625182,151049,1334229,501,6198164,Ben Middlebrooks,HOU,SF/PF,4000.0,False,True
43625183,151049,1334229,503,6198164,Ben Middlebrooks,HOU,SF/PF,4000.0,False,True
43625184,151049,1171589,496,6198166,Chase Hunter,GS,PG/SG,4000.0,False,True
43625185,151049,1171589,497,6198166,Chase Hunter,GS,PG/SG,4000.0,False,True
43625186,151049,1171589,502,6198166,Chase Hunter,GS,PG/SG,4000.0,False,True
43625187,151049,1171589,503,6198166,Chase Hunter,GS,PG/SG,4000.0,False,True
43625188,151049,1232534,496,6198166,Deivon Smith,GS,PG/SG,4000.0,False,True
43625189,151049,1232534,497,6198166,Deivon Smith,GS,PG/SG,4000.0,False,True
43625190,151049,1232534,502,6198166,Deivon Smith,GS,PG/SG,4000.0,False,True
43625191,151049,1232534,503,6198166,Deivon Smith,GS,PG/SG,4000.0,False,True
43625421,151051,1465506,494,6198168,Khaman Maluach,PHO,C,10200.0,False,True
43625422,151051,1610167,494,6198168,Koa Peat,PHO,PF,9800.0,False,True
43625423,151051,1523620,494,6198168,Jayden Quaintance,SA,PF,9200.0,False,True
43625424,151051,1243633,494,6198168,Koby Brea,PHO,SG,8600.0,False,True
43625425,151051,1195700,494,6198168,Emanuel Miller,SA,SF/PF,8000.0,False,True
43625426,151051,1405622,494,6198168,Rasheer Fleming,PHO,PF,7600.0,False,True
43625427,151051,1538604,494,6198168,Carter Bryant,SA,SF,7200.0,False,True
43625428,151051,1136746,494,6198168,Darius Brown II,PHO,PG/SG,7000.0,False,True
43625429,151051,1408135,494,6198168,Maliq Brown,SA,PF,6400.0,False,True
43625430,151051,1401391,494,6198168,Ja'Kobi Gillespie,SA,PG,6000.0,False,True
43625431,151051,1408243,494,6198168,Tarris Reed Jr.,SA,C,5600.0,False,True
43625432,151051,1243722,494,6198168,RJ Davis,SA,PG/SG,5400.0,False,True
43625433,151051,1437730,494,6198168,Lucas Dufeal,PHO,PG/SG,5000.0,False,True
43625434,151051,1324019,494,6198168,Miles Kelly,SA,PG/SG,4800.0,False,True
43625435,151051,1401727,494,6198168,Reed Bailey,PHO,SF/PF,4400.0,False,True
43625436,151051,1180055,494,6198168,Hyunjung Lee,SA,SF/PF,4000.0,False,True
43625437,151051,1324325,494,6198168,Sam Hoiberg,PHO,PG/SG,3800.0,False,True
43625438,151051,1343050,494,6198168,Igor Milicic Jr.,SA,PF,3600.0,False,True
43625439,151051,1231799,494,6198168,Tramon Mark,PHO,PG/SG,3400.0,False,True
43625440,151051,1231848,494,6198168,Tyon Grant-Foster,SA,PG/SG,3200.0,False,True
43625441,151051,1092124,494,6198168,Javonte Cooke,PHO,SF,3200.0,False,True
43625442,151051,1405733,494,6198168,Barry Evans,PHO,SF/PF,3000.0,False,True
43625443,151051,1345427,494,6198168,Zakai Zeigler,SA,PG/SG,3000.0,False,True
43625444,151051,1231292,494,6198168,CJ Huntley,PHO,PF,2800.0,False,True
43625445,151051,1174936,494,6198168,Jameer Nelson Jr.,PHO,PG/SG,2800.0,False,True
43625446,151051,1482255,494,6198168,Corey Camper Jr.,PHO,PG/SG,2600.0,False,True
43625447,151051,1324101,494,6198168,RJ Melendez,SA,SF/PF,2600.0,False,True
43625448,151051,1541010,494,6198168,Miles Barnstable,SA,PG/SG,2400.0,False,True
43625449,151051,1245902,494,6198168,Devin Askew,PHO,PG/SG,2200.0,False,True
43625450,151051,1408438,494,6198168,Harry Wessels,SA,C,2400.0,False,True
43625451,151051,1136168,494,6198168,Jake Stephens,PHO,C,2000.0,False,True
43625452,151051,1176026,494,6198168,David Muoka,SA,C,2200.0,False,True
43625453,151051,1327839,494,6198168,Jayden Nunn,SA,PG/SG,2000.0,False,True
43625454,151051,1465506,495,6198168,Khaman Maluach,PHO,C,15300.0,False,True
43625455,151051,1610167,495,6198168,Koa Peat,PHO,PF,14700.0,False,True
43625456,151051,1523620,495,6198168,Jayden Quaintance,SA,PF,13800.0,False,True
43625457,151051,1243633,495,6198168,Koby Brea,PHO,SG,12900.0,False,True
43625458,151051,1195700,495,6198168,Emanuel Miller,SA,SF/PF,12000.0,False,True
43625459,151051,1405622,495,6198168,Rasheer Fleming,PHO,PF,11400.0,False,True
43625460,151051,1538604,495,6198168,Carter Bryant,SA,SF,10800.0,False,True
43625461,151051,1136746,495,6198168,Darius Brown II,PHO,PG/SG,10500.0,False,True
43625462,151051,1408135,495,6198168,Maliq Brown,SA,PF,9600.0,False,True
43625463,151051,1401391,495,6198168,Ja'Kobi Gillespie,SA,PG,9000.0,False,True
43625464,151051,1408243,495,6198168,Tarris Reed Jr.,SA,C,8400.0,False,True
43625465,151051,1243722,495,6198168,RJ Davis,SA,PG/SG,8100.0,False,True
43625466,151051,1437730,495,6198168,Lucas Dufeal,PHO,PG/SG,7500.0,False,True
43625467,151051,1324019,495,6198168,Miles Kelly,SA,PG/SG,7200.0,False,True
43625468,151051,1401727,495,6198168,Reed Bailey,PHO,SF/PF,6600.0,False,True
43625469,151051,1180055,495,6198168,Hyunjung Lee,SA,SF/PF,6000.0,False,True
43625470,151051,1324325,495,6198168,Sam Hoiberg,PHO,PG/SG,5700.0,False,True
43625471,151051,1343050,495,6198168,Igor Milicic Jr.,SA,PF,5400.0,False,True
43625472,151051,1231799,495,6198168,Tramon Mark,PHO,PG/SG,5100.0,False,True
43625473,151051,1231848,495,6198168,Tyon Grant-Foster,SA,PG/SG,4800.0,False,True
43625474,151051,1092124,495,6198168,Javonte Cooke,PHO,SF,4800.0,False,True
43625475,151051,1405733,495,6198168,Barry Evans,PHO,SF/PF,4500.0,False,True
43625476,151051,1345427,495,6198168,Zakai Zeigler,SA,PG/SG,4500.0,False,True
43625477,151051,1231292,495,6198168,CJ Huntley,PHO,PF,4200.0,False,True
43625478,151051,1174936,495,6198168,Jameer Nelson Jr.,PHO,PG/SG,4200.0,False,True
43625479,151051,1482255,495,6198168,Corey Camper Jr.,PHO,PG/SG,3900.0,False,True
43625480,151051,1324101,495,6198168,RJ Melendez,SA,SF/PF,3900.0,False,True
43625481,151051,1541010,495,6198168,Miles Barnstable,SA,PG/SG,3600.0,False,True
43625482,151051,1245902,495,6198168,Devin Askew,PHO,PG/SG,3300.0,False,True
43625483,151051,1408438,495,6198168,Harry Wessels,SA,C,3600.0,False,True
43625484,151051,1136168,495,6198168,Jake Stephens,PHO,C,3000.0,False,True
43625485,151051,1176026,495,6198168,David Muoka,SA,C,3300.0,False,True
43625486,151051,1327839,495,6198168,Jayden Nunn,SA,PG/SG,3000.0,False,True
43625487,151052,1593986,633,6198164,Cameron Boozer,MEM,PF,,False,False
43625488,151052,1593986,465,6198164,Cameron Boozer,MEM,PF,,False,False
43625489,151052,1593986,636,6198164,Cameron Boozer,MEM,PF,,False,False
43625490,151052,1482282,633,6198166,Yaxel Lendeborg,GS,SF,,False,False
43625491,151052,1482282,465,6198166,Yaxel Lendeborg,GS,SF,,False,False
43625492,151052,1482282,636,6198166,Yaxel Lendeborg,GS,SF,,False,False
43625493,151052,1617074,633,6198165,AJ Dybantsa,WAS,SF,,False,False
43625494,151052,1617074,465,6198165,AJ Dybantsa,WAS,SF,,False,False
43625495,151052,1617074,636,6198165,AJ Dybantsa,WAS,SF,,False,False
43625496,151052,1351367,464,6198164,Cedric Coward,MEM,PG,,False,False
43625497,151052,1351367,465,6198164,Cedric Coward,MEM,PG,,False,False
43625498,151052,1351367,636,6198164,Cedric Coward,MEM,PG,,False,False
43625499,151052,1520672,633,6198165,Will Riley,WAS,SF,,False,False
43625500,151052,1520672,465,6198165,Will Riley,WAS,SF,,False,False
43625501,151052,1520672,636,6198165,Will Riley,WAS,SF,,False,False
43625502,151052,1176631,633,6198164,Isaiah Crawford,HOU,SF,,False,False
43625503,151052,1176631,465,6198164,Isaiah Crawford,HOU,SF,,False,False
43625504,151052,1176631,636,6198164,Isaiah Crawford,HOU,SF,,False,False
43625505,151052,1135981,633,6198167,Jalen Slawson,IND,PF,,False,False
43625506,151052,1135981,465,6198167,Jalen Slawson,IND,PF,,False,False
43625507,151052,1135981,636,6198167,Jalen Slawson,IND,PF,,False,False
43625508,151052,1324350,464,6198167,Kobe Bufkin,NO,PG,,False,False
43625509,151052,1324350,465,6198167,Kobe Bufkin,NO,PG,,False,False
43625510,151052,1324350,636,6198167,Kobe Bufkin,NO,PG,,False,False
43625511,151052,1593959,464,6198165,Kingston Flemings,ATL,PG,,False,False
43625512,151052,1593959,465,6198165,Kingston Flemings,ATL,PG,,False,False
43625513,151052,1593959,636,6198165,Kingston Flemings,ATL,PG,,False,False
43625514,151052,1460958,464,6198166,Cameron Carr,LAL,SG,,False,False
43625515,151052,1460958,465,6198166,Cameron Carr,LAL,SG,,False,False
43625516,151052,1460958,636,6198166,Cameron Carr,LAL,SG,,False,False
43625517,151052,1415915,633,6198166,Lachlan Olbrich,GS,SF,,False,False
43625518,151052,1415915,465,6198166,Lachlan Olbrich,GS,SF,,False,False
43625519,151052,1415915,636,6198166,Lachlan Olbrich,GS,SF,,False,False
43625520,151052,1408255,464,6198164,Bruce Thornton,HOU,PG,,False,False
43625521,151052,1408255,465,6198164,Bruce Thornton,HOU,PG,,False,False
43625522,151052,1408255,636,6198164,Bruce Thornton,HOU,PG,,False,False
43625523,151052,1175076,464,6198165,Isaiah Wong,ATL,PG,,False,False
43625524,151052,1175076,465,6198165,Isaiah Wong,ATL,PG,,False,False
43625525,151052,1175076,636,6198165,Isaiah Wong,ATL,PG,,False,False
43625526,151052,1524332,633,6198165,Asa Newell,ATL,PF,,False,False
43625527,151052,1524332,465,6198165,Asa Newell,ATL,PF,,False,False
43625528,151052,1524332,636,6198165,Asa Newell,ATL,PF,,False,False
43625529,151052,1174846,464,6198164,Tristen Newton,HOU,SG,,False,False
43625530,151052,1174846,465,6198164,Tristen Newton,HOU,SG,,False,False
43625531,151052,1174846,636,6198164,Tristen Newton,HOU,SG,,False,False
43625532,151052,1176741,633,6198165,Jacob Toppin,ATL,SF,,False,False
43625533,151052,1176741,465,6198165,Jacob Toppin,ATL,SF,,False,False
43625534,151052,1176741,636,6198165,Jacob Toppin,ATL,SF,,False,False
43625535,151052,1405861,633,6198164,Taylor Hendricks,MEM,SF,,False,False
43625536,151052,1405861,465,6198164,Taylor Hendricks,MEM,SF,,False,False
43625537,151052,1405861,636,6198164,Taylor Hendricks,MEM,SF,,False,False
43625538,151052,1324003,464,6198164,Javon Small,MEM,PG,,False,False
43625539,151052,1324003,465,6198164,Javon Small,MEM,PG,,False,False
43625540,151052,1324003,636,6198164,Javon Small,MEM,PG,,False,False
43625541,151052,1338969,464,6198164,Walter Clayton Jr.,MEM,SG,,False,False
43625542,151052,1338969,465,6198164,Walter Clayton Jr.,MEM,SG,,False,False
43625543,151052,1338969,636,6198164,Walter Clayton Jr.,MEM,SG,,False,False
43625544,151052,1453977,464,6198167,Yuki Kawamura,IND,PG,,False,False
43625545,151052,1453977,465,6198167,Yuki Kawamura,IND,PG,,False,False
43625546,151052,1453977,636,6198167,Yuki Kawamura,IND,PG,,False,False
43625547,151052,1194704,464,6198165,RayJ Dennis,ATL,PG,,False,False
43625548,151052,1194704,465,6198165,RayJ Dennis,ATL,PG,,False,False
43625549,151052,1194704,636,6198165,RayJ Dennis,ATL,PG,,False,False
43625550,151052,1191196,633,6198166,Anton Watson,LAL,SF,,False,False
43625551,151052,1191196,465,6198166,Anton Watson,LAL,SF,,False,False
43625552,151052,1191196,636,6198166,Anton Watson,LAL,SF,,False,False
43625553,151052,1231970,464,6198166,Max Shulga,GS,SG,,False,False
43625554,151052,1231970,465,6198166,Max Shulga,GS,SG,,False,False
43625555,151052,1231970,636,6198166,Max Shulga,GS,SG,,False,False
43625556,151052,1243726,464,6198167,Taelon Peter,IND,PG,,False,False
43625557,151052,1243726,465,6198167,Taelon Peter,IND,PG,,False,False
43625558,151052,1243726,636,6198167,Taelon Peter,IND,PG,,False,False
43625559,151052,1232483,633,6198164,Olivier-Maxence Prosper,MEM,PF,,False,False
43625560,151052,1232483,465,6198164,Olivier-Maxence Prosper,MEM,PF,,False,False
43625561,151052,1232483,636,6198164,Olivier-Maxence Prosper,MEM,PF,,False,False
43625562,151052,1413173,633,6198165,Henri Veesaar,ATL,C,,False,False
43625563,151052,1413173,465,6198165,Henri Veesaar,ATL,C,,False,False
43625564,151052,1413173,636,6198165,Henri Veesaar,ATL,C,,False,False
43625565,151052,1408196,633,6198165,Chris Livingston,WAS,SF,,False,False
43625566,151052,1408196,465,6198165,Chris Livingston,WAS,SF,,False,False
43625567,151052,1408196,636,6198165,Chris Livingston,WAS,SF,,False,False
43625568,151052,1408189,633,6198166,Adou Thiero,LAL,SF,,False,False
43625569,151052,1408189,465,6198166,Adou Thiero,LAL,SF,,False,False
43625570,151052,1408189,636,6198166,Adou Thiero,LAL,SF,,False,False
43625571,151052,1405372,464,6198167,Braden Smith,IND,PG,,False,False
43625572,151052,1405372,465,6198167,Braden Smith,IND,PG,,False,False
43625573,151052,1405372,636,6198167,Braden Smith,IND,PG,,False,False
43625574,151052,1328248,464,6198164,Jahmai Mashack,MEM,PG,,False,False
43625575,151052,1328248,465,6198164,Jahmai Mashack,MEM,PG,,False,False
43625576,151052,1328248,636,6198164,Jahmai Mashack,MEM,PG,,False,False
43625577,151052,1323578,464,6198166,Will Richard,GS,SG,,False,False
43625578,151052,1323578,465,6198166,Will Richard,GS,SG,,False,False
43625579,151052,1323578,636,6198166,Will Richard,GS,SG,,False,False
43625580,151052,1232015,633,6198167,Hunter Dickinson,NO,C,,False,False
43625581,151052,1232015,465,6198167,Hunter Dickinson,NO,C,,False,False
43625582,151052,1232015,636,6198167,Hunter Dickinson,NO,C,,False,False
43625583,151052,1271709,464,6198164,Daishen Nix,HOU,SG,,False,False
43625584,151052,1271709,465,6198164,Daishen Nix,HOU,SG,,False,False
43625585,151052,1271709,636,6198164,Daishen Nix,HOU,SG,,False,False
43625586,151052,1231798,464,6198166,Colby Jones,GS,SG,,False,False
43625587,151052,1231798,465,6198166,Colby Jones,GS,SG,,False,False
43625588,151052,1231798,636,6198166,Colby Jones,GS,SG,,False,False
43625589,151052,1135289,633,6198167,Gabe McGlothan,IND,SF,,False,False
43625590,151052,1135289,465,6198167,Gabe McGlothan,IND,SF,,False,False
43625591,151052,1135289,636,6198167,Gabe McGlothan,IND,SF,,False,False
43625592,151052,1230369,464,6198165,Reece Beekman,WAS,PG,,False,False
43625593,151052,1230369,465,6198165,Reece Beekman,WAS,PG,,False,False
43625594,151052,1230369,636,6198165,Reece Beekman,WAS,PG,,False,False
43625595,151052,1323635,633,6198166,Arthur Kaluma,LAL,SF,,False,False
43625596,151052,1323635,465,6198166,Arthur Kaluma,LAL,SF,,False,False
43625597,151052,1323635,636,6198166,Arthur Kaluma,LAL,SF,,False,False
43625598,151052,1502180,633,6198165,Eli Ndiaye,ATL,C,,False,False
43625599,151052,1502180,465,6198165,Eli Ndiaye,ATL,C,,False,False
43625600,151052,1502180,636,6198165,Eli Ndiaye,ATL,C,,False,False
43625601,151052,1249996,464,6198166,L.J. Cryer,GS,PG,,False,False
43625602,151052,1249996,465,6198166,L.J. Cryer,GS,PG,,False,False
43625603,151052,1249996,636,6198166,L.J. Cryer,GS,PG,,False,False
43625604,151052,1327829,464,6198165,Keshon Gilbert,ATL,PG,,False,False
43625605,151052,1327829,465,6198165,Keshon Gilbert,ATL,PG,,False,False
43625606,151052,1327829,636,6198165,Keshon Gilbert,ATL,PG,,False,False
43625607,151052,1546380,464,6198165,Tre Johnson,WAS,PG,,False,False
43625608,151052,1546380,465,6198165,Tre Johnson,WAS,PG,,False,False
43625609,151052,1546380,636,6198165,Tre Johnson,WAS,PG,,False,False
43625610,151052,1243588,464,6198167,Jaron Pierre Jr.,NO,SG,,False,False
43625611,151052,1243588,465,6198167,Jaron Pierre Jr.,NO,SG,,False,False
43625612,151052,1243588,636,6198167,Jaron Pierre Jr.,NO,SG,,False,False
43625613,151052,1345014,633,6198166,Malevy Leons,GS,SF,,False,False
43625614,151052,1345014,465,6198166,Malevy Leons,GS,SF,,False,False
43625615,151052,1345014,636,6198166,Malevy Leons,GS,SF,,False,False
43625616,151052,1416382,633,6198165,Zuby Ejiofor,ATL,SF,,False,False
43625617,151052,1416382,465,6198165,Zuby Ejiofor,ATL,SF,,False,False
43625618,151052,1416382,636,6198165,Zuby Ejiofor,ATL,SF,,False,False
43625619,151052,1193990,633,6198167,Rienk Mast,IND,PF,,False,False
43625620,151052,1193990,465,6198167,Rienk Mast,IND,PF,,False,False
43625621,151052,1193990,636,6198167,Rienk Mast,IND,PF,,False,False
43625622,151052,1406012,633,6198167,Malik Dia,NO,SF,,False,False
43625623,151052,1406012,465,6198167,Malik Dia,NO,SF,,False,False
43625624,151052,1406012,636,6198167,Malik Dia,NO,SF,,False,False
43625625,151052,1136245,464,6198167,Markquis Nowell,NO,PG,,False,False
43625626,151052,1136245,465,6198167,Markquis Nowell,NO,PG,,False,False
43625627,151052,1136245,636,6198167,Markquis Nowell,NO,PG,,False,False
43625628,151052,1232601,464,6198166,Chris Manon,LAL,PG,,False,False
43625629,151052,1232601,465,6198166,Chris Manon,LAL,PG,,False,False
43625630,151052,1232601,636,6198166,Chris Manon,LAL,PG,,False,False
43625631,151052,851888,464,6198166,Jon Elmore,LAL,PG,,False,False
43625632,151052,851888,465,6198166,Jon Elmore,LAL,PG,,False,False
43625633,151052,851888,636,6198166,Jon Elmore,LAL,PG,,False,False
43625634,151052,1348259,464,6198165,Kobe Johnson,ATL,PG,,False,False
43625635,151052,1348259,465,6198165,Kobe Johnson,ATL,PG,,False,False
43625636,151052,1348259,636,6198165,Kobe Johnson,ATL,PG,,False,False
43625637,151052,1232467,633,6198167,Christian Shumate,NO,SF,,False,False
43625638,151052,1232467,465,6198167,Christian Shumate,NO,SF,,False,False
43625639,151052,1232467,636,6198167,Christian Shumate,NO,SF,,False,False
43625640,151052,1482306,464,6198167,Melvin Council Jr.,NO,PG,,False,False
43625641,151052,1482306,465,6198167,Melvin Council Jr.,NO,PG,,False,False
43625642,151052,1482306,636,6198167,Melvin Council Jr.,NO,PG,,False,False
43625643,151052,1231638,633,6198166,Graham Ike,GS,SF,,False,False
43625644,151052,1231638,465,6198166,Graham Ike,GS,SF,,False,False
43625645,151052,1231638,636,6198166,Graham Ike,GS,SF,,False,False
43625646,151052,1408145,464,6198164,Quadir Copeland,HOU,PG,,False,False
43625647,151052,1408145,465,6198164,Quadir Copeland,HOU,PG,,False,False
43625648,151052,1408145,636,6198164,Quadir Copeland,HOU,PG,,False,False
43625649,151052,1241591,633,6198167,Micah Peavy,NO,SF,,False,False
43625650,151052,1241591,465,6198167,Micah Peavy,NO,SF,,False,False
43625651,151052,1241591,636,6198167,Micah Peavy,NO,SF,,False,False
43625652,151052,1235208,464,6198165,Gabe Madsen,ATL,PG,,False,False
43625653,151052,1235208,465,6198165,Gabe Madsen,ATL,PG,,False,False
43625654,151052,1235208,636,6198165,Gabe Madsen,ATL,PG,,False,False
43625655,151052,1488649,464,6198167,Dominique Daniels Jr.,NO,PG,,False,False
43625656,151052,1488649,465,6198167,Dominique Daniels Jr.,NO,PG,,False,False
43625657,151052,1488649,636,6198167,Dominique Daniels Jr.,NO,PG,,False,False
43625658,151052,1405037,464,6198165,Seth Trimble,WAS,PG,,False,False
43625659,151052,1405037,465,6198165,Seth Trimble,WAS,PG,,False,False
43625660,151052,1405037,636,6198165,Seth Trimble,WAS,PG,,False,False
43625661,151052,1413227,633,6198167,Solomon Washington,NO,SF,,False,False
43625662,151052,1413227,465,6198167,Solomon Washington,NO,SF,,False,False
43625663,151052,1413227,636,6198167,Solomon Washington,NO,SF,,False,False
43625664,151052,1420535,633,6198166,Lajae Jones,GS,SF,,False,False
43625665,151052,1420535,465,6198166,Lajae Jones,GS,SF,,False,False
43625666,151052,1420535,636,6198166,Lajae Jones,GS,SF,,False,False
43625667,151052,1078666,633,6198166,Zhaire Smith,LAL,SF,,False,False
43625668,151052,1078666,465,6198166,Zhaire Smith,LAL,SF,,False,False
43625669,151052,1078666,636,6198166,Zhaire Smith,LAL,SF,,False,False
43625670,151052,1231489,464,6198165,Kadary Richmond,WAS,PG,,False,False
43625671,151052,1231489,465,6198165,Kadary Richmond,WAS,PG,,False,False
43625672,151052,1231489,636,6198165,Kadary Richmond,WAS,PG,,False,False
43625673,151052,1402299,633,6198165,Cameron Corhen,ATL,SF,,False,False
43625674,151052,1402299,465,6198165,Cameron Corhen,ATL,SF,,False,False
43625675,151052,1402299,636,6198165,Cameron Corhen,ATL,SF,,False,False
43625676,151052,1232056,633,6198165,Jamir Watkins,WAS,SF,,False,False
43625677,151052,1232056,465,6198165,Jamir Watkins,WAS,SF,,False,False
43625678,151052,1232056,636,6198165,Jamir Watkins,WAS,SF,,False,False
43625679,151052,1401446,464,6198166,Peter Suder,LAL,SG,,False,False
43625680,151052,1401446,465,6198166,Peter Suder,LAL,SG,,False,False
43625681,151052,1401446,636,6198166,Peter Suder,LAL,SG,,False,False
43625682,151052,1352160,464,6198166,William Hickey,LAL,PG,,False,False
43625683,151052,1352160,465,6198166,William Hickey,LAL,PG,,False,False
43625684,151052,1352160,636,6198166,William Hickey,LAL,PG,,False,False
43625685,151052,1482307,633,6198164,Oscar Cluff,HOU,C,,False,False
43625686,151052,1482307,465,6198164,Oscar Cluff,HOU,C,,False,False
43625687,151052,1482307,636,6198164,Oscar Cluff,HOU,C,,False,False
43625688,151052,1507153,633,6198165,Norris Agbakoko,WAS,C,,False,False
43625689,151052,1507153,465,6198165,Norris Agbakoko,WAS,C,,False,False
43625690,151052,1507153,636,6198165,Norris Agbakoko,WAS,C,,False,False
43625691,151052,1405968,633,6198167,Keba Keita,IND,C,,False,False
43625692,151052,1405968,465,6198167,Keba Keita,IND,C,,False,False
43625693,151052,1405968,636,6198167,Keba Keita,IND,C,,False,False
43625694,151052,1408133,633,6198167,Chris Bell,NO,SF,,False,False
43625695,151052,1408133,465,6198167,Chris Bell,NO,SF,,False,False
43625696,151052,1408133,636,6198167,Chris Bell,NO,SF,,False,False
43625697,151052,1536467,633,6198166,Jacksen Moni,GS,SF,,False,False
43625698,151052,1536467,465,6198166,Jacksen Moni,GS,SF,,False,False
43625699,151052,1536467,636,6198166,Jacksen Moni,GS,SF,,False,False
43625700,151052,1324023,464,6198165,Kobe Knox,ATL,PG,,False,False
43625701,151052,1324023,465,6198165,Kobe Knox,ATL,PG,,False,False
43625702,151052,1324023,636,6198165,Kobe Knox,ATL,PG,,False,False
43625703,151052,1427004,633,6198166,AK Okereke,LAL,SF,,False,False
43625704,151052,1427004,465,6198166,AK Okereke,LAL,SF,,False,False
43625705,151052,1427004,636,6198166,AK Okereke,LAL,SF,,False,False
43625706,151052,1408273,633,6198165,Felix Okpara,WAS,PF,,False,False
43625707,151052,1408273,465,6198165,Felix Okpara,WAS,PF,,False,False
43625708,151052,1408273,636,6198165,Felix Okpara,WAS,PF,,False,False
43625709,151052,1413222,633,6198164,Carson Cooper,MEM,C,,False,False
43625710,151052,1413222,465,6198164,Carson Cooper,MEM,C,,False,False
43625711,151052,1413222,636,6198164,Carson Cooper,MEM,C,,False,False
43625712,151052,1186155,633,6198167,Keion Brooks Jr.,IND,SF,,False,False
43625713,151052,1186155,465,6198167,Keion Brooks Jr.,IND,SF,,False,False
43625714,151052,1186155,636,6198167,Keion Brooks Jr.,IND,SF,,False,False
43625715,151052,1231237,464,6198166,Chance McMillian,GS,PG,,False,False
43625716,151052,1231237,465,6198166,Chance McMillian,GS,PG,,False,False
43625717,151052,1231237,636,6198166,Chance McMillian,GS,PG,,False,False
43625718,151052,1326491,464,6198165,Zeke Mayo,ATL,PG,,False,False
43625719,151052,1326491,465,6198165,Zeke Mayo,ATL,PG,,False,False
43625720,151052,1326491,636,6198165,Zeke Mayo,ATL,PG,,False,False
43625721,151052,1323927,633,6198167,Kowacie Reeves Jr.,IND,SF,,False,False
43625722,151052,1323927,465,6198167,Kowacie Reeves Jr.,IND,SF,,False,False
43625723,151052,1323927,636,6198167,Kowacie Reeves Jr.,IND,SF,,False,False
43625724,151052,1232336,464,6198166,Nick Boyd,GS,PG,,False,False
43625725,151052,1232336,465,6198166,Nick Boyd,GS,PG,,False,False
43625726,151052,1232336,636,6198166,Nick Boyd,GS,PG,,False,False
43625727,151052,1654517,633,6198164,Karim Lopez,MEM,SF,,False,False
43625728,151052,1654517,465,6198164,Karim Lopez,MEM,SF,,False,False
43625729,151052,1654517,636,6198164,Karim Lopez,MEM,SF,,False,False
43625730,151052,1328236,464,6198167,Cameron Hildreth,IND,PG,,False,False
43625731,151052,1328236,465,6198167,Cameron Hildreth,IND,PG,,False,False
43625732,151052,1328236,636,6198167,Cameron Hildreth,IND,PG,,False,False
43625733,151052,1403876,633,6198164,Zach Cleveland,MEM,SF,,False,False
43625734,151052,1403876,465,6198164,Zach Cleveland,MEM,SF,,False,False
43625735,151052,1403876,636,6198164,Zach Cleveland,MEM,SF,,False,False
43625736,151052,1357746,633,6198164,Michael Foster,HOU,PF,,False,False
43625737,151052,1357746,465,6198164,Michael Foster,HOU,PF,,False,False
43625738,151052,1357746,636,6198164,Michael Foster,HOU,PF,,False,False
43625739,151052,1324298,633,6198165,John Camden,WAS,SF,,False,False
43625740,151052,1324298,465,6198165,John Camden,WAS,SF,,False,False
43625741,151052,1324298,636,6198165,John Camden,WAS,SF,,False,False
43625742,151052,1134731,633,6198167,Nathan Mensah,NO,SF,,False,False
43625743,151052,1134731,465,6198167,Nathan Mensah,NO,SF,,False,False
43625744,151052,1134731,636,6198167,Nathan Mensah,NO,SF,,False,False
43625745,151052,1349787,464,6198167,Jordan Riley,NO,PG,,False,False
43625746,151052,1349787,465,6198167,Jordan Riley,NO,PG,,False,False
43625747,151052,1349787,636,6198167,Jordan Riley,NO,PG,,False,False
43625748,151052,1656691,633,6198167,MJ Iraldi,IND,SF,,False,False
43625749,151052,1656691,465,6198167,MJ Iraldi,IND,SF,,False,False
43625750,151052,1656691,636,6198167,MJ Iraldi,IND,SF,,False,False
43625751,151052,1427204,633,6198166,Alex Toohey,GS,PF,,False,False
43625752,151052,1427204,465,6198166,Alex Toohey,GS,PF,,False,False
43625753,151052,1427204,636,6198166,Alex Toohey,GS,PF,,False,False
43625754,151052,1134332,464,6198167,Taevion Kinsey,IND,PG,,False,False
43625755,151052,1134332,465,6198167,Taevion Kinsey,IND,PG,,False,False
43625756,151052,1134332,636,6198167,Taevion Kinsey,IND,PG,,False,False
43625757,151052,1147319,464,6198165,Devon Higgs,ATL,PG,,False,False
43625758,151052,1147319,465,6198165,Devon Higgs,ATL,PG,,False,False
43625759,151052,1147319,636,6198165,Devon Higgs,ATL,PG,,False,False
43625760,151052,1133857,633,6198164,Miller Kopp,HOU,SF,,False,False
43625761,151052,1133857,465,6198164,Miller Kopp,HOU,SF,,False,False
43625762,151052,1133857,636,6198164,Miller Kopp,HOU,SF,,False,False
43625763,151052,1324442,633,6198165,Julian Reese,WAS,SF,,False,False
43625764,151052,1324442,465,6198165,Julian Reese,WAS,SF,,False,False
43625765,151052,1324442,636,6198165,Julian Reese,WAS,SF,,False,False
43625766,151052,1175025,633,6198164,Tyler Burton,MEM,SF,,False,False
43625767,151052,1175025,465,6198164,Tyler Burton,MEM,SF,,False,False
43625768,151052,1175025,636,6198164,Tyler Burton,MEM,SF,,False,False
43625769,151052,1406026,464,6198165,Isaac McKneely,ATL,PG,,False,False
43625770,151052,1406026,465,6198165,Isaac McKneely,ATL,PG,,False,False
43625771,151052,1406026,636,6198165,Isaac McKneely,ATL,PG,,False,False
43625772,151052,1340768,464,6198167,Jalen Warley,IND,PG,,False,False
43625773,151052,1340768,465,6198167,Jalen Warley,IND,PG,,False,False
43625774,151052,1340768,636,6198167,Jalen Warley,IND,PG,,False,False
43625775,151052,1324092,633,6198166,Luke Goode,LAL,SF,,False,False
43625776,151052,1324092,465,6198166,Luke Goode,LAL,SF,,False,False
43625777,151052,1324092,636,6198166,Luke Goode,LAL,SF,,False,False
43625778,151052,1324020,633,6198167,Jalon Moore,NO,SF,,False,False
43625779,151052,1324020,465,6198167,Jalon Moore,NO,SF,,False,False
43625780,151052,1324020,636,6198167,Jalon Moore,NO,SF,,False,False
43625781,151052,1406752,464,6198166,Jacari White,LAL,PG,,False,False
43625782,151052,1406752,465,6198166,Jacari White,LAL,PG,,False,False
43625783,151052,1406752,636,6198166,Jacari White,LAL,PG,,False,False
43625784,151052,1061641,633,6198167,Alex Reese,IND,SF,,False,False
43625785,151052,1061641,465,6198167,Alex Reese,IND,SF,,False,False
43625786,151052,1061641,636,6198167,Alex Reese,IND,SF,,False,False
43625787,151052,1323643,633,6198164,Lawson Lovering,MEM,C,,False,False
43625788,151052,1323643,465,6198164,Lawson Lovering,MEM,C,,False,False
43625789,151052,1323643,636,6198164,Lawson Lovering,MEM,C,,False,False
43625790,151052,1324179,464,6198164,Stevie Mitchell,HOU,PG,,False,False
43625791,151052,1324179,465,6198164,Stevie Mitchell,HOU,PG,,False,False
43625792,151052,1324179,636,6198164,Stevie Mitchell,HOU,PG,,False,False
43625793,151052,1403951,464,6198166,Chase Ross,LAL,PG,,False,False
43625794,151052,1403951,465,6198166,Chase Ross,LAL,PG,,False,False
43625795,151052,1403951,636,6198166,Chase Ross,LAL,PG,,False,False
43625796,151052,1174919,633,6198167,Josh Oduro,NO,SF,,False,False
43625797,151052,1174919,465,6198167,Josh Oduro,NO,SF,,False,False
43625798,151052,1174919,636,6198167,Josh Oduro,NO,SF,,False,False
43625799,151052,1328242,464,6198166,Robert McCray V,LAL,PG,,False,False
43625800,151052,1328242,465,6198166,Robert McCray V,LAL,PG,,False,False
43625801,151052,1328242,636,6198166,Robert McCray V,LAL,PG,,False,False
43625802,151052,1402824,633,6198166,Robbie Avila,LAL,C,,False,False
43625803,151052,1402824,465,6198166,Robbie Avila,LAL,C,,False,False
43625804,151052,1402824,636,6198166,Robbie Avila,LAL,C,,False,False
43625805,151052,1060982,464,6198165,RJ Nembhard,WAS,PG,,False,False
43625806,151052,1060982,465,6198165,RJ Nembhard,WAS,PG,,False,False
43625807,151052,1060982,636,6198165,RJ Nembhard,WAS,PG,,False,False
43625808,151052,1405617,633,6198166,William Kyle,LAL,SF,,False,False
43625809,151052,1405617,465,6198166,William Kyle,LAL,SF,,False,False
43625810,151052,1405617,636,6198166,William Kyle,LAL,SF,,False,False
43625811,151052,1234921,633,6198167,Johnny O'Neil,NO,SF,,False,False
43625812,151052,1234921,465,6198167,Johnny O'Neil,NO,SF,,False,False
43625813,151052,1234921,636,6198167,Johnny O'Neil,NO,SF,,False,False
43625814,151052,1350609,464,6198164,Davide Casarin,HOU,SG,,False,False
43625815,151052,1350609,465,6198164,Davide Casarin,HOU,SG,,False,False
43625816,151052,1350609,636,6198164,Davide Casarin,HOU,SG,,False,False
43625817,151052,1324182,633,6198166,KJ Adams,GS,SF,,False,False
43625818,151052,1324182,465,6198166,KJ Adams,GS,SF,,False,False
43625819,151052,1324182,636,6198166,KJ Adams,GS,SF,,False,False
43625820,151052,1176528,633,6198164,Chris Ledlum,HOU,SF,,False,False
43625821,151052,1176528,465,6198164,Chris Ledlum,HOU,SF,,False,False
43625822,151052,1176528,636,6198164,Chris Ledlum,HOU,SF,,False,False
43625823,151052,1138636,633,6198166,Jack Clark,GS,SF,,False,False
43625824,151052,1138636,465,6198166,Jack Clark,GS,SF,,False,False
43625825,151052,1138636,636,6198166,Jack Clark,GS,SF,,False,False
43625826,151052,1176723,464,6198165,Damari Monsanto,WAS,PG,,False,False
43625827,151052,1176723,465,6198165,Damari Monsanto,WAS,PG,,False,False
43625828,151052,1176723,636,6198165,Damari Monsanto,WAS,PG,,False,False
43625829,151052,1323921,633,6198165,Tre Carroll,WAS,SF,,False,False
43625830,151052,1323921,465,6198165,Tre Carroll,WAS,SF,,False,False
43625831,151052,1323921,636,6198165,Tre Carroll,WAS,SF,,False,False
43625832,151052,1402846,464,6198167,Tamin Lipsey,IND,PG,,False,False
43625833,151052,1402846,465,6198167,Tamin Lipsey,IND,PG,,False,False
43625834,151052,1402846,636,6198167,Tamin Lipsey,IND,PG,,False,False
43625835,151052,1406915,464,6198164,Jestin Porter,MEM,PG,,False,False
43625836,151052,1406915,465,6198164,Jestin Porter,MEM,PG,,False,False
43625837,151052,1406915,636,6198164,Jestin Porter,MEM,PG,,False,False
43625838,151052,1405317,633,6198164,Jevon Porter,MEM,SF,,False,False
43625839,151052,1405317,465,6198164,Jevon Porter,MEM,SF,,False,False
43625840,151052,1405317,636,6198164,Jevon Porter,MEM,SF,,False,False
43625841,151052,1408223,464,6198164,Brendan Hausen,MEM,PG,,False,False
43625842,151052,1408223,465,6198164,Brendan Hausen,MEM,PG,,False,False
43625843,151052,1408223,636,6198164,Brendan Hausen,MEM,PG,,False,False
43625844,151052,1334229,633,6198164,Ben Middlebrooks,HOU,SF,,False,False
43625845,151052,1334229,465,6198164,Ben Middlebrooks,HOU,SF,,False,False
43625846,151052,1334229,636,6198164,Ben Middlebrooks,HOU,SF,,False,False
43625847,151052,1171589,464,6198166,Chase Hunter,GS,PG,,False,False
43625848,151052,1171589,465,6198166,Chase Hunter,GS,PG,,False,False
43625849,151052,1171589,636,6198166,Chase Hunter,GS,PG,,False,False
43625850,151052,1232534,464,6198166,Deivon Smith,GS,PG,,False,False
43625851,151052,1232534,465,6198166,Deivon Smith,GS,PG,,False,False
43625852,151052,1232534,636,6198166,Deivon Smith,GS,PG,,False,False
