draftable_id,draft_group_id,player_id,roster_slot_id,competition_id,name,team,position_name,salary,is_disabled,is_swappable
43588335,150676,850200,226,6163174,A'ja Wilson,LVA,SF/PF,12800.0,False,True
43588336,150676,850200,227,6163174,A'ja Wilson,LVA,SF/PF,12800.0,False,True
43588337,150676,1238619,225,6163174,Caitlin Clark,IND,PG/SG,11800.0,False,True
43588338,150676,1238619,227,6163174,Caitlin Clark,IND,PG/SG,11800.0,False,True
43588339,150676,882899,226,6163173,Jessica Shepard,DAL,SF/PF,11600.0,False,True
43588340,150676,882899,227,6163173,Jessica Shepard,DAL,SF/PF,11600.0,False,True
43588341,150676,692156,226,6163171,Breanna Stewart,NYL,SF/PF,11500.0,False,True
43588342,150676,692156,227,6163171,Breanna Stewart,NYL,SF/PF,11500.0,False,True
43588343,150676,923865,225,6163174,Jackie Young,LVA,PG/SG,11300.0,False,True
43588344,150676,923865,227,6163174,Jackie Young,LVA,PG/SG,11300.0,False,True
43588345,150676,1192647,226,6163174,Aliyah Boston,IND,SF/PF,11200.0,False,True
43588346,150676,1192647,227,6163174,Aliyah Boston,IND,SF/PF,11200.0,False,True
43588347,150676,1237074,225,6163173,Paige Bueckers,DAL,PG/SG,11100.0,False,True
43588348,150676,1237074,227,6163173,Paige Bueckers,DAL,PG/SG,11100.0,False,True
43588349,150676,709448,226,6163171,Jonquel Jones,NYL,SF/PF,10600.0,False,True
43588350,150676,709448,227,6163171,Jonquel Jones,NYL,SF/PF,10600.0,False,True
43588351,150676,839540,225,6163174,Kelsey Mitchell,IND,PG/SG,10400.0,False,True
43588352,150676,839540,227,6163174,Kelsey Mitchell,IND,PG/SG,10400.0,False,True
43588353,150676,1353845,225,6163172,Sonia Citron,WAS,PG/SG,10300.0,False,True
43588354,150676,1353845,227,6163172,Sonia Citron,WAS,PG/SG,10300.0,False,True
43588355,150676,881835,225,6163171,Marina Mabrey,TOR,PG/SG,10200.0,False,True
43588356,150676,881835,227,6163171,Marina Mabrey,TOR,PG/SG,10200.0,False,True
43588357,150676,1238798,226,6163173,Kamilla Cardoso,CHI,SF/PF,10100.0,False,True
43588358,150676,1238798,227,6163173,Kamilla Cardoso,CHI,SF/PF,10100.0,False,True
43588359,150676,1127121,226,6163172,Shakira Austin,WAS,SF/PF,10000.0,False,True
43588360,150676,1127121,227,6163172,Shakira Austin,WAS,SF/PF,10000.0,False,True
43588361,150676,1329912,226,6163172,Kiki Iriafen,WAS,SF/PF,9900.0,False,True
43588362,150676,1329912,227,6163172,Kiki Iriafen,WAS,SF/PF,9900.0,False,True
43588363,150676,1511557,226,6163172,Dominique Malonga,SEA,SF/PF,9800.0,False,True
43588364,150676,1511557,227,6163172,Dominique Malonga,SEA,SF/PF,9800.0,False,True
43588365,150676,695695,225,6163171,Brittney Sykes,TOR,PG/SG,9700.0,False,True
43588366,150676,695695,227,6163171,Brittney Sykes,TOR,PG/SG,9700.0,False,True
43588367,150676,620494,226,6163171,Isabelle Harrison,TOR,SF/PF,9600.0,False,True
43588368,150676,620494,227,6163171,Isabelle Harrison,TOR,SF/PF,9600.0,False,True
43588369,150676,945668,225,6163171,Sabrina Ionescu,NYL,PG/SG,9500.0,False,True
43588370,150676,945668,227,6163171,Sabrina Ionescu,NYL,PG/SG,9500.0,False,True
43588371,150676,883614,225,6163172,Natisha Hiedeman,SEA,PG/SG,9400.0,False,True
43588372,150676,883614,227,6163172,Natisha Hiedeman,SEA,PG/SG,9400.0,False,True
43588373,150676,573744,225,6163174,Chelsea Gray,LVA,PG/SG,9200.0,False,True
43588374,150676,573744,227,6163174,Chelsea Gray,LVA,PG/SG,9200.0,False,True
43588375,150676,1409434,225,6163172,Flau'Jae Johnson,SEA,PG/SG,9100.0,False,True
43588376,150676,1409434,227,6163172,Flau'Jae Johnson,SEA,PG/SG,9100.0,False,True
43588377,150676,833156,226,6163173,Azura Stevens,CHI,SF/PF,9000.0,False,True
43588378,150676,833156,227,6163173,Azura Stevens,CHI,SF/PF,9000.0,False,True
43588379,150676,520283,225,6163173,Skylar Diggins,CHI,PG/SG,8900.0,False,True
43588380,150676,520283,227,6163173,Skylar Diggins,CHI,PG/SG,8900.0,False,True
43588381,150676,1132717,226,6163171,Nyara Sabally,TOR,SF/PF,8500.0,False,True
43588382,150676,1132717,227,6163171,Nyara Sabally,TOR,SF/PF,8500.0,False,True
43588383,150676,1514656,226,6163172,Awa Fam,SEA,SF/PF,8200.0,False,True
43588384,150676,1514656,227,6163172,Awa Fam,SEA,SF/PF,8200.0,False,True
43588385,150676,1330005,225,6163173,Azzi Fudd,DAL,PG/SG,8100.0,False,True
43588386,150676,1330005,227,6163173,Azzi Fudd,DAL,PG/SG,8100.0,False,True
43588387,150676,572456,225,6163173,Natasha Cloud,CHI,PG/SG,8000.0,False,True
43588388,150676,572456,227,6163173,Natasha Cloud,CHI,PG/SG,8000.0,False,True
43588389,150676,1217310,225,6163171,Julie Allemand,TOR,PG/SG,7900.0,False,True
43588390,150676,1217310,227,6163171,Julie Allemand,TOR,PG/SG,7900.0,False,True
43588391,150676,1125559,226,6163174,NaLyssa Smith,LVA,SF/PF,7800.0,False,True
43588392,150676,1125559,227,6163174,NaLyssa Smith,LVA,SF/PF,7800.0,False,True
43588393,150676,881754,226,6163171,Maria Conde,TOR,SF/PF,7400.0,False,True
43588394,150676,881754,227,6163171,Maria Conde,TOR,SF/PF,7400.0,False,True
43588395,150676,1410325,225,6163171,Kiki Rice,TOR,PG/SG,7300.0,False,True
43588396,150676,1410325,227,6163171,Kiki Rice,TOR,PG/SG,7300.0,False,True
43588397,150676,1282435,226,6163173,Awak Kuier,DAL,SF/PF,7100.0,False,True
43588398,150676,1282435,227,6163173,Awak Kuier,DAL,SF/PF,7100.0,False,True
43588399,150676,1182914,225,6163173,Sydney Taylor,CHI,PG/SG,7000.0,False,True
43588400,150676,1182914,227,6163173,Sydney Taylor,CHI,PG/SG,7000.0,False,True
43588401,150676,1511540,226,6163171,Pauline Astier,NYL,SF/PF,6900.0,False,True
43588402,150676,1511540,227,6163171,Pauline Astier,NYL,SF/PF,6900.0,False,True
43588403,150676,880980,225,6163173,Arike Ogunbowale,DAL,PG/SG,6800.0,False,True
43588404,150676,880980,227,6163173,Arike Ogunbowale,DAL,PG/SG,6800.0,False,True
43588405,150676,849343,226,6163174,Monique Billings,IND,SF/PF,6700.0,False,True
43588406,150676,849343,227,6163174,Monique Billings,IND,SF/PF,6700.0,False,True
43588407,150676,1214989,226,6163171,Leonie Fiebich,NYL,SF/PF,6600.0,False,True
43588408,150676,1214989,227,6163171,Leonie Fiebich,NYL,SF/PF,6600.0,False,True
43588409,150676,694553,225,6163174,Jewell Loyd,LVA,PG/SG,6500.0,False,True
43588410,150676,694553,227,6163174,Jewell Loyd,LVA,PG/SG,6500.0,False,True
43588411,150676,1646835,226,6163171,Laura Juskaite,TOR,SF/PF,6400.0,False,True
43588412,150676,1646835,227,6163171,Laura Juskaite,TOR,SF/PF,6400.0,False,True
43588413,150676,411926,225,6163173,Courtney Vandersloot,CHI,PG/SG,6300.0,False,True
43588414,150676,411926,227,6163173,Courtney Vandersloot,CHI,PG/SG,6300.0,False,True
43588415,150676,1383345,225,6163172,Jade Melbourne,SEA,PG/SG,6200.0,False,True
43588416,150676,1383345,227,6163172,Jade Melbourne,SEA,PG/SG,6200.0,False,True
43588417,150676,1079988,226,6163172,Michaela Onyenwere,WAS,SF/PF,6100.0,False,True
43588418,150676,1079988,227,6163172,Michaela Onyenwere,WAS,SF/PF,6100.0,False,True
43588419,150676,1061712,226,6163171,Satou Sabally,NYL,SF/PF,6100.0,False,True
43588420,150676,1061712,227,6163171,Satou Sabally,NYL,SF/PF,6100.0,False,True
43588421,150676,1165026,226,6163172,Ezi Magbegor,SEA,SF/PF,6000.0,False,True
43588422,150676,1165026,227,6163172,Ezi Magbegor,SEA,SF/PF,6000.0,False,True
43588423,150676,1418182,226,6163172,Cotie McMahon,WAS,SF/PF,5900.0,False,True
43588424,150676,1418182,227,6163172,Cotie McMahon,WAS,SF/PF,5900.0,False,True
43588425,150676,1132742,225,6163174,Lexie Hull,IND,PG/SG,5800.0,False,True
43588426,150676,1132742,227,6163174,Lexie Hull,IND,PG/SG,5800.0,False,True
43588427,150676,1650029,225,6163172,Alicia Florez,WAS,PG/SG,5700.0,False,True
43588428,150676,1650029,227,6163172,Alicia Florez,WAS,PG/SG,5700.0,False,True
43588429,150676,571423,226,6163174,Cheyenne Parker-Tyus,LVA,SF/PF,5600.0,False,True
43588430,150676,571423,227,6163174,Cheyenne Parker-Tyus,LVA,SF/PF,5600.0,False,True
43588431,150676,883559,225,6163174,Sophie Cunningham,IND,PG/SG,5500.0,False,True
43588432,150676,883559,227,6163174,Sophie Cunningham,IND,PG/SG,5500.0,False,True
43588433,150676,619768,226,6163171,Temi Fagbenle,TOR,SF/PF,5400.0,False,True
43588434,150676,619768,227,6163171,Temi Fagbenle,TOR,SF/PF,5400.0,False,True
43588435,150676,946830,225,6163174,Tyasha Harris,IND,PG/SG,5400.0,False,True
43588436,150676,946830,227,6163174,Tyasha Harris,IND,PG/SG,5400.0,False,True
43588437,150676,1239247,225,6163172,Georgia Amoore,WAS,PG/SG,5300.0,False,True
43588438,150676,1239247,227,6163172,Georgia Amoore,WAS,PG/SG,5300.0,False,True
43588439,150676,1410346,225,6163173,Gabriela Jaquez,CHI,PG/SG,5200.0,False,True
43588440,150676,1410346,227,6163173,Gabriela Jaquez,CHI,PG/SG,5200.0,False,True
43588441,150676,853608,226,6163174,Myisha Hines-Allen,IND,SF/PF,5100.0,False,True
43588442,150676,853608,227,6163174,Myisha Hines-Allen,IND,SF/PF,5100.0,False,True
43588443,150676,1338492,225,6163174,Raven Johnson,IND,PG/SG,5000.0,False,True
43588444,150676,1338492,227,6163174,Raven Johnson,IND,PG/SG,5000.0,False,True
43588445,150676,945691,225,6163173,DiJonai Carrington,CHI,PG/SG,4900.0,False,True
43588446,150676,945691,227,6163173,DiJonai Carrington,CHI,PG/SG,4900.0,False,True
43588447,150676,520308,226,6163171,Kayla Alexander,TOR,SF/PF,4900.0,False,True
43588448,150676,520308,227,6163171,Kayla Alexander,TOR,SF/PF,4900.0,False,True
43588449,150676,1178919,225,6163173,Jacy Sheldon,CHI,PG/SG,4800.0,False,True
43588450,150676,1178919,227,6163173,Jacy Sheldon,CHI,PG/SG,4800.0,False,True
43588451,150676,924162,225,6163171,Marine Johannes,NYL,PG/SG,4700.0,False,True
43588452,150676,924162,227,6163171,Marine Johannes,NYL,PG/SG,4700.0,False,True
43588453,150676,839858,225,6163171,Kia Nurse,TOR,PG/SG,4600.0,False,True
43588454,150676,839858,227,6163171,Kia Nurse,TOR,PG/SG,4600.0,False,True
43588455,150676,619511,226,6163173,Elizabeth Williams,CHI,SF/PF,4500.0,False,True
43588456,150676,619511,227,6163173,Elizabeth Williams,CHI,SF/PF,4500.0,False,True
43588457,150676,1409996,226,6163172,Lauren Betts,WAS,SF/PF,4400.0,False,True
43588458,150676,1409996,227,6163172,Lauren Betts,WAS,SF/PF,4400.0,False,True
43588459,150676,923878,226,6163174,Stephanie Talbot,LVA,SF/PF,4300.0,False,True
43588460,150676,923878,227,6163174,Stephanie Talbot,LVA,SF/PF,4300.0,False,True
43588461,150676,1071273,225,6163174,Dana Evans,LVA,PG/SG,4200.0,False,True
43588462,150676,1071273,227,6163174,Dana Evans,LVA,PG/SG,4200.0,False,True
43588463,150676,1192640,225,6163172,Zia Cooke,SEA,PG/SG,4100.0,False,True
43588464,150676,1192640,227,6163172,Zia Cooke,SEA,PG/SG,4100.0,False,True
43588465,150676,1179124,226,6163172,Jordan Horston,SEA,SF/PF,4000.0,False,True
43588466,150676,1179124,227,6163172,Jordan Horston,SEA,SF/PF,4000.0,False,True
43588467,150676,883053,226,6163173,Alanna Smith,DAL,SF/PF,4000.0,False,True
43588468,150676,883053,227,6163173,Alanna Smith,DAL,SF/PF,4000.0,False,True
43588469,150676,880872,226,6163172,Katie Lou Samuelson,SEA,SF/PF,3900.0,False,True
43588470,150676,880872,227,6163172,Katie Lou Samuelson,SEA,SF/PF,3900.0,False,True
43588471,150676,1237366,225,6163173,Aicha Coulibaly,CHI,PG/SG,3900.0,False,True
43588472,150676,1237366,227,6163173,Aicha Coulibaly,CHI,PG/SG,3900.0,False,True
43588473,150676,1651910,225,6163171,Tima Pouye,TOR,PG/SG,3800.0,False,True
43588474,150676,1651910,227,6163171,Tima Pouye,TOR,PG/SG,3800.0,False,True
43588475,150676,1329600,225,6163173,Aziaha James,DAL,PG/SG,3800.0,False,True
43588476,150676,1329600,227,6163173,Aziaha James,DAL,PG/SG,3800.0,False,True
43588477,150676,1343042,226,6163174,Makayla Timpson,IND,SF/PF,3700.0,False,True
43588478,150676,1343042,227,6163174,Makayla Timpson,IND,SF/PF,3700.0,False,True
43588479,150676,1329604,226,6163171,Teonni Key,TOR,SF/PF,3700.0,False,True
43588480,150676,1329604,227,6163171,Teonni Key,TOR,SF/PF,3700.0,False,True
43588481,150676,569060,225,6163173,Odyssey Sims,DAL,PG/SG,3600.0,False,True
43588482,150676,569060,227,6163173,Odyssey Sims,DAL,PG/SG,3600.0,False,True
43588483,150676,1178936,226,6163174,Kierstan Bell,LVA,SF/PF,3600.0,False,True
43588484,150676,1178936,227,6163174,Kierstan Bell,LVA,SF/PF,3600.0,False,True
43588485,150676,1165033,226,6163171,Han Xu,NYL,SF/PF,3500.0,False,True
43588486,150676,1165033,227,6163171,Han Xu,NYL,SF/PF,3500.0,False,True
43588487,150676,474457,225,6163171,Rebekah Gardner,NYL,PG/SG,3500.0,False,True
43588488,150676,474457,227,6163171,Rebekah Gardner,NYL,PG/SG,3500.0,False,True
43588489,150676,573848,226,6163172,Stefanie Dolson,SEA,SF/PF,3400.0,False,True
43588490,150676,573848,227,6163172,Stefanie Dolson,SEA,SF/PF,3400.0,False,True
43588491,150676,832887,226,6163174,Brianna Turner,LVA,SF/PF,3400.0,False,True
43588492,150676,832887,227,6163174,Brianna Turner,LVA,SF/PF,3400.0,False,True
43588493,150676,1240231,226,6163172,Angela Dugalic,WAS,SF/PF,3300.0,False,True
43588494,150676,1240231,227,6163172,Angela Dugalic,WAS,SF/PF,3300.0,False,True
43588495,150676,1347014,225,6163172,Lucy Olsen,WAS,PG/SG,3300.0,False,True
43588496,150676,1347014,227,6163172,Lucy Olsen,WAS,PG/SG,3300.0,False,True
43588497,150676,620680,225,6163173,Rachel Banham,CHI,PG/SG,3200.0,False,True
43588498,150676,620680,227,6163173,Rachel Banham,CHI,PG/SG,3200.0,False,True
43588499,150676,620441,225,6163171,Betnijah Laney-Hamilton,NYL,PG/SG,3200.0,False,True
43588500,150676,620441,227,6163171,Betnijah Laney-Hamilton,NYL,PG/SG,3200.0,False,True
43588501,150676,1138386,226,6163173,Maddy Siegrist,DAL,SF/PF,3100.0,False,True
43588502,150676,1138386,227,6163173,Maddy Siegrist,DAL,SF/PF,3100.0,False,True
43588503,150676,1432600,225,6163172,Cassandre Prosper,WAS,PG/SG,3100.0,False,True
43588504,150676,1432600,227,6163172,Cassandre Prosper,WAS,PG/SG,3100.0,False,True
43588505,150676,1282440,226,6163171,Raquel Carrera,NYL,SF/PF,3100.0,False,True
43588506,150676,1282440,227,6163171,Raquel Carrera,NYL,SF/PF,3100.0,False,True
43588507,150676,1408734,225,6163172,Taina Mair,SEA,PG/SG,3000.0,False,True
43588508,150676,1408734,227,6163172,Taina Mair,SEA,PG/SG,3000.0,False,True
43588509,150676,1409781,226,6163172,Darianna Littlepage-Buggs,WAS,SF/PF,3000.0,False,True
43588510,150676,1409781,227,6163172,Darianna Littlepage-Buggs,WAS,SF/PF,3000.0,False,True
43588511,150676,1413148,226,6163174,Justine Pissott,LVA,SF/PF,3000.0,False,True
43588512,150676,1413148,227,6163174,Justine Pissott,LVA,SF/PF,3000.0,False,True
43588513,150676,303756,226,6163173,Alysha Clark,DAL,SF/PF,3000.0,False,True
43588514,150676,303756,227,6163173,Alysha Clark,DAL,SF/PF,3000.0,False,True
43588515,150676,1165550,226,6163173,Li Yueru,DAL,SF/PF,3000.0,False,True
43588516,150676,1165550,227,6163173,Li Yueru,DAL,SF/PF,3000.0,False,True
43588517,150676,1329658,226,6163172,Taylor Thierry,SEA,SF/PF,3000.0,False,True
43588518,150676,1329658,227,6163172,Taylor Thierry,SEA,SF/PF,3000.0,False,True
43588519,150676,1178630,226,6163172,Mackenzie Holmes,SEA,SF/PF,3000.0,False,True
43588520,150676,1178630,227,6163172,Mackenzie Holmes,SEA,SF/PF,3000.0,False,True
43588521,150676,1416002,226,6163174,Janiah Barker,LVA,SF/PF,3000.0,False,True
43588522,150676,1416002,227,6163174,Janiah Barker,LVA,SF/PF,3000.0,False,True
43588523,150676,1646925,225,6163173,Costanza Verona,DAL,PG/SG,3000.0,False,True
43588524,150676,1646925,227,6163173,Costanza Verona,DAL,PG/SG,3000.0,False,True
43588525,150676,1189694,225,6163173,Haley Jones,DAL,PG/SG,3000.0,False,True
43588526,150676,1189694,227,6163173,Haley Jones,DAL,PG/SG,3000.0,False,True
43588527,150676,1655742,226,6163171,Ornella Bankole,TOR,SF/PF,3000.0,False,True
43588528,150676,1655742,227,6163171,Ornella Bankole,TOR,SF/PF,3000.0,False,True
43588529,150676,1239671,226,6163173,Maddy Westbeld,CHI,SF/PF,3000.0,False,True
43588530,150676,1239671,227,6163173,Maddy Westbeld,CHI,SF/PF,3000.0,False,True
43588531,150676,654576,226,6163174,Damiris Dantas,IND,SF/PF,3000.0,False,True
43588532,150676,654576,227,6163174,Damiris Dantas,IND,SF/PF,3000.0,False,True
43588533,150676,1409724,226,6163174,Grace VanSlooten,IND,SF/PF,3000.0,False,True
43588534,150676,1409724,227,6163174,Grace VanSlooten,IND,SF/PF,3000.0,False,True
43588535,150676,1061711,226,6163171,Anneli Maley,NYL,SF/PF,3000.0,False,True
43588536,150676,1061711,227,6163171,Anneli Maley,NYL,SF/PF,3000.0,False,True
43588537,150676,1329933,225,6163172,Rori Harmon,WAS,PG/SG,3000.0,False,True
43588538,150676,1329933,227,6163172,Rori Harmon,WAS,PG/SG,3000.0,False,True
43588539,150676,924755,225,6163173,Sug Sutton,DAL,PG/SG,3000.0,False,True
43588540,150676,924755,227,6163173,Sug Sutton,DAL,PG/SG,3000.0,False,True
43588541,150676,1338491,225,6163174,Bree Hall,IND,PG/SG,3000.0,False,True
43588542,150676,1338491,227,6163174,Bree Hall,IND,PG/SG,3000.0,False,True
43588543,150676,871869,225,6163171,Rebecca Allen,NYL,PG/SG,3000.0,False,True
43588544,150676,871869,227,6163171,Rebecca Allen,NYL,PG/SG,3000.0,False,True
43588545,150676,1282441,225,6163171,Marine Fauthoux,NYL,PG/SG,3000.0,False,True
43588546,150676,1282441,227,6163171,Marine Fauthoux,NYL,PG/SG,3000.0,False,True
43588547,150676,1079911,226,6163173,Chloe Bibby,CHI,SF/PF,3000.0,False,True
43588548,150676,1079911,227,6163173,Chloe Bibby,CHI,SF/PF,3000.0,False,True
43588549,150676,1179099,226,6163173,Rickea Jackson,CHI,SF/PF,3000.0,False,True
43588550,150676,1179099,227,6163173,Rickea Jackson,CHI,SF/PF,3000.0,False,True
43588551,150676,1408674,225,6163174,Ta'Niya Latson,LVA,PG/SG,3000.0,False,True
43588552,150676,1408674,227,6163174,Ta'Niya Latson,LVA,PG/SG,3000.0,False,True
43588553,150677,850200,633,6163174,A'ja Wilson,LVA,SF,,False,False
43588554,150677,850200,465,6163174,A'ja Wilson,LVA,SF,,False,False
43588555,150677,850200,636,6163174,A'ja Wilson,LVA,SF,,False,False
43588556,150677,1238619,464,6163174,Caitlin Clark,IND,PG,,False,False
43588557,150677,1238619,465,6163174,Caitlin Clark,IND,PG,,False,False
43588558,150677,1238619,636,6163174,Caitlin Clark,IND,PG,,False,False
43588559,150677,882899,633,6163173,Jessica Shepard,DAL,SF,,False,False
43588560,150677,882899,465,6163173,Jessica Shepard,DAL,SF,,False,False
43588561,150677,882899,636,6163173,Jessica Shepard,DAL,SF,,False,False
43588562,150677,692156,633,6163171,Breanna Stewart,NYL,SF,,False,False
43588563,150677,692156,465,6163171,Breanna Stewart,NYL,SF,,False,False
43588564,150677,692156,636,6163171,Breanna Stewart,NYL,SF,,False,False
43588565,150677,923865,464,6163174,Jackie Young,LVA,PG,,False,False
43588566,150677,923865,465,6163174,Jackie Young,LVA,PG,,False,False
43588567,150677,923865,636,6163174,Jackie Young,LVA,PG,,False,False
43588568,150677,1192647,633,6163174,Aliyah Boston,IND,SF,,False,False
43588569,150677,1192647,465,6163174,Aliyah Boston,IND,SF,,False,False
43588570,150677,1192647,636,6163174,Aliyah Boston,IND,SF,,False,False
43588571,150677,1237074,464,6163173,Paige Bueckers,DAL,PG,,False,False
43588572,150677,1237074,465,6163173,Paige Bueckers,DAL,PG,,False,False
43588573,150677,1237074,636,6163173,Paige Bueckers,DAL,PG,,False,False
43588574,150677,709448,633,6163171,Jonquel Jones,NYL,SF,,False,False
43588575,150677,709448,465,6163171,Jonquel Jones,NYL,SF,,False,False
43588576,150677,709448,636,6163171,Jonquel Jones,NYL,SF,,False,False
43588577,150677,839540,464,6163174,Kelsey Mitchell,IND,PG,,False,False
43588578,150677,839540,465,6163174,Kelsey Mitchell,IND,PG,,False,False
43588579,150677,839540,636,6163174,Kelsey Mitchell,IND,PG,,False,False
43588580,150677,1353845,464,6163172,Sonia Citron,WAS,PG,,False,False
43588581,150677,1353845,465,6163172,Sonia Citron,WAS,PG,,False,False
43588582,150677,1353845,636,6163172,Sonia Citron,WAS,PG,,False,False
43588583,150677,881835,464,6163171,Marina Mabrey,TOR,PG,,False,False
43588584,150677,881835,465,6163171,Marina Mabrey,TOR,PG,,False,False
43588585,150677,881835,636,6163171,Marina Mabrey,TOR,PG,,False,False
43588586,150677,1238798,633,6163173,Kamilla Cardoso,CHI,SF,,False,False
43588587,150677,1238798,465,6163173,Kamilla Cardoso,CHI,SF,,False,False
43588588,150677,1238798,636,6163173,Kamilla Cardoso,CHI,SF,,False,False
43588589,150677,1127121,633,6163172,Shakira Austin,WAS,SF,,False,False
43588590,150677,1127121,465,6163172,Shakira Austin,WAS,SF,,False,False
43588591,150677,1127121,636,6163172,Shakira Austin,WAS,SF,,False,False
43588592,150677,1329912,633,6163172,Kiki Iriafen,WAS,SF,,False,False
43588593,150677,1329912,465,6163172,Kiki Iriafen,WAS,SF,,False,False
43588594,150677,1329912,636,6163172,Kiki Iriafen,WAS,SF,,False,False
43588595,150677,1511557,633,6163172,Dominique Malonga,SEA,SF,,False,False
43588596,150677,1511557,465,6163172,Dominique Malonga,SEA,SF,,False,False
43588597,150677,1511557,636,6163172,Dominique Malonga,SEA,SF,,False,False
43588598,150677,695695,464,6163171,Brittney Sykes,TOR,PG,,False,False
43588599,150677,695695,465,6163171,Brittney Sykes,TOR,PG,,False,False
43588600,150677,695695,636,6163171,Brittney Sykes,TOR,PG,,False,False
43588601,150677,620494,633,6163171,Isabelle Harrison,TOR,SF,,False,False
43588602,150677,620494,465,6163171,Isabelle Harrison,TOR,SF,,False,False
43588603,150677,620494,636,6163171,Isabelle Harrison,TOR,SF,,False,False
43588604,150677,945668,464,6163171,Sabrina Ionescu,NYL,PG,,False,False
43588605,150677,945668,465,6163171,Sabrina Ionescu,NYL,PG,,False,False
43588606,150677,945668,636,6163171,Sabrina Ionescu,NYL,PG,,False,False
43588607,150677,883614,464,6163172,Natisha Hiedeman,SEA,PG,,False,False
43588608,150677,883614,465,6163172,Natisha Hiedeman,SEA,PG,,False,False
43588609,150677,883614,636,6163172,Natisha Hiedeman,SEA,PG,,False,False
43588610,150677,573744,464,6163174,Chelsea Gray,LVA,PG,,False,False
43588611,150677,573744,465,6163174,Chelsea Gray,LVA,PG,,False,False
43588612,150677,573744,636,6163174,Chelsea Gray,LVA,PG,,False,False
43588613,150677,1409434,464,6163172,Flau'Jae Johnson,SEA,PG,,False,False
43588614,150677,1409434,465,6163172,Flau'Jae Johnson,SEA,PG,,False,False
43588615,150677,1409434,636,6163172,Flau'Jae Johnson,SEA,PG,,False,False
43588616,150677,833156,633,6163173,Azura Stevens,CHI,SF,,False,False
43588617,150677,833156,465,6163173,Azura Stevens,CHI,SF,,False,False
43588618,150677,833156,636,6163173,Azura Stevens,CHI,SF,,False,False
43588619,150677,520283,464,6163173,Skylar Diggins,CHI,PG,,False,False
43588620,150677,520283,465,6163173,Skylar Diggins,CHI,PG,,False,False
43588621,150677,520283,636,6163173,Skylar Diggins,CHI,PG,,False,False
43588622,150677,1132717,633,6163171,Nyara Sabally,TOR,SF,,False,False
43588623,150677,1132717,465,6163171,Nyara Sabally,TOR,SF,,False,False
43588624,150677,1132717,636,6163171,Nyara Sabally,TOR,SF,,False,False
43588625,150677,1514656,633,6163172,Awa Fam,SEA,SF,,False,False
43588626,150677,1514656,465,6163172,Awa Fam,SEA,SF,,False,False
43588627,150677,1514656,636,6163172,Awa Fam,SEA,SF,,False,False
43588628,150677,1330005,464,6163173,Azzi Fudd,DAL,PG,,False,False
43588629,150677,1330005,465,6163173,Azzi Fudd,DAL,PG,,False,False
43588630,150677,1330005,636,6163173,Azzi Fudd,DAL,PG,,False,False
43588631,150677,572456,464,6163173,Natasha Cloud,CHI,PG,,False,False
43588632,150677,572456,465,6163173,Natasha Cloud,CHI,PG,,False,False
43588633,150677,572456,636,6163173,Natasha Cloud,CHI,PG,,False,False
43588634,150677,1217310,464,6163171,Julie Allemand,TOR,PG,,False,False
43588635,150677,1217310,465,6163171,Julie Allemand,TOR,PG,,False,False
43588636,150677,1217310,636,6163171,Julie Allemand,TOR,PG,,False,False
43588637,150677,1125559,633,6163174,NaLyssa Smith,LVA,SF,,False,False
43588638,150677,1125559,465,6163174,NaLyssa Smith,LVA,SF,,False,False
43588639,150677,1125559,636,6163174,NaLyssa Smith,LVA,SF,,False,False
43588640,150677,881754,633,6163171,Maria Conde,TOR,SF,,False,False
43588641,150677,881754,465,6163171,Maria Conde,TOR,SF,,False,False
43588642,150677,881754,636,6163171,Maria Conde,TOR,SF,,False,False
43588643,150677,1410325,464,6163171,Kiki Rice,TOR,PG,,False,False
43588644,150677,1410325,465,6163171,Kiki Rice,TOR,PG,,False,False
43588645,150677,1410325,636,6163171,Kiki Rice,TOR,PG,,False,False
43588646,150677,1282435,633,6163173,Awak Kuier,DAL,SF,,False,False
43588647,150677,1282435,465,6163173,Awak Kuier,DAL,SF,,False,False
43588648,150677,1282435,636,6163173,Awak Kuier,DAL,SF,,False,False
43588649,150677,1182914,464,6163173,Sydney Taylor,CHI,PG,,False,False
43588650,150677,1182914,465,6163173,Sydney Taylor,CHI,PG,,False,False
43588651,150677,1182914,636,6163173,Sydney Taylor,CHI,PG,,False,False
43588652,150677,1511540,633,6163171,Pauline Astier,NYL,SF,,False,False
43588653,150677,1511540,465,6163171,Pauline Astier,NYL,SF,,False,False
43588654,150677,1511540,636,6163171,Pauline Astier,NYL,SF,,False,False
43588655,150677,880980,464,6163173,Arike Ogunbowale,DAL,PG,,False,False
43588656,150677,880980,465,6163173,Arike Ogunbowale,DAL,PG,,False,False
43588657,150677,880980,636,6163173,Arike Ogunbowale,DAL,PG,,False,False
43588658,150677,849343,633,6163174,Monique Billings,IND,SF,,False,False
43588659,150677,849343,465,6163174,Monique Billings,IND,SF,,False,False
43588660,150677,849343,636,6163174,Monique Billings,IND,SF,,False,False
43588661,150677,1214989,633,6163171,Leonie Fiebich,NYL,SF,,False,False
43588662,150677,1214989,465,6163171,Leonie Fiebich,NYL,SF,,False,False
43588663,150677,1214989,636,6163171,Leonie Fiebich,NYL,SF,,False,False
43588664,150677,694553,464,6163174,Jewell Loyd,LVA,PG,,False,False
43588665,150677,694553,465,6163174,Jewell Loyd,LVA,PG,,False,False
43588666,150677,694553,636,6163174,Jewell Loyd,LVA,PG,,False,False
43588667,150677,1646835,633,6163171,Laura Juskaite,TOR,SF,,False,False
43588668,150677,1646835,465,6163171,Laura Juskaite,TOR,SF,,False,False
43588669,150677,1646835,636,6163171,Laura Juskaite,TOR,SF,,False,False
43588670,150677,411926,464,6163173,Courtney Vandersloot,CHI,PG,,False,False
43588671,150677,411926,465,6163173,Courtney Vandersloot,CHI,PG,,False,False
43588672,150677,411926,636,6163173,Courtney Vandersloot,CHI,PG,,False,False
43588673,150677,1383345,464,6163172,Jade Melbourne,SEA,PG,,False,False
43588674,150677,1383345,465,6163172,Jade Melbourne,SEA,PG,,False,False
43588675,150677,1383345,636,6163172,Jade Melbourne,SEA,PG,,False,False
43588676,150677,1079988,633,6163172,Michaela Onyenwere,WAS,SF,,False,False
43588677,150677,1079988,465,6163172,Michaela Onyenwere,WAS,SF,,False,False
43588678,150677,1079988,636,6163172,Michaela Onyenwere,WAS,SF,,False,False
43588679,150677,1061712,633,6163171,Satou Sabally,NYL,SF,,False,False
43588680,150677,1061712,465,6163171,Satou Sabally,NYL,SF,,False,False
43588681,150677,1061712,636,6163171,Satou Sabally,NYL,SF,,False,False
43588682,150677,1165026,633,6163172,Ezi Magbegor,SEA,SF,,False,False
43588683,150677,1165026,465,6163172,Ezi Magbegor,SEA,SF,,False,False
43588684,150677,1165026,636,6163172,Ezi Magbegor,SEA,SF,,False,False
43588685,150677,1418182,633,6163172,Cotie McMahon,WAS,SF,,False,False
43588686,150677,1418182,465,6163172,Cotie McMahon,WAS,SF,,False,False
43588687,150677,1418182,636,6163172,Cotie McMahon,WAS,SF,,False,False
43588688,150677,1132742,464,6163174,Lexie Hull,IND,PG,,False,False
43588689,150677,1132742,465,6163174,Lexie Hull,IND,PG,,False,False
43588690,150677,1132742,636,6163174,Lexie Hull,IND,PG,,False,False
43588691,150677,1650029,464,6163172,Alicia Florez,WAS,PG,,False,False
43588692,150677,1650029,465,6163172,Alicia Florez,WAS,PG,,False,False
43588693,150677,1650029,636,6163172,Alicia Florez,WAS,PG,,False,False
43588694,150677,571423,633,6163174,Cheyenne Parker-Tyus,LVA,SF,,False,False
43588695,150677,571423,465,6163174,Cheyenne Parker-Tyus,LVA,SF,,False,False
43588696,150677,571423,636,6163174,Cheyenne Parker-Tyus,LVA,SF,,False,False
43588697,150677,883559,464,6163174,Sophie Cunningham,IND,PG,,False,False
43588698,150677,883559,465,6163174,Sophie Cunningham,IND,PG,,False,False
43588699,150677,883559,636,6163174,Sophie Cunningham,IND,PG,,False,False
43588700,150677,619768,633,6163171,Temi Fagbenle,TOR,SF,,False,False
43588701,150677,619768,465,6163171,Temi Fagbenle,TOR,SF,,False,False
43588702,150677,619768,636,6163171,Temi Fagbenle,TOR,SF,,False,False
43588703,150677,946830,464,6163174,Tyasha Harris,IND,PG,,False,False
43588704,150677,946830,465,6163174,Tyasha Harris,IND,PG,,False,False
43588705,150677,946830,636,6163174,Tyasha Harris,IND,PG,,False,False
43588706,150677,1239247,464,6163172,Georgia Amoore,WAS,PG,,False,False
43588707,150677,1239247,465,6163172,Georgia Amoore,WAS,PG,,False,False
43588708,150677,1239247,636,6163172,Georgia Amoore,WAS,PG,,False,False
43588709,150677,1410346,464,6163173,Gabriela Jaquez,CHI,PG,,False,False
43588710,150677,1410346,465,6163173,Gabriela Jaquez,CHI,PG,,False,False
43588711,150677,1410346,636,6163173,Gabriela Jaquez,CHI,PG,,False,False
43588712,150677,853608,633,6163174,Myisha Hines-Allen,IND,SF,,False,False
43588713,150677,853608,465,6163174,Myisha Hines-Allen,IND,SF,,False,False
43588714,150677,853608,636,6163174,Myisha Hines-Allen,IND,SF,,False,False
43588715,150677,1338492,464,6163174,Raven Johnson,IND,PG,,False,False
43588716,150677,1338492,465,6163174,Raven Johnson,IND,PG,,False,False
43588717,150677,1338492,636,6163174,Raven Johnson,IND,PG,,False,False
43588718,150677,945691,464,6163173,DiJonai Carrington,CHI,PG,,False,False
43588719,150677,945691,465,6163173,DiJonai Carrington,CHI,PG,,False,False
43588720,150677,945691,636,6163173,DiJonai Carrington,CHI,PG,,False,False
43588721,150677,520308,633,6163171,Kayla Alexander,TOR,SF,,False,False
43588722,150677,520308,465,6163171,Kayla Alexander,TOR,SF,,False,False
43588723,150677,520308,636,6163171,Kayla Alexander,TOR,SF,,False,False
43588724,150677,1178919,464,6163173,Jacy Sheldon,CHI,PG,,False,False
43588725,150677,1178919,465,6163173,Jacy Sheldon,CHI,PG,,False,False
43588726,150677,1178919,636,6163173,Jacy Sheldon,CHI,PG,,False,False
43588727,150677,924162,464,6163171,Marine Johannes,NYL,PG,,False,False
43588728,150677,924162,465,6163171,Marine Johannes,NYL,PG,,False,False
43588729,150677,924162,636,6163171,Marine Johannes,NYL,PG,,False,False
43588730,150677,839858,464,6163171,Kia Nurse,TOR,PG,,False,False
43588731,150677,839858,465,6163171,Kia Nurse,TOR,PG,,False,False
43588732,150677,839858,636,6163171,Kia Nurse,TOR,PG,,False,False
43588733,150677,619511,633,6163173,Elizabeth Williams,CHI,SF,,False,False
43588734,150677,619511,465,6163173,Elizabeth Williams,CHI,SF,,False,False
43588735,150677,619511,636,6163173,Elizabeth Williams,CHI,SF,,False,False
43588736,150677,1409996,633,6163172,Lauren Betts,WAS,SF,,False,False
43588737,150677,1409996,465,6163172,Lauren Betts,WAS,SF,,False,False
43588738,150677,1409996,636,6163172,Lauren Betts,WAS,SF,,False,False
43588739,150677,923878,633,6163174,Stephanie Talbot,LVA,SF,,False,False
43588740,150677,923878,465,6163174,Stephanie Talbot,LVA,SF,,False,False
43588741,150677,923878,636,6163174,Stephanie Talbot,LVA,SF,,False,False
43588742,150677,1071273,464,6163174,Dana Evans,LVA,PG,,False,False
43588743,150677,1071273,465,6163174,Dana Evans,LVA,PG,,False,False
43588744,150677,1071273,636,6163174,Dana Evans,LVA,PG,,False,False
43588745,150677,1192640,464,6163172,Zia Cooke,SEA,PG,,False,False
43588746,150677,1192640,465,6163172,Zia Cooke,SEA,PG,,False,False
43588747,150677,1192640,636,6163172,Zia Cooke,SEA,PG,,False,False
43588748,150677,1179124,633,6163172,Jordan Horston,SEA,SF,,False,False
43588749,150677,1179124,465,6163172,Jordan Horston,SEA,SF,,False,False
43588750,150677,1179124,636,6163172,Jordan Horston,SEA,SF,,False,False
43588751,150677,883053,633,6163173,Alanna Smith,DAL,SF,,False,False
43588752,150677,883053,465,6163173,Alanna Smith,DAL,SF,,False,False
43588753,150677,883053,636,6163173,Alanna Smith,DAL,SF,,False,False
43588754,150677,880872,633,6163172,Katie Lou Samuelson,SEA,SF,,False,False
43588755,150677,880872,465,6163172,Katie Lou Samuelson,SEA,SF,,False,False
43588756,150677,880872,636,6163172,Katie Lou Samuelson,SEA,SF,,False,False
43588757,150677,1237366,464,6163173,Aicha Coulibaly,CHI,PG,,False,False
43588758,150677,1237366,465,6163173,Aicha Coulibaly,CHI,PG,,False,False
43588759,150677,1237366,636,6163173,Aicha Coulibaly,CHI,PG,,False,False
43588760,150677,1651910,464,6163171,Tima Pouye,TOR,PG,,False,False
43588761,150677,1651910,465,6163171,Tima Pouye,TOR,PG,,False,False
43588762,150677,1651910,636,6163171,Tima Pouye,TOR,PG,,False,False
43588763,150677,1329600,464,6163173,Aziaha James,DAL,PG,,False,False
43588764,150677,1329600,465,6163173,Aziaha James,DAL,PG,,False,False
43588765,150677,1329600,636,6163173,Aziaha James,DAL,PG,,False,False
43588766,150677,1343042,633,6163174,Makayla Timpson,IND,SF,,False,False
43588767,150677,1343042,465,6163174,Makayla Timpson,IND,SF,,False,False
43588768,150677,1343042,636,6163174,Makayla Timpson,IND,SF,,False,False
43588769,150677,1329604,633,6163171,Teonni Key,TOR,SF,,False,False
43588770,150677,1329604,465,6163171,Teonni Key,TOR,SF,,False,False
43588771,150677,1329604,636,6163171,Teonni Key,TOR,SF,,False,False
43588772,150677,569060,464,6163173,Odyssey Sims,DAL,PG,,False,False
43588773,150677,569060,465,6163173,Odyssey Sims,DAL,PG,,False,False
43588774,150677,569060,636,6163173,Odyssey Sims,DAL,PG,,False,False
43588775,150677,1178936,633,6163174,Kierstan Bell,LVA,SF,,False,False
43588776,150677,1178936,465,6163174,Kierstan Bell,LVA,SF,,False,False
43588777,150677,1178936,636,6163174,Kierstan Bell,LVA,SF,,False,False
43588778,150677,1165033,633,6163171,Han Xu,NYL,SF,,False,False
43588779,150677,1165033,465,6163171,Han Xu,NYL,SF,,False,False
43588780,150677,1165033,636,6163171,Han Xu,NYL,SF,,False,False
43588781,150677,474457,464,6163171,Rebekah Gardner,NYL,PG,,False,False
43588782,150677,474457,465,6163171,Rebekah Gardner,NYL,PG,,False,False
43588783,150677,474457,636,6163171,Rebekah Gardner,NYL,PG,,False,False
43588784,150677,573848,633,6163172,Stefanie Dolson,SEA,SF,,False,False
43588785,150677,573848,465,6163172,Stefanie Dolson,SEA,SF,,False,False
43588786,150677,573848,636,6163172,Stefanie Dolson,SEA,SF,,False,False
43588787,150677,832887,633,6163174,Brianna Turner,LVA,SF,,False,False
43588788,150677,832887,465,6163174,Brianna Turner,LVA,SF,,False,False
43588789,150677,832887,636,6163174,Brianna Turner,LVA,SF,,False,False
43588790,150677,1240231,633,6163172,Angela Dugalic,WAS,SF,,False,False
43588791,150677,1240231,465,6163172,Angela Dugalic,WAS,SF,,False,False
43588792,150677,1240231,636,6163172,Angela Dugalic,WAS,SF,,False,False
43588793,150677,1347014,464,6163172,Lucy Olsen,WAS,PG,,False,False
43588794,150677,1347014,465,6163172,Lucy Olsen,WAS,PG,,False,False
43588795,150677,1347014,636,6163172,Lucy Olsen,WAS,PG,,False,False
43588796,150677,620680,464,6163173,Rachel Banham,CHI,PG,,False,False
43588797,150677,620680,465,6163173,Rachel Banham,CHI,PG,,False,False
43588798,150677,620680,636,6163173,Rachel Banham,CHI,PG,,False,False
43588799,150677,620441,464,6163171,Betnijah Laney-Hamilton,NYL,PG,,False,False
43588800,150677,620441,465,6163171,Betnijah Laney-Hamilton,NYL,PG,,False,False
43588801,150677,620441,636,6163171,Betnijah Laney-Hamilton,NYL,PG,,False,False
43588802,150677,1138386,633,6163173,Maddy Siegrist,DAL,SF,,False,False
43588803,150677,1138386,465,6163173,Maddy Siegrist,DAL,SF,,False,False
43588804,150677,1138386,636,6163173,Maddy Siegrist,DAL,SF,,False,False
43588805,150677,1432600,464,6163172,Cassandre Prosper,WAS,PG,,False,False
43588806,150677,1432600,465,6163172,Cassandre Prosper,WAS,PG,,False,False
43588807,150677,1432600,636,6163172,Cassandre Prosper,WAS,PG,,False,False
43588808,150677,1282440,633,6163171,Raquel Carrera,NYL,SF,,False,False
43588809,150677,1282440,465,6163171,Raquel Carrera,NYL,SF,,False,False
43588810,150677,1282440,636,6163171,Raquel Carrera,NYL,SF,,False,False
43588811,150677,1408734,464,6163172,Taina Mair,SEA,PG,,False,False
43588812,150677,1408734,465,6163172,Taina Mair,SEA,PG,,False,False
43588813,150677,1408734,636,6163172,Taina Mair,SEA,PG,,False,False
43588814,150677,1409781,633,6163172,Darianna Littlepage-Buggs,WAS,SF,,False,False
43588815,150677,1409781,465,6163172,Darianna Littlepage-Buggs,WAS,SF,,False,False
43588816,150677,1409781,636,6163172,Darianna Littlepage-Buggs,WAS,SF,,False,False
43588817,150677,1413148,633,6163174,Justine Pissott,LVA,SF,,False,False
43588818,150677,1413148,465,6163174,Justine Pissott,LVA,SF,,False,False
43588819,150677,1413148,636,6163174,Justine Pissott,LVA,SF,,False,False
43588820,150677,303756,633,6163173,Alysha Clark,DAL,SF,,False,False
43588821,150677,303756,465,6163173,Alysha Clark,DAL,SF,,False,False
43588822,150677,303756,636,6163173,Alysha Clark,DAL,SF,,False,False
43588823,150677,1165550,633,6163173,Li Yueru,DAL,SF,,False,False
43588824,150677,1165550,465,6163173,Li Yueru,DAL,SF,,False,False
43588825,150677,1165550,636,6163173,Li Yueru,DAL,SF,,False,False
43588826,150677,1329658,633,6163172,Taylor Thierry,SEA,SF,,False,False
43588827,150677,1329658,465,6163172,Taylor Thierry,SEA,SF,,False,False
43588828,150677,1329658,636,6163172,Taylor Thierry,SEA,SF,,False,False
43588829,150677,1178630,633,6163172,Mackenzie Holmes,SEA,SF,,False,False
43588830,150677,1178630,465,6163172,Mackenzie Holmes,SEA,SF,,False,False
43588831,150677,1178630,636,6163172,Mackenzie Holmes,SEA,SF,,False,False
43588832,150677,1416002,633,6163174,Janiah Barker,LVA,SF,,False,False
43588833,150677,1416002,465,6163174,Janiah Barker,LVA,SF,,False,False
43588834,150677,1416002,636,6163174,Janiah Barker,LVA,SF,,False,False
43588835,150677,1646925,464,6163173,Costanza Verona,DAL,PG,,False,False
43588836,150677,1646925,465,6163173,Costanza Verona,DAL,PG,,False,False
43588837,150677,1646925,636,6163173,Costanza Verona,DAL,PG,,False,False
43588838,150677,1189694,464,6163173,Haley Jones,DAL,PG,,False,False
43588839,150677,1189694,465,6163173,Haley Jones,DAL,PG,,False,False
43588840,150677,1189694,636,6163173,Haley Jones,DAL,PG,,False,False
43588841,150677,1655742,633,6163171,Ornella Bankole,TOR,SF,,False,False
43588842,150677,1655742,465,6163171,Ornella Bankole,TOR,SF,,False,False
43588843,150677,1655742,636,6163171,Ornella Bankole,TOR,SF,,False,False
43588844,150677,1239671,633,6163173,Maddy Westbeld,CHI,SF,,False,False
43588845,150677,1239671,465,6163173,Maddy Westbeld,CHI,SF,,False,False
43588846,150677,1239671,636,6163173,Maddy Westbeld,CHI,SF,,False,False
43588847,150677,654576,633,6163174,Damiris Dantas,IND,SF,,False,False
43588848,150677,654576,465,6163174,Damiris Dantas,IND,SF,,False,False
43588849,150677,654576,636,6163174,Damiris Dantas,IND,SF,,False,False
43588850,150677,1409724,633,6163174,Grace VanSlooten,IND,SF,,False,False
43588851,150677,1409724,465,6163174,Grace VanSlooten,IND,SF,,False,False
43588852,150677,1409724,636,6163174,Grace VanSlooten,IND,SF,,False,False
43588853,150677,1061711,633,6163171,Anneli Maley,NYL,SF,,False,False
43588854,150677,1061711,465,6163171,Anneli Maley,NYL,SF,,False,False
43588855,150677,1061711,636,6163171,Anneli Maley,NYL,SF,,False,False
43588856,150677,1329933,464,6163172,Rori Harmon,WAS,PG,,False,False
43588857,150677,1329933,465,6163172,Rori Harmon,WAS,PG,,False,False
43588858,150677,1329933,636,6163172,Rori Harmon,WAS,PG,,False,False
43588859,150677,924755,464,6163173,Sug Sutton,DAL,PG,,False,False
43588860,150677,924755,465,6163173,Sug Sutton,DAL,PG,,False,False
43588861,150677,924755,636,6163173,Sug Sutton,DAL,PG,,False,False
43588862,150677,1338491,464,6163174,Bree Hall,IND,PG,,False,False
43588863,150677,1338491,465,6163174,Bree Hall,IND,PG,,False,False
43588864,150677,1338491,636,6163174,Bree Hall,IND,PG,,False,False
43588865,150677,871869,464,6163171,Rebecca Allen,NYL,PG,,False,False
43588866,150677,871869,465,6163171,Rebecca Allen,NYL,PG,,False,False
43588867,150677,871869,636,6163171,Rebecca Allen,NYL,PG,,False,False
43588868,150677,1282441,464,6163171,Marine Fauthoux,NYL,PG,,False,False
43588869,150677,1282441,465,6163171,Marine Fauthoux,NYL,PG,,False,False
43588870,150677,1282441,636,6163171,Marine Fauthoux,NYL,PG,,False,False
43588871,150677,1079911,633,6163173,Chloe Bibby,CHI,SF,,False,False
43588872,150677,1079911,465,6163173,Chloe Bibby,CHI,SF,,False,False
43588873,150677,1079911,636,6163173,Chloe Bibby,CHI,SF,,False,False
43588874,150677,1179099,633,6163173,Rickea Jackson,CHI,SF,,False,False
43588875,150677,1179099,465,6163173,Rickea Jackson,CHI,SF,,False,False
43588876,150677,1179099,636,6163173,Rickea Jackson,CHI,SF,,False,False
43588877,150677,1408674,464,6163174,Ta'Niya Latson,LVA,PG,,False,False
43588878,150677,1408674,465,6163174,Ta'Niya Latson,LVA,PG,,False,False
43588879,150677,1408674,636,6163174,Ta'Niya Latson,LVA,PG,,False,False
43588880,150678,850200,672,6163174,A'ja Wilson,LVA,SF/PF,,False,True
43588881,150678,1238619,672,6163174,Caitlin Clark,IND,PG/SG,,False,True
43588882,150678,882899,672,6163173,Jessica Shepard,DAL,SF/PF,,False,True
43588883,150678,692156,672,6163171,Breanna Stewart,NYL,SF/PF,,False,True
43588884,150678,923865,672,6163174,Jackie Young,LVA,PG/SG,,False,True
43588885,150678,1192647,672,6163174,Aliyah Boston,IND,SF/PF,,False,True
43588886,150678,1237074,672,6163173,Paige Bueckers,DAL,PG/SG,,False,True
43588887,150678,709448,672,6163171,Jonquel Jones,NYL,SF/PF,,False,True
43588888,150678,839540,672,6163174,Kelsey Mitchell,IND,PG/SG,,False,True
43588889,150678,1353845,672,6163172,Sonia Citron,WAS,PG/SG,,False,True
43588890,150678,881835,672,6163171,Marina Mabrey,TOR,PG/SG,,False,True
43588891,150678,1238798,672,6163173,Kamilla Cardoso,CHI,SF/PF,,False,True
43588892,150678,1127121,672,6163172,Shakira Austin,WAS,SF/PF,,False,True
43588893,150678,1329912,672,6163172,Kiki Iriafen,WAS,SF/PF,,False,True
43588894,150678,1511557,672,6163172,Dominique Malonga,SEA,SF/PF,,False,True
43588895,150678,695695,672,6163171,Brittney Sykes,TOR,PG/SG,,False,True
43588896,150678,620494,672,6163171,Isabelle Harrison,TOR,SF/PF,,False,True
43588897,150678,945668,672,6163171,Sabrina Ionescu,NYL,PG/SG,,False,True
43588898,150678,883614,672,6163172,Natisha Hiedeman,SEA,PG/SG,,False,True
43588899,150678,573744,672,6163174,Chelsea Gray,LVA,PG/SG,,False,True
43588900,150678,1409434,672,6163172,Flau'Jae Johnson,SEA,PG/SG,,False,True
43588901,150678,833156,672,6163173,Azura Stevens,CHI,SF/PF,,False,True
43588902,150678,520283,672,6163173,Skylar Diggins,CHI,PG/SG,,False,True
43588903,150678,1132717,672,6163171,Nyara Sabally,TOR,SF/PF,,False,True
43588904,150678,1514656,672,6163172,Awa Fam,SEA,SF/PF,,False,True
43588905,150678,1330005,672,6163173,Azzi Fudd,DAL,PG/SG,,False,True
43588906,150678,572456,672,6163173,Natasha Cloud,CHI,PG/SG,,False,True
43588907,150678,1217310,672,6163171,Julie Allemand,TOR,PG/SG,,False,True
43588908,150678,1125559,672,6163174,NaLyssa Smith,LVA,SF/PF,,False,True
43588909,150678,881754,672,6163171,Maria Conde,TOR,SF/PF,,False,True
43588910,150678,1410325,672,6163171,Kiki Rice,TOR,PG/SG,,False,True
43588911,150678,1282435,672,6163173,Awak Kuier,DAL,SF/PF,,False,True
43588912,150678,1182914,672,6163173,Sydney Taylor,CHI,PG/SG,,False,True
43588913,150678,1511540,672,6163171,Pauline Astier,NYL,SF/PF,,False,True
43588914,150678,880980,672,6163173,Arike Ogunbowale,DAL,PG/SG,,False,True
43588915,150678,849343,672,6163174,Monique Billings,IND,SF/PF,,False,True
43588916,150678,1214989,672,6163171,Leonie Fiebich,NYL,SF/PF,,False,True
43588917,150678,694553,672,6163174,Jewell Loyd,LVA,PG/SG,,False,True
43588918,150678,1646835,672,6163171,Laura Juskaite,TOR,SF/PF,,False,True
43588919,150678,411926,672,6163173,Courtney Vandersloot,CHI,PG/SG,,False,True
43588920,150678,1383345,672,6163172,Jade Melbourne,SEA,PG/SG,,False,True
43588921,150678,1079988,672,6163172,Michaela Onyenwere,WAS,SF/PF,,False,True
43588922,150678,1061712,672,6163171,Satou Sabally,NYL,SF/PF,,False,True
43588923,150678,1165026,672,6163172,Ezi Magbegor,SEA,SF/PF,,False,True
43588924,150678,1418182,672,6163172,Cotie McMahon,WAS,SF/PF,,False,True
43588925,150678,1132742,672,6163174,Lexie Hull,IND,PG/SG,,False,True
43588926,150678,1650029,672,6163172,Alicia Florez,WAS,PG/SG,,False,True
43588927,150678,571423,672,6163174,Cheyenne Parker-Tyus,LVA,SF/PF,,False,True
43588928,150678,883559,672,6163174,Sophie Cunningham,IND,PG/SG,,False,True
43588929,150678,619768,672,6163171,Temi Fagbenle,TOR,SF/PF,,False,True
43588930,150678,946830,672,6163174,Tyasha Harris,IND,PG/SG,,False,True
43588931,150678,1239247,672,6163172,Georgia Amoore,WAS,PG/SG,,False,True
43588932,150678,1410346,672,6163173,Gabriela Jaquez,CHI,PG/SG,,False,True
43588933,150678,853608,672,6163174,Myisha Hines-Allen,IND,SF/PF,,False,True
43588934,150678,1338492,672,6163174,Raven Johnson,IND,PG/SG,,False,True
43588935,150678,945691,672,6163173,DiJonai Carrington,CHI,PG/SG,,False,True
43588936,150678,520308,672,6163171,Kayla Alexander,TOR,SF/PF,,False,True
43588937,150678,1178919,672,6163173,Jacy Sheldon,CHI,PG/SG,,False,True
43588938,150678,924162,672,6163171,Marine Johannes,NYL,PG/SG,,False,True
43588939,150678,839858,672,6163171,Kia Nurse,TOR,PG/SG,,False,True
43588940,150678,619511,672,6163173,Elizabeth Williams,CHI,SF/PF,,False,True
43588941,150678,1409996,672,6163172,Lauren Betts,WAS,SF/PF,,False,True
43588942,150678,923878,672,6163174,Stephanie Talbot,LVA,SF/PF,,False,True
43588943,150678,1071273,672,6163174,Dana Evans,LVA,PG/SG,,False,True
43588944,150678,1192640,672,6163172,Zia Cooke,SEA,PG/SG,,False,True
43588945,150678,1179124,672,6163172,Jordan Horston,SEA,SF/PF,,False,True
43588946,150678,883053,672,6163173,Alanna Smith,DAL,SF/PF,,False,True
43588947,150678,880872,672,6163172,Katie Lou Samuelson,SEA,SF/PF,,False,True
43588948,150678,1237366,672,6163173,Aicha Coulibaly,CHI,PG/SG,,False,True
43588949,150678,1651910,672,6163171,Tima Pouye,TOR,PG/SG,,False,True
43588950,150678,1329600,672,6163173,Aziaha James,DAL,PG/SG,,False,True
43588951,150678,1343042,672,6163174,Makayla Timpson,IND,SF/PF,,False,True
43588952,150678,1329604,672,6163171,Teonni Key,TOR,SF/PF,,False,True
43588953,150678,569060,672,6163173,Odyssey Sims,DAL,PG/SG,,False,True
43588954,150678,1178936,672,6163174,Kierstan Bell,LVA,SF/PF,,False,True
43588955,150678,1165033,672,6163171,Han Xu,NYL,SF/PF,,False,True
43588956,150678,474457,672,6163171,Rebekah Gardner,NYL,PG/SG,,False,True
43588957,150678,573848,672,6163172,Stefanie Dolson,SEA,SF/PF,,False,True
43588958,150678,832887,672,6163174,Brianna Turner,LVA,SF/PF,,False,True
43588959,150678,1240231,672,6163172,Angela Dugalic,WAS,SF/PF,,False,True
43588960,150678,1347014,672,6163172,Lucy Olsen,WAS,PG/SG,,False,True
43588961,150678,620680,672,6163173,Rachel Banham,CHI,PG/SG,,False,True
43588962,150678,620441,672,6163171,Betnijah Laney-Hamilton,NYL,PG/SG,,False,True
43588963,150678,1138386,672,6163173,Maddy Siegrist,DAL,SF/PF,,False,True
43588964,150678,1432600,672,6163172,Cassandre Prosper,WAS,PG/SG,,False,True
43588965,150678,1282440,672,6163171,Raquel Carrera,NYL,SF/PF,,False,True
43588966,150678,1408734,672,6163172,Taina Mair,SEA,PG/SG,,False,True
43588967,150678,1409781,672,6163172,Darianna Littlepage-Buggs,WAS,SF/PF,,False,True
43588968,150678,1413148,672,6163174,Justine Pissott,LVA,SF/PF,,False,True
43588969,150678,303756,672,6163173,Alysha Clark,DAL,SF/PF,,False,True
43588970,150678,1165550,672,6163173,Li Yueru,DAL,SF/PF,,False,True
43588971,150678,1329658,672,6163172,Taylor Thierry,SEA,SF/PF,,False,True
43588972,150678,1178630,672,6163172,Mackenzie Holmes,SEA,SF/PF,,False,True
43588973,150678,1416002,672,6163174,Janiah Barker,LVA,SF/PF,,False,True
43588974,150678,1646925,672,6163173,Costanza Verona,DAL,PG/SG,,False,True
43588975,150678,1189694,672,6163173,Haley Jones,DAL,PG/SG,,False,True
43588976,150678,1655742,672,6163171,Ornella Bankole,TOR,SF/PF,,False,True
43588977,150678,1239671,672,6163173,Maddy Westbeld,CHI,SF/PF,,False,True
43588978,150678,654576,672,6163174,Damiris Dantas,IND,SF/PF,,False,True
43588979,150678,1409724,672,6163174,Grace VanSlooten,IND,SF/PF,,False,True
43588980,150678,1061711,672,6163171,Anneli Maley,NYL,SF/PF,,False,True
43588981,150678,1329933,672,6163172,Rori Harmon,WAS,PG/SG,,False,True
43588982,150678,924755,672,6163173,Sug Sutton,DAL,PG/SG,,False,True
43588983,150678,1338491,672,6163174,Bree Hall,IND,PG/SG,,False,True
43588984,150678,871869,672,6163171,Rebecca Allen,NYL,PG/SG,,False,True
43588985,150678,1282441,672,6163171,Marine Fauthoux,NYL,PG/SG,,False,True
43588986,150678,1079911,672,6163173,Chloe Bibby,CHI,SF/PF,,False,True
43588987,150678,1179099,672,6163173,Rickea Jackson,CHI,SF/PF,,False,True
43588988,150678,1408674,672,6163174,Ta'Niya Latson,LVA,PG/SG,,False,True
43589056,150679,882899,475,6163173,Jessica Shepard,DAL,SF/PF,11800.0,False,True
43589057,150679,1237074,475,6163173,Paige Bueckers,DAL,PG/SG,11200.0,False,True
43589058,150679,1238798,475,6163173,Kamilla Cardoso,CHI,SF/PF,10200.0,False,True
43589059,150679,833156,475,6163173,Azura Stevens,CHI,SF/PF,9000.0,False,True
43589060,150679,1330005,475,6163173,Azzi Fudd,DAL,PG/SG,8200.0,False,True
43589061,150679,572456,475,6163173,Natasha Cloud,CHI,PG/SG,8000.0,False,True
43589062,150679,1282435,475,6163173,Awak Kuier,DAL,SF/PF,7200.0,False,True
43589063,150679,1182914,475,6163173,Sydney Taylor,CHI,PG/SG,7000.0,False,True
43589064,150679,880980,475,6163173,Arike Ogunbowale,DAL,PG/SG,6800.0,False,True
43589065,150679,411926,475,6163173,Courtney Vandersloot,CHI,PG/SG,6400.0,False,True
43589066,150679,1410346,475,6163173,Gabriela Jaquez,CHI,PG/SG,5200.0,False,True
43589067,150679,1178919,475,6163173,Jacy Sheldon,CHI,PG/SG,4600.0,False,True
43589068,150679,619511,475,6163173,Elizabeth Williams,CHI,SF/PF,4200.0,False,True
43589069,150679,883053,475,6163173,Alanna Smith,DAL,SF/PF,3800.0,False,True
43589070,150679,1237366,475,6163173,Aicha Coulibaly,CHI,PG/SG,3600.0,False,True
43589071,150679,1329600,475,6163173,Aziaha James,DAL,PG/SG,3200.0,False,True
43589072,150679,569060,475,6163173,Odyssey Sims,DAL,PG/SG,2800.0,False,True
43589073,150679,620680,475,6163173,Rachel Banham,CHI,PG/SG,2400.0,False,True
43589074,150679,1138386,475,6163173,Maddy Siegrist,DAL,SF/PF,2200.0,False,True
43589075,150679,303756,475,6163173,Alysha Clark,DAL,SF/PF,2000.0,False,True
43589076,150679,924755,475,6163173,Sug Sutton,DAL,PG/SG,2000.0,False,True
43589077,150679,1165550,475,6163173,Li Yueru,DAL,SF/PF,2000.0,False,True
43589078,150679,520283,475,6163173,Skylar Diggins,CHI,PG/SG,8800.0,False,True
43589079,150679,945691,475,6163173,DiJonai Carrington,CHI,PG/SG,4800.0,False,True
43589080,150679,1079911,475,6163173,Chloe Bibby,CHI,SF/PF,2000.0,False,True
43589081,150679,1179099,475,6163173,Rickea Jackson,CHI,SF/PF,2000.0,False,True
43589082,150679,1239671,475,6163173,Maddy Westbeld,CHI,SF/PF,2000.0,False,True
43589083,150679,1189694,475,6163173,Haley Jones,DAL,PG/SG,2000.0,False,True
43589084,150679,1646925,475,6163173,Costanza Verona,DAL,PG/SG,2000.0,False,True
43589085,150679,882899,476,6163173,Jessica Shepard,DAL,SF/PF,17700.0,False,True
43589086,150679,1237074,476,6163173,Paige Bueckers,DAL,PG/SG,16800.0,False,True
43589087,150679,1238798,476,6163173,Kamilla Cardoso,CHI,SF/PF,15300.0,False,True
43589088,150679,833156,476,6163173,Azura Stevens,CHI,SF/PF,13500.0,False,True
43589089,150679,1330005,476,6163173,Azzi Fudd,DAL,PG/SG,12300.0,False,True
43589090,150679,572456,476,6163173,Natasha Cloud,CHI,PG/SG,12000.0,False,True
43589091,150679,1282435,476,6163173,Awak Kuier,DAL,SF/PF,10800.0,False,True
43589092,150679,1182914,476,6163173,Sydney Taylor,CHI,PG/SG,10500.0,False,True
43589093,150679,880980,476,6163173,Arike Ogunbowale,DAL,PG/SG,10200.0,False,True
43589094,150679,411926,476,6163173,Courtney Vandersloot,CHI,PG/SG,9600.0,False,True
43589095,150679,1410346,476,6163173,Gabriela Jaquez,CHI,PG/SG,7800.0,False,True
43589096,150679,1178919,476,6163173,Jacy Sheldon,CHI,PG/SG,6900.0,False,True
43589097,150679,619511,476,6163173,Elizabeth Williams,CHI,SF/PF,6300.0,False,True
43589098,150679,883053,476,6163173,Alanna Smith,DAL,SF/PF,5700.0,False,True
43589099,150679,1237366,476,6163173,Aicha Coulibaly,CHI,PG/SG,5400.0,False,True
43589100,150679,1329600,476,6163173,Aziaha James,DAL,PG/SG,4800.0,False,True
43589101,150679,569060,476,6163173,Odyssey Sims,DAL,PG/SG,4200.0,False,True
43589102,150679,620680,476,6163173,Rachel Banham,CHI,PG/SG,3600.0,False,True
43589103,150679,1138386,476,6163173,Maddy Siegrist,DAL,SF/PF,3300.0,False,True
43589104,150679,303756,476,6163173,Alysha Clark,DAL,SF/PF,3000.0,False,True
43589105,150679,924755,476,6163173,Sug Sutton,DAL,PG/SG,3000.0,False,True
43589106,150679,1165550,476,6163173,Li Yueru,DAL,SF/PF,3000.0,False,True
43589107,150679,520283,476,6163173,Skylar Diggins,CHI,PG/SG,13200.0,False,True
43589108,150679,945691,476,6163173,DiJonai Carrington,CHI,PG/SG,7200.0,False,True
43589109,150679,1079911,476,6163173,Chloe Bibby,CHI,SF/PF,3000.0,False,True
43589110,150679,1179099,476,6163173,Rickea Jackson,CHI,SF/PF,3000.0,False,True
43589111,150679,1239671,476,6163173,Maddy Westbeld,CHI,SF/PF,3000.0,False,True
43589112,150679,1189694,476,6163173,Haley Jones,DAL,PG/SG,3000.0,False,True
43589113,150679,1646925,476,6163173,Costanza Verona,DAL,PG/SG,3000.0,False,True
43589114,150680,850200,475,6163174,A'ja Wilson,LVA,SF/PF,13000.0,False,True
43589115,150680,923865,475,6163174,Jackie Young,LVA,PG/SG,11400.0,False,True
43589116,150680,1192647,475,6163174,Aliyah Boston,IND,SF/PF,11200.0,False,True
43589117,150680,839540,475,6163174,Kelsey Mitchell,IND,PG/SG,10400.0,False,True
43589118,150680,573744,475,6163174,Chelsea Gray,LVA,PG/SG,9200.0,False,True
43589119,150680,1125559,475,6163174,NaLyssa Smith,LVA,SF/PF,7200.0,False,True
43589120,150680,849343,475,6163174,Monique Billings,IND,SF/PF,6200.0,False,True
43589121,150680,694553,475,6163174,Jewell Loyd,LVA,PG/SG,6000.0,False,True
43589122,150680,1132742,475,6163174,Lexie Hull,IND,PG/SG,5400.0,False,True
43589123,150680,571423,475,6163174,Cheyenne Parker-Tyus,LVA,SF/PF,5200.0,False,True
43589124,150680,883559,475,6163174,Sophie Cunningham,IND,PG/SG,5000.0,False,True
43589125,150680,946830,475,6163174,Tyasha Harris,IND,PG/SG,4600.0,False,True
43589126,150680,853608,475,6163174,Myisha Hines-Allen,IND,SF/PF,4400.0,False,True
43589127,150680,1338492,475,6163174,Raven Johnson,IND,PG/SG,4200.0,False,True
43589128,150680,923878,475,6163174,Stephanie Talbot,LVA,SF/PF,3600.0,False,True
43589129,150680,1071273,475,6163174,Dana Evans,LVA,PG/SG,3400.0,False,True
43589130,150680,1343042,475,6163174,Makayla Timpson,IND,SF/PF,2800.0,False,True
43589131,150680,1178936,475,6163174,Kierstan Bell,LVA,SF/PF,2600.0,False,True
43589132,150680,832887,475,6163174,Brianna Turner,LVA,SF/PF,2400.0,False,True
43589133,150680,654576,475,6163174,Damiris Dantas,IND,SF/PF,2000.0,False,True
43589134,150680,1408674,475,6163174,Ta'Niya Latson,LVA,PG/SG,2000.0,False,True
43589135,150680,1409724,475,6163174,Grace VanSlooten,IND,SF/PF,2000.0,False,True
43589136,150680,1338491,475,6163174,Bree Hall,IND,PG/SG,2000.0,False,True
43589137,150680,1413148,475,6163174,Justine Pissott,LVA,SF/PF,2000.0,False,True
43589138,150680,1238619,475,6163174,Caitlin Clark,IND,PG/SG,11800.0,False,True
43589139,150680,1416002,475,6163174,Janiah Barker,LVA,SF/PF,2000.0,False,True
43589140,150680,850200,476,6163174,A'ja Wilson,LVA,SF/PF,19500.0,False,True
43589141,150680,923865,476,6163174,Jackie Young,LVA,PG/SG,17100.0,False,True
43589142,150680,1192647,476,6163174,Aliyah Boston,IND,SF/PF,16800.0,False,True
43589143,150680,839540,476,6163174,Kelsey Mitchell,IND,PG/SG,15600.0,False,True
43589144,150680,573744,476,6163174,Chelsea Gray,LVA,PG/SG,13800.0,False,True
43589145,150680,1125559,476,6163174,NaLyssa Smith,LVA,SF/PF,10800.0,False,True
43589146,150680,849343,476,6163174,Monique Billings,IND,SF/PF,9300.0,False,True
43589147,150680,694553,476,6163174,Jewell Loyd,LVA,PG/SG,9000.0,False,True
43589148,150680,1132742,476,6163174,Lexie Hull,IND,PG/SG,8100.0,False,True
43589149,150680,571423,476,6163174,Cheyenne Parker-Tyus,LVA,SF/PF,7800.0,False,True
43589150,150680,883559,476,6163174,Sophie Cunningham,IND,PG/SG,7500.0,False,True
43589151,150680,946830,476,6163174,Tyasha Harris,IND,PG/SG,6900.0,False,True
43589152,150680,853608,476,6163174,Myisha Hines-Allen,IND,SF/PF,6600.0,False,True
43589153,150680,1338492,476,6163174,Raven Johnson,IND,PG/SG,6300.0,False,True
43589154,150680,923878,476,6163174,Stephanie Talbot,LVA,SF/PF,5400.0,False,True
43589155,150680,1071273,476,6163174,Dana Evans,LVA,PG/SG,5100.0,False,True
43589156,150680,1343042,476,6163174,Makayla Timpson,IND,SF/PF,4200.0,False,True
43589157,150680,1178936,476,6163174,Kierstan Bell,LVA,SF/PF,3900.0,False,True
43589158,150680,832887,476,6163174,Brianna Turner,LVA,SF/PF,3600.0,False,True
43589159,150680,654576,476,6163174,Damiris Dantas,IND,SF/PF,3000.0,False,True
43589160,150680,1408674,476,6163174,Ta'Niya Latson,LVA,PG/SG,3000.0,False,True
43589161,150680,1409724,476,6163174,Grace VanSlooten,IND,SF/PF,3000.0,False,True
43589162,150680,1338491,476,6163174,Bree Hall,IND,PG/SG,3000.0,False,True
43589163,150680,1413148,476,6163174,Justine Pissott,LVA,SF/PF,3000.0,False,True
43589164,150680,1238619,476,6163174,Caitlin Clark,IND,PG/SG,17700.0,False,True
43589165,150680,1416002,476,6163174,Janiah Barker,LVA,SF/PF,3000.0,False,True
43590821,150647,1482282,498,6198122,Yaxel Lendeborg,GS,SF,9000.0,False,True
43590822,150647,1482282,501,6198122,Yaxel Lendeborg,GS,SF,9000.0,False,True
43590823,150647,1482282,503,6198122,Yaxel Lendeborg,GS,SF,9000.0,False,True
43590824,150647,1480184,500,6198122,Aday Mara,OKC,C,8900.0,False,True
43590825,150647,1480184,503,6198122,Aday Mara,OKC,C,8900.0,False,True
43590826,150647,1522910,498,6198121,Liam McNeeley,CHA,SF,8700.0,False,True
43590827,150647,1522910,501,6198121,Liam McNeeley,CHA,SF,8700.0,False,True
43590828,150647,1522910,503,6198121,Liam McNeeley,CHA,SF,8700.0,False,True
43590829,150647,1236052,500,6198121,Ryan Kalkbrenner,CHA,C,8900.0,False,True
43590830,150647,1236052,503,6198121,Ryan Kalkbrenner,CHA,C,8900.0,False,True
43590831,150647,1405622,499,6198119,Rasheer Fleming,PHO,PF,8400.0,False,True
43590832,150647,1405622,501,6198119,Rasheer Fleming,PHO,PF,8400.0,False,True
43590833,150647,1405622,503,6198119,Rasheer Fleming,PHO,PF,8400.0,False,True
43590834,150647,1590553,498,6198121,Hugo Gonzalez,BOS,SF,8200.0,False,True
43590835,150647,1590553,501,6198121,Hugo Gonzalez,BOS,SF,8200.0,False,True
43590836,150647,1590553,503,6198121,Hugo Gonzalez,BOS,SF,8200.0,False,True
43590837,150647,1465506,500,6198119,Khaman Maluach,PHO,C,8000.0,False,True
43590838,150647,1465506,503,6198119,Khaman Maluach,PHO,C,8000.0,False,True
43590839,150647,1610167,499,6198119,Koa Peat,PHO,PF,7900.0,False,True
43590840,150647,1610167,501,6198119,Koa Peat,PHO,PF,7900.0,False,True
43590841,150647,1610167,503,6198119,Koa Peat,PHO,PF,7900.0,False,True
43590842,150647,1596690,499,6198121,Hannes Steinbach,CHA,PF,7800.0,False,True
43590843,150647,1596690,501,6198121,Hannes Steinbach,CHA,PF,7800.0,False,True
43590844,150647,1596690,503,6198121,Hannes Steinbach,CHA,PF,7800.0,False,True
43590845,150647,1532771,496,6198122,Bennett Stirtz,OKC,PG,7900.0,False,True
43590846,150647,1532771,502,6198122,Bennett Stirtz,OKC,PG,7900.0,False,True
43590847,150647,1532771,503,6198122,Bennett Stirtz,OKC,PG,7900.0,False,True
43590848,150647,1415915,498,6198122,Lachlan Olbrich,GS,SF/PF,7900.0,False,True
43590849,150647,1415915,499,6198122,Lachlan Olbrich,GS,SF/PF,7900.0,False,True
43590850,150647,1415915,501,6198122,Lachlan Olbrich,GS,SF/PF,7900.0,False,True
43590851,150647,1415915,503,6198122,Lachlan Olbrich,GS,SF/PF,7900.0,False,True
43590852,150647,1403628,499,6198120,Nae'Qwan Tomlin,CLE,PF,7600.0,False,True
43590853,150647,1403628,501,6198120,Nae'Qwan Tomlin,CLE,PF,7600.0,False,True
43590854,150647,1403628,503,6198120,Nae'Qwan Tomlin,CLE,PF,7600.0,False,True
43590855,150647,1232028,500,6198121,Amari Williams,BOS,C,7700.0,False,True
43590856,150647,1232028,503,6198121,Amari Williams,BOS,C,7700.0,False,True
43590857,150647,1231970,497,6198122,Max Shulga,GS,SG,7500.0,False,True
43590858,150647,1231970,502,6198122,Max Shulga,GS,SG,7500.0,False,True
43590859,150647,1231970,503,6198122,Max Shulga,GS,SG,7500.0,False,True
43590860,150647,1324350,496,6198119,Kobe Bufkin,NO,PG/SG,7600.0,False,True
43590861,150647,1324350,497,6198119,Kobe Bufkin,NO,PG/SG,7600.0,False,True
43590862,150647,1324350,502,6198119,Kobe Bufkin,NO,PG/SG,7600.0,False,True
43590863,150647,1324350,503,6198119,Kobe Bufkin,NO,PG/SG,7600.0,False,True
43590864,150647,1504463,499,6198121,Tidjane Salaun,CHA,PF,7100.0,False,True
43590865,150647,1504463,501,6198121,Tidjane Salaun,CHA,PF,7100.0,False,True
43590866,150647,1504463,503,6198121,Tidjane Salaun,CHA,PF,7100.0,False,True
43590867,150647,1176674,497,6198121,John Tonje,BOS,SG,7000.0,False,True
43590868,150647,1176674,502,6198121,John Tonje,BOS,SG,7000.0,False,True
43590869,150647,1176674,503,6198121,John Tonje,BOS,SG,7000.0,False,True
43590870,150647,1403624,498,6198120,Isaac Jones,DET,SF/PF,7300.0,False,True
43590871,150647,1403624,499,6198120,Isaac Jones,DET,SF/PF,7300.0,False,True
43590872,150647,1403624,501,6198120,Isaac Jones,DET,SF/PF,7300.0,False,True
43590873,150647,1403624,503,6198120,Isaac Jones,DET,SF/PF,7300.0,False,True
43590874,150647,1232015,500,6198119,Hunter Dickinson,NO,C,7400.0,False,True
43590875,150647,1232015,503,6198119,Hunter Dickinson,NO,C,7400.0,False,True
43590876,150647,1241591,497,6198119,Micah Peavy,NO,SG/SF,7100.0,False,True
43590877,150647,1241591,498,6198119,Micah Peavy,NO,SG/SF,7100.0,False,True
43590878,150647,1241591,502,6198119,Micah Peavy,NO,SG/SF,7100.0,False,True
43590879,150647,1241591,501,6198119,Micah Peavy,NO,SG/SF,7100.0,False,True
43590880,150647,1241591,503,6198119,Micah Peavy,NO,SG/SF,7100.0,False,True
43590881,150647,1231798,497,6198122,Colby Jones,GS,SG,6800.0,False,True
43590882,150647,1231798,502,6198122,Colby Jones,GS,SG,6800.0,False,True
43590883,150647,1231798,503,6198122,Colby Jones,GS,SG,6800.0,False,True
43590884,150647,1232481,497,6198120,Chaz Lanier,DET,SG,6900.0,False,True
43590885,150647,1232481,502,6198120,Chaz Lanier,DET,SG,6900.0,False,True
43590886,150647,1232481,503,6198120,Chaz Lanier,DET,SG,6900.0,False,True
43590887,150647,1482016,498,6198120,Riley Minix,CLE,SF,6800.0,False,True
43590888,150647,1482016,501,6198120,Riley Minix,CLE,SF,6800.0,False,True
43590889,150647,1482016,503,6198120,Riley Minix,CLE,SF,6800.0,False,True
43590890,150647,1243633,497,6198119,Koby Brea,PHO,SG,6800.0,False,True
43590891,150647,1243633,502,6198119,Koby Brea,PHO,SG,6800.0,False,True
43590892,150647,1243633,503,6198119,Koby Brea,PHO,SG,6800.0,False,True
43590893,150647,1324660,496,6198122,Brooks Barnhizer,OKC,PG/SG,6500.0,False,True
43590894,150647,1324660,497,6198122,Brooks Barnhizer,OKC,PG/SG,6500.0,False,True
43590895,150647,1324660,502,6198122,Brooks Barnhizer,OKC,PG/SG,6500.0,False,True
43590896,150647,1324660,503,6198122,Brooks Barnhizer,OKC,PG/SG,6500.0,False,True
43590897,150647,1323578,497,6198122,Will Richard,GS,SG,6600.0,False,True
43590898,150647,1323578,502,6198122,Will Richard,GS,SG,6600.0,False,True
43590899,150647,1323578,503,6198122,Will Richard,GS,SG,6600.0,False,True
43590900,150647,1325163,496,6198120,Malaki Branham,CLE,PG/SG,6200.0,False,True
43590901,150647,1325163,497,6198120,Malaki Branham,CLE,PG/SG,6200.0,False,True
43590902,150647,1325163,502,6198120,Malaki Branham,CLE,PG/SG,6200.0,False,True
43590903,150647,1325163,503,6198120,Malaki Branham,CLE,PG/SG,6200.0,False,True
43590904,150647,1345014,498,6198122,Malevy Leons,GS,SF/PF,6000.0,False,True
43590905,150647,1345014,499,6198122,Malevy Leons,GS,SF/PF,6000.0,False,True
43590906,150647,1345014,501,6198122,Malevy Leons,GS,SF/PF,6000.0,False,True
43590907,150647,1345014,503,6198122,Malevy Leons,GS,SF/PF,6000.0,False,True
43590908,150647,1323685,496,6198121,Curtis Jones,BOS,PG/SG,5900.0,False,True
43590909,150647,1323685,497,6198121,Curtis Jones,BOS,PG/SG,5900.0,False,True
43590910,150647,1323685,502,6198121,Curtis Jones,BOS,PG/SG,5900.0,False,True
43590911,150647,1323685,503,6198121,Curtis Jones,BOS,PG/SG,5900.0,False,True
43590912,150647,1231292,499,6198119,CJ Huntley,PHO,PF,6500.0,False,True
43590913,150647,1231292,501,6198119,CJ Huntley,PHO,PF,6500.0,False,True
43590914,150647,1231292,503,6198119,CJ Huntley,PHO,PF,6500.0,False,True
43590915,150647,1249996,496,6198122,L.J. Cryer,GS,PG/SG,5700.0,False,True
43590916,150647,1249996,497,6198122,L.J. Cryer,GS,PG/SG,5700.0,False,True
43590917,150647,1249996,502,6198122,L.J. Cryer,GS,PG/SG,5700.0,False,True
43590918,150647,1249996,503,6198122,L.J. Cryer,GS,PG/SG,5700.0,False,True
43590919,150647,1420535,498,6198122,Lajae Jones,GS,SF,5400.0,False,True
43590920,150647,1420535,501,6198122,Lajae Jones,GS,SF,5400.0,False,True
43590921,150647,1420535,503,6198122,Lajae Jones,GS,SF,5400.0,False,True
43590922,150647,1405416,496,6198122,Otega Oweh,OKC,PG/SG,6200.0,False,True
43590923,150647,1405416,497,6198122,Otega Oweh,OKC,PG/SG,6200.0,False,True
43590924,150647,1405416,502,6198122,Otega Oweh,OKC,PG/SG,6200.0,False,True
43590925,150647,1405416,503,6198122,Otega Oweh,OKC,PG/SG,6200.0,False,True
43590926,150647,1324180,498,6198122,Payton Sandfort,OKC,SF/PF,6000.0,False,True
43590927,150647,1324180,499,6198122,Payton Sandfort,OKC,SF/PF,6000.0,False,True
43590928,150647,1324180,501,6198122,Payton Sandfort,OKC,SF/PF,6000.0,False,True
43590929,150647,1324180,503,6198122,Payton Sandfort,OKC,SF/PF,6000.0,False,True
43590930,150647,1408158,498,6198121,Dillon Mitchell,BOS,SF,5500.0,False,True
43590931,150647,1408158,501,6198121,Dillon Mitchell,BOS,SF,5500.0,False,True
43590932,150647,1408158,503,6198121,Dillon Mitchell,BOS,SF,5500.0,False,True
43590933,150647,1593958,500,6198121,Chris Cenac Jr.,BOS,C,5400.0,False,True
43590934,150647,1593958,503,6198121,Chris Cenac Jr.,BOS,C,5400.0,False,True
43590935,150647,1593398,496,6198120,Ebuka Okorie,DET,PG,5800.0,False,True
43590936,150647,1593398,502,6198120,Ebuka Okorie,DET,PG,5800.0,False,True
43590937,150647,1593398,503,6198120,Ebuka Okorie,DET,PG,5800.0,False,True
43590938,150647,1409675,500,6198120,Ugonna Onyenso,DET,C,5600.0,False,True
43590939,150647,1409675,503,6198120,Ugonna Onyenso,DET,C,5600.0,False,True
43590940,150647,1522597,496,6198121,Christian Anderson,CHA,PG,5300.0,False,True
43590941,150647,1522597,502,6198121,Christian Anderson,CHA,PG,5300.0,False,True
43590942,150647,1522597,503,6198121,Christian Anderson,CHA,PG,5300.0,False,True
43590943,150647,1243588,497,6198119,Jaron Pierre Jr.,NO,SG,5800.0,False,True
43590944,150647,1243588,502,6198119,Jaron Pierre Jr.,NO,SG,5800.0,False,True
43590945,150647,1243588,503,6198119,Jaron Pierre Jr.,NO,SG,5800.0,False,True
43590946,150647,1591014,497,6198120,Meleek Thomas,CLE,SG,5700.0,False,True
43590947,150647,1591014,502,6198120,Meleek Thomas,CLE,SG,5700.0,False,True
43590948,150647,1591014,503,6198120,Meleek Thomas,CLE,SG,5700.0,False,True
43590949,150647,1174887,499,6198120,Tristan Enaruna,CLE,PF,5400.0,False,True
43590950,150647,1174887,501,6198120,Tristan Enaruna,CLE,PF,5400.0,False,True
43590951,150647,1174887,503,6198120,Tristan Enaruna,CLE,PF,5400.0,False,True
43590952,150647,1176279,496,6198120,Brice Williams,DET,PG/SG,5200.0,False,True
43590953,150647,1176279,497,6198120,Brice Williams,DET,PG/SG,5200.0,False,True
43590954,150647,1176279,502,6198120,Brice Williams,DET,PG/SG,5200.0,False,True
43590955,150647,1176279,503,6198120,Brice Williams,DET,PG/SG,5200.0,False,True
43590956,150647,1406012,498,6198119,Malik Dia,NO,SF/PF,4900.0,False,True
43590957,150647,1406012,499,6198119,Malik Dia,NO,SF/PF,4900.0,False,True
43590958,150647,1406012,501,6198119,Malik Dia,NO,SF/PF,4900.0,False,True
43590959,150647,1406012,503,6198119,Malik Dia,NO,SF/PF,4900.0,False,True
43590960,150647,1232533,498,6198121,Cameron Matthews,CHA,SF/PF,5100.0,False,True
43590961,150647,1232533,499,6198121,Cameron Matthews,CHA,SF/PF,5100.0,False,True
43590962,150647,1232533,501,6198121,Cameron Matthews,CHA,SF/PF,5100.0,False,True
43590963,150647,1232533,503,6198121,Cameron Matthews,CHA,SF/PF,5100.0,False,True
43590964,150647,1174919,498,6198119,Josh Oduro,NO,SF/PF,5500.0,False,True
43590965,150647,1174919,499,6198119,Josh Oduro,NO,SF/PF,5500.0,False,True
43590966,150647,1174919,501,6198119,Josh Oduro,NO,SF/PF,5500.0,False,True
43590967,150647,1174919,503,6198119,Josh Oduro,NO,SF/PF,5500.0,False,True
43590968,150647,1136746,496,6198119,Darius Brown II,PHO,PG/SG,5500.0,False,True
43590969,150647,1136746,497,6198119,Darius Brown II,PHO,PG/SG,5500.0,False,True
43590970,150647,1136746,502,6198119,Darius Brown II,PHO,PG/SG,5500.0,False,True
43590971,150647,1136746,503,6198119,Darius Brown II,PHO,PG/SG,5500.0,False,True
43590972,150647,1092124,498,6198119,Javonte Cooke,PHO,SF,5300.0,False,True
43590973,150647,1092124,501,6198119,Javonte Cooke,PHO,SF,5300.0,False,True
43590974,150647,1092124,503,6198119,Javonte Cooke,PHO,SF,5300.0,False,True
43590975,150647,1193119,496,6198121,Alondes Williams,BOS,PG/SG,5100.0,False,True
43590976,150647,1193119,497,6198121,Alondes Williams,BOS,PG/SG,5100.0,False,True
43590977,150647,1193119,502,6198121,Alondes Williams,BOS,PG/SG,5100.0,False,True
43590978,150647,1193119,503,6198121,Alondes Williams,BOS,PG/SG,5100.0,False,True
43590979,150647,1140338,496,6198122,Buddy Boeheim,OKC,PG/SG,5500.0,False,True
43590980,150647,1140338,497,6198122,Buddy Boeheim,OKC,PG/SG,5500.0,False,True
43590981,150647,1140338,502,6198122,Buddy Boeheim,OKC,PG/SG,5500.0,False,True
43590982,150647,1140338,503,6198122,Buddy Boeheim,OKC,PG/SG,5500.0,False,True
43590983,150647,1482051,499,6198121,Michael Ajayi,CHA,PF,5500.0,False,True
43590984,150647,1482051,501,6198121,Michael Ajayi,CHA,PF,5500.0,False,True
43590985,150647,1482051,503,6198121,Michael Ajayi,CHA,PF,5500.0,False,True
43590986,150647,1413172,496,6198121,Kylan Boswell,CHA,PG,5200.0,False,True
43590987,150647,1413172,502,6198121,Kylan Boswell,CHA,PG,5200.0,False,True
43590988,150647,1413172,503,6198121,Kylan Boswell,CHA,PG,5200.0,False,True
43590989,150647,1416381,500,6198120,Ernest Udeh Jr.,CLE,C,5300.0,False,True
43590990,150647,1416381,503,6198120,Ernest Udeh Jr.,CLE,C,5300.0,False,True
43590991,150647,1402843,496,6198122,Josh Dix,OKC,PG/SG,5400.0,False,True
43590992,150647,1402843,497,6198122,Josh Dix,OKC,PG/SG,5400.0,False,True
43590993,150647,1402843,502,6198122,Josh Dix,OKC,PG/SG,5400.0,False,True
43590994,150647,1402843,503,6198122,Josh Dix,OKC,PG/SG,5400.0,False,True
43590995,150647,1132310,496,6198120,Dane Goodwin,CLE,PG/SG,5000.0,False,True
43590996,150647,1132310,497,6198120,Dane Goodwin,CLE,PG/SG,5000.0,False,True
43590997,150647,1132310,502,6198120,Dane Goodwin,CLE,PG/SG,5000.0,False,True
43590998,150647,1132310,503,6198120,Dane Goodwin,CLE,PG/SG,5000.0,False,True
43590999,150647,1136245,496,6198119,Markquis Nowell,NO,PG/SG,5300.0,False,True
43591000,150647,1136245,497,6198119,Markquis Nowell,NO,PG/SG,5300.0,False,True
43591001,150647,1136245,502,6198119,Markquis Nowell,NO,PG/SG,5300.0,False,True
43591002,150647,1136245,503,6198119,Markquis Nowell,NO,PG/SG,5300.0,False,True
43591003,150647,1136168,500,6198119,Jake Stephens,PHO,C,5200.0,False,True
43591004,150647,1136168,503,6198119,Jake Stephens,PHO,C,5200.0,False,True
43591005,150647,1502252,497,6198121,Kyle Mangas,BOS,SG,5200.0,False,True
43591006,150647,1502252,502,6198121,Kyle Mangas,BOS,SG,5200.0,False,True
43591007,150647,1502252,503,6198121,Kyle Mangas,BOS,SG,5200.0,False,True
43591008,150647,1427204,499,6198122,Alex Toohey,GS,PF,4800.0,False,True
43591009,150647,1427204,501,6198122,Alex Toohey,GS,PF,4800.0,False,True
43591010,150647,1427204,503,6198122,Alex Toohey,GS,PF,4800.0,False,True
43591011,150647,1174936,496,6198119,Jameer Nelson Jr.,PHO,PG/SG,4800.0,False,True
43591012,150647,1174936,497,6198119,Jameer Nelson Jr.,PHO,PG/SG,4800.0,False,True
43591013,150647,1174936,502,6198119,Jameer Nelson Jr.,PHO,PG/SG,4800.0,False,True
43591014,150647,1174936,503,6198119,Jameer Nelson Jr.,PHO,PG/SG,4800.0,False,True
43591015,150647,1401727,498,6198119,Reed Bailey,PHO,SF/PF,4600.0,False,True
43591016,150647,1401727,499,6198119,Reed Bailey,PHO,SF/PF,4600.0,False,True
43591017,150647,1401727,501,6198119,Reed Bailey,PHO,SF/PF,4600.0,False,True
43591018,150647,1401727,503,6198119,Reed Bailey,PHO,SF/PF,4600.0,False,True
43591019,150647,1324325,496,6198119,Sam Hoiberg,PHO,PG/SG,4500.0,False,True
43591020,150647,1324325,497,6198119,Sam Hoiberg,PHO,PG/SG,4500.0,False,True
43591021,150647,1324325,502,6198119,Sam Hoiberg,PHO,PG/SG,4500.0,False,True
43591022,150647,1324325,503,6198119,Sam Hoiberg,PHO,PG/SG,4500.0,False,True
43591023,150647,1231799,496,6198119,Tramon Mark,PHO,PG/SG,4400.0,False,True
43591024,150647,1231799,497,6198119,Tramon Mark,PHO,PG/SG,4400.0,False,True
43591025,150647,1231799,502,6198119,Tramon Mark,PHO,PG/SG,4400.0,False,True
43591026,150647,1231799,503,6198119,Tramon Mark,PHO,PG/SG,4400.0,False,True
43591027,150647,1405733,498,6198119,Barry Evans,PHO,SF/PF,4300.0,False,True
43591028,150647,1405733,499,6198119,Barry Evans,PHO,SF/PF,4300.0,False,True
43591029,150647,1405733,501,6198119,Barry Evans,PHO,SF/PF,4300.0,False,True
43591030,150647,1405733,503,6198119,Barry Evans,PHO,SF/PF,4300.0,False,True
43591031,150647,1482255,496,6198119,Corey Camper Jr.,PHO,PG/SG,4100.0,False,True
43591032,150647,1482255,497,6198119,Corey Camper Jr.,PHO,PG/SG,4100.0,False,True
43591033,150647,1482255,502,6198119,Corey Camper Jr.,PHO,PG/SG,4100.0,False,True
43591034,150647,1482255,503,6198119,Corey Camper Jr.,PHO,PG/SG,4100.0,False,True
43591035,150647,1245902,496,6198119,Devin Askew,PHO,PG/SG,4000.0,False,True
43591036,150647,1245902,497,6198119,Devin Askew,PHO,PG/SG,4000.0,False,True
43591037,150647,1245902,502,6198119,Devin Askew,PHO,PG/SG,4000.0,False,True
43591038,150647,1245902,503,6198119,Devin Askew,PHO,PG/SG,4000.0,False,True
43591039,150647,1232467,498,6198119,Christian Shumate,NO,SF/PF,5200.0,False,True
43591040,150647,1232467,499,6198119,Christian Shumate,NO,SF/PF,5200.0,False,True
43591041,150647,1232467,501,6198119,Christian Shumate,NO,SF/PF,5200.0,False,True
43591042,150647,1232467,503,6198119,Christian Shumate,NO,SF/PF,5200.0,False,True
43591043,150647,1488649,496,6198119,Dominique Daniels Jr.,NO,PG/SG,4800.0,False,True
43591044,150647,1488649,497,6198119,Dominique Daniels Jr.,NO,PG/SG,4800.0,False,True
43591045,150647,1488649,502,6198119,Dominique Daniels Jr.,NO,PG/SG,4800.0,False,True
43591046,150647,1488649,503,6198119,Dominique Daniels Jr.,NO,PG/SG,4800.0,False,True
43591047,150647,1234921,498,6198119,Johnny O'Neil,NO,SF/PF,4700.0,False,True
43591048,150647,1234921,499,6198119,Johnny O'Neil,NO,SF/PF,4700.0,False,True
43591049,150647,1234921,501,6198119,Johnny O'Neil,NO,SF/PF,4700.0,False,True
43591050,150647,1234921,503,6198119,Johnny O'Neil,NO,SF/PF,4700.0,False,True
43591051,150647,1413227,498,6198119,Solomon Washington,NO,SF/PF,4600.0,False,True
43591052,150647,1413227,499,6198119,Solomon Washington,NO,SF/PF,4600.0,False,True
43591053,150647,1413227,501,6198119,Solomon Washington,NO,SF/PF,4600.0,False,True
43591054,150647,1413227,503,6198119,Solomon Washington,NO,SF/PF,4600.0,False,True
43591055,150647,1482306,496,6198119,Melvin Council Jr.,NO,PG/SG,4500.0,False,True
43591056,150647,1482306,497,6198119,Melvin Council Jr.,NO,PG/SG,4500.0,False,True
43591057,150647,1482306,502,6198119,Melvin Council Jr.,NO,PG/SG,4500.0,False,True
43591058,150647,1482306,503,6198119,Melvin Council Jr.,NO,PG/SG,4500.0,False,True
43591059,150647,1408133,498,6198119,Chris Bell,NO,SF/PF,4300.0,False,True
43591060,150647,1408133,499,6198119,Chris Bell,NO,SF/PF,4300.0,False,True
43591061,150647,1408133,501,6198119,Chris Bell,NO,SF/PF,4300.0,False,True
43591062,150647,1408133,503,6198119,Chris Bell,NO,SF/PF,4300.0,False,True
43591063,150647,1324020,498,6198119,Jalon Moore,NO,SF/PF,4200.0,False,True
43591064,150647,1324020,499,6198119,Jalon Moore,NO,SF/PF,4200.0,False,True
43591065,150647,1324020,501,6198119,Jalon Moore,NO,SF/PF,4200.0,False,True
43591066,150647,1324020,503,6198119,Jalon Moore,NO,SF/PF,4200.0,False,True
43591067,150647,1134731,498,6198119,Nathan Mensah,NO,SF/PF,4000.0,False,True
43591068,150647,1134731,499,6198119,Nathan Mensah,NO,SF/PF,4000.0,False,True
43591069,150647,1134731,501,6198119,Nathan Mensah,NO,SF/PF,4000.0,False,True
43591070,150647,1134731,503,6198119,Nathan Mensah,NO,SF/PF,4000.0,False,True
43591071,150647,1231948,496,6198120,Ian Martinez,CLE,PG/SG,4900.0,False,True
43591072,150647,1231948,497,6198120,Ian Martinez,CLE,PG/SG,4900.0,False,True
43591073,150647,1231948,502,6198120,Ian Martinez,CLE,PG/SG,4900.0,False,True
43591074,150647,1231948,503,6198120,Ian Martinez,CLE,PG/SG,4900.0,False,True
43591075,150647,1193615,498,6198120,Rashaun Agee,CLE,SF/PF,4800.0,False,True
43591076,150647,1193615,499,6198120,Rashaun Agee,CLE,SF/PF,4800.0,False,True
43591077,150647,1193615,501,6198120,Rashaun Agee,CLE,SF/PF,4800.0,False,True
43591078,150647,1193615,503,6198120,Rashaun Agee,CLE,SF/PF,4800.0,False,True
43591079,150647,1481251,498,6198120,Tre'Von Spillers,CLE,SF/PF,4600.0,False,True
43591080,150647,1481251,499,6198120,Tre'Von Spillers,CLE,SF/PF,4600.0,False,True
43591081,150647,1481251,501,6198120,Tre'Von Spillers,CLE,SF/PF,4600.0,False,True
43591082,150647,1481251,503,6198120,Tre'Von Spillers,CLE,SF/PF,4600.0,False,True
43591083,150647,1420694,496,6198120,Xaivian Lee,CLE,PG/SG,4400.0,False,True
43591084,150647,1420694,497,6198120,Xaivian Lee,CLE,PG/SG,4400.0,False,True
43591085,150647,1420694,502,6198120,Xaivian Lee,CLE,PG/SG,4400.0,False,True
43591086,150647,1420694,503,6198120,Xaivian Lee,CLE,PG/SG,4400.0,False,True
43591087,150647,1175017,496,6198120,Sean East II,CLE,PG/SG,4200.0,False,True
43591088,150647,1175017,497,6198120,Sean East II,CLE,PG/SG,4200.0,False,True
43591089,150647,1175017,502,6198120,Sean East II,CLE,PG/SG,4200.0,False,True
43591090,150647,1175017,503,6198120,Sean East II,CLE,PG/SG,4200.0,False,True
43591091,150647,1251673,496,6198120,Jaxson Robinson,CLE,PG/SG,4000.0,False,True
43591092,150647,1251673,497,6198120,Jaxson Robinson,CLE,PG/SG,4000.0,False,True
43591093,150647,1251673,502,6198120,Jaxson Robinson,CLE,PG/SG,4000.0,False,True
43591094,150647,1251673,503,6198120,Jaxson Robinson,CLE,PG/SG,4000.0,False,True
43591095,150647,1408253,496,6198120,Roddy Gayle Jr.,DET,PG/SG,4800.0,False,True
43591096,150647,1408253,497,6198120,Roddy Gayle Jr.,DET,PG/SG,4800.0,False,True
43591097,150647,1408253,502,6198120,Roddy Gayle Jr.,DET,PG/SG,4800.0,False,True
43591098,150647,1408253,503,6198120,Roddy Gayle Jr.,DET,PG/SG,4800.0,False,True
43591099,150647,1340722,498,6198120,Basheer Jihad,DET,SF/PF,4700.0,False,True
43591100,150647,1340722,499,6198120,Basheer Jihad,DET,SF/PF,4700.0,False,True
43591101,150647,1340722,501,6198120,Basheer Jihad,DET,SF/PF,4700.0,False,True
43591102,150647,1340722,503,6198120,Basheer Jihad,DET,SF/PF,4700.0,False,True
43591103,150647,1406802,496,6198120,Drake Allen,DET,PG/SG,4600.0,False,True
43591104,150647,1406802,497,6198120,Drake Allen,DET,PG/SG,4600.0,False,True
43591105,150647,1406802,502,6198120,Drake Allen,DET,PG/SG,4600.0,False,True
43591106,150647,1406802,503,6198120,Drake Allen,DET,PG/SG,4600.0,False,True
43591107,150647,1490077,498,6198120,Latavious Mitchell,DET,SF/PF,4400.0,False,True
43591108,150647,1490077,499,6198120,Latavious Mitchell,DET,SF/PF,4400.0,False,True
43591109,150647,1490077,501,6198120,Latavious Mitchell,DET,SF/PF,4400.0,False,True
43591110,150647,1490077,503,6198120,Latavious Mitchell,DET,SF/PF,4400.0,False,True
43591111,150647,1404043,496,6198120,Jaden Henley,DET,PG/SG,4300.0,False,True
43591112,150647,1404043,497,6198120,Jaden Henley,DET,PG/SG,4300.0,False,True
43591113,150647,1404043,502,6198120,Jaden Henley,DET,PG/SG,4300.0,False,True
43591114,150647,1404043,503,6198120,Jaden Henley,DET,PG/SG,4300.0,False,True
43591115,150647,1560464,496,6198120,Orlando Thomas,DET,PG/SG,4200.0,False,True
43591116,150647,1560464,497,6198120,Orlando Thomas,DET,PG/SG,4200.0,False,True
43591117,150647,1560464,502,6198120,Orlando Thomas,DET,PG/SG,4200.0,False,True
43591118,150647,1560464,503,6198120,Orlando Thomas,DET,PG/SG,4200.0,False,True
43591119,150647,1481234,497,6198120,Corey Stephenson,DET,SG/SF,4100.0,False,True
43591120,150647,1481234,498,6198120,Corey Stephenson,DET,SG/SF,4100.0,False,True
43591121,150647,1481234,502,6198120,Corey Stephenson,DET,SG/SF,4100.0,False,True
43591122,150647,1481234,501,6198120,Corey Stephenson,DET,SG/SF,4100.0,False,True
43591123,150647,1481234,503,6198120,Corey Stephenson,DET,SG/SF,4100.0,False,True
43591124,150647,1231555,498,6198120,Steven Crowl,DET,SF/PF,4000.0,False,True
43591125,150647,1231555,499,6198120,Steven Crowl,DET,SF/PF,4000.0,False,True
43591126,150647,1231555,501,6198120,Steven Crowl,DET,SF/PF,4000.0,False,True
43591127,150647,1231555,503,6198120,Steven Crowl,DET,SF/PF,4000.0,False,True
43591128,150647,1343680,498,6198121,Wyatt Fricks,CHA,SF/PF,4000.0,False,True
43591129,150647,1343680,499,6198121,Wyatt Fricks,CHA,SF/PF,4000.0,False,True
43591130,150647,1343680,501,6198121,Wyatt Fricks,CHA,SF/PF,4000.0,False,True
43591131,150647,1343680,503,6198121,Wyatt Fricks,CHA,SF/PF,4000.0,False,True
43591132,150647,1190373,498,6198121,Josiah Allick,CHA,SF/PF,4700.0,False,True
43591133,150647,1190373,499,6198121,Josiah Allick,CHA,SF/PF,4700.0,False,True
43591134,150647,1190373,501,6198121,Josiah Allick,CHA,SF/PF,4700.0,False,True
43591135,150647,1190373,503,6198121,Josiah Allick,CHA,SF/PF,4700.0,False,True
43591136,150647,1232079,496,6198121,Latrell Wrightsell Jr.,CHA,PG/SG,4500.0,False,True
43591137,150647,1232079,497,6198121,Latrell Wrightsell Jr.,CHA,PG/SG,4500.0,False,True
43591138,150647,1232079,502,6198121,Latrell Wrightsell Jr.,CHA,PG/SG,4500.0,False,True
43591139,150647,1232079,503,6198121,Latrell Wrightsell Jr.,CHA,PG/SG,4500.0,False,True
43591140,150647,1401767,496,6198121,Max Mackinnon,CHA,PG/SG,4400.0,False,True
43591141,150647,1401767,497,6198121,Max Mackinnon,CHA,PG/SG,4400.0,False,True
43591142,150647,1401767,502,6198121,Max Mackinnon,CHA,PG/SG,4400.0,False,True
43591143,150647,1401767,503,6198121,Max Mackinnon,CHA,PG/SG,4400.0,False,True
43591144,150647,1145994,496,6198121,Terrell Brown Jr.,CHA,PG/SG,4200.0,False,True
43591145,150647,1145994,497,6198121,Terrell Brown Jr.,CHA,PG/SG,4200.0,False,True
43591146,150647,1145994,502,6198121,Terrell Brown Jr.,CHA,PG/SG,4200.0,False,True
43591147,150647,1145994,503,6198121,Terrell Brown Jr.,CHA,PG/SG,4200.0,False,True
43591148,150647,956565,499,6198121,James Banks III,CHA,PF/C,4000.0,False,True
43591149,150647,956565,500,6198121,James Banks III,CHA,PF/C,4000.0,False,True
43591150,150647,956565,501,6198121,James Banks III,CHA,PF/C,4000.0,False,True
43591151,150647,956565,503,6198121,James Banks III,CHA,PF/C,4000.0,False,True
43591152,150647,1340218,498,6198121,Tucker DeVries,BOS,SF/PF,4700.0,False,True
43591153,150647,1340218,499,6198121,Tucker DeVries,BOS,SF/PF,4700.0,False,True
43591154,150647,1340218,501,6198121,Tucker DeVries,BOS,SF/PF,4700.0,False,True
43591155,150647,1340218,503,6198121,Tucker DeVries,BOS,SF/PF,4700.0,False,True
43591156,150647,1401533,498,6198121,Chauncey Wiggins,BOS,SF/PF,4600.0,False,True
43591157,150647,1401533,499,6198121,Chauncey Wiggins,BOS,SF/PF,4600.0,False,True
43591158,150647,1401533,501,6198121,Chauncey Wiggins,BOS,SF/PF,4600.0,False,True
43591159,150647,1401533,503,6198121,Chauncey Wiggins,BOS,SF/PF,4600.0,False,True
43591160,150647,1405418,496,6198121,Milos Uzan,BOS,PG/SG,4500.0,False,True
43591161,150647,1405418,497,6198121,Milos Uzan,BOS,PG/SG,4500.0,False,True
43591162,150647,1405418,502,6198121,Milos Uzan,BOS,PG/SG,4500.0,False,True
43591163,150647,1405418,503,6198121,Milos Uzan,BOS,PG/SG,4500.0,False,True
43591164,150647,1236723,498,6198121,Nick Pringle,BOS,SF/PF,4400.0,False,True
43591165,150647,1236723,499,6198121,Nick Pringle,BOS,SF/PF,4400.0,False,True
43591166,150647,1236723,501,6198121,Nick Pringle,BOS,SF/PF,4400.0,False,True
43591167,150647,1236723,503,6198121,Nick Pringle,BOS,SF/PF,4400.0,False,True
43591168,150647,1475191,496,6198121,Day Day Thomas,BOS,PG/SG,4300.0,False,True
43591169,150647,1475191,497,6198121,Day Day Thomas,BOS,PG/SG,4300.0,False,True
43591170,150647,1475191,502,6198121,Day Day Thomas,BOS,PG/SG,4300.0,False,True
43591171,150647,1475191,503,6198121,Day Day Thomas,BOS,PG/SG,4300.0,False,True
43591172,150647,1174826,496,6198121,Caleb Grill,BOS,PG/SG,4000.0,False,True
43591173,150647,1174826,497,6198121,Caleb Grill,BOS,PG/SG,4000.0,False,True
43591174,150647,1174826,502,6198121,Caleb Grill,BOS,PG/SG,4000.0,False,True
43591175,150647,1174826,503,6198121,Caleb Grill,BOS,PG/SG,4000.0,False,True
43591176,150647,1538641,498,6198122,Elijah Mahi,OKC,SF/PF,5000.0,False,True
43591177,150647,1538641,499,6198122,Elijah Mahi,OKC,SF/PF,5000.0,False,True
43591178,150647,1538641,501,6198122,Elijah Mahi,OKC,SF/PF,5000.0,False,True
43591179,150647,1538641,503,6198122,Elijah Mahi,OKC,SF/PF,5000.0,False,True
43591180,150647,1401454,498,6198122,Sam Alexis,OKC,SF/PF,4900.0,False,True
43591181,150647,1401454,499,6198122,Sam Alexis,OKC,SF/PF,4900.0,False,True
43591182,150647,1401454,501,6198122,Sam Alexis,OKC,SF/PF,4900.0,False,True
43591183,150647,1401454,503,6198122,Sam Alexis,OKC,SF/PF,4900.0,False,True
43591184,150647,1406785,496,6198122,Lamar Wilkerson,OKC,PG/SG,4800.0,False,True
43591185,150647,1406785,497,6198122,Lamar Wilkerson,OKC,PG/SG,4800.0,False,True
43591186,150647,1406785,502,6198122,Lamar Wilkerson,OKC,PG/SG,4800.0,False,True
43591187,150647,1406785,503,6198122,Lamar Wilkerson,OKC,PG/SG,4800.0,False,True
43591188,150647,1427778,498,6198122,Andrew Holifield,OKC,SF/PF,4700.0,False,True
43591189,150647,1427778,499,6198122,Andrew Holifield,OKC,SF/PF,4700.0,False,True
43591190,150647,1427778,501,6198122,Andrew Holifield,OKC,SF/PF,4700.0,False,True
43591191,150647,1427778,503,6198122,Andrew Holifield,OKC,SF/PF,4700.0,False,True
43591192,150647,1328220,496,6198122,Anthony Pritchard,OKC,PG/SG,4600.0,False,True
43591193,150647,1328220,497,6198122,Anthony Pritchard,OKC,PG/SG,4600.0,False,True
43591194,150647,1328220,502,6198122,Anthony Pritchard,OKC,PG/SG,4600.0,False,True
43591195,150647,1328220,503,6198122,Anthony Pritchard,OKC,PG/SG,4600.0,False,True
43591196,150647,1231856,496,6198122,Bryce Thompson,OKC,PG/SG,4500.0,False,True
43591197,150647,1231856,497,6198122,Bryce Thompson,OKC,PG/SG,4500.0,False,True
43591198,150647,1231856,502,6198122,Bryce Thompson,OKC,PG/SG,4500.0,False,True
43591199,150647,1231856,503,6198122,Bryce Thompson,OKC,PG/SG,4500.0,False,True
43591200,150647,1324093,496,6198122,Bryce Harris,OKC,PG/SG,4400.0,False,True
43591201,150647,1324093,497,6198122,Bryce Harris,OKC,PG/SG,4400.0,False,True
43591202,150647,1324093,502,6198122,Bryce Harris,OKC,PG/SG,4400.0,False,True
43591203,150647,1324093,503,6198122,Bryce Harris,OKC,PG/SG,4400.0,False,True
43591204,150647,1340195,496,6198122,Nate Johnson,OKC,PG/SG,4300.0,False,True
43591205,150647,1340195,497,6198122,Nate Johnson,OKC,PG/SG,4300.0,False,True
43591206,150647,1340195,502,6198122,Nate Johnson,OKC,PG/SG,4300.0,False,True
43591207,150647,1340195,503,6198122,Nate Johnson,OKC,PG/SG,4300.0,False,True
43591208,150647,1413202,500,6198122,Christoph Tilly,OKC,C,4200.0,False,True
43591209,150647,1413202,503,6198122,Christoph Tilly,OKC,C,4200.0,False,True
43591210,150647,1230368,498,6198122,Jabri Abdur-Rahim,OKC,SF/PF,4100.0,False,True
43591211,150647,1230368,499,6198122,Jabri Abdur-Rahim,OKC,SF/PF,4100.0,False,True
43591212,150647,1230368,501,6198122,Jabri Abdur-Rahim,OKC,SF/PF,4100.0,False,True
43591213,150647,1230368,503,6198122,Jabri Abdur-Rahim,OKC,SF/PF,4100.0,False,True
43591214,150647,1231959,496,6198122,Steven Ashworth,OKC,PG/SG,4000.0,False,True
43591215,150647,1231959,497,6198122,Steven Ashworth,OKC,PG/SG,4000.0,False,True
43591216,150647,1231959,502,6198122,Steven Ashworth,OKC,PG/SG,4000.0,False,True
43591217,150647,1231959,503,6198122,Steven Ashworth,OKC,PG/SG,4000.0,False,True
43591218,150647,1232336,496,6198122,Nick Boyd,GS,PG/SG,4700.0,False,True
43591219,150647,1232336,497,6198122,Nick Boyd,GS,PG/SG,4700.0,False,True
43591220,150647,1232336,502,6198122,Nick Boyd,GS,PG/SG,4700.0,False,True
43591221,150647,1232336,503,6198122,Nick Boyd,GS,PG/SG,4700.0,False,True
43591222,150647,1324182,498,6198122,KJ Adams,GS,SF/PF,4600.0,False,True
43591223,150647,1324182,499,6198122,KJ Adams,GS,SF/PF,4600.0,False,True
43591224,150647,1324182,501,6198122,KJ Adams,GS,SF/PF,4600.0,False,True
43591225,150647,1324182,503,6198122,KJ Adams,GS,SF/PF,4600.0,False,True
43591226,150647,1231638,498,6198122,Graham Ike,GS,SF/PF,4500.0,False,True
43591227,150647,1231638,499,6198122,Graham Ike,GS,SF/PF,4500.0,False,True
43591228,150647,1231638,501,6198122,Graham Ike,GS,SF/PF,4500.0,False,True
43591229,150647,1231638,503,6198122,Graham Ike,GS,SF/PF,4500.0,False,True
43591230,150647,1171589,496,6198122,Chase Hunter,GS,PG/SG,4400.0,False,True
43591231,150647,1171589,497,6198122,Chase Hunter,GS,PG/SG,4400.0,False,True
43591232,150647,1171589,502,6198122,Chase Hunter,GS,PG/SG,4400.0,False,True
43591233,150647,1171589,503,6198122,Chase Hunter,GS,PG/SG,4400.0,False,True
43591234,150647,1536467,498,6198122,Jacksen Moni,GS,SF/PF,4300.0,False,True
43591235,150647,1536467,499,6198122,Jacksen Moni,GS,SF/PF,4300.0,False,True
43591236,150647,1536467,501,6198122,Jacksen Moni,GS,SF/PF,4300.0,False,True
43591237,150647,1536467,503,6198122,Jacksen Moni,GS,SF/PF,4300.0,False,True
43591238,150647,1138636,498,6198122,Jack Clark,GS,SF/PF,4200.0,False,True
43591239,150647,1138636,499,6198122,Jack Clark,GS,SF/PF,4200.0,False,True
43591240,150647,1138636,501,6198122,Jack Clark,GS,SF/PF,4200.0,False,True
43591241,150647,1138636,503,6198122,Jack Clark,GS,SF/PF,4200.0,False,True
43591242,150647,1232534,496,6198122,Deivon Smith,GS,PG/SG,4100.0,False,True
43591243,150647,1232534,497,6198122,Deivon Smith,GS,PG/SG,4100.0,False,True
43591244,150647,1232534,502,6198122,Deivon Smith,GS,PG/SG,4100.0,False,True
43591245,150647,1232534,503,6198122,Deivon Smith,GS,PG/SG,4100.0,False,True
43591246,150647,1231237,496,6198122,Chance McMillian,GS,PG/SG,4000.0,False,True
43591247,150647,1231237,497,6198122,Chance McMillian,GS,PG/SG,4000.0,False,True
43591248,150647,1231237,502,6198122,Chance McMillian,GS,PG/SG,4000.0,False,True
43591249,150647,1231237,503,6198122,Chance McMillian,GS,PG/SG,4000.0,False,True
43591250,150648,1617074,498,6198124,AJ Dybantsa,WAS,SF,9000.0,False,True
43591251,150648,1617074,501,6198124,AJ Dybantsa,WAS,SF,9000.0,False,True
43591252,150648,1617074,503,6198124,AJ Dybantsa,WAS,SF,9000.0,False,True
43591253,150648,1594900,497,6198126,Darryn Peterson,UTA,SG,8800.0,False,True
43591254,150648,1594900,502,6198126,Darryn Peterson,UTA,SG,8800.0,False,True
43591255,150648,1594900,503,6198126,Darryn Peterson,UTA,SG,8800.0,False,True
43591256,150648,1610164,497,6198125,Brayden Burries,MIL,SG,8600.0,False,True
43591257,150648,1610164,502,6198125,Brayden Burries,MIL,SG,8600.0,False,True
43591258,150648,1610164,503,6198125,Brayden Burries,MIL,SG,8600.0,False,True
43591259,150648,1519363,499,6198126,Ace Bailey,UTA,PF,8500.0,False,True
43591260,150648,1519363,501,6198126,Ace Bailey,UTA,PF,8500.0,False,True
43591261,150648,1519363,503,6198126,Ace Bailey,UTA,PF,8500.0,False,True
43591262,150648,1448788,496,6198125,Kasparas Jakucionis,MIL,PG,8400.0,False,True
43591263,150648,1448788,502,6198125,Kasparas Jakucionis,MIL,PG,8400.0,False,True
43591264,150648,1448788,503,6198125,Kasparas Jakucionis,MIL,PG,8400.0,False,True
43591265,150648,1591016,496,6198124,Darius Acuff Jr.,SAC,PG,8300.0,False,True
43591266,150648,1591016,502,6198124,Darius Acuff Jr.,SAC,PG,8300.0,False,True
43591267,150648,1591016,503,6198124,Darius Acuff Jr.,SAC,PG,8300.0,False,True
43591268,150648,1546380,496,6198124,Tre Johnson,WAS,PG/SG,8100.0,False,True
43591269,150648,1546380,497,6198124,Tre Johnson,WAS,PG/SG,8100.0,False,True
43591270,150648,1546380,502,6198124,Tre Johnson,WAS,PG/SG,8100.0,False,True
43591271,150648,1546380,503,6198124,Tre Johnson,WAS,PG/SG,8100.0,False,True
43591272,150648,1589783,497,6198126,Keaton Wagler,LAC,SG,8000.0,False,True
43591273,150648,1589783,502,6198126,Keaton Wagler,LAC,SG,8000.0,False,True
43591274,150648,1589783,503,6198126,Keaton Wagler,LAC,SG,8000.0,False,True
43591275,150648,1326453,500,6198124,Maxime Raynaud,SAC,C,7900.0,False,True
43591276,150648,1326453,503,6198124,Maxime Raynaud,SAC,C,7900.0,False,True
43591277,150648,1520672,498,6198124,Will Riley,WAS,SF,7800.0,False,True
43591278,150648,1520672,501,6198124,Will Riley,WAS,SF,7800.0,False,True
43591279,150648,1520672,503,6198124,Will Riley,WAS,SF,7800.0,False,True
43591280,150648,1232529,497,6198124,Nique Clifford,SAC,SG/SF,7600.0,False,True
43591281,150648,1232529,498,6198124,Nique Clifford,SAC,SG/SF,7600.0,False,True
43591282,150648,1232529,502,6198124,Nique Clifford,SAC,SG/SF,7600.0,False,True
43591283,150648,1232529,501,6198124,Nique Clifford,SAC,SG/SF,7600.0,False,True
43591284,150648,1232529,503,6198124,Nique Clifford,SAC,SG/SF,7600.0,False,True
43591285,150648,1523620,499,6198125,Jayden Quaintance,SA,PF,7500.0,False,True
43591286,150648,1523620,501,6198125,Jayden Quaintance,SA,PF,7500.0,False,True
43591287,150648,1523620,503,6198125,Jayden Quaintance,SA,PF,7500.0,False,True
43591288,150648,1133861,498,6198125,Pete Nance,MIL,SF/PF,7400.0,False,True
43591289,150648,1133861,499,6198125,Pete Nance,MIL,SF/PF,7400.0,False,True
43591290,150648,1133861,501,6198125,Pete Nance,MIL,SF/PF,7400.0,False,True
43591291,150648,1133861,503,6198125,Pete Nance,MIL,SF/PF,7400.0,False,True
43591292,150648,1528467,497,6198123,Jase Richardson,ORL,SG,7300.0,False,True
43591293,150648,1528467,502,6198123,Jase Richardson,ORL,SG,7300.0,False,True
43591294,150648,1528467,503,6198123,Jase Richardson,ORL,SG,7300.0,False,True
43591295,150648,1458830,498,6198126,Cody Williams,UTA,SF/PF,7200.0,False,True
43591296,150648,1458830,499,6198126,Cody Williams,UTA,SF/PF,7200.0,False,True
43591297,150648,1458830,501,6198126,Cody Williams,UTA,SF/PF,7200.0,False,True
43591298,150648,1458830,503,6198126,Cody Williams,UTA,SF/PF,7200.0,False,True
43591299,150648,1538604,498,6198125,Carter Bryant,SA,SF,7100.0,False,True
43591300,150648,1538604,501,6198125,Carter Bryant,SA,SF,7100.0,False,True
43591301,150648,1538604,503,6198125,Carter Bryant,SA,SF,7100.0,False,True
43591302,150648,1408196,498,6198124,Chris Livingston,WAS,SF/PF,7100.0,False,True
43591303,150648,1408196,499,6198124,Chris Livingston,WAS,SF/PF,7100.0,False,True
43591304,150648,1408196,501,6198124,Chris Livingston,WAS,SF/PF,7100.0,False,True
43591305,150648,1408196,503,6198124,Chris Livingston,WAS,SF/PF,7100.0,False,True
43591306,150648,1195700,498,6198125,Emanuel Miller,SA,SF/PF,7000.0,False,True
43591307,150648,1195700,499,6198125,Emanuel Miller,SA,SF/PF,7000.0,False,True
43591308,150648,1195700,501,6198125,Emanuel Miller,SA,SF/PF,7000.0,False,True
43591309,150648,1195700,503,6198125,Emanuel Miller,SA,SF/PF,7000.0,False,True
43591310,150648,1352114,497,6198125,Luke Travers,MIL,SG,7000.0,False,True
43591311,150648,1352114,502,6198125,Luke Travers,MIL,SG,7000.0,False,True
43591312,150648,1352114,503,6198125,Luke Travers,MIL,SG,7000.0,False,True
43591313,150648,1460155,497,6198126,Cam Christie,LAC,SG,6900.0,False,True
43591314,150648,1460155,502,6198126,Cam Christie,LAC,SG,6900.0,False,True
43591315,150648,1460155,503,6198126,Cam Christie,LAC,SG,6900.0,False,True
43591316,150648,1231938,497,6198126,Kobe Sanders,LAC,SG,6900.0,False,True
43591317,150648,1231938,502,6198126,Kobe Sanders,LAC,SG,6900.0,False,True
43591318,150648,1231938,503,6198126,Kobe Sanders,LAC,SG,6900.0,False,True
43591319,150648,1133800,500,6198123,Colin Castleton,ORL,C,6800.0,False,True
43591320,150648,1133800,503,6198123,Colin Castleton,ORL,C,6800.0,False,True
43591321,150648,1193172,498,6198123,Jalen Bridges,POR,SF/PF,6800.0,False,True
43591322,150648,1193172,499,6198123,Jalen Bridges,POR,SF/PF,6800.0,False,True
43591323,150648,1193172,501,6198123,Jalen Bridges,POR,SF/PF,6800.0,False,True
43591324,150648,1193172,503,6198123,Jalen Bridges,POR,SF/PF,6800.0,False,True
43591325,150648,1590551,499,6198123,Noah Penda,ORL,PF,6700.0,False,True
43591326,150648,1590551,501,6198123,Noah Penda,ORL,PF,6700.0,False,True
43591327,150648,1590551,503,6198123,Noah Penda,ORL,PF,6700.0,False,True
43591328,150648,1324019,496,6198125,Miles Kelly,SA,PG/SG,6600.0,False,True
43591329,150648,1324019,497,6198125,Miles Kelly,SA,PG/SG,6600.0,False,True
43591330,150648,1324019,502,6198125,Miles Kelly,SA,PG/SG,6600.0,False,True
43591331,150648,1324019,503,6198125,Miles Kelly,SA,PG/SG,6600.0,False,True
43591332,150648,1231792,497,6198123,Keon Johnson,ORL,SG/SF,6500.0,False,True
43591333,150648,1231792,498,6198123,Keon Johnson,ORL,SG/SF,6500.0,False,True
43591334,150648,1231792,502,6198123,Keon Johnson,ORL,SG/SF,6500.0,False,True
43591335,150648,1231792,501,6198123,Keon Johnson,ORL,SG/SF,6500.0,False,True
43591336,150648,1231792,503,6198123,Keon Johnson,ORL,SG/SF,6500.0,False,True
43591337,150648,1230369,496,6198124,Reece Beekman,WAS,PG,6300.0,False,True
43591338,150648,1230369,502,6198124,Reece Beekman,WAS,PG,6300.0,False,True
43591339,150648,1230369,503,6198124,Reece Beekman,WAS,PG,6300.0,False,True
43591340,150648,1132015,499,6198123,Hunter Tyson,ORL,PF,6200.0,False,True
43591341,150648,1132015,501,6198123,Hunter Tyson,ORL,PF,6200.0,False,True
43591342,150648,1132015,503,6198123,Hunter Tyson,ORL,PF,6200.0,False,True
43591343,150648,1324173,496,6198125,Kam Jones,MIL,PG,6200.0,False,True
43591344,150648,1324173,502,6198125,Kam Jones,MIL,PG,6200.0,False,True
43591345,150648,1324173,503,6198125,Kam Jones,MIL,PG,6200.0,False,True
43591346,150648,1323633,496,6198126,Trey Alexander,UTA,PG/SG,6200.0,False,True
43591347,150648,1323633,497,6198126,Trey Alexander,UTA,PG/SG,6200.0,False,True
43591348,150648,1323633,502,6198126,Trey Alexander,UTA,PG/SG,6200.0,False,True
43591349,150648,1323633,503,6198126,Trey Alexander,UTA,PG/SG,6200.0,False,True
43591350,150648,1591570,500,6198123,Hansen Yang,POR,C,6200.0,False,True
43591351,150648,1591570,503,6198123,Hansen Yang,POR,C,6200.0,False,True
43591352,150648,1245906,497,6198125,Brandon Boston Jr.,MIL,SG,6000.0,False,True
43591353,150648,1245906,502,6198125,Brandon Boston Jr.,MIL,SG,6000.0,False,True
43591354,150648,1245906,503,6198125,Brandon Boston Jr.,MIL,SG,6000.0,False,True
43591355,150648,1404902,498,6198124,Jonathan Mogbo,SAC,SF/PF,6000.0,False,True
43591356,150648,1404902,499,6198124,Jonathan Mogbo,SAC,SF/PF,6000.0,False,True
43591357,150648,1404902,501,6198124,Jonathan Mogbo,SAC,SF/PF,6000.0,False,True
43591358,150648,1404902,503,6198124,Jonathan Mogbo,SAC,SF/PF,6000.0,False,True
43591359,150648,1340789,496,6198123,TyTy Washington Jr.,ORL,PG/SG,5800.0,False,True
43591360,150648,1340789,497,6198123,TyTy Washington Jr.,ORL,PG/SG,5800.0,False,True
43591361,150648,1340789,502,6198123,TyTy Washington Jr.,ORL,PG/SG,5800.0,False,True
43591362,150648,1340789,503,6198123,TyTy Washington Jr.,ORL,PG/SG,5800.0,False,True
43591363,150648,1136581,496,6198124,Adam Flagler,SAC,PG/SG,5800.0,False,True
43591364,150648,1136581,497,6198124,Adam Flagler,SAC,PG/SG,5800.0,False,True
43591365,150648,1136581,502,6198124,Adam Flagler,SAC,PG/SG,5800.0,False,True
43591366,150648,1136581,503,6198124,Adam Flagler,SAC,PG/SG,5800.0,False,True
43591367,150648,1408243,500,6198125,Tarris Reed Jr.,SA,C,5800.0,False,True
43591368,150648,1408243,503,6198125,Tarris Reed Jr.,SA,C,5800.0,False,True
43591369,150648,1232056,497,6198124,Jamir Watkins,WAS,SG/SF,5700.0,False,True
43591370,150648,1232056,498,6198124,Jamir Watkins,WAS,SG/SF,5700.0,False,True
43591371,150648,1232056,502,6198124,Jamir Watkins,WAS,SG/SF,5700.0,False,True
43591372,150648,1232056,501,6198124,Jamir Watkins,WAS,SG/SF,5700.0,False,True
43591373,150648,1232056,503,6198124,Jamir Watkins,WAS,SG/SF,5700.0,False,True
43591374,150648,1251665,500,6198124,Dylan Cardwell,SAC,C,5600.0,False,True
43591375,150648,1251665,503,6198124,Dylan Cardwell,SAC,C,5600.0,False,True
43591376,150648,1132027,498,6198123,Cam Reddish,ORL,SF/PF,5600.0,False,True
43591377,150648,1132027,499,6198123,Cam Reddish,ORL,SF/PF,5600.0,False,True
43591378,150648,1132027,501,6198123,Cam Reddish,ORL,SF/PF,5600.0,False,True
43591379,150648,1132027,503,6198123,Cam Reddish,ORL,SF/PF,5600.0,False,True
43591380,150648,1429347,496,6198123,Jaylen Martin,POR,PG/SG,5600.0,False,True
43591381,150648,1429347,497,6198123,Jaylen Martin,POR,PG/SG,5600.0,False,True
43591382,150648,1429347,502,6198123,Jaylen Martin,POR,PG/SG,5600.0,False,True
43591383,150648,1429347,503,6198123,Jaylen Martin,POR,PG/SG,5600.0,False,True
43591384,150648,1333783,497,6198126,Tamar Bates,UTA,SG,5600.0,False,True
43591385,150648,1333783,502,6198126,Tamar Bates,UTA,SG,5600.0,False,True
43591386,150648,1333783,503,6198126,Tamar Bates,UTA,SG,5600.0,False,True
43591387,150648,1175110,496,6198123,Lester Quinones,ORL,PG/SG,5500.0,False,True
43591388,150648,1175110,497,6198123,Lester Quinones,ORL,PG/SG,5500.0,False,True
43591389,150648,1175110,502,6198123,Lester Quinones,ORL,PG/SG,5500.0,False,True
43591390,150648,1175110,503,6198123,Lester Quinones,ORL,PG/SG,5500.0,False,True
43591391,150648,1408135,499,6198125,Maliq Brown,SA,PF,5400.0,False,True
43591392,150648,1408135,501,6198125,Maliq Brown,SA,PF,5400.0,False,True
43591393,150648,1408135,503,6198125,Maliq Brown,SA,PF,5400.0,False,True
43591394,150648,1402304,499,6198126,Baba Miller,LAC,PF,5400.0,False,True
43591395,150648,1402304,501,6198126,Baba Miller,LAC,PF,5400.0,False,True
43591396,150648,1402304,503,6198126,Baba Miller,LAC,PF,5400.0,False,True
43591397,150648,1236199,498,6198123,Ricky Council IV,ORL,SF/PF,5300.0,False,True
43591398,150648,1236199,499,6198123,Ricky Council IV,ORL,SF/PF,5300.0,False,True
43591399,150648,1236199,501,6198123,Ricky Council IV,ORL,SF/PF,5300.0,False,True
43591400,150648,1236199,503,6198123,Ricky Council IV,ORL,SF/PF,5300.0,False,True
43591401,150648,1403617,497,6198124,Emanuel Sharp,SAC,SG,5300.0,False,True
43591402,150648,1403617,502,6198124,Emanuel Sharp,SAC,SG,5300.0,False,True
43591403,150648,1403617,503,6198124,Emanuel Sharp,SAC,SG,5300.0,False,True
43591404,150648,1134179,497,6198126,Blake Hinson,UTA,SG,5300.0,False,True
43591405,150648,1134179,502,6198126,Blake Hinson,UTA,SG,5300.0,False,True
43591406,150648,1134179,503,6198126,Blake Hinson,UTA,SG,5300.0,False,True
43591407,150648,1365403,498,6198124,Alex Karaban,SAC,SF,5200.0,False,True
43591408,150648,1365403,501,6198124,Alex Karaban,SAC,SF,5200.0,False,True
43591409,150648,1365403,503,6198124,Alex Karaban,SAC,SF,5200.0,False,True
43591410,150648,1401391,496,6198125,Ja'Kobi Gillespie,SA,PG,5200.0,False,True
43591411,150648,1401391,502,6198125,Ja'Kobi Gillespie,SA,PG,5200.0,False,True
43591412,150648,1401391,503,6198125,Ja'Kobi Gillespie,SA,PG,5200.0,False,True
43591413,150648,1243685,498,6198123,Jayson Kent,POR,SF/PF,5200.0,False,True
43591414,150648,1243685,499,6198123,Jayson Kent,POR,SF/PF,5200.0,False,True
43591415,150648,1243685,501,6198123,Jayson Kent,POR,SF/PF,5200.0,False,True
43591416,150648,1243685,503,6198123,Jayson Kent,POR,SF/PF,5200.0,False,True
43591417,150648,1415864,498,6198123,Izaiyah Nelson,ORL,SF/PF,5200.0,False,True
43591418,150648,1415864,499,6198123,Izaiyah Nelson,ORL,SF/PF,5200.0,False,True
43591419,150648,1415864,501,6198123,Izaiyah Nelson,ORL,SF/PF,5200.0,False,True
43591420,150648,1415864,503,6198123,Izaiyah Nelson,ORL,SF/PF,5200.0,False,True
43591421,150648,1408273,499,6198124,Felix Okpara,WAS,PF,5200.0,False,True
43591422,150648,1408273,501,6198124,Felix Okpara,WAS,PF,5200.0,False,True
43591423,150648,1408273,503,6198124,Felix Okpara,WAS,PF,5200.0,False,True
43591424,150648,1448789,498,6198125,Malique Lewis,MIL,SF,5200.0,False,True
43591425,150648,1448789,501,6198125,Malique Lewis,MIL,SF,5200.0,False,True
43591426,150648,1448789,503,6198125,Malique Lewis,MIL,SF,5200.0,False,True
43591427,150648,1234814,496,6198123,Chris Youngblood,POR,PG/SG,5100.0,False,True
43591428,150648,1234814,497,6198123,Chris Youngblood,POR,PG/SG,5100.0,False,True
43591429,150648,1234814,502,6198123,Chris Youngblood,POR,PG/SG,5100.0,False,True
43591430,150648,1234814,503,6198123,Chris Youngblood,POR,PG/SG,5100.0,False,True
43591431,150648,1175267,496,6198123,Alex Morales,ORL,PG/SG,5100.0,False,True
43591432,150648,1175267,497,6198123,Alex Morales,ORL,PG/SG,5100.0,False,True
43591433,150648,1175267,502,6198123,Alex Morales,ORL,PG/SG,5100.0,False,True
43591434,150648,1175267,503,6198123,Alex Morales,ORL,PG/SG,5100.0,False,True
43591435,150648,1134766,496,6198125,Cormac Ryan,MIL,PG/SG,5100.0,False,True
43591436,150648,1134766,497,6198125,Cormac Ryan,MIL,PG/SG,5100.0,False,True
43591437,150648,1134766,502,6198125,Cormac Ryan,MIL,PG/SG,5100.0,False,True
43591438,150648,1134766,503,6198125,Cormac Ryan,MIL,PG/SG,5100.0,False,True
43591439,150648,1134758,498,6198126,Kylor Kelley,UTA,SF/PF,5100.0,False,True
43591440,150648,1134758,499,6198126,Kylor Kelley,UTA,SF/PF,5100.0,False,True
43591441,150648,1134758,501,6198126,Kylor Kelley,UTA,SF/PF,5100.0,False,True
43591442,150648,1134758,503,6198126,Kylor Kelley,UTA,SF/PF,5100.0,False,True
43591443,150648,1405312,498,6198126,Nick Martinelli,LAC,SF,5000.0,False,True
43591444,150648,1405312,501,6198126,Nick Martinelli,LAC,SF,5000.0,False,True
43591445,150648,1405312,503,6198126,Nick Martinelli,LAC,SF,5000.0,False,True
43591446,150648,1324442,499,6198124,Julian Reese,WAS,PF,5000.0,False,True
43591447,150648,1324442,501,6198124,Julian Reese,WAS,PF,5000.0,False,True
43591448,150648,1324442,503,6198124,Julian Reese,WAS,PF,5000.0,False,True
43591449,150648,1340786,496,6198126,Matthew Cleveland,UTA,PG/SG,5000.0,False,True
43591450,150648,1340786,497,6198126,Matthew Cleveland,UTA,PG/SG,5000.0,False,True
43591451,150648,1340786,502,6198126,Matthew Cleveland,UTA,PG/SG,5000.0,False,True
43591452,150648,1340786,503,6198126,Matthew Cleveland,UTA,PG/SG,5000.0,False,True
43591453,150648,1178150,500,6198125,Jesse Edwards,MIL,C,5000.0,False,True
43591454,150648,1178150,503,6198125,Jesse Edwards,MIL,C,5000.0,False,True
43591455,150648,1373323,498,6198123,Phillip Wheeler,ORL,SF,5000.0,False,True
43591456,150648,1373323,501,6198123,Phillip Wheeler,ORL,SF,5000.0,False,True
43591457,150648,1373323,503,6198123,Phillip Wheeler,ORL,SF,5000.0,False,True
43591458,150648,1253428,498,6198125,Zack Austin,MIL,SF/PF,4900.0,False,True
43591459,150648,1253428,499,6198125,Zack Austin,MIL,SF/PF,4900.0,False,True
43591460,150648,1253428,501,6198125,Zack Austin,MIL,SF/PF,4900.0,False,True
43591461,150648,1253428,503,6198125,Zack Austin,MIL,SF/PF,4900.0,False,True
43591462,150648,1232447,498,6198126,Jahmyl Telfort,LAC,SF/PF,4900.0,False,True
43591463,150648,1232447,499,6198126,Jahmyl Telfort,LAC,SF/PF,4900.0,False,True
43591464,150648,1232447,501,6198126,Jahmyl Telfort,LAC,SF/PF,4900.0,False,True
43591465,150648,1232447,503,6198126,Jahmyl Telfort,LAC,SF/PF,4900.0,False,True
43591466,150648,1482267,496,6198126,Hayden Gray,UTA,PG/SG,4900.0,False,True
43591467,150648,1482267,497,6198126,Hayden Gray,UTA,PG/SG,4900.0,False,True
43591468,150648,1482267,502,6198126,Hayden Gray,UTA,PG/SG,4900.0,False,True
43591469,150648,1482267,503,6198126,Hayden Gray,UTA,PG/SG,4900.0,False,True
43591470,150648,1243722,496,6198125,RJ Davis,SA,PG/SG,4900.0,False,True
43591471,150648,1243722,497,6198125,RJ Davis,SA,PG/SG,4900.0,False,True
43591472,150648,1243722,502,6198125,RJ Davis,SA,PG/SG,4900.0,False,True
43591473,150648,1243722,503,6198125,RJ Davis,SA,PG/SG,4900.0,False,True
43591474,150648,1230357,496,6198123,DJ Steward,POR,PG/SG,4800.0,False,True
43591475,150648,1230357,497,6198123,DJ Steward,POR,PG/SG,4800.0,False,True
43591476,150648,1230357,502,6198123,DJ Steward,POR,PG/SG,4800.0,False,True
43591477,150648,1230357,503,6198123,DJ Steward,POR,PG/SG,4800.0,False,True
43591478,150648,1231489,496,6198124,Kadary Richmond,WAS,PG/SG,4800.0,False,True
43591479,150648,1231489,497,6198124,Kadary Richmond,WAS,PG/SG,4800.0,False,True
43591480,150648,1231489,502,6198124,Kadary Richmond,WAS,PG/SG,4800.0,False,True
43591481,150648,1231489,503,6198124,Kadary Richmond,WAS,PG/SG,4800.0,False,True
43591482,150648,1326079,496,6198126,Sean Pedulla,LAC,PG/SG,4800.0,False,True
43591483,150648,1326079,497,6198126,Sean Pedulla,LAC,PG/SG,4800.0,False,True
43591484,150648,1326079,502,6198126,Sean Pedulla,LAC,PG/SG,4800.0,False,True
43591485,150648,1326079,503,6198126,Sean Pedulla,LAC,PG/SG,4800.0,False,True
43591486,150648,1343051,496,6198126,Bez Mbeng,UTA,PG/SG,4800.0,False,True
43591487,150648,1343051,497,6198126,Bez Mbeng,UTA,PG/SG,4800.0,False,True
43591488,150648,1343051,502,6198126,Bez Mbeng,UTA,PG/SG,4800.0,False,True
43591489,150648,1343051,503,6198126,Bez Mbeng,UTA,PG/SG,4800.0,False,True
43591490,150648,1326422,500,6198125,Rafael Castro,MIL,C,4800.0,False,True
43591491,150648,1326422,503,6198125,Rafael Castro,MIL,C,4800.0,False,True
43591492,150648,1408438,500,6198125,Harry Wessels,SA,C,4800.0,False,True
43591493,150648,1408438,503,6198125,Harry Wessels,SA,C,4800.0,False,True
43591494,150648,1179796,496,6198123,Quincy Olivari,POR,PG/SG,4700.0,False,True
43591495,150648,1179796,497,6198123,Quincy Olivari,POR,PG/SG,4700.0,False,True
43591496,150648,1179796,502,6198123,Quincy Olivari,POR,PG/SG,4700.0,False,True
43591497,150648,1179796,503,6198123,Quincy Olivari,POR,PG/SG,4700.0,False,True
43591498,150648,1231386,498,6198126,Norchad Omier,LAC,SF/PF,4700.0,False,True
43591499,150648,1231386,499,6198126,Norchad Omier,LAC,SF/PF,4700.0,False,True
43591500,150648,1231386,501,6198126,Norchad Omier,LAC,SF/PF,4700.0,False,True
43591501,150648,1231386,503,6198126,Norchad Omier,LAC,SF/PF,4700.0,False,True
43591502,150648,1432129,499,6198125,Bogoljub Markovic,MIL,PF,4700.0,False,True
43591503,150648,1432129,501,6198125,Bogoljub Markovic,MIL,PF,4700.0,False,True
43591504,150648,1432129,503,6198125,Bogoljub Markovic,MIL,PF,4700.0,False,True
43591505,150648,1193984,496,6198126,Max Abmas,UTA,PG/SG,4700.0,False,True
43591506,150648,1193984,497,6198126,Max Abmas,UTA,PG/SG,4700.0,False,True
43591507,150648,1193984,502,6198126,Max Abmas,UTA,PG/SG,4700.0,False,True
43591508,150648,1193984,503,6198126,Max Abmas,UTA,PG/SG,4700.0,False,True
43591509,150648,1413221,496,6198123,Tre Holloman,ORL,PG/SG,4700.0,False,True
43591510,150648,1413221,497,6198123,Tre Holloman,ORL,PG/SG,4700.0,False,True
43591511,150648,1413221,502,6198123,Tre Holloman,ORL,PG/SG,4700.0,False,True
43591512,150648,1413221,503,6198123,Tre Holloman,ORL,PG/SG,4700.0,False,True
43591513,150648,1541010,496,6198125,Miles Barnstable,SA,PG/SG,4700.0,False,True
43591514,150648,1541010,497,6198125,Miles Barnstable,SA,PG/SG,4700.0,False,True
43591515,150648,1541010,502,6198125,Miles Barnstable,SA,PG/SG,4700.0,False,True
43591516,150648,1541010,503,6198125,Miles Barnstable,SA,PG/SG,4700.0,False,True
43591517,150648,1134005,496,6198125,Kira Lewis Jr.,MIL,PG,4600.0,False,True
43591518,150648,1134005,502,6198125,Kira Lewis Jr.,MIL,PG,4600.0,False,True
43591519,150648,1134005,503,6198125,Kira Lewis Jr.,MIL,PG,4600.0,False,True
43591520,150648,1176244,498,6198126,Eric Dixon,UTA,SF/PF,4600.0,False,True
43591521,150648,1176244,499,6198126,Eric Dixon,UTA,SF/PF,4600.0,False,True
43591522,150648,1176244,501,6198126,Eric Dixon,UTA,SF/PF,4600.0,False,True
43591523,150648,1176244,503,6198126,Eric Dixon,UTA,SF/PF,4600.0,False,True
43591524,150648,1401740,496,6198123,Mike Sharavjamts,ORL,PG/SG,4600.0,False,True
43591525,150648,1401740,497,6198123,Mike Sharavjamts,ORL,PG/SG,4600.0,False,True
43591526,150648,1401740,502,6198123,Mike Sharavjamts,ORL,PG/SG,4600.0,False,True
43591527,150648,1401740,503,6198123,Mike Sharavjamts,ORL,PG/SG,4600.0,False,True
43591528,150648,1405695,496,6198124,B.J. Edwards,SAC,PG/SG,4600.0,False,True
43591529,150648,1405695,497,6198124,B.J. Edwards,SAC,PG/SG,4600.0,False,True
43591530,150648,1405695,502,6198124,B.J. Edwards,SAC,PG/SG,4600.0,False,True
43591531,150648,1405695,503,6198124,B.J. Edwards,SAC,PG/SG,4600.0,False,True
43591532,150648,1231848,496,6198125,Tyon Grant-Foster,SA,PG/SG,4600.0,False,True
43591533,150648,1231848,497,6198125,Tyon Grant-Foster,SA,PG/SG,4600.0,False,True
43591534,150648,1231848,502,6198125,Tyon Grant-Foster,SA,PG/SG,4600.0,False,True
43591535,150648,1231848,503,6198125,Tyon Grant-Foster,SA,PG/SG,4600.0,False,True
43591536,150648,1340782,498,6198125,John Butler,MIL,SF/PF,4500.0,False,True
43591537,150648,1340782,499,6198125,John Butler,MIL,SF/PF,4500.0,False,True
43591538,150648,1340782,501,6198125,John Butler,MIL,SF/PF,4500.0,False,True
43591539,150648,1340782,503,6198125,John Butler,MIL,SF/PF,4500.0,False,True
43591540,150648,1402782,498,6198123,Malik Reneau,ORL,SF/PF,4500.0,False,True
43591541,150648,1402782,499,6198123,Malik Reneau,ORL,SF/PF,4500.0,False,True
43591542,150648,1402782,501,6198123,Malik Reneau,ORL,SF/PF,4500.0,False,True
43591543,150648,1402782,503,6198123,Malik Reneau,ORL,SF/PF,4500.0,False,True
43591544,150648,1401387,497,6198123,Barry Dunning Jr.,POR,SG/SF,4500.0,False,True
43591545,150648,1401387,498,6198123,Barry Dunning Jr.,POR,SG/SF,4500.0,False,True
43591546,150648,1401387,502,6198123,Barry Dunning Jr.,POR,SG/SF,4500.0,False,True
43591547,150648,1401387,501,6198123,Barry Dunning Jr.,POR,SG/SF,4500.0,False,True
43591548,150648,1401387,503,6198123,Barry Dunning Jr.,POR,SG/SF,4500.0,False,True
43591549,150648,1536964,498,6198124,Elias Ralph,SAC,SF/PF,4500.0,False,True
43591550,150648,1536964,499,6198124,Elias Ralph,SAC,SF/PF,4500.0,False,True
43591551,150648,1536964,501,6198124,Elias Ralph,SAC,SF/PF,4500.0,False,True
43591552,150648,1536964,503,6198124,Elias Ralph,SAC,SF/PF,4500.0,False,True
43591553,150648,1324298,498,6198124,John Camden,WAS,SF/PF,4500.0,False,True
43591554,150648,1324298,499,6198124,John Camden,WAS,SF/PF,4500.0,False,True
43591555,150648,1324298,501,6198124,John Camden,WAS,SF/PF,4500.0,False,True
43591556,150648,1324298,503,6198124,John Camden,WAS,SF/PF,4500.0,False,True
43591557,150648,1324101,498,6198125,RJ Melendez,SA,SF/PF,4500.0,False,True
43591558,150648,1324101,499,6198125,RJ Melendez,SA,SF/PF,4500.0,False,True
43591559,150648,1324101,501,6198125,RJ Melendez,SA,SF/PF,4500.0,False,True
43591560,150648,1324101,503,6198125,RJ Melendez,SA,SF/PF,4500.0,False,True
43591561,150648,1176278,498,6198126,Zach Freemantle,LAC,SF/PF,4500.0,False,True
43591562,150648,1176278,499,6198126,Zach Freemantle,LAC,SF/PF,4500.0,False,True
43591563,150648,1176278,501,6198126,Zach Freemantle,LAC,SF/PF,4500.0,False,True
43591564,150648,1176278,503,6198126,Zach Freemantle,LAC,SF/PF,4500.0,False,True
43591565,150648,1556035,497,6198123,DJ Armstrong Jr.,ORL,SG/SF,4400.0,False,True
43591566,150648,1556035,498,6198123,DJ Armstrong Jr.,ORL,SG/SF,4400.0,False,True
43591567,150648,1556035,502,6198123,DJ Armstrong Jr.,ORL,SG/SF,4400.0,False,True
43591568,150648,1556035,501,6198123,DJ Armstrong Jr.,ORL,SG/SF,4400.0,False,True
43591569,150648,1556035,503,6198123,DJ Armstrong Jr.,ORL,SG/SF,4400.0,False,True
43591570,150648,1453380,498,6198123,Aliou Diarra,POR,SF/PF,4400.0,False,True
43591571,150648,1453380,499,6198123,Aliou Diarra,POR,SF/PF,4400.0,False,True
43591572,150648,1453380,501,6198123,Aliou Diarra,POR,SF/PF,4400.0,False,True
43591573,150648,1453380,503,6198123,Aliou Diarra,POR,SF/PF,4400.0,False,True
43591574,150648,1406775,498,6198124,Marquel Sutton,SAC,SF/PF,4400.0,False,True
43591575,150648,1406775,499,6198124,Marquel Sutton,SAC,SF/PF,4400.0,False,True
43591576,150648,1406775,501,6198124,Marquel Sutton,SAC,SF/PF,4400.0,False,True
43591577,150648,1406775,503,6198124,Marquel Sutton,SAC,SF/PF,4400.0,False,True
43591578,150648,1405037,496,6198124,Seth Trimble,WAS,PG/SG,4400.0,False,True
43591579,150648,1405037,497,6198124,Seth Trimble,WAS,PG/SG,4400.0,False,True
43591580,150648,1405037,502,6198124,Seth Trimble,WAS,PG/SG,4400.0,False,True
43591581,150648,1405037,503,6198124,Seth Trimble,WAS,PG/SG,4400.0,False,True
43591582,150648,1343050,499,6198125,Igor Milicic Jr.,SA,PF,4400.0,False,True
43591583,150648,1343050,501,6198125,Igor Milicic Jr.,SA,PF,4400.0,False,True
43591584,150648,1343050,503,6198125,Igor Milicic Jr.,SA,PF,4400.0,False,True
43591585,150648,1413220,498,6198126,Jaxon Kohler,UTA,SF/PF,4400.0,False,True
43591586,150648,1413220,499,6198126,Jaxon Kohler,UTA,SF/PF,4400.0,False,True
43591587,150648,1413220,501,6198126,Jaxon Kohler,UTA,SF/PF,4400.0,False,True
43591588,150648,1413220,503,6198126,Jaxon Kohler,UTA,SF/PF,4400.0,False,True
43591589,150648,1135177,498,6198123,CJ Elleby,ORL,SF/PF,4300.0,False,True
43591590,150648,1135177,499,6198123,CJ Elleby,ORL,SF/PF,4300.0,False,True
43591591,150648,1135177,501,6198123,CJ Elleby,ORL,SF/PF,4300.0,False,True
43591592,150648,1135177,503,6198123,CJ Elleby,ORL,SF/PF,4300.0,False,True
43591593,150648,1094731,496,6198123,Flynn Cameron,POR,PG/SG,4300.0,False,True
43591594,150648,1094731,497,6198123,Flynn Cameron,POR,PG/SG,4300.0,False,True
43591595,150648,1094731,502,6198123,Flynn Cameron,POR,PG/SG,4300.0,False,True
43591596,150648,1094731,503,6198123,Flynn Cameron,POR,PG/SG,4300.0,False,True
43591597,150648,1401593,496,6198124,Anthony Dell'Orso,SAC,PG/SG,4300.0,False,True
43591598,150648,1401593,497,6198124,Anthony Dell'Orso,SAC,PG/SG,4300.0,False,True
43591599,150648,1401593,502,6198124,Anthony Dell'Orso,SAC,PG/SG,4300.0,False,True
43591600,150648,1401593,503,6198124,Anthony Dell'Orso,SAC,PG/SG,4300.0,False,True
43591601,150648,1176723,496,6198124,Damari Monsanto,WAS,PG/SG,4300.0,False,True
43591602,150648,1176723,497,6198124,Damari Monsanto,WAS,PG/SG,4300.0,False,True
43591603,150648,1176723,502,6198124,Damari Monsanto,WAS,PG/SG,4300.0,False,True
43591604,150648,1176723,503,6198124,Damari Monsanto,WAS,PG/SG,4300.0,False,True
43591605,150648,1180055,498,6198125,Hyunjung Lee,SA,SF/PF,4300.0,False,True
43591606,150648,1180055,499,6198125,Hyunjung Lee,SA,SF/PF,4300.0,False,True
43591607,150648,1180055,501,6198125,Hyunjung Lee,SA,SF/PF,4300.0,False,True
43591608,150648,1180055,503,6198125,Hyunjung Lee,SA,SF/PF,4300.0,False,True
43591609,150648,1176203,498,6198125,Kuany Kuany,MIL,SF/PF,4300.0,False,True
43591610,150648,1176203,499,6198125,Kuany Kuany,MIL,SF/PF,4300.0,False,True
43591611,150648,1176203,501,6198125,Kuany Kuany,MIL,SF/PF,4300.0,False,True
43591612,150648,1176203,503,6198125,Kuany Kuany,MIL,SF/PF,4300.0,False,True
43591613,150648,1402285,496,6198126,Riley Kugel,LAC,PG/SG,4300.0,False,True
43591614,150648,1402285,497,6198126,Riley Kugel,LAC,PG/SG,4300.0,False,True
43591615,150648,1402285,502,6198126,Riley Kugel,LAC,PG/SG,4300.0,False,True
43591616,150648,1402285,503,6198126,Riley Kugel,LAC,PG/SG,4300.0,False,True
43591617,150648,1416410,500,6198126,Micah Handlogten,UTA,C,4300.0,False,True
43591618,150648,1416410,503,6198126,Micah Handlogten,UTA,C,4300.0,False,True
43591619,150648,1232070,496,6198123,Ace Baldwin Jr.,ORL,PG/SG,4200.0,False,True
43591620,150648,1232070,497,6198123,Ace Baldwin Jr.,ORL,PG/SG,4200.0,False,True
43591621,150648,1232070,502,6198123,Ace Baldwin Jr.,ORL,PG/SG,4200.0,False,True
43591622,150648,1232070,503,6198123,Ace Baldwin Jr.,ORL,PG/SG,4200.0,False,True
43591623,150648,1231852,498,6198123,Andrew Carr,POR,SF/PF,4200.0,False,True
43591624,150648,1231852,499,6198123,Andrew Carr,POR,SF/PF,4200.0,False,True
43591625,150648,1231852,501,6198123,Andrew Carr,POR,SF/PF,4200.0,False,True
43591626,150648,1231852,503,6198123,Andrew Carr,POR,SF/PF,4200.0,False,True
43591627,150648,1532772,496,6198124,Mitch Mascari,SAC,PG/SG,4200.0,False,True
43591628,150648,1532772,497,6198124,Mitch Mascari,SAC,PG/SG,4200.0,False,True
43591629,150648,1532772,502,6198124,Mitch Mascari,SAC,PG/SG,4200.0,False,True
43591630,150648,1532772,503,6198124,Mitch Mascari,SAC,PG/SG,4200.0,False,True
43591631,150648,1323921,498,6198124,Tre Carroll,WAS,SF/PF,4200.0,False,True
43591632,150648,1323921,499,6198124,Tre Carroll,WAS,SF/PF,4200.0,False,True
43591633,150648,1323921,501,6198124,Tre Carroll,WAS,SF/PF,4200.0,False,True
43591634,150648,1323921,503,6198124,Tre Carroll,WAS,SF/PF,4200.0,False,True
43591635,150648,1176026,500,6198125,David Muoka,SA,C,4200.0,False,True
43591636,150648,1176026,503,6198125,David Muoka,SA,C,4200.0,False,True
43591637,150648,608153,498,6198125,Aaron Williams,MIL,SF/PF,4200.0,False,True
43591638,150648,608153,499,6198125,Aaron Williams,MIL,SF/PF,4200.0,False,True
43591639,150648,608153,501,6198125,Aaron Williams,MIL,SF/PF,4200.0,False,True
43591640,150648,608153,503,6198125,Aaron Williams,MIL,SF/PF,4200.0,False,True
43591641,150648,1327795,496,6198126,Justin Harmon,UTA,PG/SG,4200.0,False,True
43591642,150648,1327795,497,6198126,Justin Harmon,UTA,PG/SG,4200.0,False,True
43591643,150648,1327795,502,6198126,Justin Harmon,UTA,PG/SG,4200.0,False,True
43591644,150648,1327795,503,6198126,Justin Harmon,UTA,PG/SG,4200.0,False,True
43591645,150648,1232341,496,6198123,Johnell Davis,ORL,PG/SG,4100.0,False,True
43591646,150648,1232341,497,6198123,Johnell Davis,ORL,PG/SG,4100.0,False,True
43591647,150648,1232341,502,6198123,Johnell Davis,ORL,PG/SG,4100.0,False,True
43591648,150648,1232341,503,6198123,Johnell Davis,ORL,PG/SG,4100.0,False,True
43591649,150648,1518772,496,6198124,Isaiah Stevens,SAC,PG/SG,4100.0,False,True
43591650,150648,1518772,497,6198124,Isaiah Stevens,SAC,PG/SG,4100.0,False,True
43591651,150648,1518772,502,6198124,Isaiah Stevens,SAC,PG/SG,4100.0,False,True
43591652,150648,1518772,503,6198124,Isaiah Stevens,SAC,PG/SG,4100.0,False,True
43591653,150648,1507153,500,6198124,Norris Agbakoko,WAS,C,4100.0,False,True
43591654,150648,1507153,503,6198124,Norris Agbakoko,WAS,C,4100.0,False,True
43591655,150648,1345427,496,6198125,Zakai Zeigler,SA,PG/SG,4100.0,False,True
43591656,150648,1345427,497,6198125,Zakai Zeigler,SA,PG/SG,4100.0,False,True
43591657,150648,1345427,502,6198125,Zakai Zeigler,SA,PG/SG,4100.0,False,True
43591658,150648,1345427,503,6198125,Zakai Zeigler,SA,PG/SG,4100.0,False,True
43591659,150648,1231377,497,6198125,Kobe Stewart,MIL,SG/SF,4100.0,False,True
43591660,150648,1231377,498,6198125,Kobe Stewart,MIL,SG/SF,4100.0,False,True
43591661,150648,1231377,502,6198125,Kobe Stewart,MIL,SG/SF,4100.0,False,True
43591662,150648,1231377,501,6198125,Kobe Stewart,MIL,SG/SF,4100.0,False,True
43591663,150648,1231377,503,6198125,Kobe Stewart,MIL,SG/SF,4100.0,False,True
43591664,150648,1405367,496,6198126,Fletcher Loyer,LAC,PG/SG,4100.0,False,True
43591665,150648,1405367,497,6198126,Fletcher Loyer,LAC,PG/SG,4100.0,False,True
43591666,150648,1405367,502,6198126,Fletcher Loyer,LAC,PG/SG,4100.0,False,True
43591667,150648,1405367,503,6198126,Fletcher Loyer,LAC,PG/SG,4100.0,False,True
43591668,150648,1406916,499,6198126,Mohamed Wague,UTA,PF/C,4100.0,False,True
43591669,150648,1406916,500,6198126,Mohamed Wague,UTA,PF/C,4100.0,False,True
43591670,150648,1406916,501,6198126,Mohamed Wague,UTA,PF/C,4100.0,False,True
43591671,150648,1406916,503,6198126,Mohamed Wague,UTA,PF/C,4100.0,False,True
43591672,150648,1186774,498,6198123,Will Baker,ORL,SF/PF,4000.0,False,True
43591673,150648,1186774,499,6198123,Will Baker,ORL,SF/PF,4000.0,False,True
43591674,150648,1186774,501,6198123,Will Baker,ORL,SF/PF,4000.0,False,True
43591675,150648,1186774,503,6198123,Will Baker,ORL,SF/PF,4000.0,False,True
43591676,150648,1325115,498,6198123,Frankie Fidler,POR,SF/PF,4000.0,False,True
43591677,150648,1325115,499,6198123,Frankie Fidler,POR,SF/PF,4000.0,False,True
43591678,150648,1325115,501,6198123,Frankie Fidler,POR,SF/PF,4000.0,False,True
43591679,150648,1325115,503,6198123,Frankie Fidler,POR,SF/PF,4000.0,False,True
43591680,150648,1236654,500,6198124,Viktor Lakhin,SAC,C,4000.0,False,True
43591681,150648,1236654,503,6198124,Viktor Lakhin,SAC,C,4000.0,False,True
43591682,150648,1060982,496,6198124,RJ Nembhard,WAS,PG/SG,4000.0,False,True
43591683,150648,1060982,497,6198124,RJ Nembhard,WAS,PG/SG,4000.0,False,True
43591684,150648,1060982,502,6198124,RJ Nembhard,WAS,PG/SG,4000.0,False,True
43591685,150648,1060982,503,6198124,RJ Nembhard,WAS,PG/SG,4000.0,False,True
43591686,150648,1327839,496,6198125,Jayden Nunn,SA,PG/SG,4000.0,False,True
43591687,150648,1327839,497,6198125,Jayden Nunn,SA,PG/SG,4000.0,False,True
43591688,150648,1327839,502,6198125,Jayden Nunn,SA,PG/SG,4000.0,False,True
43591689,150648,1327839,503,6198125,Jayden Nunn,SA,PG/SG,4000.0,False,True
43591690,150648,1340214,496,6198125,Boopie Miller,MIL,PG/SG,4000.0,False,True
43591691,150648,1340214,497,6198125,Boopie Miller,MIL,PG/SG,4000.0,False,True
43591692,150648,1340214,502,6198125,Boopie Miller,MIL,PG/SG,4000.0,False,True
43591693,150648,1340214,503,6198125,Boopie Miller,MIL,PG/SG,4000.0,False,True
43591694,150648,1257476,496,6198126,Themus Fulks,LAC,PG/SG,4000.0,False,True
43591695,150648,1257476,497,6198126,Themus Fulks,LAC,PG/SG,4000.0,False,True
43591696,150648,1257476,502,6198126,Themus Fulks,LAC,PG/SG,4000.0,False,True
43591697,150648,1257476,503,6198126,Themus Fulks,LAC,PG/SG,4000.0,False,True
43591698,150648,1328254,500,6198126,Jonas Aidoo,UTA,C,4000.0,False,True
43591699,150648,1328254,503,6198126,Jonas Aidoo,UTA,C,4000.0,False,True
43591700,150649,1617074,633,6198124,AJ Dybantsa,WAS,SF,,False,False
43591701,150649,1617074,465,6198124,AJ Dybantsa,WAS,SF,,False,False
43591702,150649,1617074,636,6198124,AJ Dybantsa,WAS,SF,,False,False
43591703,150649,1594900,464,6198126,Darryn Peterson,UTA,SG,,False,False
43591704,150649,1594900,465,6198126,Darryn Peterson,UTA,SG,,False,False
43591705,150649,1594900,636,6198126,Darryn Peterson,UTA,SG,,False,False
43591706,150649,1610164,464,6198125,Brayden Burries,MIL,SG,,False,False
43591707,150649,1610164,465,6198125,Brayden Burries,MIL,SG,,False,False
43591708,150649,1610164,636,6198125,Brayden Burries,MIL,SG,,False,False
43591709,150649,1519363,633,6198126,Ace Bailey,UTA,PF,,False,False
43591710,150649,1519363,465,6198126,Ace Bailey,UTA,PF,,False,False
43591711,150649,1519363,636,6198126,Ace Bailey,UTA,PF,,False,False
43591712,150649,1448788,464,6198125,Kasparas Jakucionis,MIL,PG,,False,False
43591713,150649,1448788,465,6198125,Kasparas Jakucionis,MIL,PG,,False,False
43591714,150649,1448788,636,6198125,Kasparas Jakucionis,MIL,PG,,False,False
43591715,150649,1591016,464,6198124,Darius Acuff Jr.,SAC,PG,,False,False
43591716,150649,1591016,465,6198124,Darius Acuff Jr.,SAC,PG,,False,False
43591717,150649,1591016,636,6198124,Darius Acuff Jr.,SAC,PG,,False,False
43591718,150649,1546380,464,6198124,Tre Johnson,WAS,PG,,False,False
43591719,150649,1546380,465,6198124,Tre Johnson,WAS,PG,,False,False
43591720,150649,1546380,636,6198124,Tre Johnson,WAS,PG,,False,False
43591721,150649,1589783,464,6198126,Keaton Wagler,LAC,SG,,False,False
43591722,150649,1589783,465,6198126,Keaton Wagler,LAC,SG,,False,False
43591723,150649,1589783,636,6198126,Keaton Wagler,LAC,SG,,False,False
43591724,150649,1326453,633,6198124,Maxime Raynaud,SAC,C,,False,False
43591725,150649,1326453,465,6198124,Maxime Raynaud,SAC,C,,False,False
43591726,150649,1326453,636,6198124,Maxime Raynaud,SAC,C,,False,False
43591727,150649,1520672,633,6198124,Will Riley,WAS,SF,,False,False
43591728,150649,1520672,465,6198124,Will Riley,WAS,SF,,False,False
43591729,150649,1520672,636,6198124,Will Riley,WAS,SF,,False,False
43591730,150649,1232529,633,6198124,Nique Clifford,SAC,SF,,False,False
43591731,150649,1232529,465,6198124,Nique Clifford,SAC,SF,,False,False
43591732,150649,1232529,636,6198124,Nique Clifford,SAC,SF,,False,False
43591733,150649,1523620,633,6198125,Jayden Quaintance,SA,PF,,False,False
43591734,150649,1523620,465,6198125,Jayden Quaintance,SA,PF,,False,False
43591735,150649,1523620,636,6198125,Jayden Quaintance,SA,PF,,False,False
43591736,150649,1133861,633,6198125,Pete Nance,MIL,SF,,False,False
43591737,150649,1133861,465,6198125,Pete Nance,MIL,SF,,False,False
43591738,150649,1133861,636,6198125,Pete Nance,MIL,SF,,False,False
43591739,150649,1528467,464,6198123,Jase Richardson,ORL,SG,,False,False
43591740,150649,1528467,465,6198123,Jase Richardson,ORL,SG,,False,False
43591741,150649,1528467,636,6198123,Jase Richardson,ORL,SG,,False,False
43591742,150649,1458830,633,6198126,Cody Williams,UTA,SF,,False,False
43591743,150649,1458830,465,6198126,Cody Williams,UTA,SF,,False,False
43591744,150649,1458830,636,6198126,Cody Williams,UTA,SF,,False,False
43591745,150649,1538604,633,6198125,Carter Bryant,SA,SF,,False,False
43591746,150649,1538604,465,6198125,Carter Bryant,SA,SF,,False,False
43591747,150649,1538604,636,6198125,Carter Bryant,SA,SF,,False,False
43591748,150649,1408196,633,6198124,Chris Livingston,WAS,SF,,False,False
43591749,150649,1408196,465,6198124,Chris Livingston,WAS,SF,,False,False
43591750,150649,1408196,636,6198124,Chris Livingston,WAS,SF,,False,False
43591751,150649,1195700,633,6198125,Emanuel Miller,SA,SF,,False,False
43591752,150649,1195700,465,6198125,Emanuel Miller,SA,SF,,False,False
43591753,150649,1195700,636,6198125,Emanuel Miller,SA,SF,,False,False
43591754,150649,1352114,464,6198125,Luke Travers,MIL,SG,,False,False
43591755,150649,1352114,465,6198125,Luke Travers,MIL,SG,,False,False
43591756,150649,1352114,636,6198125,Luke Travers,MIL,SG,,False,False
43591757,150649,1460155,464,6198126,Cam Christie,LAC,SG,,False,False
43591758,150649,1460155,465,6198126,Cam Christie,LAC,SG,,False,False
43591759,150649,1460155,636,6198126,Cam Christie,LAC,SG,,False,False
43591760,150649,1231938,464,6198126,Kobe Sanders,LAC,SG,,False,False
43591761,150649,1231938,465,6198126,Kobe Sanders,LAC,SG,,False,False
43591762,150649,1231938,636,6198126,Kobe Sanders,LAC,SG,,False,False
43591763,150649,1133800,633,6198123,Colin Castleton,ORL,C,,False,False
43591764,150649,1133800,465,6198123,Colin Castleton,ORL,C,,False,False
43591765,150649,1133800,636,6198123,Colin Castleton,ORL,C,,False,False
43591766,150649,1193172,633,6198123,Jalen Bridges,POR,SF,,False,False
43591767,150649,1193172,465,6198123,Jalen Bridges,POR,SF,,False,False
43591768,150649,1193172,636,6198123,Jalen Bridges,POR,SF,,False,False
43591769,150649,1590551,633,6198123,Noah Penda,ORL,PF,,False,False
43591770,150649,1590551,465,6198123,Noah Penda,ORL,PF,,False,False
43591771,150649,1590551,636,6198123,Noah Penda,ORL,PF,,False,False
43591772,150649,1324019,464,6198125,Miles Kelly,SA,PG,,False,False
43591773,150649,1324019,465,6198125,Miles Kelly,SA,PG,,False,False
43591774,150649,1324019,636,6198125,Miles Kelly,SA,PG,,False,False
43591775,150649,1231792,633,6198123,Keon Johnson,ORL,SF,,False,False
43591776,150649,1231792,465,6198123,Keon Johnson,ORL,SF,,False,False
43591777,150649,1231792,636,6198123,Keon Johnson,ORL,SF,,False,False
43591778,150649,1230369,464,6198124,Reece Beekman,WAS,PG,,False,False
43591779,150649,1230369,465,6198124,Reece Beekman,WAS,PG,,False,False
43591780,150649,1230369,636,6198124,Reece Beekman,WAS,PG,,False,False
43591781,150649,1132015,633,6198123,Hunter Tyson,ORL,PF,,False,False
43591782,150649,1132015,465,6198123,Hunter Tyson,ORL,PF,,False,False
43591783,150649,1132015,636,6198123,Hunter Tyson,ORL,PF,,False,False
43591784,150649,1324173,464,6198125,Kam Jones,MIL,PG,,False,False
43591785,150649,1324173,465,6198125,Kam Jones,MIL,PG,,False,False
43591786,150649,1324173,636,6198125,Kam Jones,MIL,PG,,False,False
43591787,150649,1323633,464,6198126,Trey Alexander,UTA,PG,,False,False
43591788,150649,1323633,465,6198126,Trey Alexander,UTA,PG,,False,False
43591789,150649,1323633,636,6198126,Trey Alexander,UTA,PG,,False,False
43591790,150649,1591570,633,6198123,Hansen Yang,POR,C,,False,False
43591791,150649,1591570,465,6198123,Hansen Yang,POR,C,,False,False
43591792,150649,1591570,636,6198123,Hansen Yang,POR,C,,False,False
43591793,150649,1245906,464,6198125,Brandon Boston Jr.,MIL,SG,,False,False
43591794,150649,1245906,465,6198125,Brandon Boston Jr.,MIL,SG,,False,False
43591795,150649,1245906,636,6198125,Brandon Boston Jr.,MIL,SG,,False,False
43591796,150649,1404902,633,6198124,Jonathan Mogbo,SAC,SF,,False,False
43591797,150649,1404902,465,6198124,Jonathan Mogbo,SAC,SF,,False,False
43591798,150649,1404902,636,6198124,Jonathan Mogbo,SAC,SF,,False,False
43591799,150649,1340789,464,6198123,TyTy Washington Jr.,ORL,PG,,False,False
43591800,150649,1340789,465,6198123,TyTy Washington Jr.,ORL,PG,,False,False
43591801,150649,1340789,636,6198123,TyTy Washington Jr.,ORL,PG,,False,False
43591802,150649,1136581,464,6198124,Adam Flagler,SAC,PG,,False,False
43591803,150649,1136581,465,6198124,Adam Flagler,SAC,PG,,False,False
43591804,150649,1136581,636,6198124,Adam Flagler,SAC,PG,,False,False
43591805,150649,1408243,633,6198125,Tarris Reed Jr.,SA,C,,False,False
43591806,150649,1408243,465,6198125,Tarris Reed Jr.,SA,C,,False,False
43591807,150649,1408243,636,6198125,Tarris Reed Jr.,SA,C,,False,False
43591808,150649,1232056,633,6198124,Jamir Watkins,WAS,SF,,False,False
43591809,150649,1232056,465,6198124,Jamir Watkins,WAS,SF,,False,False
43591810,150649,1232056,636,6198124,Jamir Watkins,WAS,SF,,False,False
43591811,150649,1251665,633,6198124,Dylan Cardwell,SAC,C,,False,False
43591812,150649,1251665,465,6198124,Dylan Cardwell,SAC,C,,False,False
43591813,150649,1251665,636,6198124,Dylan Cardwell,SAC,C,,False,False
43591814,150649,1132027,633,6198123,Cam Reddish,ORL,SF,,False,False
43591815,150649,1132027,465,6198123,Cam Reddish,ORL,SF,,False,False
43591816,150649,1132027,636,6198123,Cam Reddish,ORL,SF,,False,False
43591817,150649,1429347,464,6198123,Jaylen Martin,POR,PG,,False,False
43591818,150649,1429347,465,6198123,Jaylen Martin,POR,PG,,False,False
43591819,150649,1429347,636,6198123,Jaylen Martin,POR,PG,,False,False
43591820,150649,1333783,464,6198126,Tamar Bates,UTA,SG,,False,False
43591821,150649,1333783,465,6198126,Tamar Bates,UTA,SG,,False,False
43591822,150649,1333783,636,6198126,Tamar Bates,UTA,SG,,False,False
43591823,150649,1175110,464,6198123,Lester Quinones,ORL,PG,,False,False
43591824,150649,1175110,465,6198123,Lester Quinones,ORL,PG,,False,False
43591825,150649,1175110,636,6198123,Lester Quinones,ORL,PG,,False,False
43591826,150649,1408135,633,6198125,Maliq Brown,SA,PF,,False,False
43591827,150649,1408135,465,6198125,Maliq Brown,SA,PF,,False,False
43591828,150649,1408135,636,6198125,Maliq Brown,SA,PF,,False,False
43591829,150649,1402304,633,6198126,Baba Miller,LAC,PF,,False,False
43591830,150649,1402304,465,6198126,Baba Miller,LAC,PF,,False,False
43591831,150649,1402304,636,6198126,Baba Miller,LAC,PF,,False,False
43591832,150649,1236199,633,6198123,Ricky Council IV,ORL,SF,,False,False
43591833,150649,1236199,465,6198123,Ricky Council IV,ORL,SF,,False,False
43591834,150649,1236199,636,6198123,Ricky Council IV,ORL,SF,,False,False
43591835,150649,1403617,464,6198124,Emanuel Sharp,SAC,SG,,False,False
43591836,150649,1403617,465,6198124,Emanuel Sharp,SAC,SG,,False,False
43591837,150649,1403617,636,6198124,Emanuel Sharp,SAC,SG,,False,False
43591838,150649,1134179,464,6198126,Blake Hinson,UTA,SG,,False,False
43591839,150649,1134179,465,6198126,Blake Hinson,UTA,SG,,False,False
43591840,150649,1134179,636,6198126,Blake Hinson,UTA,SG,,False,False
43591841,150649,1365403,633,6198124,Alex Karaban,SAC,SF,,False,False
43591842,150649,1365403,465,6198124,Alex Karaban,SAC,SF,,False,False
43591843,150649,1365403,636,6198124,Alex Karaban,SAC,SF,,False,False
43591844,150649,1401391,464,6198125,Ja'Kobi Gillespie,SA,PG,,False,False
43591845,150649,1401391,465,6198125,Ja'Kobi Gillespie,SA,PG,,False,False
43591846,150649,1401391,636,6198125,Ja'Kobi Gillespie,SA,PG,,False,False
43591847,150649,1243685,633,6198123,Jayson Kent,POR,SF,,False,False
43591848,150649,1243685,465,6198123,Jayson Kent,POR,SF,,False,False
43591849,150649,1243685,636,6198123,Jayson Kent,POR,SF,,False,False
43591850,150649,1415864,633,6198123,Izaiyah Nelson,ORL,SF,,False,False
43591851,150649,1415864,465,6198123,Izaiyah Nelson,ORL,SF,,False,False
43591852,150649,1415864,636,6198123,Izaiyah Nelson,ORL,SF,,False,False
43591853,150649,1408273,633,6198124,Felix Okpara,WAS,PF,,False,False
43591854,150649,1408273,465,6198124,Felix Okpara,WAS,PF,,False,False
43591855,150649,1408273,636,6198124,Felix Okpara,WAS,PF,,False,False
43591856,150649,1448789,633,6198125,Malique Lewis,MIL,SF,,False,False
43591857,150649,1448789,465,6198125,Malique Lewis,MIL,SF,,False,False
43591858,150649,1448789,636,6198125,Malique Lewis,MIL,SF,,False,False
43591859,150649,1234814,464,6198123,Chris Youngblood,POR,PG,,False,False
43591860,150649,1234814,465,6198123,Chris Youngblood,POR,PG,,False,False
43591861,150649,1234814,636,6198123,Chris Youngblood,POR,PG,,False,False
43591862,150649,1175267,464,6198123,Alex Morales,ORL,PG,,False,False
43591863,150649,1175267,465,6198123,Alex Morales,ORL,PG,,False,False
43591864,150649,1175267,636,6198123,Alex Morales,ORL,PG,,False,False
43591865,150649,1134766,464,6198125,Cormac Ryan,MIL,PG,,False,False
43591866,150649,1134766,465,6198125,Cormac Ryan,MIL,PG,,False,False
43591867,150649,1134766,636,6198125,Cormac Ryan,MIL,PG,,False,False
43591868,150649,1134758,633,6198126,Kylor Kelley,UTA,SF,,False,False
43591869,150649,1134758,465,6198126,Kylor Kelley,UTA,SF,,False,False
43591870,150649,1134758,636,6198126,Kylor Kelley,UTA,SF,,False,False
43591871,150649,1405312,633,6198126,Nick Martinelli,LAC,SF,,False,False
43591872,150649,1405312,465,6198126,Nick Martinelli,LAC,SF,,False,False
43591873,150649,1405312,636,6198126,Nick Martinelli,LAC,SF,,False,False
43591874,150649,1324442,633,6198124,Julian Reese,WAS,PF,,False,False
43591875,150649,1324442,465,6198124,Julian Reese,WAS,PF,,False,False
43591876,150649,1324442,636,6198124,Julian Reese,WAS,PF,,False,False
43591877,150649,1340786,464,6198126,Matthew Cleveland,UTA,PG,,False,False
43591878,150649,1340786,465,6198126,Matthew Cleveland,UTA,PG,,False,False
43591879,150649,1340786,636,6198126,Matthew Cleveland,UTA,PG,,False,False
43591880,150649,1178150,633,6198125,Jesse Edwards,MIL,C,,False,False
43591881,150649,1178150,465,6198125,Jesse Edwards,MIL,C,,False,False
43591882,150649,1178150,636,6198125,Jesse Edwards,MIL,C,,False,False
43591883,150649,1373323,633,6198123,Phillip Wheeler,ORL,SF,,False,False
43591884,150649,1373323,465,6198123,Phillip Wheeler,ORL,SF,,False,False
43591885,150649,1373323,636,6198123,Phillip Wheeler,ORL,SF,,False,False
43591886,150649,1253428,633,6198125,Zack Austin,MIL,SF,,False,False
43591887,150649,1253428,465,6198125,Zack Austin,MIL,SF,,False,False
43591888,150649,1253428,636,6198125,Zack Austin,MIL,SF,,False,False
43591889,150649,1232447,633,6198126,Jahmyl Telfort,LAC,SF,,False,False
43591890,150649,1232447,465,6198126,Jahmyl Telfort,LAC,SF,,False,False
43591891,150649,1232447,636,6198126,Jahmyl Telfort,LAC,SF,,False,False
43591892,150649,1482267,464,6198126,Hayden Gray,UTA,PG,,False,False
43591893,150649,1482267,465,6198126,Hayden Gray,UTA,PG,,False,False
43591894,150649,1482267,636,6198126,Hayden Gray,UTA,PG,,False,False
43591895,150649,1243722,464,6198125,RJ Davis,SA,PG,,False,False
43591896,150649,1243722,465,6198125,RJ Davis,SA,PG,,False,False
43591897,150649,1243722,636,6198125,RJ Davis,SA,PG,,False,False
43591898,150649,1230357,464,6198123,DJ Steward,POR,PG,,False,False
43591899,150649,1230357,465,6198123,DJ Steward,POR,PG,,False,False
43591900,150649,1230357,636,6198123,DJ Steward,POR,PG,,False,False
43591901,150649,1231489,464,6198124,Kadary Richmond,WAS,PG,,False,False
43591902,150649,1231489,465,6198124,Kadary Richmond,WAS,PG,,False,False
43591903,150649,1231489,636,6198124,Kadary Richmond,WAS,PG,,False,False
43591904,150649,1326079,464,6198126,Sean Pedulla,LAC,PG,,False,False
43591905,150649,1326079,465,6198126,Sean Pedulla,LAC,PG,,False,False
43591906,150649,1326079,636,6198126,Sean Pedulla,LAC,PG,,False,False
43591907,150649,1343051,464,6198126,Bez Mbeng,UTA,PG,,False,False
43591908,150649,1343051,465,6198126,Bez Mbeng,UTA,PG,,False,False
43591909,150649,1343051,636,6198126,Bez Mbeng,UTA,PG,,False,False
43591910,150649,1326422,633,6198125,Rafael Castro,MIL,C,,False,False
43591911,150649,1326422,465,6198125,Rafael Castro,MIL,C,,False,False
43591912,150649,1326422,636,6198125,Rafael Castro,MIL,C,,False,False
43591913,150649,1408438,633,6198125,Harry Wessels,SA,C,,False,False
43591914,150649,1408438,465,6198125,Harry Wessels,SA,C,,False,False
43591915,150649,1408438,636,6198125,Harry Wessels,SA,C,,False,False
43591916,150649,1179796,464,6198123,Quincy Olivari,POR,PG,,False,False
43591917,150649,1179796,465,6198123,Quincy Olivari,POR,PG,,False,False
43591918,150649,1179796,636,6198123,Quincy Olivari,POR,PG,,False,False
43591919,150649,1231386,633,6198126,Norchad Omier,LAC,SF,,False,False
43591920,150649,1231386,465,6198126,Norchad Omier,LAC,SF,,False,False
43591921,150649,1231386,636,6198126,Norchad Omier,LAC,SF,,False,False
43591922,150649,1432129,633,6198125,Bogoljub Markovic,MIL,PF,,False,False
43591923,150649,1432129,465,6198125,Bogoljub Markovic,MIL,PF,,False,False
43591924,150649,1432129,636,6198125,Bogoljub Markovic,MIL,PF,,False,False
43591925,150649,1193984,464,6198126,Max Abmas,UTA,PG,,False,False
43591926,150649,1193984,465,6198126,Max Abmas,UTA,PG,,False,False
43591927,150649,1193984,636,6198126,Max Abmas,UTA,PG,,False,False
43591928,150649,1413221,464,6198123,Tre Holloman,ORL,PG,,False,False
43591929,150649,1413221,465,6198123,Tre Holloman,ORL,PG,,False,False
43591930,150649,1413221,636,6198123,Tre Holloman,ORL,PG,,False,False
43591931,150649,1541010,464,6198125,Miles Barnstable,SA,PG,,False,False
43591932,150649,1541010,465,6198125,Miles Barnstable,SA,PG,,False,False
43591933,150649,1541010,636,6198125,Miles Barnstable,SA,PG,,False,False
43591934,150649,1134005,464,6198125,Kira Lewis Jr.,MIL,PG,,False,False
43591935,150649,1134005,465,6198125,Kira Lewis Jr.,MIL,PG,,False,False
43591936,150649,1134005,636,6198125,Kira Lewis Jr.,MIL,PG,,False,False
43591937,150649,1176244,633,6198126,Eric Dixon,UTA,SF,,False,False
43591938,150649,1176244,465,6198126,Eric Dixon,UTA,SF,,False,False
43591939,150649,1176244,636,6198126,Eric Dixon,UTA,SF,,False,False
43591940,150649,1401740,464,6198123,Mike Sharavjamts,ORL,PG,,False,False
43591941,150649,1401740,465,6198123,Mike Sharavjamts,ORL,PG,,False,False
43591942,150649,1401740,636,6198123,Mike Sharavjamts,ORL,PG,,False,False
43591943,150649,1405695,464,6198124,B.J. Edwards,SAC,PG,,False,False
43591944,150649,1405695,465,6198124,B.J. Edwards,SAC,PG,,False,False
43591945,150649,1405695,636,6198124,B.J. Edwards,SAC,PG,,False,False
43591946,150649,1231848,464,6198125,Tyon Grant-Foster,SA,PG,,False,False
43591947,150649,1231848,465,6198125,Tyon Grant-Foster,SA,PG,,False,False
43591948,150649,1231848,636,6198125,Tyon Grant-Foster,SA,PG,,False,False
43591949,150649,1340782,633,6198125,John Butler,MIL,SF,,False,False
43591950,150649,1340782,465,6198125,John Butler,MIL,SF,,False,False
43591951,150649,1340782,636,6198125,John Butler,MIL,SF,,False,False
43591952,150649,1402782,633,6198123,Malik Reneau,ORL,SF,,False,False
43591953,150649,1402782,465,6198123,Malik Reneau,ORL,SF,,False,False
43591954,150649,1402782,636,6198123,Malik Reneau,ORL,SF,,False,False
43591955,150649,1401387,633,6198123,Barry Dunning Jr.,POR,SF,,False,False
43591956,150649,1401387,465,6198123,Barry Dunning Jr.,POR,SF,,False,False
43591957,150649,1401387,636,6198123,Barry Dunning Jr.,POR,SF,,False,False
43591958,150649,1536964,633,6198124,Elias Ralph,SAC,SF,,False,False
43591959,150649,1536964,465,6198124,Elias Ralph,SAC,SF,,False,False
43591960,150649,1536964,636,6198124,Elias Ralph,SAC,SF,,False,False
43591961,150649,1324298,633,6198124,John Camden,WAS,SF,,False,False
43591962,150649,1324298,465,6198124,John Camden,WAS,SF,,False,False
43591963,150649,1324298,636,6198124,John Camden,WAS,SF,,False,False
43591964,150649,1324101,633,6198125,RJ Melendez,SA,SF,,False,False
43591965,150649,1324101,465,6198125,RJ Melendez,SA,SF,,False,False
43591966,150649,1324101,636,6198125,RJ Melendez,SA,SF,,False,False
43591967,150649,1176278,633,6198126,Zach Freemantle,LAC,SF,,False,False
43591968,150649,1176278,465,6198126,Zach Freemantle,LAC,SF,,False,False
43591969,150649,1176278,636,6198126,Zach Freemantle,LAC,SF,,False,False
43591970,150649,1556035,633,6198123,DJ Armstrong Jr.,ORL,SF,,False,False
43591971,150649,1556035,465,6198123,DJ Armstrong Jr.,ORL,SF,,False,False
43591972,150649,1556035,636,6198123,DJ Armstrong Jr.,ORL,SF,,False,False
43591973,150649,1453380,633,6198123,Aliou Diarra,POR,SF,,False,False
43591974,150649,1453380,465,6198123,Aliou Diarra,POR,SF,,False,False
43591975,150649,1453380,636,6198123,Aliou Diarra,POR,SF,,False,False
43591976,150649,1406775,633,6198124,Marquel Sutton,SAC,SF,,False,False
43591977,150649,1406775,465,6198124,Marquel Sutton,SAC,SF,,False,False
43591978,150649,1406775,636,6198124,Marquel Sutton,SAC,SF,,False,False
43591979,150649,1405037,464,6198124,Seth Trimble,WAS,PG,,False,False
43591980,150649,1405037,465,6198124,Seth Trimble,WAS,PG,,False,False
43591981,150649,1405037,636,6198124,Seth Trimble,WAS,PG,,False,False
43591982,150649,1343050,633,6198125,Igor Milicic Jr.,SA,PF,,False,False
43591983,150649,1343050,465,6198125,Igor Milicic Jr.,SA,PF,,False,False
43591984,150649,1343050,636,6198125,Igor Milicic Jr.,SA,PF,,False,False
43591985,150649,1413220,633,6198126,Jaxon Kohler,UTA,SF,,False,False
43591986,150649,1413220,465,6198126,Jaxon Kohler,UTA,SF,,False,False
43591987,150649,1413220,636,6198126,Jaxon Kohler,UTA,SF,,False,False
43591988,150649,1135177,633,6198123,CJ Elleby,ORL,SF,,False,False
43591989,150649,1135177,465,6198123,CJ Elleby,ORL,SF,,False,False
43591990,150649,1135177,636,6198123,CJ Elleby,ORL,SF,,False,False
43591991,150649,1094731,464,6198123,Flynn Cameron,POR,PG,,False,False
43591992,150649,1094731,465,6198123,Flynn Cameron,POR,PG,,False,False
43591993,150649,1094731,636,6198123,Flynn Cameron,POR,PG,,False,False
43591994,150649,1401593,464,6198124,Anthony Dell'Orso,SAC,PG,,False,False
43591995,150649,1401593,465,6198124,Anthony Dell'Orso,SAC,PG,,False,False
43591996,150649,1401593,636,6198124,Anthony Dell'Orso,SAC,PG,,False,False
43591997,150649,1176723,464,6198124,Damari Monsanto,WAS,PG,,False,False
43591998,150649,1176723,465,6198124,Damari Monsanto,WAS,PG,,False,False
43591999,150649,1176723,636,6198124,Damari Monsanto,WAS,PG,,False,False
43592000,150649,1180055,633,6198125,Hyunjung Lee,SA,SF,,False,False
43592001,150649,1180055,465,6198125,Hyunjung Lee,SA,SF,,False,False
43592002,150649,1180055,636,6198125,Hyunjung Lee,SA,SF,,False,False
43592003,150649,1176203,633,6198125,Kuany Kuany,MIL,SF,,False,False
43592004,150649,1176203,465,6198125,Kuany Kuany,MIL,SF,,False,False
43592005,150649,1176203,636,6198125,Kuany Kuany,MIL,SF,,False,False
43592006,150649,1402285,464,6198126,Riley Kugel,LAC,PG,,False,False
43592007,150649,1402285,465,6198126,Riley Kugel,LAC,PG,,False,False
43592008,150649,1402285,636,6198126,Riley Kugel,LAC,PG,,False,False
43592009,150649,1416410,633,6198126,Micah Handlogten,UTA,C,,False,False
43592010,150649,1416410,465,6198126,Micah Handlogten,UTA,C,,False,False
43592011,150649,1416410,636,6198126,Micah Handlogten,UTA,C,,False,False
43592012,150649,1232070,464,6198123,Ace Baldwin Jr.,ORL,PG,,False,False
43592013,150649,1232070,465,6198123,Ace Baldwin Jr.,ORL,PG,,False,False
43592014,150649,1232070,636,6198123,Ace Baldwin Jr.,ORL,PG,,False,False
43592015,150649,1231852,633,6198123,Andrew Carr,POR,SF,,False,False
43592016,150649,1231852,465,6198123,Andrew Carr,POR,SF,,False,False
43592017,150649,1231852,636,6198123,Andrew Carr,POR,SF,,False,False
43592018,150649,1532772,464,6198124,Mitch Mascari,SAC,PG,,False,False
43592019,150649,1532772,465,6198124,Mitch Mascari,SAC,PG,,False,False
43592020,150649,1532772,636,6198124,Mitch Mascari,SAC,PG,,False,False
43592021,150649,1323921,633,6198124,Tre Carroll,WAS,SF,,False,False
43592022,150649,1323921,465,6198124,Tre Carroll,WAS,SF,,False,False
43592023,150649,1323921,636,6198124,Tre Carroll,WAS,SF,,False,False
43592024,150649,1176026,633,6198125,David Muoka,SA,C,,False,False
43592025,150649,1176026,465,6198125,David Muoka,SA,C,,False,False
43592026,150649,1176026,636,6198125,David Muoka,SA,C,,False,False
43592027,150649,608153,633,6198125,Aaron Williams,MIL,SF,,False,False
43592028,150649,608153,465,6198125,Aaron Williams,MIL,SF,,False,False
43592029,150649,608153,636,6198125,Aaron Williams,MIL,SF,,False,False
43592030,150649,1327795,464,6198126,Justin Harmon,UTA,PG,,False,False
43592031,150649,1327795,465,6198126,Justin Harmon,UTA,PG,,False,False
43592032,150649,1327795,636,6198126,Justin Harmon,UTA,PG,,False,False
43592033,150649,1232341,464,6198123,Johnell Davis,ORL,PG,,False,False
43592034,150649,1232341,465,6198123,Johnell Davis,ORL,PG,,False,False
43592035,150649,1232341,636,6198123,Johnell Davis,ORL,PG,,False,False
43592036,150649,1518772,464,6198124,Isaiah Stevens,SAC,PG,,False,False
43592037,150649,1518772,465,6198124,Isaiah Stevens,SAC,PG,,False,False
43592038,150649,1518772,636,6198124,Isaiah Stevens,SAC,PG,,False,False
43592039,150649,1507153,633,6198124,Norris Agbakoko,WAS,C,,False,False
43592040,150649,1507153,465,6198124,Norris Agbakoko,WAS,C,,False,False
43592041,150649,1507153,636,6198124,Norris Agbakoko,WAS,C,,False,False
43592042,150649,1345427,464,6198125,Zakai Zeigler,SA,PG,,False,False
43592043,150649,1345427,465,6198125,Zakai Zeigler,SA,PG,,False,False
43592044,150649,1345427,636,6198125,Zakai Zeigler,SA,PG,,False,False
43592045,150649,1231377,633,6198125,Kobe Stewart,MIL,SF,,False,False
43592046,150649,1231377,465,6198125,Kobe Stewart,MIL,SF,,False,False
43592047,150649,1231377,636,6198125,Kobe Stewart,MIL,SF,,False,False
43592048,150649,1405367,464,6198126,Fletcher Loyer,LAC,PG,,False,False
43592049,150649,1405367,465,6198126,Fletcher Loyer,LAC,PG,,False,False
43592050,150649,1405367,636,6198126,Fletcher Loyer,LAC,PG,,False,False
43592051,150649,1406916,633,6198126,Mohamed Wague,UTA,PF,,False,False
43592052,150649,1406916,465,6198126,Mohamed Wague,UTA,PF,,False,False
43592053,150649,1406916,636,6198126,Mohamed Wague,UTA,PF,,False,False
43592054,150649,1186774,633,6198123,Will Baker,ORL,SF,,False,False
43592055,150649,1186774,465,6198123,Will Baker,ORL,SF,,False,False
43592056,150649,1186774,636,6198123,Will Baker,ORL,SF,,False,False
43592057,150649,1325115,633,6198123,Frankie Fidler,POR,SF,,False,False
43592058,150649,1325115,465,6198123,Frankie Fidler,POR,SF,,False,False
43592059,150649,1325115,636,6198123,Frankie Fidler,POR,SF,,False,False
43592060,150649,1236654,633,6198124,Viktor Lakhin,SAC,C,,False,False
43592061,150649,1236654,465,6198124,Viktor Lakhin,SAC,C,,False,False
43592062,150649,1236654,636,6198124,Viktor Lakhin,SAC,C,,False,False
43592063,150649,1060982,464,6198124,RJ Nembhard,WAS,PG,,False,False
43592064,150649,1060982,465,6198124,RJ Nembhard,WAS,PG,,False,False
43592065,150649,1060982,636,6198124,RJ Nembhard,WAS,PG,,False,False
43592066,150649,1327839,464,6198125,Jayden Nunn,SA,PG,,False,False
43592067,150649,1327839,465,6198125,Jayden Nunn,SA,PG,,False,False
43592068,150649,1327839,636,6198125,Jayden Nunn,SA,PG,,False,False
43592069,150649,1340214,464,6198125,Boopie Miller,MIL,PG,,False,False
43592070,150649,1340214,465,6198125,Boopie Miller,MIL,PG,,False,False
43592071,150649,1340214,636,6198125,Boopie Miller,MIL,PG,,False,False
43592072,150649,1257476,464,6198126,Themus Fulks,LAC,PG,,False,False
43592073,150649,1257476,465,6198126,Themus Fulks,LAC,PG,,False,False
43592074,150649,1257476,636,6198126,Themus Fulks,LAC,PG,,False,False
43592075,150649,1328254,633,6198126,Jonas Aidoo,UTA,C,,False,False
43592076,150649,1328254,465,6198126,Jonas Aidoo,UTA,C,,False,False
43592077,150649,1328254,636,6198126,Jonas Aidoo,UTA,C,,False,False
43592078,150650,1594900,497,6198126,Darryn Peterson,UTA,SG,8800.0,False,True
43592079,150650,1594900,502,6198126,Darryn Peterson,UTA,SG,8800.0,False,True
43592080,150650,1594900,503,6198126,Darryn Peterson,UTA,SG,8800.0,False,True
43592081,150650,1610164,497,6198125,Brayden Burries,MIL,SG,8600.0,False,True
43592082,150650,1610164,502,6198125,Brayden Burries,MIL,SG,8600.0,False,True
43592083,150650,1610164,503,6198125,Brayden Burries,MIL,SG,8600.0,False,True
43592084,150650,1519363,499,6198126,Ace Bailey,UTA,PF,8500.0,False,True
43592085,150650,1519363,501,6198126,Ace Bailey,UTA,PF,8500.0,False,True
43592086,150650,1519363,503,6198126,Ace Bailey,UTA,PF,8500.0,False,True
43592087,150650,1448788,496,6198125,Kasparas Jakucionis,MIL,PG,8400.0,False,True
43592088,150650,1448788,502,6198125,Kasparas Jakucionis,MIL,PG,8400.0,False,True
43592089,150650,1448788,503,6198125,Kasparas Jakucionis,MIL,PG,8400.0,False,True
43592090,150650,1589783,497,6198126,Keaton Wagler,LAC,SG,8000.0,False,True
43592091,150650,1589783,502,6198126,Keaton Wagler,LAC,SG,8000.0,False,True
43592092,150650,1589783,503,6198126,Keaton Wagler,LAC,SG,8000.0,False,True
43592093,150650,1523620,499,6198125,Jayden Quaintance,SA,PF,7500.0,False,True
43592094,150650,1523620,501,6198125,Jayden Quaintance,SA,PF,7500.0,False,True
43592095,150650,1523620,503,6198125,Jayden Quaintance,SA,PF,7500.0,False,True
43592096,150650,1133861,498,6198125,Pete Nance,MIL,SF/PF,7400.0,False,True
43592097,150650,1133861,499,6198125,Pete Nance,MIL,SF/PF,7400.0,False,True
43592098,150650,1133861,501,6198125,Pete Nance,MIL,SF/PF,7400.0,False,True
43592099,150650,1133861,503,6198125,Pete Nance,MIL,SF/PF,7400.0,False,True
43592100,150650,1458830,498,6198126,Cody Williams,UTA,SF/PF,7200.0,False,True
43592101,150650,1458830,499,6198126,Cody Williams,UTA,SF/PF,7200.0,False,True
43592102,150650,1458830,501,6198126,Cody Williams,UTA,SF/PF,7200.0,False,True
43592103,150650,1458830,503,6198126,Cody Williams,UTA,SF/PF,7200.0,False,True
43592104,150650,1538604,498,6198125,Carter Bryant,SA,SF,7100.0,False,True
43592105,150650,1538604,501,6198125,Carter Bryant,SA,SF,7100.0,False,True
43592106,150650,1538604,503,6198125,Carter Bryant,SA,SF,7100.0,False,True
43592107,150650,1195700,498,6198125,Emanuel Miller,SA,SF/PF,7000.0,False,True
43592108,150650,1195700,499,6198125,Emanuel Miller,SA,SF/PF,7000.0,False,True
43592109,150650,1195700,501,6198125,Emanuel Miller,SA,SF/PF,7000.0,False,True
43592110,150650,1195700,503,6198125,Emanuel Miller,SA,SF/PF,7000.0,False,True
43592111,150650,1352114,497,6198125,Luke Travers,MIL,SG,7000.0,False,True
43592112,150650,1352114,502,6198125,Luke Travers,MIL,SG,7000.0,False,True
43592113,150650,1352114,503,6198125,Luke Travers,MIL,SG,7000.0,False,True
43592114,150650,1460155,497,6198126,Cam Christie,LAC,SG,6900.0,False,True
43592115,150650,1460155,502,6198126,Cam Christie,LAC,SG,6900.0,False,True
43592116,150650,1460155,503,6198126,Cam Christie,LAC,SG,6900.0,False,True
43592117,150650,1231938,497,6198126,Kobe Sanders,LAC,SG,6900.0,False,True
43592118,150650,1231938,502,6198126,Kobe Sanders,LAC,SG,6900.0,False,True
43592119,150650,1231938,503,6198126,Kobe Sanders,LAC,SG,6900.0,False,True
43592120,150650,1324019,496,6198125,Miles Kelly,SA,PG/SG,6600.0,False,True
43592121,150650,1324019,497,6198125,Miles Kelly,SA,PG/SG,6600.0,False,True
43592122,150650,1324019,502,6198125,Miles Kelly,SA,PG/SG,6600.0,False,True
43592123,150650,1324019,503,6198125,Miles Kelly,SA,PG/SG,6600.0,False,True
43592124,150650,1324173,496,6198125,Kam Jones,MIL,PG,6200.0,False,True
43592125,150650,1324173,502,6198125,Kam Jones,MIL,PG,6200.0,False,True
43592126,150650,1324173,503,6198125,Kam Jones,MIL,PG,6200.0,False,True
43592127,150650,1323633,496,6198126,Trey Alexander,UTA,PG/SG,6200.0,False,True
43592128,150650,1323633,497,6198126,Trey Alexander,UTA,PG/SG,6200.0,False,True
43592129,150650,1323633,502,6198126,Trey Alexander,UTA,PG/SG,6200.0,False,True
43592130,150650,1323633,503,6198126,Trey Alexander,UTA,PG/SG,6200.0,False,True
43592131,150650,1245906,497,6198125,Brandon Boston Jr.,MIL,SG,6000.0,False,True
43592132,150650,1245906,502,6198125,Brandon Boston Jr.,MIL,SG,6000.0,False,True
43592133,150650,1245906,503,6198125,Brandon Boston Jr.,MIL,SG,6000.0,False,True
43592134,150650,1408243,500,6198125,Tarris Reed Jr.,SA,C,5800.0,False,True
43592135,150650,1408243,503,6198125,Tarris Reed Jr.,SA,C,5800.0,False,True
43592136,150650,1333783,497,6198126,Tamar Bates,UTA,SG,5600.0,False,True
43592137,150650,1333783,502,6198126,Tamar Bates,UTA,SG,5600.0,False,True
43592138,150650,1333783,503,6198126,Tamar Bates,UTA,SG,5600.0,False,True
43592139,150650,1408135,499,6198125,Maliq Brown,SA,PF,5400.0,False,True
43592140,150650,1408135,501,6198125,Maliq Brown,SA,PF,5400.0,False,True
43592141,150650,1408135,503,6198125,Maliq Brown,SA,PF,5400.0,False,True
43592142,150650,1402304,499,6198126,Baba Miller,LAC,PF,5400.0,False,True
43592143,150650,1402304,501,6198126,Baba Miller,LAC,PF,5400.0,False,True
43592144,150650,1402304,503,6198126,Baba Miller,LAC,PF,5400.0,False,True
43592145,150650,1134179,497,6198126,Blake Hinson,UTA,SG,5300.0,False,True
43592146,150650,1134179,502,6198126,Blake Hinson,UTA,SG,5300.0,False,True
43592147,150650,1134179,503,6198126,Blake Hinson,UTA,SG,5300.0,False,True
43592148,150650,1401391,496,6198125,Ja'Kobi Gillespie,SA,PG,5200.0,False,True
43592149,150650,1401391,502,6198125,Ja'Kobi Gillespie,SA,PG,5200.0,False,True
43592150,150650,1401391,503,6198125,Ja'Kobi Gillespie,SA,PG,5200.0,False,True
43592151,150650,1448789,498,6198125,Malique Lewis,MIL,SF,5200.0,False,True
43592152,150650,1448789,501,6198125,Malique Lewis,MIL,SF,5200.0,False,True
43592153,150650,1448789,503,6198125,Malique Lewis,MIL,SF,5200.0,False,True
43592154,150650,1134766,496,6198125,Cormac Ryan,MIL,PG/SG,5100.0,False,True
43592155,150650,1134766,497,6198125,Cormac Ryan,MIL,PG/SG,5100.0,False,True
43592156,150650,1134766,502,6198125,Cormac Ryan,MIL,PG/SG,5100.0,False,True
43592157,150650,1134766,503,6198125,Cormac Ryan,MIL,PG/SG,5100.0,False,True
43592158,150650,1134758,498,6198126,Kylor Kelley,UTA,SF/PF,5100.0,False,True
43592159,150650,1134758,499,6198126,Kylor Kelley,UTA,SF/PF,5100.0,False,True
43592160,150650,1134758,501,6198126,Kylor Kelley,UTA,SF/PF,5100.0,False,True
43592161,150650,1134758,503,6198126,Kylor Kelley,UTA,SF/PF,5100.0,False,True
43592162,150650,1405312,498,6198126,Nick Martinelli,LAC,SF,5000.0,False,True
43592163,150650,1405312,501,6198126,Nick Martinelli,LAC,SF,5000.0,False,True
43592164,150650,1405312,503,6198126,Nick Martinelli,LAC,SF,5000.0,False,True
43592165,150650,1340786,496,6198126,Matthew Cleveland,UTA,PG/SG,5000.0,False,True
43592166,150650,1340786,497,6198126,Matthew Cleveland,UTA,PG/SG,5000.0,False,True
43592167,150650,1340786,502,6198126,Matthew Cleveland,UTA,PG/SG,5000.0,False,True
43592168,150650,1340786,503,6198126,Matthew Cleveland,UTA,PG/SG,5000.0,False,True
43592169,150650,1178150,500,6198125,Jesse Edwards,MIL,C,5000.0,False,True
43592170,150650,1178150,503,6198125,Jesse Edwards,MIL,C,5000.0,False,True
43592171,150650,1253428,498,6198125,Zack Austin,MIL,SF/PF,4900.0,False,True
43592172,150650,1253428,499,6198125,Zack Austin,MIL,SF/PF,4900.0,False,True
43592173,150650,1253428,501,6198125,Zack Austin,MIL,SF/PF,4900.0,False,True
43592174,150650,1253428,503,6198125,Zack Austin,MIL,SF/PF,4900.0,False,True
43592175,150650,1232447,498,6198126,Jahmyl Telfort,LAC,SF/PF,4900.0,False,True
43592176,150650,1232447,499,6198126,Jahmyl Telfort,LAC,SF/PF,4900.0,False,True
43592177,150650,1232447,501,6198126,Jahmyl Telfort,LAC,SF/PF,4900.0,False,True
43592178,150650,1232447,503,6198126,Jahmyl Telfort,LAC,SF/PF,4900.0,False,True
43592179,150650,1482267,496,6198126,Hayden Gray,UTA,PG/SG,4900.0,False,True
43592180,150650,1482267,497,6198126,Hayden Gray,UTA,PG/SG,4900.0,False,True
43592181,150650,1482267,502,6198126,Hayden Gray,UTA,PG/SG,4900.0,False,True
43592182,150650,1482267,503,6198126,Hayden Gray,UTA,PG/SG,4900.0,False,True
43592183,150650,1243722,496,6198125,RJ Davis,SA,PG/SG,4900.0,False,True
43592184,150650,1243722,497,6198125,RJ Davis,SA,PG/SG,4900.0,False,True
43592185,150650,1243722,502,6198125,RJ Davis,SA,PG/SG,4900.0,False,True
43592186,150650,1243722,503,6198125,RJ Davis,SA,PG/SG,4900.0,False,True
43592187,150650,1326079,496,6198126,Sean Pedulla,LAC,PG/SG,4800.0,False,True
43592188,150650,1326079,497,6198126,Sean Pedulla,LAC,PG/SG,4800.0,False,True
43592189,150650,1326079,502,6198126,Sean Pedulla,LAC,PG/SG,4800.0,False,True
43592190,150650,1326079,503,6198126,Sean Pedulla,LAC,PG/SG,4800.0,False,True
43592191,150650,1343051,496,6198126,Bez Mbeng,UTA,PG/SG,4800.0,False,True
43592192,150650,1343051,497,6198126,Bez Mbeng,UTA,PG/SG,4800.0,False,True
43592193,150650,1343051,502,6198126,Bez Mbeng,UTA,PG/SG,4800.0,False,True
43592194,150650,1343051,503,6198126,Bez Mbeng,UTA,PG/SG,4800.0,False,True
43592195,150650,1326422,500,6198125,Rafael Castro,MIL,C,4800.0,False,True
43592196,150650,1326422,503,6198125,Rafael Castro,MIL,C,4800.0,False,True
43592197,150650,1408438,500,6198125,Harry Wessels,SA,C,4800.0,False,True
43592198,150650,1408438,503,6198125,Harry Wessels,SA,C,4800.0,False,True
43592199,150650,1231386,498,6198126,Norchad Omier,LAC,SF/PF,4700.0,False,True
43592200,150650,1231386,499,6198126,Norchad Omier,LAC,SF/PF,4700.0,False,True
43592201,150650,1231386,501,6198126,Norchad Omier,LAC,SF/PF,4700.0,False,True
43592202,150650,1231386,503,6198126,Norchad Omier,LAC,SF/PF,4700.0,False,True
43592203,150650,1432129,499,6198125,Bogoljub Markovic,MIL,PF,4700.0,False,True
43592204,150650,1432129,501,6198125,Bogoljub Markovic,MIL,PF,4700.0,False,True
43592205,150650,1432129,503,6198125,Bogoljub Markovic,MIL,PF,4700.0,False,True
43592206,150650,1193984,496,6198126,Max Abmas,UTA,PG/SG,4700.0,False,True
43592207,150650,1193984,497,6198126,Max Abmas,UTA,PG/SG,4700.0,False,True
43592208,150650,1193984,502,6198126,Max Abmas,UTA,PG/SG,4700.0,False,True
43592209,150650,1193984,503,6198126,Max Abmas,UTA,PG/SG,4700.0,False,True
43592210,150650,1541010,496,6198125,Miles Barnstable,SA,PG/SG,4700.0,False,True
43592211,150650,1541010,497,6198125,Miles Barnstable,SA,PG/SG,4700.0,False,True
43592212,150650,1541010,502,6198125,Miles Barnstable,SA,PG/SG,4700.0,False,True
43592213,150650,1541010,503,6198125,Miles Barnstable,SA,PG/SG,4700.0,False,True
43592214,150650,1134005,496,6198125,Kira Lewis Jr.,MIL,PG,4600.0,False,True
43592215,150650,1134005,502,6198125,Kira Lewis Jr.,MIL,PG,4600.0,False,True
43592216,150650,1134005,503,6198125,Kira Lewis Jr.,MIL,PG,4600.0,False,True
43592217,150650,1176244,498,6198126,Eric Dixon,UTA,SF/PF,4600.0,False,True
43592218,150650,1176244,499,6198126,Eric Dixon,UTA,SF/PF,4600.0,False,True
43592219,150650,1176244,501,6198126,Eric Dixon,UTA,SF/PF,4600.0,False,True
43592220,150650,1176244,503,6198126,Eric Dixon,UTA,SF/PF,4600.0,False,True
43592221,150650,1231848,496,6198125,Tyon Grant-Foster,SA,PG/SG,4600.0,False,True
43592222,150650,1231848,497,6198125,Tyon Grant-Foster,SA,PG/SG,4600.0,False,True
43592223,150650,1231848,502,6198125,Tyon Grant-Foster,SA,PG/SG,4600.0,False,True
43592224,150650,1231848,503,6198125,Tyon Grant-Foster,SA,PG/SG,4600.0,False,True
43592225,150650,1340782,498,6198125,John Butler,MIL,SF/PF,4500.0,False,True
43592226,150650,1340782,499,6198125,John Butler,MIL,SF/PF,4500.0,False,True
43592227,150650,1340782,501,6198125,John Butler,MIL,SF/PF,4500.0,False,True
43592228,150650,1340782,503,6198125,John Butler,MIL,SF/PF,4500.0,False,True
43592229,150650,1324101,498,6198125,RJ Melendez,SA,SF/PF,4500.0,False,True
43592230,150650,1324101,499,6198125,RJ Melendez,SA,SF/PF,4500.0,False,True
43592231,150650,1324101,501,6198125,RJ Melendez,SA,SF/PF,4500.0,False,True
43592232,150650,1324101,503,6198125,RJ Melendez,SA,SF/PF,4500.0,False,True
43592233,150650,1176278,498,6198126,Zach Freemantle,LAC,SF/PF,4500.0,False,True
43592234,150650,1176278,499,6198126,Zach Freemantle,LAC,SF/PF,4500.0,False,True
43592235,150650,1176278,501,6198126,Zach Freemantle,LAC,SF/PF,4500.0,False,True
43592236,150650,1176278,503,6198126,Zach Freemantle,LAC,SF/PF,4500.0,False,True
43592237,150650,1343050,499,6198125,Igor Milicic Jr.,SA,PF,4400.0,False,True
43592238,150650,1343050,501,6198125,Igor Milicic Jr.,SA,PF,4400.0,False,True
43592239,150650,1343050,503,6198125,Igor Milicic Jr.,SA,PF,4400.0,False,True
43592240,150650,1413220,498,6198126,Jaxon Kohler,UTA,SF/PF,4400.0,False,True
43592241,150650,1413220,499,6198126,Jaxon Kohler,UTA,SF/PF,4400.0,False,True
43592242,150650,1413220,501,6198126,Jaxon Kohler,UTA,SF/PF,4400.0,False,True
43592243,150650,1413220,503,6198126,Jaxon Kohler,UTA,SF/PF,4400.0,False,True
43592244,150650,1180055,498,6198125,Hyunjung Lee,SA,SF/PF,4300.0,False,True
43592245,150650,1180055,499,6198125,Hyunjung Lee,SA,SF/PF,4300.0,False,True
43592246,150650,1180055,501,6198125,Hyunjung Lee,SA,SF/PF,4300.0,False,True
43592247,150650,1180055,503,6198125,Hyunjung Lee,SA,SF/PF,4300.0,False,True
43592248,150650,1176203,498,6198125,Kuany Kuany,MIL,SF/PF,4300.0,False,True
43592249,150650,1176203,499,6198125,Kuany Kuany,MIL,SF/PF,4300.0,False,True
43592250,150650,1176203,501,6198125,Kuany Kuany,MIL,SF/PF,4300.0,False,True
43592251,150650,1176203,503,6198125,Kuany Kuany,MIL,SF/PF,4300.0,False,True
43592252,150650,1402285,496,6198126,Riley Kugel,LAC,PG/SG,4300.0,False,True
43592253,150650,1402285,497,6198126,Riley Kugel,LAC,PG/SG,4300.0,False,True
43592254,150650,1402285,502,6198126,Riley Kugel,LAC,PG/SG,4300.0,False,True
43592255,150650,1402285,503,6198126,Riley Kugel,LAC,PG/SG,4300.0,False,True
43592256,150650,1416410,500,6198126,Micah Handlogten,UTA,C,4300.0,False,True
43592257,150650,1416410,503,6198126,Micah Handlogten,UTA,C,4300.0,False,True
43592258,150650,1176026,500,6198125,David Muoka,SA,C,4200.0,False,True
43592259,150650,1176026,503,6198125,David Muoka,SA,C,4200.0,False,True
43592260,150650,608153,498,6198125,Aaron Williams,MIL,SF/PF,4200.0,False,True
43592261,150650,608153,499,6198125,Aaron Williams,MIL,SF/PF,4200.0,False,True
43592262,150650,608153,501,6198125,Aaron Williams,MIL,SF/PF,4200.0,False,True
43592263,150650,608153,503,6198125,Aaron Williams,MIL,SF/PF,4200.0,False,True
43592264,150650,1327795,496,6198126,Justin Harmon,UTA,PG/SG,4200.0,False,True
43592265,150650,1327795,497,6198126,Justin Harmon,UTA,PG/SG,4200.0,False,True
43592266,150650,1327795,502,6198126,Justin Harmon,UTA,PG/SG,4200.0,False,True
43592267,150650,1327795,503,6198126,Justin Harmon,UTA,PG/SG,4200.0,False,True
43592268,150650,1345427,496,6198125,Zakai Zeigler,SA,PG/SG,4100.0,False,True
43592269,150650,1345427,497,6198125,Zakai Zeigler,SA,PG/SG,4100.0,False,True
43592270,150650,1345427,502,6198125,Zakai Zeigler,SA,PG/SG,4100.0,False,True
43592271,150650,1345427,503,6198125,Zakai Zeigler,SA,PG/SG,4100.0,False,True
43592272,150650,1231377,497,6198125,Kobe Stewart,MIL,SG/SF,4100.0,False,True
43592273,150650,1231377,498,6198125,Kobe Stewart,MIL,SG/SF,4100.0,False,True
43592274,150650,1231377,502,6198125,Kobe Stewart,MIL,SG/SF,4100.0,False,True
43592275,150650,1231377,501,6198125,Kobe Stewart,MIL,SG/SF,4100.0,False,True
43592276,150650,1231377,503,6198125,Kobe Stewart,MIL,SG/SF,4100.0,False,True
43592277,150650,1405367,496,6198126,Fletcher Loyer,LAC,PG/SG,4100.0,False,True
43592278,150650,1405367,497,6198126,Fletcher Loyer,LAC,PG/SG,4100.0,False,True
43592279,150650,1405367,502,6198126,Fletcher Loyer,LAC,PG/SG,4100.0,False,True
43592280,150650,1405367,503,6198126,Fletcher Loyer,LAC,PG/SG,4100.0,False,True
43592281,150650,1406916,499,6198126,Mohamed Wague,UTA,PF/C,4100.0,False,True
43592282,150650,1406916,500,6198126,Mohamed Wague,UTA,PF/C,4100.0,False,True
43592283,150650,1406916,501,6198126,Mohamed Wague,UTA,PF/C,4100.0,False,True
43592284,150650,1406916,503,6198126,Mohamed Wague,UTA,PF/C,4100.0,False,True
43592285,150650,1327839,496,6198125,Jayden Nunn,SA,PG/SG,4000.0,False,True
43592286,150650,1327839,497,6198125,Jayden Nunn,SA,PG/SG,4000.0,False,True
43592287,150650,1327839,502,6198125,Jayden Nunn,SA,PG/SG,4000.0,False,True
43592288,150650,1327839,503,6198125,Jayden Nunn,SA,PG/SG,4000.0,False,True
43592289,150650,1340214,496,6198125,Boopie Miller,MIL,PG/SG,4000.0,False,True
43592290,150650,1340214,497,6198125,Boopie Miller,MIL,PG/SG,4000.0,False,True
43592291,150650,1340214,502,6198125,Boopie Miller,MIL,PG/SG,4000.0,False,True
43592292,150650,1340214,503,6198125,Boopie Miller,MIL,PG/SG,4000.0,False,True
43592293,150650,1257476,496,6198126,Themus Fulks,LAC,PG/SG,4000.0,False,True
43592294,150650,1257476,497,6198126,Themus Fulks,LAC,PG/SG,4000.0,False,True
43592295,150650,1257476,502,6198126,Themus Fulks,LAC,PG/SG,4000.0,False,True
43592296,150650,1257476,503,6198126,Themus Fulks,LAC,PG/SG,4000.0,False,True
43592297,150650,1328254,500,6198126,Jonas Aidoo,UTA,C,4000.0,False,True
43592298,150650,1328254,503,6198126,Jonas Aidoo,UTA,C,4000.0,False,True
43592299,150651,1594900,494,6198126,Darryn Peterson,UTA,SG,9800.0,False,True
43592300,150651,1519363,494,6198126,Ace Bailey,UTA,PF,9600.0,False,True
43592301,150651,1589783,494,6198126,Keaton Wagler,LAC,SG,9400.0,False,True
43592302,150651,1458830,494,6198126,Cody Williams,UTA,SF/PF,9200.0,False,True
43592303,150651,1460155,494,6198126,Cam Christie,LAC,SG,8800.0,False,True
43592304,150651,1231938,494,6198126,Kobe Sanders,LAC,SG,8400.0,False,True
43592305,150651,1323633,494,6198126,Trey Alexander,UTA,PG/SG,7400.0,False,True
43592306,150651,1333783,494,6198126,Tamar Bates,UTA,SG,6600.0,False,True
43592307,150651,1402304,494,6198126,Baba Miller,LAC,PF,6200.0,False,True
43592308,150651,1134179,494,6198126,Blake Hinson,UTA,SG,5800.0,False,True
43592309,150651,1134758,494,6198126,Kylor Kelley,UTA,SF/PF,5400.0,False,True
43592310,150651,1405312,494,6198126,Nick Martinelli,LAC,SF,5000.0,False,True
43592311,150651,1340786,494,6198126,Matthew Cleveland,UTA,PG/SG,4800.0,False,True
43592312,150651,1232447,494,6198126,Jahmyl Telfort,LAC,SF/PF,4400.0,False,True
43592313,150651,1482267,494,6198126,Hayden Gray,UTA,PG/SG,4000.0,False,True
43592314,150651,1326079,494,6198126,Sean Pedulla,LAC,PG/SG,3800.0,False,True
43592315,150651,1343051,494,6198126,Bez Mbeng,UTA,PG/SG,3600.0,False,True
43592316,150651,1231386,494,6198126,Norchad Omier,LAC,SF/PF,3400.0,False,True
43592317,150651,1193984,494,6198126,Max Abmas,UTA,PG/SG,3200.0,False,True
43592318,150651,1176244,494,6198126,Eric Dixon,UTA,SF/PF,3000.0,False,True
43592319,150651,1176278,494,6198126,Zach Freemantle,LAC,SF/PF,2800.0,False,True
43592320,150651,1413220,494,6198126,Jaxon Kohler,UTA,SF/PF,2600.0,False,True
43592321,150651,1402285,494,6198126,Riley Kugel,LAC,PG/SG,2600.0,False,True
43592322,150651,1416410,494,6198126,Micah Handlogten,UTA,C,2400.0,False,True
43592323,150651,1327795,494,6198126,Justin Harmon,UTA,PG/SG,2400.0,False,True
43592324,150651,1405367,494,6198126,Fletcher Loyer,LAC,PG/SG,2200.0,False,True
43592325,150651,1406916,494,6198126,Mohamed Wague,UTA,PF/C,2200.0,False,True
43592326,150651,1257476,494,6198126,Themus Fulks,LAC,PG/SG,2000.0,False,True
43592327,150651,1328254,494,6198126,Jonas Aidoo,UTA,C,2000.0,False,True
43592328,150651,1594900,495,6198126,Darryn Peterson,UTA,SG,14700.0,False,True
43592329,150651,1519363,495,6198126,Ace Bailey,UTA,PF,14400.0,False,True
43592330,150651,1589783,495,6198126,Keaton Wagler,LAC,SG,14100.0,False,True
43592331,150651,1458830,495,6198126,Cody Williams,UTA,SF/PF,13800.0,False,True
43592332,150651,1460155,495,6198126,Cam Christie,LAC,SG,13200.0,False,True
43592333,150651,1231938,495,6198126,Kobe Sanders,LAC,SG,12600.0,False,True
43592334,150651,1323633,495,6198126,Trey Alexander,UTA,PG/SG,11100.0,False,True
43592335,150651,1333783,495,6198126,Tamar Bates,UTA,SG,9900.0,False,True
43592336,150651,1402304,495,6198126,Baba Miller,LAC,PF,9300.0,False,True
43592337,150651,1134179,495,6198126,Blake Hinson,UTA,SG,8700.0,False,True
43592338,150651,1134758,495,6198126,Kylor Kelley,UTA,SF/PF,8100.0,False,True
43592339,150651,1405312,495,6198126,Nick Martinelli,LAC,SF,7500.0,False,True
43592340,150651,1340786,495,6198126,Matthew Cleveland,UTA,PG/SG,7200.0,False,True
43592341,150651,1232447,495,6198126,Jahmyl Telfort,LAC,SF/PF,6600.0,False,True
43592342,150651,1482267,495,6198126,Hayden Gray,UTA,PG/SG,6000.0,False,True
43592343,150651,1326079,495,6198126,Sean Pedulla,LAC,PG/SG,5700.0,False,True
43592344,150651,1343051,495,6198126,Bez Mbeng,UTA,PG/SG,5400.0,False,True
43592345,150651,1231386,495,6198126,Norchad Omier,LAC,SF/PF,5100.0,False,True
43592346,150651,1193984,495,6198126,Max Abmas,UTA,PG/SG,4800.0,False,True
43592347,150651,1176244,495,6198126,Eric Dixon,UTA,SF/PF,4500.0,False,True
43592348,150651,1176278,495,6198126,Zach Freemantle,LAC,SF/PF,4200.0,False,True
43592349,150651,1413220,495,6198126,Jaxon Kohler,UTA,SF/PF,3900.0,False,True
43592350,150651,1402285,495,6198126,Riley Kugel,LAC,PG/SG,3900.0,False,True
43592351,150651,1416410,495,6198126,Micah Handlogten,UTA,C,3600.0,False,True
43592352,150651,1327795,495,6198126,Justin Harmon,UTA,PG/SG,3600.0,False,True
43592353,150651,1405367,495,6198126,Fletcher Loyer,LAC,PG/SG,3300.0,False,True
43592354,150651,1406916,495,6198126,Mohamed Wague,UTA,PF/C,3300.0,False,True
43592355,150651,1257476,495,6198126,Themus Fulks,LAC,PG/SG,3000.0,False,True
43592356,150651,1328254,495,6198126,Jonas Aidoo,UTA,C,3000.0,False,True
