draftable_id,draft_group_id,player_id,roster_slot_id,competition_id,name,team,position_name,salary,is_disabled,is_swappable
44403620,154590,850200,226,6233410,A'ja Wilson,LVA,SF/PF,14100.0,False,True
44403621,154590,850200,227,6233410,A'ja Wilson,LVA,SF/PF,14100.0,False,True
44403622,154590,692156,226,6233411,Breanna Stewart,NYL,SF/PF,12000.0,False,True
44403623,154590,692156,227,6233411,Breanna Stewart,NYL,SF/PF,12000.0,False,True
44403624,154590,1238673,226,6233411,Angel Reese,ATL,SF/PF,11600.0,False,True
44403625,154590,1238673,227,6233411,Angel Reese,ATL,SF/PF,11600.0,False,True
44403626,154590,923865,225,6233410,Jackie Young,LVA,PG/SG,11300.0,False,True
44403627,154590,923865,227,6233410,Jackie Young,LVA,PG/SG,11300.0,False,True
44403628,154590,709448,226,6233411,Jonquel Jones,NYL,SF/PF,10500.0,False,True
44403629,154590,709448,227,6233411,Jonquel Jones,NYL,SF/PF,10500.0,False,True
44403630,154590,1133019,225,6233411,Rhyne Howard,ATL,PG/SG,10400.0,False,True
44403631,154590,1133019,227,6233411,Rhyne Howard,ATL,PG/SG,10400.0,False,True
44403632,154590,839859,226,6233410,Gabby Williams,GSV,SF/PF,9900.0,False,True
44403633,154590,839859,227,6233410,Gabby Williams,GSV,SF/PF,9900.0,False,True
44403634,154590,849339,225,6233411,Jordin Canada,ATL,PG/SG,9800.0,False,True
44403635,154590,849339,227,6233411,Jordin Canada,ATL,PG/SG,9800.0,False,True
44403636,154590,747487,225,6233411,Allisha Gray,ATL,PG/SG,9400.0,False,True
44403637,154590,747487,227,6233411,Allisha Gray,ATL,PG/SG,9400.0,False,True
44403638,154590,945668,225,6233411,Sabrina Ionescu,NYL,PG/SG,9300.0,False,True
44403639,154590,945668,227,6233411,Sabrina Ionescu,NYL,PG/SG,9300.0,False,True
44403640,154590,1127174,225,6233410,Veronica Burton,GSV,PG/SG,9200.0,False,True
44403641,154590,1127174,227,6233410,Veronica Burton,GSV,PG/SG,9200.0,False,True
44403642,154590,573744,225,6233410,Chelsea Gray,LVA,PG/SG,9000.0,False,True
44403643,154590,573744,227,6233410,Chelsea Gray,LVA,PG/SG,9000.0,False,True
44403644,154590,945094,225,6233410,Kaila Charles,GSV,PG/SG,7900.0,False,True
44403645,154590,945094,227,6233410,Kaila Charles,GSV,PG/SG,7900.0,False,True
44403646,154590,1511540,226,6233411,Pauline Astier,NYL,SF/PF,7300.0,False,True
44403647,154590,1511540,227,6233411,Pauline Astier,NYL,SF/PF,7300.0,False,True
44403648,154590,619369,226,6233410,Kiah Stokes,GSV,SF/PF,6800.0,False,True
44403649,154590,619369,227,6233410,Kiah Stokes,GSV,SF/PF,6800.0,False,True
44403650,154590,304189,225,6233411,DeWanna Bonner,ATL,PG/SG,6700.0,False,True
44403651,154590,304189,227,6233411,DeWanna Bonner,ATL,PG/SG,6700.0,False,True
44403652,154590,1511559,226,6233410,Janelle Salaun,GSV,SF/PF,6600.0,False,True
44403653,154590,1511559,227,6233410,Janelle Salaun,GSV,SF/PF,6600.0,False,True
44403654,154590,473026,225,6233410,Tiffany Hayes,GSV,PG/SG,6500.0,False,True
44403655,154590,473026,227,6233410,Tiffany Hayes,GSV,PG/SG,6500.0,False,True
44403656,154590,1214989,226,6233411,Leonie Fiebich,NYL,SF/PF,6400.0,False,True
44403657,154590,1214989,227,6233411,Leonie Fiebich,NYL,SF/PF,6400.0,False,True
44403658,154590,1127125,226,6233411,Naz Hillmon,ATL,SF/PF,6200.0,False,True
44403659,154590,1127125,227,6233411,Naz Hillmon,ATL,SF/PF,6200.0,False,True
44403660,154590,570043,226,6233410,Kayla Thornton,GSV,SF/PF,6000.0,False,True
44403661,154590,570043,227,6233410,Kayla Thornton,GSV,SF/PF,6000.0,False,True
44403662,154590,694553,225,6233410,Jewell Loyd,LVA,PG/SG,5900.0,False,True
44403663,154590,694553,227,6233410,Jewell Loyd,LVA,PG/SG,5900.0,False,True
44403664,154590,1074085,226,6233410,Cecilia Zandalasini,GSV,SF/PF,5600.0,False,True
44403665,154590,1074085,227,6233410,Cecilia Zandalasini,GSV,SF/PF,5600.0,False,True
44403666,154590,571423,226,6233410,Cheyenne Parker-Tyus,LVA,SF/PF,5500.0,False,True
44403667,154590,571423,227,6233410,Cheyenne Parker-Tyus,LVA,SF/PF,5500.0,False,True
44403668,154590,924162,225,6233411,Marine Johannes,NYL,PG/SG,4800.0,False,True
44403669,154590,924162,227,6233411,Marine Johannes,NYL,PG/SG,4800.0,False,True
44403670,154590,1508691,225,6233411,Isobel Borlase,ATL,PG/SG,4500.0,False,True
44403671,154590,1508691,227,6233411,Isobel Borlase,ATL,PG/SG,4500.0,False,True
44403672,154590,923878,226,6233410,Stephanie Talbot,LVA,SF/PF,4400.0,False,True
44403673,154590,923878,227,6233410,Stephanie Talbot,LVA,SF/PF,4400.0,False,True
44403674,154590,1346972,225,6233410,Kaitlyn Chen,GSV,PG/SG,4300.0,False,True
44403675,154590,1346972,227,6233410,Kaitlyn Chen,GSV,PG/SG,4300.0,False,True
44403676,154590,1178936,226,6233410,Kierstan Bell,LVA,SF/PF,3800.0,False,True
44403677,154590,1178936,227,6233410,Kierstan Bell,LVA,SF/PF,3800.0,False,True
44403678,154590,1165033,226,6233411,Han Xu,NYL,SF/PF,3700.0,False,True
44403679,154590,1165033,227,6233411,Han Xu,NYL,SF/PF,3700.0,False,True
44403680,154590,832887,226,6233410,Brianna Turner,LVA,SF/PF,3600.0,False,True
44403681,154590,832887,227,6233410,Brianna Turner,LVA,SF/PF,3600.0,False,True
44403682,154590,871869,225,6233411,Rebecca Allen,NYL,PG/SG,3500.0,False,True
44403683,154590,871869,227,6233411,Rebecca Allen,NYL,PG/SG,3500.0,False,True
44403684,154590,1514083,225,6233410,Mai Yamamoto,LVA,PG/SG,3400.0,False,True
44403685,154590,1514083,227,6233410,Mai Yamamoto,LVA,PG/SG,3400.0,False,True
44403686,154590,474457,225,6233411,Rebekah Gardner,NYL,PG/SG,3300.0,False,True
44403687,154590,474457,227,6233411,Rebekah Gardner,NYL,PG/SG,3300.0,False,True
44403688,154590,1680203,226,6233410,Aminata Gueye,GSV,SF/PF,3300.0,False,True
44403689,154590,1680203,227,6233410,Aminata Gueye,GSV,SF/PF,3300.0,False,True
44403690,154590,1071273,225,6233410,Dana Evans,LVA,PG/SG,3200.0,False,True
44403691,154590,1071273,227,6233410,Dana Evans,LVA,PG/SG,3200.0,False,True
44403692,154590,1282441,225,6233411,Marine Fauthoux,NYL,PG/SG,3200.0,False,True
44403693,154590,1282441,227,6233411,Marine Fauthoux,NYL,PG/SG,3200.0,False,True
44403694,154590,1410251,226,6233411,Madina Okot,ATL,SF/PF,3100.0,False,True
44403695,154590,1410251,227,6233411,Madina Okot,ATL,SF/PF,3100.0,False,True
44403696,154590,1240156,225,6233411,Te-Hina Paopao,ATL,PG/SG,3000.0,False,True
44403697,154590,1240156,227,6233411,Te-Hina Paopao,ATL,PG/SG,3000.0,False,True
44403698,154590,745113,225,6233411,Shatori Walker-Kimbrough,ATL,PG/SG,3000.0,False,True
44403699,154590,745113,227,6233411,Shatori Walker-Kimbrough,ATL,PG/SG,3000.0,False,True
44403700,154590,1282440,226,6233411,Raquel Carrera,NYL,SF/PF,3000.0,False,True
44403701,154590,1282440,227,6233411,Raquel Carrera,NYL,SF/PF,3000.0,False,True
44403702,154590,1192652,226,6233410,Laeticia Amihere,GSV,SF/PF,3000.0,False,True
44403703,154590,1192652,227,6233410,Laeticia Amihere,GSV,SF/PF,3000.0,False,True
44403704,154590,1189691,226,6233410,Ashten Prechtel,GSV,SF/PF,3000.0,False,True
44403705,154590,1189691,227,6233410,Ashten Prechtel,GSV,SF/PF,3000.0,False,True
44403706,154590,1582285,226,6233410,Juste Jocyte,GSV,SF/PF,3000.0,False,True
44403707,154590,1582285,227,6233410,Juste Jocyte,GSV,SF/PF,3000.0,False,True
44403708,154590,1646923,225,6233410,Miela Sowah,GSV,PG/SG,3000.0,False,True
44403709,154590,1646923,227,6233410,Miela Sowah,GSV,PG/SG,3000.0,False,True
44403710,154590,1282439,226,6233410,Iliana Rupert,GSV,SF/PF,3000.0,False,True
44403711,154590,1282439,227,6233410,Iliana Rupert,GSV,SF/PF,3000.0,False,True
44403712,154590,1409993,225,6233411,Indya Nivar,ATL,PG/SG,3000.0,False,True
44403713,154590,1409993,227,6233411,Indya Nivar,ATL,PG/SG,3000.0,False,True
44403714,154590,1383344,226,6233411,Sika Kone,ATL,SF/PF,3000.0,False,True
44403715,154590,1383344,227,6233411,Sika Kone,ATL,SF/PF,3000.0,False,True
44403716,154590,1508694,225,6233411,Matilde Villa,ATL,PG/SG,3000.0,False,True
44403717,154590,1508694,227,6233411,Matilde Villa,ATL,PG/SG,3000.0,False,True
44403718,154590,745114,226,6233411,Brionna Jones,ATL,SF/PF,3000.0,False,True
44403719,154590,745114,227,6233411,Brionna Jones,ATL,SF/PF,3000.0,False,True
44403720,154590,1413148,226,6233410,Justine Pissott,LVA,SF/PF,3000.0,False,True
44403721,154590,1413148,227,6233410,Justine Pissott,LVA,SF/PF,3000.0,False,True
44403722,154590,882009,226,6233410,Kalani Brown,LVA,SF/PF,3000.0,False,True
44403723,154590,882009,227,6233410,Kalani Brown,LVA,SF/PF,3000.0,False,True
44403724,154590,1408674,225,6233410,Ta'Niya Latson,LVA,PG/SG,3000.0,False,True
44403725,154590,1408674,227,6233410,Ta'Niya Latson,LVA,PG/SG,3000.0,False,True
44403726,154590,1125559,226,6233410,NaLyssa Smith,LVA,SF/PF,3000.0,False,True
44403727,154590,1125559,227,6233410,NaLyssa Smith,LVA,SF/PF,3000.0,False,True
44403728,154590,1416002,226,6233410,Janiah Barker,LVA,SF/PF,3000.0,False,True
44403729,154590,1416002,227,6233410,Janiah Barker,LVA,SF/PF,3000.0,False,True
44403730,154590,1240287,226,6233411,Madison Scott,NYL,SF/PF,3000.0,False,True
44403731,154590,1240287,227,6233411,Madison Scott,NYL,SF/PF,3000.0,False,True
44403732,154590,1061711,226,6233411,Anneli Maley,NYL,SF/PF,3000.0,False,True
44403733,154590,1061711,227,6233411,Anneli Maley,NYL,SF/PF,3000.0,False,True
44403734,154590,1124779,225,6233411,Elizabeth Balogun,NYL,PG/SG,3000.0,False,True
44403735,154590,1124779,227,6233411,Elizabeth Balogun,NYL,PG/SG,3000.0,False,True
44403736,154590,1061712,226,6233411,Satou Sabally,NYL,SF/PF,3000.0,False,True
44403737,154590,1061712,227,6233411,Satou Sabally,NYL,SF/PF,3000.0,False,True
44403738,154591,850200,633,6233410,A'ja Wilson,LVA,SF,,False,False
44403739,154591,850200,465,6233410,A'ja Wilson,LVA,SF,,False,False
44403740,154591,850200,636,6233410,A'ja Wilson,LVA,SF,,False,False
44403741,154591,692156,633,6233411,Breanna Stewart,NYL,SF,,False,False
44403742,154591,692156,465,6233411,Breanna Stewart,NYL,SF,,False,False
44403743,154591,692156,636,6233411,Breanna Stewart,NYL,SF,,False,False
44403744,154591,1238673,633,6233411,Angel Reese,ATL,SF,,False,False
44403745,154591,1238673,465,6233411,Angel Reese,ATL,SF,,False,False
44403746,154591,1238673,636,6233411,Angel Reese,ATL,SF,,False,False
44403747,154591,923865,464,6233410,Jackie Young,LVA,PG,,False,False
44403748,154591,923865,465,6233410,Jackie Young,LVA,PG,,False,False
44403749,154591,923865,636,6233410,Jackie Young,LVA,PG,,False,False
44403750,154591,709448,633,6233411,Jonquel Jones,NYL,SF,,False,False
44403751,154591,709448,465,6233411,Jonquel Jones,NYL,SF,,False,False
44403752,154591,709448,636,6233411,Jonquel Jones,NYL,SF,,False,False
44403753,154591,1133019,464,6233411,Rhyne Howard,ATL,PG,,False,False
44403754,154591,1133019,465,6233411,Rhyne Howard,ATL,PG,,False,False
44403755,154591,1133019,636,6233411,Rhyne Howard,ATL,PG,,False,False
44403756,154591,839859,633,6233410,Gabby Williams,GSV,SF,,False,False
44403757,154591,839859,465,6233410,Gabby Williams,GSV,SF,,False,False
44403758,154591,839859,636,6233410,Gabby Williams,GSV,SF,,False,False
44403759,154591,849339,464,6233411,Jordin Canada,ATL,PG,,False,False
44403760,154591,849339,465,6233411,Jordin Canada,ATL,PG,,False,False
44403761,154591,849339,636,6233411,Jordin Canada,ATL,PG,,False,False
44403762,154591,747487,464,6233411,Allisha Gray,ATL,PG,,False,False
44403763,154591,747487,465,6233411,Allisha Gray,ATL,PG,,False,False
44403764,154591,747487,636,6233411,Allisha Gray,ATL,PG,,False,False
44403765,154591,945668,464,6233411,Sabrina Ionescu,NYL,PG,,False,False
44403766,154591,945668,465,6233411,Sabrina Ionescu,NYL,PG,,False,False
44403767,154591,945668,636,6233411,Sabrina Ionescu,NYL,PG,,False,False
44403768,154591,1127174,464,6233410,Veronica Burton,GSV,PG,,False,False
44403769,154591,1127174,465,6233410,Veronica Burton,GSV,PG,,False,False
44403770,154591,1127174,636,6233410,Veronica Burton,GSV,PG,,False,False
44403771,154591,573744,464,6233410,Chelsea Gray,LVA,PG,,False,False
44403772,154591,573744,465,6233410,Chelsea Gray,LVA,PG,,False,False
44403773,154591,573744,636,6233410,Chelsea Gray,LVA,PG,,False,False
44403774,154591,945094,464,6233410,Kaila Charles,GSV,PG,,False,False
44403775,154591,945094,465,6233410,Kaila Charles,GSV,PG,,False,False
44403776,154591,945094,636,6233410,Kaila Charles,GSV,PG,,False,False
44403777,154591,1511540,633,6233411,Pauline Astier,NYL,SF,,False,False
44403778,154591,1511540,465,6233411,Pauline Astier,NYL,SF,,False,False
44403779,154591,1511540,636,6233411,Pauline Astier,NYL,SF,,False,False
44403780,154591,619369,633,6233410,Kiah Stokes,GSV,SF,,False,False
44403781,154591,619369,465,6233410,Kiah Stokes,GSV,SF,,False,False
44403782,154591,619369,636,6233410,Kiah Stokes,GSV,SF,,False,False
44403783,154591,304189,464,6233411,DeWanna Bonner,ATL,PG,,False,False
44403784,154591,304189,465,6233411,DeWanna Bonner,ATL,PG,,False,False
44403785,154591,304189,636,6233411,DeWanna Bonner,ATL,PG,,False,False
44403786,154591,1511559,633,6233410,Janelle Salaun,GSV,SF,,False,False
44403787,154591,1511559,465,6233410,Janelle Salaun,GSV,SF,,False,False
44403788,154591,1511559,636,6233410,Janelle Salaun,GSV,SF,,False,False
44403789,154591,473026,464,6233410,Tiffany Hayes,GSV,PG,,False,False
44403790,154591,473026,465,6233410,Tiffany Hayes,GSV,PG,,False,False
44403791,154591,473026,636,6233410,Tiffany Hayes,GSV,PG,,False,False
44403792,154591,1214989,633,6233411,Leonie Fiebich,NYL,SF,,False,False
44403793,154591,1214989,465,6233411,Leonie Fiebich,NYL,SF,,False,False
44403794,154591,1214989,636,6233411,Leonie Fiebich,NYL,SF,,False,False
44403795,154591,1127125,633,6233411,Naz Hillmon,ATL,SF,,False,False
44403796,154591,1127125,465,6233411,Naz Hillmon,ATL,SF,,False,False
44403797,154591,1127125,636,6233411,Naz Hillmon,ATL,SF,,False,False
44403798,154591,570043,633,6233410,Kayla Thornton,GSV,SF,,False,False
44403799,154591,570043,465,6233410,Kayla Thornton,GSV,SF,,False,False
44403800,154591,570043,636,6233410,Kayla Thornton,GSV,SF,,False,False
44403801,154591,694553,464,6233410,Jewell Loyd,LVA,PG,,False,False
44403802,154591,694553,465,6233410,Jewell Loyd,LVA,PG,,False,False
44403803,154591,694553,636,6233410,Jewell Loyd,LVA,PG,,False,False
44403804,154591,1074085,633,6233410,Cecilia Zandalasini,GSV,SF,,False,False
44403805,154591,1074085,465,6233410,Cecilia Zandalasini,GSV,SF,,False,False
44403806,154591,1074085,636,6233410,Cecilia Zandalasini,GSV,SF,,False,False
44403807,154591,571423,633,6233410,Cheyenne Parker-Tyus,LVA,SF,,False,False
44403808,154591,571423,465,6233410,Cheyenne Parker-Tyus,LVA,SF,,False,False
44403809,154591,571423,636,6233410,Cheyenne Parker-Tyus,LVA,SF,,False,False
44403810,154591,924162,464,6233411,Marine Johannes,NYL,PG,,False,False
44403811,154591,924162,465,6233411,Marine Johannes,NYL,PG,,False,False
44403812,154591,924162,636,6233411,Marine Johannes,NYL,PG,,False,False
44403813,154591,1508691,464,6233411,Isobel Borlase,ATL,PG,,False,False
44403814,154591,1508691,465,6233411,Isobel Borlase,ATL,PG,,False,False
44403815,154591,1508691,636,6233411,Isobel Borlase,ATL,PG,,False,False
44403816,154591,923878,633,6233410,Stephanie Talbot,LVA,SF,,False,False
44403817,154591,923878,465,6233410,Stephanie Talbot,LVA,SF,,False,False
44403818,154591,923878,636,6233410,Stephanie Talbot,LVA,SF,,False,False
44403819,154591,1346972,464,6233410,Kaitlyn Chen,GSV,PG,,False,False
44403820,154591,1346972,465,6233410,Kaitlyn Chen,GSV,PG,,False,False
44403821,154591,1346972,636,6233410,Kaitlyn Chen,GSV,PG,,False,False
44403822,154591,1178936,633,6233410,Kierstan Bell,LVA,SF,,False,False
44403823,154591,1178936,465,6233410,Kierstan Bell,LVA,SF,,False,False
44403824,154591,1178936,636,6233410,Kierstan Bell,LVA,SF,,False,False
44403825,154591,1165033,633,6233411,Han Xu,NYL,SF,,False,False
44403826,154591,1165033,465,6233411,Han Xu,NYL,SF,,False,False
44403827,154591,1165033,636,6233411,Han Xu,NYL,SF,,False,False
44403828,154591,832887,633,6233410,Brianna Turner,LVA,SF,,False,False
44403829,154591,832887,465,6233410,Brianna Turner,LVA,SF,,False,False
44403830,154591,832887,636,6233410,Brianna Turner,LVA,SF,,False,False
44403831,154591,871869,464,6233411,Rebecca Allen,NYL,PG,,False,False
44403832,154591,871869,465,6233411,Rebecca Allen,NYL,PG,,False,False
44403833,154591,871869,636,6233411,Rebecca Allen,NYL,PG,,False,False
44403834,154591,1514083,464,6233410,Mai Yamamoto,LVA,PG,,False,False
44403835,154591,1514083,465,6233410,Mai Yamamoto,LVA,PG,,False,False
44403836,154591,1514083,636,6233410,Mai Yamamoto,LVA,PG,,False,False
44403837,154591,474457,464,6233411,Rebekah Gardner,NYL,PG,,False,False
44403838,154591,474457,465,6233411,Rebekah Gardner,NYL,PG,,False,False
44403839,154591,474457,636,6233411,Rebekah Gardner,NYL,PG,,False,False
44403840,154591,1680203,633,6233410,Aminata Gueye,GSV,SF,,False,False
44403841,154591,1680203,465,6233410,Aminata Gueye,GSV,SF,,False,False
44403842,154591,1680203,636,6233410,Aminata Gueye,GSV,SF,,False,False
44403843,154591,1071273,464,6233410,Dana Evans,LVA,PG,,False,False
44403844,154591,1071273,465,6233410,Dana Evans,LVA,PG,,False,False
44403845,154591,1071273,636,6233410,Dana Evans,LVA,PG,,False,False
44403846,154591,1282441,464,6233411,Marine Fauthoux,NYL,PG,,False,False
44403847,154591,1282441,465,6233411,Marine Fauthoux,NYL,PG,,False,False
44403848,154591,1282441,636,6233411,Marine Fauthoux,NYL,PG,,False,False
44403849,154591,1410251,633,6233411,Madina Okot,ATL,SF,,False,False
44403850,154591,1410251,465,6233411,Madina Okot,ATL,SF,,False,False
44403851,154591,1410251,636,6233411,Madina Okot,ATL,SF,,False,False
44403852,154591,1240156,464,6233411,Te-Hina Paopao,ATL,PG,,False,False
44403853,154591,1240156,465,6233411,Te-Hina Paopao,ATL,PG,,False,False
44403854,154591,1240156,636,6233411,Te-Hina Paopao,ATL,PG,,False,False
44403855,154591,745113,464,6233411,Shatori Walker-Kimbrough,ATL,PG,,False,False
44403856,154591,745113,465,6233411,Shatori Walker-Kimbrough,ATL,PG,,False,False
44403857,154591,745113,636,6233411,Shatori Walker-Kimbrough,ATL,PG,,False,False
44403858,154591,1282440,633,6233411,Raquel Carrera,NYL,SF,,False,False
44403859,154591,1282440,465,6233411,Raquel Carrera,NYL,SF,,False,False
44403860,154591,1282440,636,6233411,Raquel Carrera,NYL,SF,,False,False
44403861,154591,1192652,633,6233410,Laeticia Amihere,GSV,SF,,False,False
44403862,154591,1192652,465,6233410,Laeticia Amihere,GSV,SF,,False,False
44403863,154591,1192652,636,6233410,Laeticia Amihere,GSV,SF,,False,False
44403864,154591,1189691,633,6233410,Ashten Prechtel,GSV,SF,,False,False
44403865,154591,1189691,465,6233410,Ashten Prechtel,GSV,SF,,False,False
44403866,154591,1189691,636,6233410,Ashten Prechtel,GSV,SF,,False,False
44403867,154591,1582285,633,6233410,Juste Jocyte,GSV,SF,,False,False
44403868,154591,1582285,465,6233410,Juste Jocyte,GSV,SF,,False,False
44403869,154591,1582285,636,6233410,Juste Jocyte,GSV,SF,,False,False
44403870,154591,1646923,464,6233410,Miela Sowah,GSV,PG,,False,False
44403871,154591,1646923,465,6233410,Miela Sowah,GSV,PG,,False,False
44403872,154591,1646923,636,6233410,Miela Sowah,GSV,PG,,False,False
44403873,154591,1282439,633,6233410,Iliana Rupert,GSV,SF,,False,False
44403874,154591,1282439,465,6233410,Iliana Rupert,GSV,SF,,False,False
44403875,154591,1282439,636,6233410,Iliana Rupert,GSV,SF,,False,False
44403876,154591,1409993,464,6233411,Indya Nivar,ATL,PG,,False,False
44403877,154591,1409993,465,6233411,Indya Nivar,ATL,PG,,False,False
44403878,154591,1409993,636,6233411,Indya Nivar,ATL,PG,,False,False
44403879,154591,1383344,633,6233411,Sika Kone,ATL,SF,,False,False
44403880,154591,1383344,465,6233411,Sika Kone,ATL,SF,,False,False
44403881,154591,1383344,636,6233411,Sika Kone,ATL,SF,,False,False
44403882,154591,1508694,464,6233411,Matilde Villa,ATL,PG,,False,False
44403883,154591,1508694,465,6233411,Matilde Villa,ATL,PG,,False,False
44403884,154591,1508694,636,6233411,Matilde Villa,ATL,PG,,False,False
44403885,154591,745114,633,6233411,Brionna Jones,ATL,SF,,False,False
44403886,154591,745114,465,6233411,Brionna Jones,ATL,SF,,False,False
44403887,154591,745114,636,6233411,Brionna Jones,ATL,SF,,False,False
44403888,154591,1413148,633,6233410,Justine Pissott,LVA,SF,,False,False
44403889,154591,1413148,465,6233410,Justine Pissott,LVA,SF,,False,False
44403890,154591,1413148,636,6233410,Justine Pissott,LVA,SF,,False,False
44403891,154591,882009,633,6233410,Kalani Brown,LVA,SF,,False,False
44403892,154591,882009,465,6233410,Kalani Brown,LVA,SF,,False,False
44403893,154591,882009,636,6233410,Kalani Brown,LVA,SF,,False,False
44403894,154591,1408674,464,6233410,Ta'Niya Latson,LVA,PG,,False,False
44403895,154591,1408674,465,6233410,Ta'Niya Latson,LVA,PG,,False,False
44403896,154591,1408674,636,6233410,Ta'Niya Latson,LVA,PG,,False,False
44403897,154591,1125559,633,6233410,NaLyssa Smith,LVA,SF,,False,False
44403898,154591,1125559,465,6233410,NaLyssa Smith,LVA,SF,,False,False
44403899,154591,1125559,636,6233410,NaLyssa Smith,LVA,SF,,False,False
44403900,154591,1416002,633,6233410,Janiah Barker,LVA,SF,,False,False
44403901,154591,1416002,465,6233410,Janiah Barker,LVA,SF,,False,False
44403902,154591,1416002,636,6233410,Janiah Barker,LVA,SF,,False,False
44403903,154591,1240287,633,6233411,Madison Scott,NYL,SF,,False,False
44403904,154591,1240287,465,6233411,Madison Scott,NYL,SF,,False,False
44403905,154591,1240287,636,6233411,Madison Scott,NYL,SF,,False,False
44403906,154591,1061711,633,6233411,Anneli Maley,NYL,SF,,False,False
44403907,154591,1061711,465,6233411,Anneli Maley,NYL,SF,,False,False
44403908,154591,1061711,636,6233411,Anneli Maley,NYL,SF,,False,False
44403909,154591,1124779,464,6233411,Elizabeth Balogun,NYL,PG,,False,False
44403910,154591,1124779,465,6233411,Elizabeth Balogun,NYL,PG,,False,False
44403911,154591,1124779,636,6233411,Elizabeth Balogun,NYL,PG,,False,False
44403912,154591,1061712,633,6233411,Satou Sabally,NYL,SF,,False,False
44403913,154591,1061712,465,6233411,Satou Sabally,NYL,SF,,False,False
44403914,154591,1061712,636,6233411,Satou Sabally,NYL,SF,,False,False
44404170,154592,850200,475,6233410,A'ja Wilson,LVA,SF/PF,12800.0,False,True
44404171,154592,923865,475,6233410,Jackie Young,LVA,PG/SG,10600.0,False,True
44404172,154592,839859,475,6233410,Gabby Williams,GSV,SF/PF,9400.0,False,True
44404173,154592,1127174,475,6233410,Veronica Burton,GSV,PG/SG,8800.0,False,True
44404174,154592,573744,475,6233410,Chelsea Gray,LVA,PG/SG,8600.0,False,True
44404175,154592,945094,475,6233410,Kaila Charles,GSV,PG/SG,7600.0,False,True
44404176,154592,619369,475,6233410,Kiah Stokes,GSV,SF/PF,6800.0,False,True
44404177,154592,1511559,475,6233410,Janelle Salaun,GSV,SF/PF,6600.0,False,True
44404178,154592,473026,475,6233410,Tiffany Hayes,GSV,PG/SG,6400.0,False,True
44404179,154592,570043,475,6233410,Kayla Thornton,GSV,SF/PF,6200.0,False,True
44404180,154592,694553,475,6233410,Jewell Loyd,LVA,PG/SG,6000.0,False,True
44404181,154592,1074085,475,6233410,Cecilia Zandalasini,GSV,SF/PF,5800.0,False,True
44404182,154592,571423,475,6233410,Cheyenne Parker-Tyus,LVA,SF/PF,5600.0,False,True
44404183,154592,923878,475,6233410,Stephanie Talbot,LVA,SF/PF,4400.0,False,True
44404184,154592,1346972,475,6233410,Kaitlyn Chen,GSV,PG/SG,4200.0,False,True
44404185,154592,1178936,475,6233410,Kierstan Bell,LVA,SF/PF,3600.0,False,True
44404186,154592,832887,475,6233410,Brianna Turner,LVA,SF/PF,3200.0,False,True
44404187,154592,1514083,475,6233410,Mai Yamamoto,LVA,PG/SG,2600.0,False,True
44404188,154592,1680203,475,6233410,Aminata Gueye,GSV,SF/PF,2400.0,False,True
44404189,154592,1071273,475,6233410,Dana Evans,LVA,PG/SG,1800.0,False,True
44404190,154592,882009,475,6233410,Kalani Brown,LVA,SF/PF,1000.0,False,True
44404191,154592,1413148,475,6233410,Justine Pissott,LVA,SF/PF,1000.0,False,True
44404192,154592,1582285,475,6233410,Juste Jocyte,GSV,SF/PF,1000.0,False,True
44404193,154592,1192652,475,6233410,Laeticia Amihere,GSV,SF/PF,1000.0,False,True
44404194,154592,1416002,475,6233410,Janiah Barker,LVA,SF/PF,1000.0,False,True
44404195,154592,1189691,475,6233410,Ashten Prechtel,GSV,SF/PF,1000.0,False,True
44404196,154592,1282439,475,6233410,Iliana Rupert,GSV,SF/PF,1000.0,False,True
44404197,154592,1646923,475,6233410,Miela Sowah,GSV,PG/SG,1000.0,False,True
44404198,154592,1125559,475,6233410,NaLyssa Smith,LVA,SF/PF,1000.0,False,True
44404199,154592,1408674,475,6233410,Ta'Niya Latson,LVA,PG/SG,1000.0,False,True
44404200,154592,850200,476,6233410,A'ja Wilson,LVA,SF/PF,19200.0,False,True
44404201,154592,923865,476,6233410,Jackie Young,LVA,PG/SG,15900.0,False,True
44404202,154592,839859,476,6233410,Gabby Williams,GSV,SF/PF,14100.0,False,True
44404203,154592,1127174,476,6233410,Veronica Burton,GSV,PG/SG,13200.0,False,True
44404204,154592,573744,476,6233410,Chelsea Gray,LVA,PG/SG,12900.0,False,True
44404205,154592,945094,476,6233410,Kaila Charles,GSV,PG/SG,11400.0,False,True
44404206,154592,619369,476,6233410,Kiah Stokes,GSV,SF/PF,10200.0,False,True
44404207,154592,1511559,476,6233410,Janelle Salaun,GSV,SF/PF,9900.0,False,True
44404208,154592,473026,476,6233410,Tiffany Hayes,GSV,PG/SG,9600.0,False,True
44404209,154592,570043,476,6233410,Kayla Thornton,GSV,SF/PF,9300.0,False,True
44404210,154592,694553,476,6233410,Jewell Loyd,LVA,PG/SG,9000.0,False,True
44404211,154592,1074085,476,6233410,Cecilia Zandalasini,GSV,SF/PF,8700.0,False,True
44404212,154592,571423,476,6233410,Cheyenne Parker-Tyus,LVA,SF/PF,8400.0,False,True
44404213,154592,923878,476,6233410,Stephanie Talbot,LVA,SF/PF,6600.0,False,True
44404214,154592,1346972,476,6233410,Kaitlyn Chen,GSV,PG/SG,6300.0,False,True
44404215,154592,1178936,476,6233410,Kierstan Bell,LVA,SF/PF,5400.0,False,True
44404216,154592,832887,476,6233410,Brianna Turner,LVA,SF/PF,4800.0,False,True
44404217,154592,1514083,476,6233410,Mai Yamamoto,LVA,PG/SG,3900.0,False,True
44404218,154592,1680203,476,6233410,Aminata Gueye,GSV,SF/PF,3600.0,False,True
44404219,154592,1071273,476,6233410,Dana Evans,LVA,PG/SG,2700.0,False,True
44404220,154592,882009,476,6233410,Kalani Brown,LVA,SF/PF,1500.0,False,True
44404221,154592,1413148,476,6233410,Justine Pissott,LVA,SF/PF,1500.0,False,True
44404222,154592,1582285,476,6233410,Juste Jocyte,GSV,SF/PF,1500.0,False,True
44404223,154592,1192652,476,6233410,Laeticia Amihere,GSV,SF/PF,1500.0,False,True
44404224,154592,1416002,476,6233410,Janiah Barker,LVA,SF/PF,1500.0,False,True
44404225,154592,1189691,476,6233410,Ashten Prechtel,GSV,SF/PF,1500.0,False,True
44404226,154592,1282439,476,6233410,Iliana Rupert,GSV,SF/PF,1500.0,False,True
44404227,154592,1646923,476,6233410,Miela Sowah,GSV,PG/SG,1500.0,False,True
44404228,154592,1125559,476,6233410,NaLyssa Smith,LVA,SF/PF,1500.0,False,True
44404229,154592,1408674,476,6233410,Ta'Niya Latson,LVA,PG/SG,1500.0,False,True
44412326,154069,1067856,458,6220318,Shai Gilgeous-Alexander,OKC,PG,9400.0,False,True
44412327,154069,1067856,464,6220318,Shai Gilgeous-Alexander,OKC,PG,9400.0,False,True
44412328,154069,1067856,465,6220318,Shai Gilgeous-Alexander,OKC,PG,9400.0,False,True
44412329,154069,1175367,459,6220300,Anthony Edwards,MIN,SG,9200.0,False,True
44412330,154069,1175367,464,6220300,Anthony Edwards,MIN,SG,9200.0,False,True
44412331,154069,1175367,465,6220300,Anthony Edwards,MIN,SG,9200.0,False,True
44412332,154069,1323993,461,6220312,Paolo Banchero,ORL,PF,9100.0,False,True
44412333,154069,1323993,463,6220312,Paolo Banchero,ORL,PF,9100.0,False,True
44412334,154069,1323993,465,6220312,Paolo Banchero,ORL,PF,9100.0,False,True
44412335,154069,845564,458,6220306,Devin Booker,PHX,PG/SG,9000.0,False,True
44412336,154069,845564,459,6220306,Devin Booker,PHX,PG/SG,9000.0,False,True
44412337,154069,845564,464,6220306,Devin Booker,PHX,PG/SG,9000.0,False,True
44412338,154069,845564,465,6220306,Devin Booker,PHX,PG/SG,9000.0,False,True
44412339,154069,1323503,458,6220306,Josh Giddey,CHI,PG,8900.0,False,True
44412340,154069,1323503,464,6220306,Josh Giddey,CHI,PG,8900.0,False,True
44412341,154069,1323503,465,6220306,Josh Giddey,CHI,PG,8900.0,False,True
44412342,154069,1257422,461,6220324,Deni Avdija,POR,PF,8700.0,False,True
44412343,154069,1257422,463,6220324,Deni Avdija,POR,PF,8700.0,False,True
44412344,154069,1257422,465,6220324,Deni Avdija,POR,PF,8700.0,False,True
44412345,154069,1405867,462,6220324,Donovan Clingan,POR,C,8600.0,False,True
44412346,154069,1405867,465,6220324,Donovan Clingan,POR,C,8600.0,False,True
44412347,154069,1178131,460,6220312,Franz Wagner,ORL,SF,8500.0,False,True
44412348,154069,1178131,463,6220312,Franz Wagner,ORL,SF,8500.0,False,True
44412349,154069,1178131,465,6220312,Franz Wagner,ORL,SF,8500.0,False,True
44412350,154069,1132825,458,6220300,Tyrese Haliburton,IND,PG,8400.0,False,True
44412351,154069,1132825,464,6220300,Tyrese Haliburton,IND,PG,8400.0,False,True
44412352,154069,1132825,465,6220300,Tyrese Haliburton,IND,PG,8400.0,False,True
44412353,154069,338365,458,6220324,Stephen Curry,GSW,PG,8300.0,False,True
44412354,154069,338365,464,6220324,Stephen Curry,GSW,PG,8300.0,False,True
44412355,154069,338365,465,6220324,Stephen Curry,GSW,PG,8300.0,False,True
44412356,154069,1343009,461,6220318,Chet Holmgren,OKC,PF,8200.0,False,True
44412357,154069,1343009,463,6220318,Chet Holmgren,OKC,PF,8200.0,False,True
44412358,154069,1343009,465,6220318,Chet Holmgren,OKC,PF,8200.0,False,True
44412359,154069,1501940,460,6220306,Matas Buzelis,CHI,SF/PF,8100.0,False,True
44412360,154069,1501940,461,6220306,Matas Buzelis,CHI,SF/PF,8100.0,False,True
44412361,154069,1501940,463,6220306,Matas Buzelis,CHI,SF/PF,8100.0,False,True
44412362,154069,1501940,465,6220306,Matas Buzelis,CHI,SF/PF,8100.0,False,True
44412363,154069,853408,461,6220300,Pascal Siakam,IND,PF,8000.0,False,True
44412364,154069,853408,463,6220300,Pascal Siakam,IND,PF,8000.0,False,True
44412365,154069,853408,465,6220300,Pascal Siakam,IND,PF,8000.0,False,True
44412366,154069,1182404,460,6220318,Jalen Williams,OKC,SF,7900.0,False,True
44412367,154069,1182404,463,6220318,Jalen Williams,OKC,SF,7900.0,False,True
44412368,154069,1182404,465,6220318,Jalen Williams,OKC,SF,7900.0,False,True
44412369,154069,1593986,461,6220312,Cameron Boozer,MEM,PF,7800.0,False,True
44412370,154069,1593986,463,6220312,Cameron Boozer,MEM,PF,7800.0,False,True
44412371,154069,1593986,465,6220312,Cameron Boozer,MEM,PF,7800.0,False,True
44412372,154069,1257420,458,6220300,LaMelo Ball,MIN,PG,7700.0,False,True
44412373,154069,1257420,464,6220300,LaMelo Ball,MIN,PG,7700.0,False,True
44412374,154069,1257420,465,6220300,LaMelo Ball,MIN,PG,7700.0,False,True
44412375,154069,1134176,459,6220318,Tyler Herro,MIL,SG,7600.0,False,True
44412376,154069,1134176,464,6220318,Tyler Herro,MIL,SG,7600.0,False,True
44412377,154069,1134176,465,6220318,Tyler Herro,MIL,SG,7600.0,False,True
44412378,154069,1605148,461,6220306,Caleb Wilson,CHI,PF,7500.0,False,True
44412379,154069,1605148,463,6220306,Caleb Wilson,CHI,PF,7500.0,False,True
44412380,154069,1605148,465,6220306,Caleb Wilson,CHI,PF,7500.0,False,True
44412381,154069,1351367,459,6220312,Cedric Coward,MEM,SG,7400.0,False,True
44412382,154069,1351367,464,6220312,Cedric Coward,MEM,SG,7400.0,False,True
44412383,154069,1351367,465,6220312,Cedric Coward,MEM,SG,7400.0,False,True
44412384,154069,920093,462,6220300,Ivica Zubac,IND,C,7300.0,False,True
44412385,154069,920093,465,6220300,Ivica Zubac,IND,C,7300.0,False,True
44412386,154069,944263,459,6220312,Desmond Bane,ORL,SG,7200.0,False,True
44412387,154069,944263,464,6220312,Desmond Bane,ORL,SG,7200.0,False,True
44412388,154069,944263,465,6220312,Desmond Bane,ORL,SG,7200.0,False,True
44412389,154069,1232221,458,6220318,Ryan Rollins,MIL,PG,7100.0,False,True
44412390,154069,1232221,464,6220318,Ryan Rollins,MIL,PG,7100.0,False,True
44412391,154069,1232221,465,6220318,Ryan Rollins,MIL,PG,7100.0,False,True
44412392,154069,739960,462,6220300,Rudy Gobert,MIN,C,7000.0,False,True
44412393,154069,739960,465,6220300,Rudy Gobert,MIN,C,7000.0,False,True
44412394,154069,957479,461,6220306,Miles Bridges,PHX,PF,6900.0,False,True
44412395,154069,957479,463,6220306,Miles Bridges,PHX,PF,6900.0,False,True
44412396,154069,957479,465,6220306,Miles Bridges,PHX,PF,6900.0,False,True
44412397,154069,1271706,459,6220306,Jalen Green,PHX,SG,6800.0,False,True
44412398,154069,1271706,464,6220306,Jalen Green,PHX,SG,6800.0,False,True
44412399,154069,1271706,465,6220306,Jalen Green,PHX,SG,6800.0,False,True
44412400,154069,1177013,461,6220300,Jaden McDaniels,MIN,PF,6700.0,False,True
44412401,154069,1177013,463,6220300,Jaden McDaniels,MIN,PF,6700.0,False,True
44412402,154069,1177013,465,6220300,Jaden McDaniels,MIN,PF,6700.0,False,True
44412403,154069,1231414,462,6220312,Zach Edey,MEM,C,6600.0,False,True
44412404,154069,1231414,465,6220312,Zach Edey,MEM,C,6600.0,False,True
44412405,154069,1061682,462,6220306,Nic Claxton,CHI,C,6500.0,False,True
44412406,154069,1061682,465,6220306,Nic Claxton,CHI,C,6500.0,False,True
44412407,154069,942866,458,6220312,Ty Jerome,MEM,PG/SG,6400.0,False,True
44412408,154069,942866,459,6220312,Ty Jerome,MEM,PG/SG,6400.0,False,True
44412409,154069,942866,464,6220312,Ty Jerome,MEM,PG/SG,6400.0,False,True
44412410,154069,942866,465,6220312,Ty Jerome,MEM,PG/SG,6400.0,False,True
44412411,154069,1405458,461,6220318,Kel'el Ware,MIL,PF/C,6300.0,False,True
44412412,154069,1405458,462,6220318,Kel'el Ware,MIL,PF/C,6300.0,False,True
44412413,154069,1405458,463,6220318,Kel'el Ware,MIL,PF/C,6300.0,False,True
44412414,154069,1405458,465,6220318,Kel'el Ware,MIL,PF/C,6300.0,False,True
44412415,154069,1176708,460,6220318,Jaime Jaquez Jr.,MIL,SF,6200.0,False,True
44412416,154069,1176708,463,6220318,Jaime Jaquez Jr.,MIL,SF,6200.0,False,True
44412417,154069,1176708,465,6220318,Jaime Jaquez Jr.,MIL,SF,6200.0,False,True
44412418,154069,463121,458,6220324,Damian Lillard,POR,PG/SG,6100.0,False,True
44412419,154069,463121,459,6220324,Damian Lillard,POR,PG/SG,6100.0,False,True
44412420,154069,463121,464,6220324,Damian Lillard,POR,PG/SG,6100.0,False,True
44412421,154069,463121,465,6220324,Damian Lillard,POR,PG/SG,6100.0,False,True
44412422,154069,1324108,458,6220324,Brandin Podziemski,GSW,PG/SG,6100.0,False,True
44412423,154069,1324108,459,6220324,Brandin Podziemski,GSW,PG/SG,6100.0,False,True
44412424,154069,1324108,464,6220324,Brandin Podziemski,GSW,PG/SG,6100.0,False,True
44412425,154069,1324108,465,6220324,Brandin Podziemski,GSW,PG/SG,6100.0,False,True
44412426,154069,1465506,462,6220306,Khaman Maluach,PHX,C,6000.0,False,True
44412427,154069,1465506,465,6220306,Khaman Maluach,PHX,C,6000.0,False,True
44412428,154069,1401385,458,6220312,Anthony Black,ORL,PG/SG,6000.0,False,True
44412429,154069,1401385,459,6220312,Anthony Black,ORL,PG/SG,6000.0,False,True
44412430,154069,1401385,464,6220312,Anthony Black,ORL,PG/SG,6000.0,False,True
44412431,154069,1401385,465,6220312,Anthony Black,ORL,PG/SG,6000.0,False,True
44412432,154069,1241585,458,6220312,Jalen Suggs,ORL,PG,5900.0,False,True
44412433,154069,1241585,464,6220312,Jalen Suggs,ORL,PG,5900.0,False,True
44412434,154069,1241585,465,6220312,Jalen Suggs,ORL,PG,5900.0,False,True
44412435,154069,844476,461,6220318,Kyle Kuzma,MIL,PF,5900.0,False,True
44412436,154069,844476,463,6220318,Kyle Kuzma,MIL,PF,5900.0,False,True
44412437,154069,844476,465,6220318,Kyle Kuzma,MIL,PF,5900.0,False,True
44412438,154069,1133782,459,6220300,Ayo Dosunmu,MIN,SG/SF,5800.0,False,True
44412439,154069,1133782,460,6220300,Ayo Dosunmu,MIN,SG/SF,5800.0,False,True
44412440,154069,1133782,464,6220300,Ayo Dosunmu,MIN,SG/SF,5800.0,False,True
44412441,154069,1133782,463,6220300,Ayo Dosunmu,MIN,SG/SF,5800.0,False,True
44412442,154069,1133782,465,6220300,Ayo Dosunmu,MIN,SG/SF,5800.0,False,True
44412443,154069,1175364,460,6220324,Toumani Camara,POR,SF,5800.0,False,True
44412444,154069,1175364,463,6220324,Toumani Camara,POR,SF,5800.0,False,True
44412445,154069,1175364,465,6220324,Toumani Camara,POR,SF,5800.0,False,True
44412446,154069,1482282,460,6220324,Yaxel Lendeborg,GSW,SF/PF,5700.0,False,True
44412447,154069,1482282,461,6220324,Yaxel Lendeborg,GSW,SF/PF,5700.0,False,True
44412448,154069,1482282,463,6220324,Yaxel Lendeborg,GSW,SF/PF,5700.0,False,True
44412449,154069,1482282,465,6220324,Yaxel Lendeborg,GSW,SF/PF,5700.0,False,True
44412450,154069,609861,459,6220306,Norman Powell,CHI,SG/SF,5700.0,False,True
44412451,154069,609861,460,6220306,Norman Powell,CHI,SG/SF,5700.0,False,True
44412452,154069,609861,464,6220306,Norman Powell,CHI,SG/SF,5700.0,False,True
44412453,154069,609861,463,6220306,Norman Powell,CHI,SG/SF,5700.0,False,True
44412454,154069,609861,465,6220306,Norman Powell,CHI,SG/SF,5700.0,False,True
44412455,154069,843762,462,6220318,Myles Turner,MIL,C,5600.0,False,True
44412456,154069,843762,465,6220318,Myles Turner,MIL,C,5600.0,False,True
44412457,154069,1135158,458,6220318,Kevin Porter Jr.,MIL,PG,5600.0,False,True
44412458,154069,1135158,464,6220318,Kevin Porter Jr.,MIL,PG,5600.0,False,True
44412459,154069,1135158,465,6220318,Kevin Porter Jr.,MIL,PG,5600.0,False,True
44412460,154069,1057004,462,6220318,Isaiah Hartenstein,OKC,C,5500.0,False,True
44412461,154069,1057004,465,6220318,Isaiah Hartenstein,OKC,C,5500.0,False,True
44412462,154069,1070352,458,6220306,Collin Gillespie,PHX,PG,5500.0,False,True
44412463,154069,1070352,464,6220306,Collin Gillespie,PHX,PG,5500.0,False,True
44412464,154069,1070352,465,6220306,Collin Gillespie,PHX,PG,5500.0,False,True
44412465,154069,1177050,461,6220312,Isaiah Stewart,MEM,PF/C,5500.0,False,True
44412466,154069,1177050,462,6220312,Isaiah Stewart,MEM,PF/C,5500.0,False,True
44412467,154069,1177050,463,6220312,Isaiah Stewart,MEM,PF/C,5500.0,False,True
44412468,154069,1177050,465,6220312,Isaiah Stewart,MEM,PF/C,5500.0,False,True
44412469,154069,1134158,458,6220300,Andrew Nembhard,IND,PG/SG,5500.0,False,True
44412470,154069,1134158,459,6220300,Andrew Nembhard,IND,PG/SG,5500.0,False,True
44412471,154069,1134158,464,6220300,Andrew Nembhard,IND,PG/SG,5500.0,False,True
44412472,154069,1134158,465,6220300,Andrew Nembhard,IND,PG/SG,5500.0,False,True
44412473,154069,1176798,458,6220312,Scotty Pippen Jr.,MEM,PG,5400.0,False,True
44412474,154069,1176798,464,6220312,Scotty Pippen Jr.,MEM,PG,5400.0,False,True
44412475,154069,1176798,465,6220312,Scotty Pippen Jr.,MEM,PG,5400.0,False,True
44412476,154069,1610164,459,6220318,Brayden Burries,MIL,SG,5400.0,False,True
44412477,154069,1610164,464,6220318,Brayden Burries,MIL,SG,5400.0,False,True
44412478,154069,1610164,465,6220318,Brayden Burries,MIL,SG,5400.0,False,True
44412479,154069,1340238,458,6220318,Ajay Mitchell,OKC,PG/SG,5300.0,False,True
44412480,154069,1340238,459,6220318,Ajay Mitchell,OKC,PG/SG,5300.0,False,True
44412481,154069,1340238,464,6220318,Ajay Mitchell,OKC,PG/SG,5300.0,False,True
44412482,154069,1340238,465,6220318,Ajay Mitchell,OKC,PG/SG,5300.0,False,True
44412483,154069,1060912,462,6220312,Wendell Carter Jr.,ORL,C,5300.0,False,True
44412484,154069,1060912,465,6220312,Wendell Carter Jr.,ORL,C,5300.0,False,True
44412485,154069,1423140,460,6220312,Jaylen Wells,MEM,SF,5300.0,False,True
44412486,154069,1423140,463,6220312,Jaylen Wells,MEM,SF,5300.0,False,True
44412487,154069,1423140,465,6220312,Jaylen Wells,MEM,SF,5300.0,False,True
44412488,154069,1065906,458,6220324,Ja Morant,POR,PG,5200.0,False,True
44412489,154069,1065906,464,6220324,Ja Morant,POR,PG,5200.0,False,True
44412490,154069,1065906,465,6220324,Ja Morant,POR,PG,5200.0,False,True
44412491,154069,854601,460,6220306,Dillon Brooks,PHX,SF,5200.0,False,True
44412492,154069,854601,463,6220306,Dillon Brooks,PHX,SF,5200.0,False,True
44412493,154069,854601,465,6220306,Dillon Brooks,PHX,SF,5200.0,False,True
44412494,154069,468895,461,6220324,Draymond Green,GSW,PF/C,5200.0,False,True
44412495,154069,468895,462,6220324,Draymond Green,GSW,PF/C,5200.0,False,True
44412496,154069,468895,463,6220324,Draymond Green,GSW,PF/C,5200.0,False,True
44412497,154069,468895,465,6220324,Draymond Green,GSW,PF/C,5200.0,False,True
44412498,154069,1357750,458,6220324,Scoot Henderson,POR,PG/SG,5100.0,False,True
44412499,154069,1357750,459,6220324,Scoot Henderson,POR,PG/SG,5100.0,False,True
44412500,154069,1357750,464,6220324,Scoot Henderson,POR,PG/SG,5100.0,False,True
44412501,154069,1357750,465,6220324,Scoot Henderson,POR,PG/SG,5100.0,False,True
44412502,154069,877869,462,6220324,Kristaps Porzingis,GSW,C,5100.0,False,True
44412503,154069,877869,465,6220324,Kristaps Porzingis,GSW,C,5100.0,False,True
44412504,154069,457576,459,6220324,Jrue Holiday,POR,SG/SF,5100.0,False,True
44412505,154069,457576,460,6220324,Jrue Holiday,POR,SG/SF,5100.0,False,True
44412506,154069,457576,464,6220324,Jrue Holiday,POR,SG/SF,5100.0,False,True
44412507,154069,457576,463,6220324,Jrue Holiday,POR,SG/SF,5100.0,False,True
44412508,154069,457576,465,6220324,Jrue Holiday,POR,SG/SF,5100.0,False,True
44412509,154069,1408195,459,6220318,Cason Wallace,OKC,SG/SF,5000.0,False,True
44412510,154069,1408195,460,6220318,Cason Wallace,OKC,SG/SF,5000.0,False,True
44412511,154069,1408195,464,6220318,Cason Wallace,OKC,SG/SF,5000.0,False,True
44412512,154069,1408195,463,6220318,Cason Wallace,OKC,SG/SF,5000.0,False,True
44412513,154069,1408195,465,6220318,Cason Wallace,OKC,SG/SF,5000.0,False,True
44412514,154069,843271,459,6220300,Kelly Oubre Jr.,IND,SG/SF,5000.0,False,True
44412515,154069,843271,460,6220300,Kelly Oubre Jr.,IND,SG/SF,5000.0,False,True
44412516,154069,843271,464,6220300,Kelly Oubre Jr.,IND,SG/SF,5000.0,False,True
44412517,154069,843271,463,6220300,Kelly Oubre Jr.,IND,SG/SF,5000.0,False,True
44412518,154069,843271,465,6220300,Kelly Oubre Jr.,IND,SG/SF,5000.0,False,True
44412519,154069,699826,460,6220312,Jerami Grant,MEM,SF,5000.0,False,True
44412520,154069,699826,463,6220312,Jerami Grant,MEM,SF,5000.0,False,True
44412521,154069,699826,465,6220312,Jerami Grant,MEM,SF,5000.0,False,True
44412522,154069,946801,458,6220324,De'Anthony Melton,GSW,PG/SG,5000.0,False,True
44412523,154069,946801,459,6220324,De'Anthony Melton,GSW,PG/SG,5000.0,False,True
44412524,154069,946801,464,6220324,De'Anthony Melton,GSW,PG/SG,5000.0,False,True
44412525,154069,946801,465,6220324,De'Anthony Melton,GSW,PG/SG,5000.0,False,True
44412526,154069,1132030,458,6220306,Tre Jones,CHI,PG/SG,5000.0,False,True
44412527,154069,1132030,459,6220306,Tre Jones,CHI,PG/SG,5000.0,False,True
44412528,154069,1132030,464,6220306,Tre Jones,CHI,PG/SG,5000.0,False,True
44412529,154069,1132030,465,6220306,Tre Jones,CHI,PG/SG,5000.0,False,True
44412530,154069,1593334,460,6220318,Nate Ament,MIL,SF/PF,4900.0,False,True
44412531,154069,1593334,461,6220318,Nate Ament,MIL,SF/PF,4900.0,False,True
44412532,154069,1593334,463,6220318,Nate Ament,MIL,SF/PF,4900.0,False,True
44412533,154069,1593334,465,6220318,Nate Ament,MIL,SF/PF,4900.0,False,True
44412534,154069,1177001,458,6220312,Cam Spencer,MEM,PG/SG,4900.0,False,True
44412535,154069,1177001,459,6220312,Cam Spencer,MEM,PG/SG,4900.0,False,True
44412536,154069,1177001,464,6220312,Cam Spencer,MEM,PG/SG,4900.0,False,True
44412537,154069,1177001,465,6220312,Cam Spencer,MEM,PG/SG,4900.0,False,True
44412538,154069,1134264,460,6220300,Aaron Nesmith,IND,SF,4900.0,False,True
44412539,154069,1134264,463,6220300,Aaron Nesmith,IND,SF,4900.0,False,True
44412540,154069,1134264,465,6220300,Aaron Nesmith,IND,SF,4900.0,False,True
44412541,154069,1402709,460,6220300,Jarace Walker,IND,SF,4900.0,False,True
44412542,154069,1402709,463,6220300,Jarace Walker,IND,SF,4900.0,False,True
44412543,154069,1402709,465,6220300,Jarace Walker,IND,SF,4900.0,False,True
44412544,154069,1461413,460,6220306,Dailyn Swain,CHI,SF/PF,4900.0,False,True
44412545,154069,1461413,461,6220306,Dailyn Swain,CHI,SF/PF,4900.0,False,True
44412546,154069,1461413,463,6220306,Dailyn Swain,CHI,SF/PF,4900.0,False,True
44412547,154069,1461413,465,6220306,Dailyn Swain,CHI,SF/PF,4900.0,False,True
44412548,154069,1232528,460,6220312,Tristan da Silva,ORL,SF/PF,4900.0,False,True
44412549,154069,1232528,461,6220312,Tristan da Silva,ORL,SF/PF,4900.0,False,True
44412550,154069,1232528,463,6220312,Tristan da Silva,ORL,SF/PF,4900.0,False,True
44412551,154069,1232528,465,6220312,Tristan da Silva,ORL,SF/PF,4900.0,False,True
44412552,154069,1271708,460,6220300,Jonathan Kuminga,MIN,SF/PF,4800.0,False,True
44412553,154069,1271708,461,6220300,Jonathan Kuminga,MIN,SF/PF,4800.0,False,True
44412554,154069,1271708,463,6220300,Jonathan Kuminga,MIN,SF/PF,4800.0,False,True
44412555,154069,1271708,465,6220300,Jonathan Kuminga,MIN,SF/PF,4800.0,False,True
44412556,154069,551787,458,6220300,T.J. McConnell,IND,PG,4800.0,False,True
44412557,154069,551787,464,6220300,T.J. McConnell,IND,PG,4800.0,False,True
44412558,154069,551787,465,6220300,T.J. McConnell,IND,PG,4800.0,False,True
44412559,154069,1448788,458,6220318,Kasparas Jakucionis,MIL,PG,4700.0,False,True
44412560,154069,1448788,464,6220318,Kasparas Jakucionis,MIL,PG,4700.0,False,True
44412561,154069,1448788,465,6220318,Kasparas Jakucionis,MIL,PG,4700.0,False,True
44412562,154069,1182148,459,6220300,Terrence Shannon Jr.,MIN,SG/SF,4700.0,False,True
44412563,154069,1182148,460,6220300,Terrence Shannon Jr.,MIN,SG/SF,4700.0,False,True
44412564,154069,1182148,464,6220300,Terrence Shannon Jr.,MIN,SG/SF,4700.0,False,True
44412565,154069,1182148,463,6220300,Terrence Shannon Jr.,MIN,SG/SF,4700.0,False,True
44412566,154069,1182148,465,6220300,Terrence Shannon Jr.,MIN,SG/SF,4700.0,False,True
44412567,154069,1062104,459,6220306,Jordan Goodwin,PHX,SG/SF,4600.0,False,True
44412568,154069,1062104,460,6220306,Jordan Goodwin,PHX,SG/SF,4600.0,False,True
44412569,154069,1062104,464,6220306,Jordan Goodwin,PHX,SG/SF,4600.0,False,True
44412570,154069,1062104,463,6220306,Jordan Goodwin,PHX,SG/SF,4600.0,False,True
44412571,154069,1062104,465,6220306,Jordan Goodwin,PHX,SG/SF,4600.0,False,True
44412572,154069,1076274,461,6220300,Obi Toppin,IND,PF,4600.0,False,True
44412573,154069,1076274,463,6220300,Obi Toppin,IND,PF,4600.0,False,True
44412574,154069,1076274,465,6220300,Obi Toppin,IND,PF,4600.0,False,True
44412575,154069,1458807,459,6220318,Jared McCain,OKC,SG,4500.0,False,True
44412576,154069,1458807,464,6220318,Jared McCain,OKC,SG,4500.0,False,True
44412577,154069,1458807,465,6220318,Jared McCain,OKC,SG,4500.0,False,True
44412578,154069,457598,462,6220312,Nikola Vucevic,ORL,C,4500.0,False,True
44412579,154069,457598,465,6220312,Nikola Vucevic,ORL,C,4500.0,False,True
44412580,154069,1405861,461,6220312,Taylor Hendricks,MEM,PF/C,4500.0,False,True
44412581,154069,1405861,462,6220312,Taylor Hendricks,MEM,PF/C,4500.0,False,True
44412582,154069,1405861,463,6220312,Taylor Hendricks,MEM,PF/C,4500.0,False,True
44412583,154069,1405861,465,6220312,Taylor Hendricks,MEM,PF/C,4500.0,False,True
44412584,154069,1133792,462,6220306,Jalen Smith,CHI,C,4500.0,False,True
44412585,154069,1133792,465,6220306,Jalen Smith,CHI,C,4500.0,False,True
44412586,154069,1405584,460,6220312,Gregory Jackson,MEM,SF/PF,4500.0,False,True
44412587,154069,1405584,461,6220312,Gregory Jackson,MEM,SF/PF,4500.0,False,True
44412588,154069,1405584,463,6220312,Gregory Jackson,MEM,SF/PF,4500.0,False,True
44412589,154069,1405584,465,6220312,Gregory Jackson,MEM,SF/PF,4500.0,False,True
44412590,154069,1232477,462,6220306,Oso Ighodaro,PHX,C,4500.0,False,True
44412591,154069,1232477,465,6220306,Oso Ighodaro,PHX,C,4500.0,False,True
44412592,154069,1406029,461,6220306,Ryan Dunn,PHX,PF,4500.0,False,True
44412593,154069,1406029,463,6220306,Ryan Dunn,PHX,PF,4500.0,False,True
44412594,154069,1406029,465,6220306,Ryan Dunn,PHX,PF,4500.0,False,True
44412595,154069,1590552,462,6220300,Joan Beringer,MIN,C,4400.0,False,True
44412596,154069,1590552,465,6220300,Joan Beringer,MIN,C,4400.0,False,True
44412597,154069,1391940,460,6220324,Gui Santos,GSW,SF/PF,4400.0,False,True
44412598,154069,1391940,461,6220324,Gui Santos,GSW,SF/PF,4400.0,False,True
44412599,154069,1391940,463,6220324,Gui Santos,GSW,SF/PF,4400.0,False,True
44412600,154069,1391940,465,6220324,Gui Santos,GSW,SF/PF,4400.0,False,True
44412601,154069,1480184,462,6220318,Aday Mara,OKC,C,4400.0,False,True
44412602,154069,1480184,465,6220318,Aday Mara,OKC,C,4400.0,False,True
44412603,154069,942843,462,6220300,Jay Huff,IND,C,4300.0,False,True
44412604,154069,942843,465,6220300,Jay Huff,IND,C,4300.0,False,True
44412605,154069,1375876,460,6220318,Ousmane Dieng,MIL,SF/PF,4300.0,False,True
44412606,154069,1375876,461,6220318,Ousmane Dieng,MIL,SF/PF,4300.0,False,True
44412607,154069,1375876,463,6220318,Ousmane Dieng,MIL,SF/PF,4300.0,False,True
44412608,154069,1375876,465,6220318,Ousmane Dieng,MIL,SF/PF,4300.0,False,True
44412609,154069,1193672,462,6220312,Quinten Post,MEM,C,4300.0,False,True
44412610,154069,1193672,465,6220312,Quinten Post,MEM,C,4300.0,False,True
44412611,154069,697644,460,6220318,Alex Caruso,OKC,SF/PF,4200.0,False,True
44412612,154069,697644,461,6220318,Alex Caruso,OKC,SF/PF,4200.0,False,True
44412613,154069,697644,463,6220318,Alex Caruso,OKC,SF/PF,4200.0,False,True
44412614,154069,697644,465,6220318,Alex Caruso,OKC,SF/PF,4200.0,False,True
44412615,154069,1172132,462,6220312,Goga Bitadze,ORL,C,4200.0,False,True
44412616,154069,1172132,465,6220312,Goga Bitadze,ORL,C,4200.0,False,True
44412617,154069,1231367,461,6220318,Jaylin Williams,OKC,PF/C,4200.0,False,True
44412618,154069,1231367,462,6220318,Jaylin Williams,OKC,PF/C,4200.0,False,True
44412619,154069,1231367,463,6220318,Jaylin Williams,OKC,PF/C,4200.0,False,True
44412620,154069,1231367,465,6220318,Jaylin Williams,OKC,PF/C,4200.0,False,True
44412621,154069,1193432,459,6220306,Isaac Okoro,CHI,SG/SF,4100.0,False,True
44412622,154069,1193432,460,6220306,Isaac Okoro,CHI,SG/SF,4100.0,False,True
44412623,154069,1193432,464,6220306,Isaac Okoro,CHI,SG/SF,4100.0,False,True
44412624,154069,1193432,463,6220306,Isaac Okoro,CHI,SG/SF,4100.0,False,True
44412625,154069,1193432,465,6220306,Isaac Okoro,CHI,SG/SF,4100.0,False,True
44412626,154069,1338969,458,6220312,Walter Clayton Jr.,MEM,PG/SG,4100.0,False,True
44412627,154069,1338969,459,6220312,Walter Clayton Jr.,MEM,PG/SG,4100.0,False,True
44412628,154069,1338969,464,6220312,Walter Clayton Jr.,MEM,PG/SG,4100.0,False,True
44412629,154069,1338969,465,6220312,Walter Clayton Jr.,MEM,PG/SG,4100.0,False,True
44412630,154069,458730,460,6220324,Jimmy Butler,GSW,SF,4100.0,False,True
44412631,154069,458730,463,6220324,Jimmy Butler,GSW,SF,4100.0,False,True
44412632,154069,458730,465,6220324,Jimmy Butler,GSW,SF,4100.0,False,True
44412633,154069,1141111,460,6220318,AJ Green,MIL,SF,4100.0,False,True
44412634,154069,1141111,463,6220318,AJ Green,MIL,SF,4100.0,False,True
44412635,154069,1141111,465,6220318,AJ Green,MIL,SF,4100.0,False,True
44412636,154069,1060908,459,6220318,Gary Trent Jr.,MIL,SG/SF,4100.0,False,True
44412637,154069,1060908,460,6220318,Gary Trent Jr.,MIL,SG/SF,4100.0,False,True
44412638,154069,1060908,464,6220318,Gary Trent Jr.,MIL,SG/SF,4100.0,False,True
44412639,154069,1060908,463,6220318,Gary Trent Jr.,MIL,SG/SF,4100.0,False,True
44412640,154069,1060908,465,6220318,Gary Trent Jr.,MIL,SG/SF,4100.0,False,True
44412641,154069,955887,462,6220306,Zach Collins,CHI,C,4000.0,False,True
44412642,154069,955887,465,6220306,Zach Collins,CHI,C,4000.0,False,True
44412643,154069,954390,462,6220324,Robert Williams,POR,C,4000.0,False,True
44412644,154069,954390,465,6220324,Robert Williams,POR,C,4000.0,False,True
44412645,154069,887661,458,6220306,Luke Kennard,PHX,PG/SG,4000.0,False,True
44412646,154069,887661,459,6220306,Luke Kennard,PHX,PG/SG,4000.0,False,True
44412647,154069,887661,464,6220306,Luke Kennard,PHX,PG/SG,4000.0,False,True
44412648,154069,887661,465,6220306,Luke Kennard,PHX,PG/SG,4000.0,False,True
44412649,154069,846407,459,6220324,Gary Payton II,GSW,SG/SF,4000.0,False,True
44412650,154069,846407,460,6220324,Gary Payton II,GSW,SG/SF,4000.0,False,True
44412651,154069,846407,464,6220324,Gary Payton II,GSW,SG/SF,4000.0,False,True
44412652,154069,846407,463,6220324,Gary Payton II,GSW,SG/SF,4000.0,False,True
44412653,154069,846407,465,6220324,Gary Payton II,GSW,SG/SF,4000.0,False,True
44412654,154069,1174904,461,6220306,Patrick Williams,CHI,PF,4000.0,False,True
44412655,154069,1174904,463,6220306,Patrick Williams,CHI,PF,4000.0,False,True
44412656,154069,1174904,465,6220306,Patrick Williams,CHI,PF,4000.0,False,True
44412657,154069,1654517,460,6220312,Karim Lopez,MEM,SF,4000.0,False,True
44412658,154069,1654517,463,6220312,Karim Lopez,MEM,SF,4000.0,False,True
44412659,154069,1654517,465,6220312,Karim Lopez,MEM,SF,4000.0,False,True
44412660,154069,843742,460,6220318,Kenrich Williams,OKC,SF/PF,4000.0,False,True
44412661,154069,843742,461,6220318,Kenrich Williams,OKC,SF/PF,4000.0,False,True
44412662,154069,843742,463,6220318,Kenrich Williams,OKC,SF/PF,4000.0,False,True
44412663,154069,843742,465,6220318,Kenrich Williams,OKC,SF/PF,4000.0,False,True
44412664,154069,1323578,459,6220324,Will Richard,GSW,SG/SF,3900.0,False,True
44412665,154069,1323578,460,6220324,Will Richard,GSW,SG/SF,3900.0,False,True
44412666,154069,1323578,464,6220324,Will Richard,GSW,SG/SF,3900.0,False,True
44412667,154069,1323578,463,6220324,Will Richard,GSW,SG/SF,3900.0,False,True
44412668,154069,1323578,465,6220324,Will Richard,GSW,SG/SF,3900.0,False,True
44412669,154069,1231166,460,6220312,Kris Murray,MEM,SF,3900.0,False,True
44412670,154069,1231166,463,6220312,Kris Murray,MEM,SF,3900.0,False,True
44412671,154069,1231166,465,6220312,Kris Murray,MEM,SF,3900.0,False,True
44412672,154069,1232483,462,6220312,Olivier-Maxence Prosper,MEM,C,3900.0,False,True
44412673,154069,1232483,465,6220312,Olivier-Maxence Prosper,MEM,C,3900.0,False,True
44412674,154069,1458830,460,6220300,Cody Williams,MIN,SF/PF,3900.0,False,True
44412675,154069,1458830,461,6220300,Cody Williams,MIN,SF/PF,3900.0,False,True
44412676,154069,1458830,463,6220300,Cody Williams,MIN,SF/PF,3900.0,False,True
44412677,154069,1458830,465,6220300,Cody Williams,MIN,SF/PF,3900.0,False,True
44412678,154069,280587,462,6220324,Al Horford,GSW,C,3900.0,False,True
44412679,154069,280587,465,6220324,Al Horford,GSW,C,3900.0,False,True
44412680,154069,1371494,459,6220324,Shaedon Sharpe,POR,SG,3800.0,False,True
44412681,154069,1371494,464,6220324,Shaedon Sharpe,POR,SG,3800.0,False,True
44412682,154069,1371494,465,6220324,Shaedon Sharpe,POR,SG,3800.0,False,True
44412683,154069,603640,462,6220300,Larry Nance Jr.,IND,C,3800.0,False,True
44412684,154069,603640,465,6220300,Larry Nance Jr.,IND,C,3800.0,False,True
44412685,154069,1257428,459,6220324,Vit Krejci,POR,SG/SF,3800.0,False,True
44412686,154069,1257428,460,6220324,Vit Krejci,POR,SG/SF,3800.0,False,True
44412687,154069,1257428,464,6220324,Vit Krejci,POR,SG/SF,3800.0,False,True
44412688,154069,1257428,463,6220324,Vit Krejci,POR,SG/SF,3800.0,False,True
44412689,154069,1257428,465,6220324,Vit Krejci,POR,SG/SF,3800.0,False,True
44412690,154069,1175324,459,6220300,Ben Sheppard,IND,SG,3800.0,False,True
44412691,154069,1175324,464,6220300,Ben Sheppard,IND,SG,3800.0,False,True
44412692,154069,1175324,465,6220300,Ben Sheppard,IND,SG,3800.0,False,True
44412693,154069,1178199,458,6220300,Bones Hyland,MIN,PG,3800.0,False,True
44412694,154069,1178199,464,6220300,Bones Hyland,MIN,PG,3800.0,False,True
44412695,154069,1178199,465,6220300,Bones Hyland,MIN,PG,3800.0,False,True
44412696,154069,1532771,458,6220318,Bennett Stirtz,OKC,PG/SG,3800.0,False,True
44412697,154069,1532771,459,6220318,Bennett Stirtz,OKC,PG/SG,3800.0,False,True
44412698,154069,1532771,464,6220318,Bennett Stirtz,OKC,PG/SG,3800.0,False,True
44412699,154069,1532771,465,6220318,Bennett Stirtz,OKC,PG/SG,3800.0,False,True
44412700,154069,1134688,458,6220324,Brandon Williams,GSW,PG,3700.0,False,True
44412701,154069,1134688,464,6220324,Brandon Williams,GSW,PG,3700.0,False,True
44412702,154069,1134688,465,6220324,Brandon Williams,GSW,PG,3700.0,False,True
44412703,154069,1071933,462,6220318,Jericho Sims,MIL,C,3700.0,False,True
44412704,154069,1071933,465,6220318,Jericho Sims,MIL,C,3700.0,False,True
44412705,154069,887915,458,6220300,Donte DiVincenzo,MIN,PG,3700.0,False,True
44412706,154069,887915,464,6220300,Donte DiVincenzo,MIN,PG,3700.0,False,True
44412707,154069,887915,465,6220300,Donte DiVincenzo,MIN,PG,3700.0,False,True
44412708,154069,698991,458,6220318,Caris LeVert,MIL,PG/SG,3600.0,False,True
44412709,154069,698991,459,6220318,Caris LeVert,MIL,PG/SG,3600.0,False,True
44412710,154069,698991,464,6220318,Caris LeVert,MIL,PG/SG,3600.0,False,True
44412711,154069,698991,465,6220318,Caris LeVert,MIL,PG/SG,3600.0,False,True
44412712,154069,1590551,461,6220312,Noah Penda,ORL,PF,3600.0,False,True
44412713,154069,1590551,463,6220312,Noah Penda,ORL,PF,3600.0,False,True
44412714,154069,1590551,465,6220312,Noah Penda,ORL,PF,3600.0,False,True
44412715,154069,1328248,458,6220312,Jahmai Mashack,MEM,PG/SG,3600.0,False,True
44412716,154069,1328248,459,6220312,Jahmai Mashack,MEM,PG/SG,3600.0,False,True
44412717,154069,1328248,464,6220312,Jahmai Mashack,MEM,PG/SG,3600.0,False,True
44412718,154069,1328248,465,6220312,Jahmai Mashack,MEM,PG/SG,3600.0,False,True
44412719,154069,1324003,458,6220312,Javon Small,MEM,PG,3500.0,False,True
44412720,154069,1324003,464,6220312,Javon Small,MEM,PG,3500.0,False,True
44412721,154069,1324003,465,6220312,Javon Small,MEM,PG,3500.0,False,True
44412722,154069,1230361,462,6220306,Mark Williams,PHX,C,3500.0,False,True
44412723,154069,1230361,465,6220306,Mark Williams,PHX,C,3500.0,False,True
44412724,154069,1432656,461,6220324,Sidy Cissoko,POR,PF/C,3500.0,False,True
44412725,154069,1432656,462,6220324,Sidy Cissoko,POR,PF/C,3500.0,False,True
44412726,154069,1432656,463,6220324,Sidy Cissoko,POR,PF/C,3500.0,False,True
44412727,154069,1432656,465,6220324,Sidy Cissoko,POR,PF/C,3500.0,False,True
44412728,154069,1241591,460,6220312,Micah Peavy,MEM,SF,3500.0,False,True
44412729,154069,1241591,463,6220312,Micah Peavy,MEM,SF,3500.0,False,True
44412730,154069,1241591,465,6220312,Micah Peavy,MEM,SF,3500.0,False,True
44412731,154069,1176145,458,6220306,Pat Spencer,PHX,PG/SG,3500.0,False,True
44412732,154069,1176145,459,6220306,Pat Spencer,PHX,PG/SG,3500.0,False,True
44412733,154069,1176145,464,6220306,Pat Spencer,PHX,PG/SG,3500.0,False,True
44412734,154069,1176145,465,6220306,Pat Spencer,PHX,PG/SG,3500.0,False,True
44412735,154069,1239611,459,6220324,Dalen Terry,GSW,SG,3500.0,False,True
44412736,154069,1239611,464,6220324,Dalen Terry,GSW,SG,3500.0,False,True
44412737,154069,1239611,465,6220324,Dalen Terry,GSW,SG,3500.0,False,True
44412738,154069,1405622,460,6220306,Rasheer Fleming,PHX,SF/PF,3500.0,False,True
44412739,154069,1405622,461,6220306,Rasheer Fleming,PHX,SF/PF,3500.0,False,True
44412740,154069,1405622,463,6220306,Rasheer Fleming,PHX,SF/PF,3500.0,False,True
44412741,154069,1405622,465,6220306,Rasheer Fleming,PHX,SF/PF,3500.0,False,True
44412742,154069,843794,458,6220312,Jevon Carter,ORL,PG,3500.0,False,True
44412743,154069,843794,464,6220312,Jevon Carter,ORL,PG,3500.0,False,True
44412744,154069,843794,465,6220312,Jevon Carter,ORL,PG,3500.0,False,True
44412745,154069,697086,459,6220306,Buddy Hield,CHI,SG,3500.0,False,True
44412746,154069,697086,464,6220306,Buddy Hield,CHI,SG,3500.0,False,True
44412747,154069,697086,465,6220306,Buddy Hield,CHI,SG,3500.0,False,True
44412748,154069,1231198,460,6220300,Jaylen Clark,MIN,SF,3400.0,False,True
44412749,154069,1231198,463,6220300,Jaylen Clark,MIN,SF,3400.0,False,True
44412750,154069,1231198,465,6220300,Jaylen Clark,MIN,SF,3400.0,False,True
44412751,154069,1133861,461,6220318,Pete Nance,MIL,PF,3400.0,False,True
44412752,154069,1133861,463,6220318,Pete Nance,MIL,PF,3400.0,False,True
44412753,154069,1133861,465,6220318,Pete Nance,MIL,PF,3400.0,False,True
44412754,154069,679381,460,6220324,Georges Niang,GSW,SF/PF,3400.0,False,True
44412755,154069,679381,461,6220324,Georges Niang,GSW,SF/PF,3400.0,False,True
44412756,154069,679381,463,6220324,Georges Niang,GSW,SF/PF,3400.0,False,True
44412757,154069,679381,465,6220324,Georges Niang,GSW,SF/PF,3400.0,False,True
44412758,154069,1519129,458,6220300,Isaiah Evans,MIN,PG/SG,3400.0,False,True
44412759,154069,1519129,459,6220300,Isaiah Evans,MIN,PG/SG,3400.0,False,True
44412760,154069,1519129,464,6220300,Isaiah Evans,MIN,PG/SG,3400.0,False,True
44412761,154069,1519129,465,6220300,Isaiah Evans,MIN,PG/SG,3400.0,False,True
44412762,154069,1195699,458,6220300,Quenton Jackson,IND,PG/SG,3400.0,False,True
44412763,154069,1195699,459,6220300,Quenton Jackson,IND,PG/SG,3400.0,False,True
44412764,154069,1195699,464,6220300,Quenton Jackson,IND,PG/SG,3400.0,False,True
44412765,154069,1195699,465,6220300,Quenton Jackson,IND,PG/SG,3400.0,False,True
44412766,154069,1475759,459,6220300,Johnny Furphy,IND,SG/SF,3400.0,False,True
44412767,154069,1475759,460,6220300,Johnny Furphy,IND,SG/SF,3400.0,False,True
44412768,154069,1475759,464,6220300,Johnny Furphy,IND,SG/SF,3400.0,False,True
44412769,154069,1475759,463,6220300,Johnny Furphy,IND,SG/SF,3400.0,False,True
44412770,154069,1475759,465,6220300,Johnny Furphy,IND,SG/SF,3400.0,False,True
44412771,154069,1342728,460,6220324,Jeremy Sochan,POR,SF/PF,3300.0,False,True
44412772,154069,1342728,461,6220324,Jeremy Sochan,POR,SF/PF,3300.0,False,True
44412773,154069,1342728,463,6220324,Jeremy Sochan,POR,SF/PF,3300.0,False,True
44412774,154069,1342728,465,6220324,Jeremy Sochan,POR,SF/PF,3300.0,False,True
44412775,154069,1610167,460,6220306,Koa Peat,PHX,SF/PF,3300.0,False,True
44412776,154069,1610167,461,6220306,Koa Peat,PHX,SF/PF,3300.0,False,True
44412777,154069,1610167,463,6220306,Koa Peat,PHX,SF/PF,3300.0,False,True
44412778,154069,1610167,465,6220306,Koa Peat,PHX,SF/PF,3300.0,False,True
44412779,154069,940823,461,6220312,Jonathan Isaac,ORL,PF,3300.0,False,True
44412780,154069,940823,463,6220312,Jonathan Isaac,ORL,PF,3300.0,False,True
44412781,154069,940823,465,6220312,Jonathan Isaac,ORL,PF,3300.0,False,True
44412782,154069,1176611,461,6220300,Kobe Brown,IND,PF/C,3300.0,False,True
44412783,154069,1176611,462,6220300,Kobe Brown,IND,PF/C,3300.0,False,True
44412784,154069,1176611,463,6220300,Kobe Brown,IND,PF/C,3300.0,False,True
44412785,154069,1176611,465,6220300,Kobe Brown,IND,PF/C,3300.0,False,True
44412786,154069,1325163,459,6220312,Malaki Branham,ORL,SG,3200.0,False,True
44412787,154069,1325163,464,6220312,Malaki Branham,ORL,SG,3200.0,False,True
44412788,154069,1325163,465,6220312,Malaki Branham,ORL,SG,3200.0,False,True
44412789,154069,1528467,458,6220312,Jase Richardson,ORL,PG/SG,3200.0,False,True
44412790,154069,1528467,459,6220312,Jase Richardson,ORL,PG/SG,3200.0,False,True
44412791,154069,1528467,464,6220312,Jase Richardson,ORL,PG/SG,3200.0,False,True
44412792,154069,1528467,465,6220312,Jase Richardson,ORL,PG/SG,3200.0,False,True
44412793,154069,1231366,459,6220324,Moses Moody,GSW,SG,3200.0,False,True
44412794,154069,1231366,464,6220324,Moses Moody,GSW,SG,3200.0,False,True
44412795,154069,1231366,465,6220324,Moses Moody,GSW,SG,3200.0,False,True
44412796,154069,948115,462,6220306,Duop Reath,PHX,C,3200.0,False,True
44412797,154069,948115,465,6220306,Duop Reath,PHX,C,3200.0,False,True
44412798,154069,845596,461,6220300,Trey Lyles,MIN,PF,3200.0,False,True
44412799,154069,845596,463,6220300,Trey Lyles,MIN,PF,3200.0,False,True
44412800,154069,845596,465,6220300,Trey Lyles,MIN,PF,3200.0,False,True
44412801,154069,1376841,461,6220306,Leonard Miller,CHI,PF/C,3200.0,False,True
44412802,154069,1376841,462,6220306,Leonard Miller,CHI,PF/C,3200.0,False,True
44412803,154069,1376841,463,6220306,Leonard Miller,CHI,PF/C,3200.0,False,True
44412804,154069,1376841,465,6220306,Leonard Miller,CHI,PF/C,3200.0,False,True
44412805,154069,1060409,459,6220312,Jamal Cain,ORL,SG/SF,3100.0,False,True
44412806,154069,1060409,460,6220312,Jamal Cain,ORL,SG/SF,3100.0,False,True
44412807,154069,1060409,464,6220312,Jamal Cain,ORL,SG/SF,3100.0,False,True
44412808,154069,1060409,463,6220312,Jamal Cain,ORL,SG/SF,3100.0,False,True
44412809,154069,1060409,465,6220312,Jamal Cain,ORL,SG/SF,3100.0,False,True
44412810,154069,1324173,458,6220318,Kam Jones,MIL,PG,3100.0,False,True
44412811,154069,1324173,464,6220318,Kam Jones,MIL,PG,3100.0,False,True
44412812,154069,1324173,465,6220318,Kam Jones,MIL,PG,3100.0,False,True
44412813,154069,1177008,462,6220324,Branden Carlson,POR,C,3100.0,False,True
44412814,154069,1177008,465,6220324,Branden Carlson,POR,C,3100.0,False,True
44412815,154069,945061,461,6220324,Micah Potter,POR,PF/C,3100.0,False,True
44412816,154069,945061,462,6220324,Micah Potter,POR,PF/C,3100.0,False,True
44412817,154069,945061,463,6220324,Micah Potter,POR,PF/C,3100.0,False,True
44412818,154069,945061,465,6220324,Micah Potter,POR,PF/C,3100.0,False,True
44412819,154069,1245906,459,6220306,Brandon Boston Jr.,CHI,SG,3100.0,False,True
44412820,154069,1245906,464,6220306,Brandon Boston Jr.,CHI,SG,3100.0,False,True
44412821,154069,1245906,465,6220306,Brandon Boston Jr.,CHI,SG,3100.0,False,True
44412822,154069,1176770,461,6220306,Orlando Robinson,CHI,PF/C,3100.0,False,True
44412823,154069,1176770,462,6220306,Orlando Robinson,CHI,PF/C,3100.0,False,True
44412824,154069,1176770,463,6220306,Orlando Robinson,CHI,PF/C,3100.0,False,True
44412825,154069,1176770,465,6220306,Orlando Robinson,CHI,PF/C,3100.0,False,True
44412826,154069,1068236,458,6220306,Jamaree Bouyea,PHX,PG,3100.0,False,True
44412827,154069,1068236,464,6220306,Jamaree Bouyea,PHX,PG,3100.0,False,True
44412828,154069,1068236,465,6220306,Jamaree Bouyea,PHX,PG,3100.0,False,True
44412829,154069,1249996,458,6220324,L.J. Cryer,GSW,PG,3000.0,False,True
44412830,154069,1249996,464,6220324,L.J. Cryer,GSW,PG,3000.0,False,True
44412831,154069,1249996,465,6220324,L.J. Cryer,GSW,PG,3000.0,False,True
44412832,154069,1083019,460,6220306,Haywood Highsmith,PHX,SF,3000.0,False,True
44412833,154069,1083019,463,6220306,Haywood Highsmith,PHX,SF,3000.0,False,True
44412834,154069,1083019,465,6220306,Haywood Highsmith,PHX,SF,3000.0,False,True
44412835,154069,1138669,462,6220324,Charles Bassey,GSW,C,3000.0,False,True
44412836,154069,1138669,465,6220324,Charles Bassey,GSW,C,3000.0,False,True
44412837,154069,1193678,459,6220300,Antonio Reeves,MIN,SG,3000.0,False,True
44412838,154069,1193678,464,6220300,Antonio Reeves,MIN,SG,3000.0,False,True
44412839,154069,1193678,465,6220300,Antonio Reeves,MIN,SG,3000.0,False,True
44412840,154069,1345014,460,6220324,Malevy Leons,GSW,SF/PF,3000.0,False,True
44412841,154069,1345014,461,6220324,Malevy Leons,GSW,SF/PF,3000.0,False,True
44412842,154069,1345014,463,6220324,Malevy Leons,GSW,SF/PF,3000.0,False,True
44412843,154069,1345014,465,6220324,Malevy Leons,GSW,SF/PF,3000.0,False,True
44412844,154069,1328253,458,6220306,Kennedy Chandler,PHX,PG,3000.0,False,True
44412845,154069,1328253,464,6220306,Kennedy Chandler,PHX,PG,3000.0,False,True
44412846,154069,1328253,465,6220306,Kennedy Chandler,PHX,PG,3000.0,False,True
44412847,154069,1413202,462,6220318,Christoph Tilly,OKC,C,3000.0,False,True
44412848,154069,1413202,465,6220318,Christoph Tilly,OKC,C,3000.0,False,True
44412849,154069,1432129,461,6220318,Bogoljub Markovic,MIL,PF/C,3000.0,False,True
44412850,154069,1432129,462,6220318,Bogoljub Markovic,MIL,PF/C,3000.0,False,True
44412851,154069,1432129,463,6220318,Bogoljub Markovic,MIL,PF/C,3000.0,False,True
44412852,154069,1432129,465,6220318,Bogoljub Markovic,MIL,PF/C,3000.0,False,True
44412853,154069,1427778,461,6220318,Andrew Holifield,OKC,PF,3000.0,False,True
44412854,154069,1427778,463,6220318,Andrew Holifield,OKC,PF,3000.0,False,True
44412855,154069,1427778,465,6220318,Andrew Holifield,OKC,PF,3000.0,False,True
44412856,154069,1231638,462,6220324,Graham Ike,GSW,C,3000.0,False,True
44412857,154069,1231638,465,6220324,Graham Ike,GSW,C,3000.0,False,True
44412858,154069,1405968,462,6220300,Keba Keita,IND,C,3000.0,False,True
44412859,154069,1405968,465,6220300,Keba Keita,IND,C,3000.0,False,True
44412860,154069,1135981,460,6220300,Jalen Slawson,IND,SF/PF,3000.0,False,True
44412861,154069,1135981,461,6220300,Jalen Slawson,IND,SF/PF,3000.0,False,True
44412862,154069,1135981,463,6220300,Jalen Slawson,IND,SF/PF,3000.0,False,True
44412863,154069,1135981,465,6220300,Jalen Slawson,IND,SF/PF,3000.0,False,True
44412864,154069,1328242,458,6220318,Robert McCray V,OKC,PG/SG,3000.0,False,True
44412865,154069,1328242,459,6220318,Robert McCray V,OKC,PG/SG,3000.0,False,True
44412866,154069,1328242,464,6220318,Robert McCray V,OKC,PG/SG,3000.0,False,True
44412867,154069,1328242,465,6220318,Robert McCray V,OKC,PG/SG,3000.0,False,True
44412868,154069,1193990,461,6220300,Rienk Mast,IND,PF,3000.0,False,True
44412869,154069,1193990,463,6220300,Rienk Mast,IND,PF,3000.0,False,True
44412870,154069,1193990,465,6220300,Rienk Mast,IND,PF,3000.0,False,True
44412871,154069,1134766,458,6220318,Cormac Ryan,MIL,PG,3000.0,False,True
44412872,154069,1134766,464,6220318,Cormac Ryan,MIL,PG,3000.0,False,True
44412873,154069,1134766,465,6220318,Cormac Ryan,MIL,PG,3000.0,False,True
44412874,154069,1175267,458,6220312,Alex Morales,ORL,PG,3000.0,False,True
44412875,154069,1175267,464,6220312,Alex Morales,ORL,PG,3000.0,False,True
44412876,154069,1175267,465,6220312,Alex Morales,ORL,PG,3000.0,False,True
44412877,154069,1427204,460,6220324,Alex Toohey,GSW,SF,3000.0,False,True
44412878,154069,1427204,463,6220324,Alex Toohey,GSW,SF,3000.0,False,True
44412879,154069,1427204,465,6220324,Alex Toohey,GSW,SF,3000.0,False,True
44412880,154069,1405372,458,6220300,Braden Smith,IND,PG,3000.0,False,True
44412881,154069,1405372,464,6220300,Braden Smith,IND,PG,3000.0,False,True
44412882,154069,1405372,465,6220300,Braden Smith,IND,PG,3000.0,False,True
44412883,154069,1324660,460,6220318,Brooks Barnhizer,OKC,SF/PF,3000.0,False,True
44412884,154069,1324660,461,6220318,Brooks Barnhizer,OKC,SF/PF,3000.0,False,True
44412885,154069,1324660,463,6220318,Brooks Barnhizer,OKC,SF/PF,3000.0,False,True
44412886,154069,1324660,465,6220318,Brooks Barnhizer,OKC,SF/PF,3000.0,False,True
44412887,154069,1413222,462,6220312,Carson Cooper,MEM,C,3000.0,False,True
44412888,154069,1413222,465,6220312,Carson Cooper,MEM,C,3000.0,False,True
44412889,154069,1234814,459,6220324,Chris Youngblood,POR,SG,3000.0,False,True
44412890,154069,1234814,464,6220324,Chris Youngblood,POR,SG,3000.0,False,True
44412891,154069,1234814,465,6220324,Chris Youngblood,POR,SG,3000.0,False,True
44412892,154069,1231292,462,6220306,CJ Huntley,PHX,C,3000.0,False,True
44412893,154069,1231292,465,6220306,CJ Huntley,PHX,C,3000.0,False,True
44412894,154069,1133800,462,6220312,Colin Castleton,ORL,C,3000.0,False,True
44412895,154069,1133800,465,6220312,Colin Castleton,ORL,C,3000.0,False,True
44412896,154069,1134571,460,6220306,Drew Peterson,CHI,SF,3000.0,False,True
44412897,154069,1134571,463,6220306,Drew Peterson,CHI,SF,3000.0,False,True
44412898,154069,1134571,465,6220306,Drew Peterson,CHI,SF,3000.0,False,True
44412899,154069,1191176,461,6220300,Drew Timme,MIN,PF,3000.0,False,True
44412900,154069,1191176,463,6220300,Drew Timme,MIN,PF,3000.0,False,True
44412901,154069,1191176,465,6220300,Drew Timme,MIN,PF,3000.0,False,True
44412902,154069,1197096,461,6220300,Enrique Freeman,MIN,PF/C,3000.0,False,True
44412903,154069,1197096,462,6220300,Enrique Freeman,MIN,PF/C,3000.0,False,True
44412904,154069,1197096,463,6220300,Enrique Freeman,MIN,PF/C,3000.0,False,True
44412905,154069,1197096,465,6220300,Enrique Freeman,MIN,PF/C,3000.0,False,True
44412906,154069,1591570,462,6220324,Hansen Yang,POR,C,3000.0,False,True
44412907,154069,1591570,465,6220324,Hansen Yang,POR,C,3000.0,False,True
44412908,154069,1415864,462,6220312,Izaiyah Nelson,ORL,C,3000.0,False,True
44412909,154069,1415864,465,6220312,Izaiyah Nelson,ORL,C,3000.0,False,True
44412910,154069,1136168,462,6220318,Jake Stephens,MIL,C,3000.0,False,True
44412911,154069,1136168,465,6220318,Jake Stephens,MIL,C,3000.0,False,True
44412912,154069,1193172,459,6220306,Jalen Bridges,CHI,SG,3000.0,False,True
44412913,154069,1193172,464,6220306,Jalen Bridges,CHI,SG,3000.0,False,True
44412914,154069,1193172,465,6220306,Jalen Bridges,CHI,SG,3000.0,False,True
44412915,154069,398037,461,6220300,James Johnson,IND,PF,3000.0,False,True
44412916,154069,398037,463,6220300,James Johnson,IND,PF,3000.0,False,True
44412917,154069,398037,465,6220300,James Johnson,IND,PF,3000.0,False,True
44412918,154069,1429347,460,6220324,Jaylen Martin,POR,SF,3000.0,False,True
44412919,154069,1429347,463,6220324,Jaylen Martin,POR,SF,3000.0,False,True
44412920,154069,1429347,465,6220324,Jaylen Martin,POR,SF,3000.0,False,True
44412921,154069,1340732,459,6220306,Jaylin Sellers,CHI,SG,3000.0,False,True
44412922,154069,1340732,464,6220306,Jaylin Sellers,CHI,SG,3000.0,False,True
44412923,154069,1340732,465,6220306,Jaylin Sellers,CHI,SG,3000.0,False,True
44412924,154069,1243685,461,6220324,Jayson Kent,POR,PF,3000.0,False,True
44412925,154069,1243685,463,6220324,Jayson Kent,POR,PF,3000.0,False,True
44412926,154069,1243685,465,6220324,Jayson Kent,POR,PF,3000.0,False,True
44412927,154069,1323515,458,6220312,JD Davison,ORL,PG,3000.0,False,True
44412928,154069,1323515,464,6220312,JD Davison,ORL,PG,3000.0,False,True
44412929,154069,1323515,465,6220312,JD Davison,ORL,PG,3000.0,False,True
44412930,154069,1340782,461,6220318,John Butler,MIL,PF,3000.0,False,True
44412931,154069,1340782,463,6220318,John Butler,MIL,PF,3000.0,False,True
44412932,154069,1340782,465,6220318,John Butler,MIL,PF,3000.0,False,True
44412933,154069,1176674,459,6220324,John Tonje,POR,SG,3000.0,False,True
44412934,154069,1176674,464,6220324,John Tonje,POR,SG,3000.0,False,True
44412935,154069,1176674,465,6220324,John Tonje,POR,SG,3000.0,False,True
44412936,154069,1402843,460,6220318,Josh Dix,OKC,SF,3000.0,False,True
44412937,154069,1402843,463,6220318,Josh Dix,OKC,SF,3000.0,False,True
44412938,154069,1402843,465,6220318,Josh Dix,OKC,SF,3000.0,False,True
44412939,154069,1067854,460,6220312,Kevin Knox II,ORL,SF,3000.0,False,True
44412940,154069,1067854,463,6220312,Kevin Knox II,ORL,SF,3000.0,False,True
44412941,154069,1067854,465,6220312,Kevin Knox II,ORL,SF,3000.0,False,True
44412942,154069,1257431,460,6220300,KJ Martin,MIN,SF,3000.0,False,True
44412943,154069,1257431,463,6220300,KJ Martin,MIN,SF,3000.0,False,True
44412944,154069,1257431,465,6220300,KJ Martin,MIN,SF,3000.0,False,True
44412945,154069,1243633,459,6220306,Koby Brea,PHX,SG,3000.0,False,True
44412946,154069,1243633,464,6220306,Koby Brea,PHX,SG,3000.0,False,True
44412947,154069,1243633,465,6220306,Koby Brea,PHX,SG,3000.0,False,True
44412948,154069,1324019,458,6220324,Miles Kelly,GSW,PG/SG,3000.0,False,True
44412949,154069,1324019,459,6220324,Miles Kelly,GSW,PG/SG,3000.0,False,True
44412950,154069,1324019,464,6220324,Miles Kelly,GSW,PG/SG,3000.0,False,True
44412951,154069,1324019,465,6220324,Miles Kelly,GSW,PG/SG,3000.0,False,True
44412952,154069,1432174,458,6220318,Nikola Topic,OKC,PG,3000.0,False,True
44412953,154069,1432174,464,6220318,Nikola Topic,OKC,PG,3000.0,False,True
44412954,154069,1432174,465,6220318,Nikola Topic,OKC,PG,3000.0,False,True
44412955,154069,1500958,460,6220306,Noa Essengue,CHI,SF,3000.0,False,True
44412956,154069,1500958,463,6220306,Noa Essengue,CHI,SF,3000.0,False,True
44412957,154069,1500958,465,6220306,Noa Essengue,CHI,SF,3000.0,False,True
44412958,154069,1231386,460,6220300,Norchad Omier,MIN,SF/PF,3000.0,False,True
44412959,154069,1231386,461,6220300,Norchad Omier,MIN,SF/PF,3000.0,False,True
44412960,154069,1231386,463,6220300,Norchad Omier,MIN,SF/PF,3000.0,False,True
44412961,154069,1231386,465,6220300,Norchad Omier,MIN,SF/PF,3000.0,False,True
44412962,154069,1405416,459,6220318,Otega Oweh,OKC,SG/SF,3000.0,False,True
44412963,154069,1405416,460,6220318,Otega Oweh,OKC,SG/SF,3000.0,False,True
44412964,154069,1405416,464,6220318,Otega Oweh,OKC,SG/SF,3000.0,False,True
44412965,154069,1405416,463,6220318,Otega Oweh,OKC,SG/SF,3000.0,False,True
44412966,154069,1405416,465,6220318,Otega Oweh,OKC,SG/SF,3000.0,False,True
44412967,154069,1502168,462,6220300,Rocco Zikarsky,MIN,C,3000.0,False,True
44412968,154069,1502168,465,6220300,Rocco Zikarsky,MIN,C,3000.0,False,True
44412969,154069,1547672,462,6220318,Thomas Sorber,OKC,C,3000.0,False,True
44412970,154069,1547672,465,6220318,Thomas Sorber,OKC,C,3000.0,False,True
44412971,154069,1405698,462,6220306,Tobe Awaka,CHI,C,3000.0,False,True
44412972,154069,1405698,465,6220306,Tobe Awaka,CHI,C,3000.0,False,True
44412973,154069,1078666,460,6220318,Zhaire Smith,OKC,SF,3000.0,False,True
44412974,154069,1078666,463,6220318,Zhaire Smith,OKC,SF,3000.0,False,True
44412975,154069,1078666,465,6220318,Zhaire Smith,OKC,SF,3000.0,False,True
44412976,154069,1196146,458,6220300,Zyon Pullin,MIN,PG,3000.0,False,True
44412977,154069,1196146,464,6220300,Zyon Pullin,MIN,PG,3000.0,False,True
44412978,154069,1196146,465,6220300,Zyon Pullin,MIN,PG,3000.0,False,True
44412979,154071,1257422,475,6220324,Deni Avdija,POR,PF,10000.0,False,True
44412980,154071,1405867,475,6220324,Donovan Clingan,POR,C,9800.0,False,True
44412981,154071,338365,475,6220324,Stephen Curry,GSW,PG,9600.0,False,True
44412982,154071,1324108,475,6220324,Brandin Podziemski,GSW,PG/SG,7400.0,False,True
44412983,154071,463121,475,6220324,Damian Lillard,POR,PG/SG,7200.0,False,True
44412984,154071,1175364,475,6220324,Toumani Camara,POR,SF,7000.0,False,True
44412985,154071,1482282,475,6220324,Yaxel Lendeborg,GSW,SF/PF,6600.0,False,True
44412986,154071,1065906,475,6220324,Ja Morant,POR,PG,6400.0,False,True
44412987,154071,468895,475,6220324,Draymond Green,GSW,PF/C,6200.0,False,True
44412988,154071,457576,475,6220324,Jrue Holiday,POR,SG/SF,6000.0,False,True
44412989,154071,877869,475,6220324,Kristaps Porzingis,GSW,C,5800.0,False,True
44412990,154071,1357750,475,6220324,Scoot Henderson,POR,PG/SG,5600.0,False,True
44412991,154071,946801,475,6220324,De'Anthony Melton,GSW,PG/SG,5400.0,False,True
44412992,154071,1391940,475,6220324,Gui Santos,GSW,SF/PF,4800.0,False,True
44412993,154071,458730,475,6220324,Jimmy Butler,GSW,SF,4600.0,False,True
44412994,154071,954390,475,6220324,Robert Williams,POR,C,4400.0,False,True
44412995,154071,846407,475,6220324,Gary Payton II,GSW,SG/SF,4200.0,False,True
44412996,154071,1323578,475,6220324,Will Richard,GSW,SG/SF,4000.0,False,True
44412997,154071,280587,475,6220324,Al Horford,GSW,C,3800.0,False,True
44412998,154071,1257428,475,6220324,Vit Krejci,POR,SG/SF,3600.0,False,True
44412999,154071,1371494,475,6220324,Shaedon Sharpe,POR,SG,3400.0,False,True
44413000,154071,1134688,475,6220324,Brandon Williams,GSW,PG,3200.0,False,True
44413001,154071,1138669,475,6220324,Charles Bassey,GSW,C,3000.0,False,True
44413002,154071,1177008,475,6220324,Branden Carlson,POR,C,2800.0,False,True
44413003,154071,1176674,475,6220324,John Tonje,POR,SG,2800.0,False,True
44413004,154071,1432656,475,6220324,Sidy Cissoko,POR,PF/C,2600.0,False,True
44413005,154071,1231638,475,6220324,Graham Ike,GSW,C,2600.0,False,True
44413006,154071,945061,475,6220324,Micah Potter,POR,PF/C,2400.0,False,True
44413007,154071,1239611,475,6220324,Dalen Terry,GSW,SG,2400.0,False,True
44413008,154071,679381,475,6220324,Georges Niang,GSW,SF/PF,2200.0,False,True
44413009,154071,1342728,475,6220324,Jeremy Sochan,POR,SF/PF,2200.0,False,True
44413010,154071,1231366,475,6220324,Moses Moody,GSW,SG,2000.0,False,True
44413011,154071,1345014,475,6220324,Malevy Leons,GSW,SF/PF,2000.0,False,True
44413012,154071,1427204,475,6220324,Alex Toohey,GSW,SF,2000.0,False,True
44413013,154071,1324019,475,6220324,Miles Kelly,GSW,PG/SG,2000.0,False,True
44413014,154071,1249996,475,6220324,L.J. Cryer,GSW,PG,2000.0,False,True
44413015,154071,1234814,475,6220324,Chris Youngblood,POR,SG,2000.0,False,True
44413016,154071,1243685,475,6220324,Jayson Kent,POR,PF,2000.0,False,True
44413017,154071,1591570,475,6220324,Hansen Yang,POR,C,2000.0,False,True
44413018,154071,1429347,475,6220324,Jaylen Martin,POR,SF,2000.0,False,True
44413019,154071,1257422,476,6220324,Deni Avdija,POR,PF,15000.0,False,True
44413020,154071,1405867,476,6220324,Donovan Clingan,POR,C,14700.0,False,True
44413021,154071,338365,476,6220324,Stephen Curry,GSW,PG,14400.0,False,True
44413022,154071,1324108,476,6220324,Brandin Podziemski,GSW,PG/SG,11100.0,False,True
44413023,154071,463121,476,6220324,Damian Lillard,POR,PG/SG,10800.0,False,True
44413024,154071,1175364,476,6220324,Toumani Camara,POR,SF,10500.0,False,True
44413025,154071,1482282,476,6220324,Yaxel Lendeborg,GSW,SF/PF,9900.0,False,True
44413026,154071,1065906,476,6220324,Ja Morant,POR,PG,9600.0,False,True
44413027,154071,468895,476,6220324,Draymond Green,GSW,PF/C,9300.0,False,True
44413028,154071,457576,476,6220324,Jrue Holiday,POR,SG/SF,9000.0,False,True
44413029,154071,877869,476,6220324,Kristaps Porzingis,GSW,C,8700.0,False,True
44413030,154071,1357750,476,6220324,Scoot Henderson,POR,PG/SG,8400.0,False,True
44413031,154071,946801,476,6220324,De'Anthony Melton,GSW,PG/SG,8100.0,False,True
44413032,154071,1391940,476,6220324,Gui Santos,GSW,SF/PF,7200.0,False,True
44413033,154071,458730,476,6220324,Jimmy Butler,GSW,SF,6900.0,False,True
44413034,154071,954390,476,6220324,Robert Williams,POR,C,6600.0,False,True
44413035,154071,846407,476,6220324,Gary Payton II,GSW,SG/SF,6300.0,False,True
44413036,154071,1323578,476,6220324,Will Richard,GSW,SG/SF,6000.0,False,True
44413037,154071,280587,476,6220324,Al Horford,GSW,C,5700.0,False,True
44413038,154071,1257428,476,6220324,Vit Krejci,POR,SG/SF,5400.0,False,True
44413039,154071,1371494,476,6220324,Shaedon Sharpe,POR,SG,5100.0,False,True
44413040,154071,1134688,476,6220324,Brandon Williams,GSW,PG,4800.0,False,True
44413041,154071,1138669,476,6220324,Charles Bassey,GSW,C,4500.0,False,True
44413042,154071,1177008,476,6220324,Branden Carlson,POR,C,4200.0,False,True
44413043,154071,1176674,476,6220324,John Tonje,POR,SG,4200.0,False,True
44413044,154071,1432656,476,6220324,Sidy Cissoko,POR,PF/C,3900.0,False,True
44413045,154071,1231638,476,6220324,Graham Ike,GSW,C,3900.0,False,True
44413046,154071,945061,476,6220324,Micah Potter,POR,PF/C,3600.0,False,True
44413047,154071,1239611,476,6220324,Dalen Terry,GSW,SG,3600.0,False,True
44413048,154071,679381,476,6220324,Georges Niang,GSW,SF/PF,3300.0,False,True
44413049,154071,1342728,476,6220324,Jeremy Sochan,POR,SF/PF,3300.0,False,True
44413050,154071,1231366,476,6220324,Moses Moody,GSW,SG,3000.0,False,True
44413051,154071,1345014,476,6220324,Malevy Leons,GSW,SF/PF,3000.0,False,True
44413052,154071,1427204,476,6220324,Alex Toohey,GSW,SF,3000.0,False,True
44413053,154071,1324019,476,6220324,Miles Kelly,GSW,PG/SG,3000.0,False,True
44413054,154071,1249996,476,6220324,L.J. Cryer,GSW,PG,3000.0,False,True
44413055,154071,1234814,476,6220324,Chris Youngblood,POR,SG,3000.0,False,True
44413056,154071,1243685,476,6220324,Jayson Kent,POR,PF,3000.0,False,True
44413057,154071,1591570,476,6220324,Hansen Yang,POR,C,3000.0,False,True
44413058,154071,1429347,476,6220324,Jaylen Martin,POR,SF,3000.0,False,True
44413059,154070,1067856,464,6220318,Shai Gilgeous-Alexander,OKC,PG,,False,False
44413060,154070,1067856,465,6220318,Shai Gilgeous-Alexander,OKC,PG,,False,False
44413061,154070,1067856,636,6220318,Shai Gilgeous-Alexander,OKC,PG,,False,False
44413062,154070,1175367,464,6220300,Anthony Edwards,MIN,SG,,False,False
44413063,154070,1175367,465,6220300,Anthony Edwards,MIN,SG,,False,False
44413064,154070,1175367,636,6220300,Anthony Edwards,MIN,SG,,False,False
44413065,154070,1323993,633,6220312,Paolo Banchero,ORL,PF,,False,False
44413066,154070,1323993,465,6220312,Paolo Banchero,ORL,PF,,False,False
44413067,154070,1323993,636,6220312,Paolo Banchero,ORL,PF,,False,False
44413068,154070,845564,464,6220306,Devin Booker,PHX,PG,,False,False
44413069,154070,845564,465,6220306,Devin Booker,PHX,PG,,False,False
44413070,154070,845564,636,6220306,Devin Booker,PHX,PG,,False,False
44413071,154070,1323503,464,6220306,Josh Giddey,CHI,PG,,False,False
44413072,154070,1323503,465,6220306,Josh Giddey,CHI,PG,,False,False
44413073,154070,1323503,636,6220306,Josh Giddey,CHI,PG,,False,False
44413074,154070,1257422,633,6220324,Deni Avdija,POR,PF,,False,False
44413075,154070,1257422,465,6220324,Deni Avdija,POR,PF,,False,False
44413076,154070,1257422,636,6220324,Deni Avdija,POR,PF,,False,False
44413077,154070,1405867,633,6220324,Donovan Clingan,POR,C,,False,False
44413078,154070,1405867,465,6220324,Donovan Clingan,POR,C,,False,False
44413079,154070,1405867,636,6220324,Donovan Clingan,POR,C,,False,False
44413080,154070,1178131,633,6220312,Franz Wagner,ORL,SF,,False,False
44413081,154070,1178131,465,6220312,Franz Wagner,ORL,SF,,False,False
44413082,154070,1178131,636,6220312,Franz Wagner,ORL,SF,,False,False
44413083,154070,1132825,464,6220300,Tyrese Haliburton,IND,PG,,False,False
44413084,154070,1132825,465,6220300,Tyrese Haliburton,IND,PG,,False,False
44413085,154070,1132825,636,6220300,Tyrese Haliburton,IND,PG,,False,False
44413086,154070,338365,464,6220324,Stephen Curry,GSW,PG,,False,False
44413087,154070,338365,465,6220324,Stephen Curry,GSW,PG,,False,False
44413088,154070,338365,636,6220324,Stephen Curry,GSW,PG,,False,False
44413089,154070,1343009,633,6220318,Chet Holmgren,OKC,PF,,False,False
44413090,154070,1343009,465,6220318,Chet Holmgren,OKC,PF,,False,False
44413091,154070,1343009,636,6220318,Chet Holmgren,OKC,PF,,False,False
44413092,154070,1501940,633,6220306,Matas Buzelis,CHI,SF,,False,False
44413093,154070,1501940,465,6220306,Matas Buzelis,CHI,SF,,False,False
44413094,154070,1501940,636,6220306,Matas Buzelis,CHI,SF,,False,False
44413095,154070,853408,633,6220300,Pascal Siakam,IND,PF,,False,False
44413096,154070,853408,465,6220300,Pascal Siakam,IND,PF,,False,False
44413097,154070,853408,636,6220300,Pascal Siakam,IND,PF,,False,False
44413098,154070,1182404,633,6220318,Jalen Williams,OKC,SF,,False,False
44413099,154070,1182404,465,6220318,Jalen Williams,OKC,SF,,False,False
44413100,154070,1182404,636,6220318,Jalen Williams,OKC,SF,,False,False
44413101,154070,1593986,633,6220312,Cameron Boozer,MEM,PF,,False,False
44413102,154070,1593986,465,6220312,Cameron Boozer,MEM,PF,,False,False
44413103,154070,1593986,636,6220312,Cameron Boozer,MEM,PF,,False,False
44413104,154070,1257420,464,6220300,LaMelo Ball,MIN,PG,,False,False
44413105,154070,1257420,465,6220300,LaMelo Ball,MIN,PG,,False,False
44413106,154070,1257420,636,6220300,LaMelo Ball,MIN,PG,,False,False
44413107,154070,1134176,464,6220318,Tyler Herro,MIL,SG,,False,False
44413108,154070,1134176,465,6220318,Tyler Herro,MIL,SG,,False,False
44413109,154070,1134176,636,6220318,Tyler Herro,MIL,SG,,False,False
44413110,154070,1605148,633,6220306,Caleb Wilson,CHI,PF,,False,False
44413111,154070,1605148,465,6220306,Caleb Wilson,CHI,PF,,False,False
44413112,154070,1605148,636,6220306,Caleb Wilson,CHI,PF,,False,False
44413113,154070,1351367,464,6220312,Cedric Coward,MEM,SG,,False,False
44413114,154070,1351367,465,6220312,Cedric Coward,MEM,SG,,False,False
44413115,154070,1351367,636,6220312,Cedric Coward,MEM,SG,,False,False
44413116,154070,920093,633,6220300,Ivica Zubac,IND,C,,False,False
44413117,154070,920093,465,6220300,Ivica Zubac,IND,C,,False,False
44413118,154070,920093,636,6220300,Ivica Zubac,IND,C,,False,False
44413119,154070,944263,464,6220312,Desmond Bane,ORL,SG,,False,False
44413120,154070,944263,465,6220312,Desmond Bane,ORL,SG,,False,False
44413121,154070,944263,636,6220312,Desmond Bane,ORL,SG,,False,False
44413122,154070,1232221,464,6220318,Ryan Rollins,MIL,PG,,False,False
44413123,154070,1232221,465,6220318,Ryan Rollins,MIL,PG,,False,False
44413124,154070,1232221,636,6220318,Ryan Rollins,MIL,PG,,False,False
44413125,154070,739960,633,6220300,Rudy Gobert,MIN,C,,False,False
44413126,154070,739960,465,6220300,Rudy Gobert,MIN,C,,False,False
44413127,154070,739960,636,6220300,Rudy Gobert,MIN,C,,False,False
44413128,154070,957479,633,6220306,Miles Bridges,PHX,PF,,False,False
44413129,154070,957479,465,6220306,Miles Bridges,PHX,PF,,False,False
44413130,154070,957479,636,6220306,Miles Bridges,PHX,PF,,False,False
44413131,154070,1271706,464,6220306,Jalen Green,PHX,SG,,False,False
44413132,154070,1271706,465,6220306,Jalen Green,PHX,SG,,False,False
44413133,154070,1271706,636,6220306,Jalen Green,PHX,SG,,False,False
44413134,154070,1177013,633,6220300,Jaden McDaniels,MIN,PF,,False,False
44413135,154070,1177013,465,6220300,Jaden McDaniels,MIN,PF,,False,False
44413136,154070,1177013,636,6220300,Jaden McDaniels,MIN,PF,,False,False
44413137,154070,1231414,633,6220312,Zach Edey,MEM,C,,False,False
44413138,154070,1231414,465,6220312,Zach Edey,MEM,C,,False,False
44413139,154070,1231414,636,6220312,Zach Edey,MEM,C,,False,False
44413140,154070,1061682,633,6220306,Nic Claxton,CHI,C,,False,False
44413141,154070,1061682,465,6220306,Nic Claxton,CHI,C,,False,False
44413142,154070,1061682,636,6220306,Nic Claxton,CHI,C,,False,False
44413143,154070,942866,464,6220312,Ty Jerome,MEM,PG,,False,False
44413144,154070,942866,465,6220312,Ty Jerome,MEM,PG,,False,False
44413145,154070,942866,636,6220312,Ty Jerome,MEM,PG,,False,False
44413146,154070,1405458,633,6220318,Kel'el Ware,MIL,C,,False,False
44413147,154070,1405458,465,6220318,Kel'el Ware,MIL,C,,False,False
44413148,154070,1405458,636,6220318,Kel'el Ware,MIL,C,,False,False
44413149,154070,1176708,633,6220318,Jaime Jaquez Jr.,MIL,SF,,False,False
44413150,154070,1176708,465,6220318,Jaime Jaquez Jr.,MIL,SF,,False,False
44413151,154070,1176708,636,6220318,Jaime Jaquez Jr.,MIL,SF,,False,False
44413152,154070,1324108,464,6220324,Brandin Podziemski,GSW,SG,,False,False
44413153,154070,1324108,465,6220324,Brandin Podziemski,GSW,SG,,False,False
44413154,154070,1324108,636,6220324,Brandin Podziemski,GSW,SG,,False,False
44413155,154070,463121,464,6220324,Damian Lillard,POR,PG,,False,False
44413156,154070,463121,465,6220324,Damian Lillard,POR,PG,,False,False
44413157,154070,463121,636,6220324,Damian Lillard,POR,PG,,False,False
44413158,154070,1465506,633,6220306,Khaman Maluach,PHX,C,,False,False
44413159,154070,1465506,465,6220306,Khaman Maluach,PHX,C,,False,False
44413160,154070,1465506,636,6220306,Khaman Maluach,PHX,C,,False,False
44413161,154070,1401385,464,6220312,Anthony Black,ORL,SG,,False,False
44413162,154070,1401385,465,6220312,Anthony Black,ORL,SG,,False,False
44413163,154070,1401385,636,6220312,Anthony Black,ORL,SG,,False,False
44413164,154070,844476,633,6220318,Kyle Kuzma,MIL,PF,,False,False
44413165,154070,844476,465,6220318,Kyle Kuzma,MIL,PF,,False,False
44413166,154070,844476,636,6220318,Kyle Kuzma,MIL,PF,,False,False
44413167,154070,1241585,464,6220312,Jalen Suggs,ORL,PG,,False,False
44413168,154070,1241585,465,6220312,Jalen Suggs,ORL,PG,,False,False
44413169,154070,1241585,636,6220312,Jalen Suggs,ORL,PG,,False,False
44413170,154070,1133782,633,6220300,Ayo Dosunmu,MIN,SF,,False,False
44413171,154070,1133782,465,6220300,Ayo Dosunmu,MIN,SF,,False,False
44413172,154070,1133782,636,6220300,Ayo Dosunmu,MIN,SF,,False,False
44413173,154070,1175364,633,6220324,Toumani Camara,POR,SF,,False,False
44413174,154070,1175364,465,6220324,Toumani Camara,POR,SF,,False,False
44413175,154070,1175364,636,6220324,Toumani Camara,POR,SF,,False,False
44413176,154070,609861,464,6220306,Norman Powell,CHI,SG,,False,False
44413177,154070,609861,465,6220306,Norman Powell,CHI,SG,,False,False
44413178,154070,609861,636,6220306,Norman Powell,CHI,SG,,False,False
44413179,154070,1482282,633,6220324,Yaxel Lendeborg,GSW,SF,,False,False
44413180,154070,1482282,465,6220324,Yaxel Lendeborg,GSW,SF,,False,False
44413181,154070,1482282,636,6220324,Yaxel Lendeborg,GSW,SF,,False,False
44413182,154070,843762,633,6220318,Myles Turner,MIL,C,,False,False
44413183,154070,843762,465,6220318,Myles Turner,MIL,C,,False,False
44413184,154070,843762,636,6220318,Myles Turner,MIL,C,,False,False
44413185,154070,1135158,464,6220318,Kevin Porter Jr.,MIL,PG,,False,False
44413186,154070,1135158,465,6220318,Kevin Porter Jr.,MIL,PG,,False,False
44413187,154070,1135158,636,6220318,Kevin Porter Jr.,MIL,PG,,False,False
44413188,154070,1070352,464,6220306,Collin Gillespie,PHX,PG,,False,False
44413189,154070,1070352,465,6220306,Collin Gillespie,PHX,PG,,False,False
44413190,154070,1070352,636,6220306,Collin Gillespie,PHX,PG,,False,False
44413191,154070,1134158,464,6220300,Andrew Nembhard,IND,SG,,False,False
44413192,154070,1134158,465,6220300,Andrew Nembhard,IND,SG,,False,False
44413193,154070,1134158,636,6220300,Andrew Nembhard,IND,SG,,False,False
44413194,154070,1057004,633,6220318,Isaiah Hartenstein,OKC,C,,False,False
44413195,154070,1057004,465,6220318,Isaiah Hartenstein,OKC,C,,False,False
44413196,154070,1057004,636,6220318,Isaiah Hartenstein,OKC,C,,False,False
44413197,154070,1177050,633,6220312,Isaiah Stewart,MEM,C,,False,False
44413198,154070,1177050,465,6220312,Isaiah Stewart,MEM,C,,False,False
44413199,154070,1177050,636,6220312,Isaiah Stewart,MEM,C,,False,False
44413200,154070,1176798,464,6220312,Scotty Pippen Jr.,MEM,PG,,False,False
44413201,154070,1176798,465,6220312,Scotty Pippen Jr.,MEM,PG,,False,False
44413202,154070,1176798,636,6220312,Scotty Pippen Jr.,MEM,PG,,False,False
44413203,154070,1610164,464,6220318,Brayden Burries,MIL,SG,,False,False
44413204,154070,1610164,465,6220318,Brayden Burries,MIL,SG,,False,False
44413205,154070,1610164,636,6220318,Brayden Burries,MIL,SG,,False,False
44413206,154070,1060912,633,6220312,Wendell Carter Jr.,ORL,C,,False,False
44413207,154070,1060912,465,6220312,Wendell Carter Jr.,ORL,C,,False,False
44413208,154070,1060912,636,6220312,Wendell Carter Jr.,ORL,C,,False,False
44413209,154070,1423140,633,6220312,Jaylen Wells,MEM,SF,,False,False
44413210,154070,1423140,465,6220312,Jaylen Wells,MEM,SF,,False,False
44413211,154070,1423140,636,6220312,Jaylen Wells,MEM,SF,,False,False
44413212,154070,1340238,464,6220318,Ajay Mitchell,OKC,PG,,False,False
44413213,154070,1340238,465,6220318,Ajay Mitchell,OKC,PG,,False,False
44413214,154070,1340238,636,6220318,Ajay Mitchell,OKC,PG,,False,False
44413215,154070,468895,633,6220324,Draymond Green,GSW,PF,,False,False
44413216,154070,468895,465,6220324,Draymond Green,GSW,PF,,False,False
44413217,154070,468895,636,6220324,Draymond Green,GSW,PF,,False,False
44413218,154070,854601,633,6220306,Dillon Brooks,PHX,SF,,False,False
44413219,154070,854601,465,6220306,Dillon Brooks,PHX,SF,,False,False
44413220,154070,854601,636,6220306,Dillon Brooks,PHX,SF,,False,False
44413221,154070,1065906,464,6220324,Ja Morant,POR,PG,,False,False
44413222,154070,1065906,465,6220324,Ja Morant,POR,PG,,False,False
44413223,154070,1065906,636,6220324,Ja Morant,POR,PG,,False,False
44413224,154070,457576,464,6220324,Jrue Holiday,POR,SG,,False,False
44413225,154070,457576,465,6220324,Jrue Holiday,POR,SG,,False,False
44413226,154070,457576,636,6220324,Jrue Holiday,POR,SG,,False,False
44413227,154070,1357750,464,6220324,Scoot Henderson,POR,SG,,False,False
44413228,154070,1357750,465,6220324,Scoot Henderson,POR,SG,,False,False
44413229,154070,1357750,636,6220324,Scoot Henderson,POR,SG,,False,False
44413230,154070,877869,633,6220324,Kristaps Porzingis,GSW,C,,False,False
44413231,154070,877869,465,6220324,Kristaps Porzingis,GSW,C,,False,False
44413232,154070,877869,636,6220324,Kristaps Porzingis,GSW,C,,False,False
44413233,154070,699826,633,6220312,Jerami Grant,MEM,SF,,False,False
44413234,154070,699826,465,6220312,Jerami Grant,MEM,SF,,False,False
44413235,154070,699826,636,6220312,Jerami Grant,MEM,SF,,False,False
44413236,154070,843271,464,6220300,Kelly Oubre Jr.,IND,SG,,False,False
44413237,154070,843271,465,6220300,Kelly Oubre Jr.,IND,SG,,False,False
44413238,154070,843271,636,6220300,Kelly Oubre Jr.,IND,SG,,False,False
44413239,154070,946801,464,6220324,De'Anthony Melton,GSW,SG,,False,False
44413240,154070,946801,465,6220324,De'Anthony Melton,GSW,SG,,False,False
44413241,154070,946801,636,6220324,De'Anthony Melton,GSW,SG,,False,False
44413242,154070,1132030,464,6220306,Tre Jones,CHI,PG,,False,False
44413243,154070,1132030,465,6220306,Tre Jones,CHI,PG,,False,False
44413244,154070,1132030,636,6220306,Tre Jones,CHI,PG,,False,False
44413245,154070,1408195,464,6220318,Cason Wallace,OKC,SG,,False,False
44413246,154070,1408195,465,6220318,Cason Wallace,OKC,SG,,False,False
44413247,154070,1408195,636,6220318,Cason Wallace,OKC,SG,,False,False
44413248,154070,1134264,633,6220300,Aaron Nesmith,IND,SF,,False,False
44413249,154070,1134264,465,6220300,Aaron Nesmith,IND,SF,,False,False
44413250,154070,1134264,636,6220300,Aaron Nesmith,IND,SF,,False,False
44413251,154070,1177001,464,6220312,Cam Spencer,MEM,SG,,False,False
44413252,154070,1177001,465,6220312,Cam Spencer,MEM,SG,,False,False
44413253,154070,1177001,636,6220312,Cam Spencer,MEM,SG,,False,False
44413254,154070,1232528,633,6220312,Tristan da Silva,ORL,PF,,False,False
44413255,154070,1232528,465,6220312,Tristan da Silva,ORL,PF,,False,False
44413256,154070,1232528,636,6220312,Tristan da Silva,ORL,PF,,False,False
44413257,154070,1402709,633,6220300,Jarace Walker,IND,SF,,False,False
44413258,154070,1402709,465,6220300,Jarace Walker,IND,SF,,False,False
44413259,154070,1402709,636,6220300,Jarace Walker,IND,SF,,False,False
44413260,154070,1461413,633,6220306,Dailyn Swain,CHI,SF,,False,False
44413261,154070,1461413,465,6220306,Dailyn Swain,CHI,SF,,False,False
44413262,154070,1461413,636,6220306,Dailyn Swain,CHI,SF,,False,False
44413263,154070,1593334,633,6220318,Nate Ament,MIL,PF,,False,False
44413264,154070,1593334,465,6220318,Nate Ament,MIL,PF,,False,False
44413265,154070,1593334,636,6220318,Nate Ament,MIL,PF,,False,False
44413266,154070,1271708,633,6220300,Jonathan Kuminga,MIN,SF,,False,False
44413267,154070,1271708,465,6220300,Jonathan Kuminga,MIN,SF,,False,False
44413268,154070,1271708,636,6220300,Jonathan Kuminga,MIN,SF,,False,False
44413269,154070,551787,464,6220300,T.J. McConnell,IND,PG,,False,False
44413270,154070,551787,465,6220300,T.J. McConnell,IND,PG,,False,False
44413271,154070,551787,636,6220300,T.J. McConnell,IND,PG,,False,False
44413272,154070,1182148,464,6220300,Terrence Shannon Jr.,MIN,SG,,False,False
44413273,154070,1182148,465,6220300,Terrence Shannon Jr.,MIN,SG,,False,False
44413274,154070,1182148,636,6220300,Terrence Shannon Jr.,MIN,SG,,False,False
44413275,154070,1448788,464,6220318,Kasparas Jakucionis,MIL,PG,,False,False
44413276,154070,1448788,465,6220318,Kasparas Jakucionis,MIL,PG,,False,False
44413277,154070,1448788,636,6220318,Kasparas Jakucionis,MIL,PG,,False,False
44413278,154070,1062104,633,6220306,Jordan Goodwin,PHX,SF,,False,False
44413279,154070,1062104,465,6220306,Jordan Goodwin,PHX,SF,,False,False
44413280,154070,1062104,636,6220306,Jordan Goodwin,PHX,SF,,False,False
44413281,154070,1076274,633,6220300,Obi Toppin,IND,PF,,False,False
44413282,154070,1076274,465,6220300,Obi Toppin,IND,PF,,False,False
44413283,154070,1076274,636,6220300,Obi Toppin,IND,PF,,False,False
44413284,154070,457598,633,6220312,Nikola Vucevic,ORL,C,,False,False
44413285,154070,457598,465,6220312,Nikola Vucevic,ORL,C,,False,False
44413286,154070,457598,636,6220312,Nikola Vucevic,ORL,C,,False,False
44413287,154070,1133792,633,6220306,Jalen Smith,CHI,C,,False,False
44413288,154070,1133792,465,6220306,Jalen Smith,CHI,C,,False,False
44413289,154070,1133792,636,6220306,Jalen Smith,CHI,C,,False,False
44413290,154070,1232477,633,6220306,Oso Ighodaro,PHX,C,,False,False
44413291,154070,1232477,465,6220306,Oso Ighodaro,PHX,C,,False,False
44413292,154070,1232477,636,6220306,Oso Ighodaro,PHX,C,,False,False
44413293,154070,1405584,633,6220312,Gregory Jackson,MEM,SF,,False,False
44413294,154070,1405584,465,6220312,Gregory Jackson,MEM,SF,,False,False
44413295,154070,1405584,636,6220312,Gregory Jackson,MEM,SF,,False,False
44413296,154070,1405861,633,6220312,Taylor Hendricks,MEM,PF,,False,False
44413297,154070,1405861,465,6220312,Taylor Hendricks,MEM,PF,,False,False
44413298,154070,1405861,636,6220312,Taylor Hendricks,MEM,PF,,False,False
44413299,154070,1406029,633,6220306,Ryan Dunn,PHX,PF,,False,False
44413300,154070,1406029,465,6220306,Ryan Dunn,PHX,PF,,False,False
44413301,154070,1406029,636,6220306,Ryan Dunn,PHX,PF,,False,False
44413302,154070,1458807,464,6220318,Jared McCain,OKC,SG,,False,False
44413303,154070,1458807,465,6220318,Jared McCain,OKC,SG,,False,False
44413304,154070,1458807,636,6220318,Jared McCain,OKC,SG,,False,False
44413305,154070,1391940,633,6220324,Gui Santos,GSW,SF,,False,False
44413306,154070,1391940,465,6220324,Gui Santos,GSW,SF,,False,False
44413307,154070,1391940,636,6220324,Gui Santos,GSW,SF,,False,False
44413308,154070,1480184,633,6220318,Aday Mara,OKC,C,,False,False
44413309,154070,1480184,465,6220318,Aday Mara,OKC,C,,False,False
44413310,154070,1480184,636,6220318,Aday Mara,OKC,C,,False,False
44413311,154070,1590552,633,6220300,Joan Beringer,MIN,C,,False,False
44413312,154070,1590552,465,6220300,Joan Beringer,MIN,C,,False,False
44413313,154070,1590552,636,6220300,Joan Beringer,MIN,C,,False,False
44413314,154070,942843,633,6220300,Jay Huff,IND,C,,False,False
44413315,154070,942843,465,6220300,Jay Huff,IND,C,,False,False
44413316,154070,942843,636,6220300,Jay Huff,IND,C,,False,False
44413317,154070,1193672,633,6220312,Quinten Post,MEM,C,,False,False
44413318,154070,1193672,465,6220312,Quinten Post,MEM,C,,False,False
44413319,154070,1193672,636,6220312,Quinten Post,MEM,C,,False,False
44413320,154070,1375876,633,6220318,Ousmane Dieng,MIL,SF,,False,False
44413321,154070,1375876,465,6220318,Ousmane Dieng,MIL,SF,,False,False
44413322,154070,1375876,636,6220318,Ousmane Dieng,MIL,SF,,False,False
44413323,154070,1172132,633,6220312,Goga Bitadze,ORL,C,,False,False
44413324,154070,1172132,465,6220312,Goga Bitadze,ORL,C,,False,False
44413325,154070,1172132,636,6220312,Goga Bitadze,ORL,C,,False,False
44413326,154070,1231367,633,6220318,Jaylin Williams,OKC,C,,False,False
44413327,154070,1231367,465,6220318,Jaylin Williams,OKC,C,,False,False
44413328,154070,1231367,636,6220318,Jaylin Williams,OKC,C,,False,False
44413329,154070,697644,633,6220318,Alex Caruso,OKC,PF,,False,False
44413330,154070,697644,465,6220318,Alex Caruso,OKC,PF,,False,False
44413331,154070,697644,636,6220318,Alex Caruso,OKC,PF,,False,False
44413332,154070,1060908,464,6220318,Gary Trent Jr.,MIL,SG,,False,False
44413333,154070,1060908,465,6220318,Gary Trent Jr.,MIL,SG,,False,False
44413334,154070,1060908,636,6220318,Gary Trent Jr.,MIL,SG,,False,False
44413335,154070,1141111,633,6220318,AJ Green,MIL,SF,,False,False
44413336,154070,1141111,465,6220318,AJ Green,MIL,SF,,False,False
44413337,154070,1141111,636,6220318,AJ Green,MIL,SF,,False,False
44413338,154070,1193432,464,6220306,Isaac Okoro,CHI,SG,,False,False
44413339,154070,1193432,465,6220306,Isaac Okoro,CHI,SG,,False,False
44413340,154070,1193432,636,6220306,Isaac Okoro,CHI,SG,,False,False
44413341,154070,1338969,464,6220312,Walter Clayton Jr.,MEM,SG,,False,False
44413342,154070,1338969,465,6220312,Walter Clayton Jr.,MEM,SG,,False,False
44413343,154070,1338969,636,6220312,Walter Clayton Jr.,MEM,SG,,False,False
44413344,154070,458730,633,6220324,Jimmy Butler,GSW,SF,,False,False
44413345,154070,458730,465,6220324,Jimmy Butler,GSW,SF,,False,False
44413346,154070,458730,636,6220324,Jimmy Butler,GSW,SF,,False,False
44413347,154070,843742,633,6220318,Kenrich Williams,OKC,PF,,False,False
44413348,154070,843742,465,6220318,Kenrich Williams,OKC,PF,,False,False
44413349,154070,843742,636,6220318,Kenrich Williams,OKC,PF,,False,False
44413350,154070,846407,464,6220324,Gary Payton II,GSW,SG,,False,False
44413351,154070,846407,465,6220324,Gary Payton II,GSW,SG,,False,False
44413352,154070,846407,636,6220324,Gary Payton II,GSW,SG,,False,False
44413353,154070,887661,464,6220306,Luke Kennard,PHX,SG,,False,False
44413354,154070,887661,465,6220306,Luke Kennard,PHX,SG,,False,False
44413355,154070,887661,636,6220306,Luke Kennard,PHX,SG,,False,False
44413356,154070,954390,633,6220324,Robert Williams,POR,C,,False,False
44413357,154070,954390,465,6220324,Robert Williams,POR,C,,False,False
44413358,154070,954390,636,6220324,Robert Williams,POR,C,,False,False
44413359,154070,1174904,633,6220306,Patrick Williams,CHI,PF,,False,False
44413360,154070,1174904,465,6220306,Patrick Williams,CHI,PF,,False,False
44413361,154070,1174904,636,6220306,Patrick Williams,CHI,PF,,False,False
44413362,154070,1654517,633,6220312,Karim Lopez,MEM,SF,,False,False
44413363,154070,1654517,465,6220312,Karim Lopez,MEM,SF,,False,False
44413364,154070,1654517,636,6220312,Karim Lopez,MEM,SF,,False,False
44413365,154070,955887,633,6220306,Zach Collins,CHI,C,,False,False
44413366,154070,955887,465,6220306,Zach Collins,CHI,C,,False,False
44413367,154070,955887,636,6220306,Zach Collins,CHI,C,,False,False
44413368,154070,280587,633,6220324,Al Horford,GSW,C,,False,False
44413369,154070,280587,465,6220324,Al Horford,GSW,C,,False,False
44413370,154070,280587,636,6220324,Al Horford,GSW,C,,False,False
44413371,154070,1231166,633,6220312,Kris Murray,MEM,SF,,False,False
44413372,154070,1231166,465,6220312,Kris Murray,MEM,SF,,False,False
44413373,154070,1231166,636,6220312,Kris Murray,MEM,SF,,False,False
44413374,154070,1232483,633,6220312,Olivier-Maxence Prosper,MEM,C,,False,False
44413375,154070,1232483,465,6220312,Olivier-Maxence Prosper,MEM,C,,False,False
44413376,154070,1232483,636,6220312,Olivier-Maxence Prosper,MEM,C,,False,False
44413377,154070,1323578,464,6220324,Will Richard,GSW,SG,,False,False
44413378,154070,1323578,465,6220324,Will Richard,GSW,SG,,False,False
44413379,154070,1323578,636,6220324,Will Richard,GSW,SG,,False,False
44413380,154070,1458830,633,6220300,Cody Williams,MIN,SF,,False,False
44413381,154070,1458830,465,6220300,Cody Williams,MIN,SF,,False,False
44413382,154070,1458830,636,6220300,Cody Williams,MIN,SF,,False,False
44413383,154070,1175324,464,6220300,Ben Sheppard,IND,SG,,False,False
44413384,154070,1175324,465,6220300,Ben Sheppard,IND,SG,,False,False
44413385,154070,1175324,636,6220300,Ben Sheppard,IND,SG,,False,False
44413386,154070,1178199,464,6220300,Bones Hyland,MIN,PG,,False,False
44413387,154070,1178199,465,6220300,Bones Hyland,MIN,PG,,False,False
44413388,154070,1178199,636,6220300,Bones Hyland,MIN,PG,,False,False
44413389,154070,1257428,633,6220324,Vit Krejci,POR,SF,,False,False
44413390,154070,1257428,465,6220324,Vit Krejci,POR,SF,,False,False
44413391,154070,1257428,636,6220324,Vit Krejci,POR,SF,,False,False
44413392,154070,1532771,464,6220318,Bennett Stirtz,OKC,PG,,False,False
44413393,154070,1532771,465,6220318,Bennett Stirtz,OKC,PG,,False,False
44413394,154070,1532771,636,6220318,Bennett Stirtz,OKC,PG,,False,False
44413395,154070,603640,633,6220300,Larry Nance Jr.,IND,C,,False,False
44413396,154070,603640,465,6220300,Larry Nance Jr.,IND,C,,False,False
44413397,154070,603640,636,6220300,Larry Nance Jr.,IND,C,,False,False
44413398,154070,1371494,464,6220324,Shaedon Sharpe,POR,SG,,False,False
44413399,154070,1371494,465,6220324,Shaedon Sharpe,POR,SG,,False,False
44413400,154070,1371494,636,6220324,Shaedon Sharpe,POR,SG,,False,False
44413401,154070,1071933,633,6220318,Jericho Sims,MIL,C,,False,False
44413402,154070,1071933,465,6220318,Jericho Sims,MIL,C,,False,False
44413403,154070,1071933,636,6220318,Jericho Sims,MIL,C,,False,False
44413404,154070,1134688,464,6220324,Brandon Williams,GSW,PG,,False,False
44413405,154070,1134688,465,6220324,Brandon Williams,GSW,PG,,False,False
44413406,154070,1134688,636,6220324,Brandon Williams,GSW,PG,,False,False
44413407,154070,887915,464,6220300,Donte DiVincenzo,MIN,PG,,False,False
44413408,154070,887915,465,6220300,Donte DiVincenzo,MIN,PG,,False,False
44413409,154070,887915,636,6220300,Donte DiVincenzo,MIN,PG,,False,False
44413410,154070,698991,464,6220318,Caris LeVert,MIL,SG,,False,False
44413411,154070,698991,465,6220318,Caris LeVert,MIL,SG,,False,False
44413412,154070,698991,636,6220318,Caris LeVert,MIL,SG,,False,False
44413413,154070,1328248,464,6220312,Jahmai Mashack,MEM,SG,,False,False
44413414,154070,1328248,465,6220312,Jahmai Mashack,MEM,SG,,False,False
44413415,154070,1328248,636,6220312,Jahmai Mashack,MEM,SG,,False,False
44413416,154070,1590551,633,6220312,Noah Penda,ORL,PF,,False,False
44413417,154070,1590551,465,6220312,Noah Penda,ORL,PF,,False,False
44413418,154070,1590551,636,6220312,Noah Penda,ORL,PF,,False,False
44413419,154070,697086,464,6220306,Buddy Hield,CHI,SG,,False,False
44413420,154070,697086,465,6220306,Buddy Hield,CHI,SG,,False,False
44413421,154070,697086,636,6220306,Buddy Hield,CHI,SG,,False,False
44413422,154070,843794,464,6220312,Jevon Carter,ORL,PG,,False,False
44413423,154070,843794,465,6220312,Jevon Carter,ORL,PG,,False,False
44413424,154070,843794,636,6220312,Jevon Carter,ORL,PG,,False,False
44413425,154070,1176145,464,6220306,Pat Spencer,PHX,PG,,False,False
44413426,154070,1176145,465,6220306,Pat Spencer,PHX,PG,,False,False
44413427,154070,1176145,636,6220306,Pat Spencer,PHX,PG,,False,False
44413428,154070,1239611,464,6220324,Dalen Terry,GSW,SG,,False,False
44413429,154070,1239611,465,6220324,Dalen Terry,GSW,SG,,False,False
44413430,154070,1239611,636,6220324,Dalen Terry,GSW,SG,,False,False
44413431,154070,1324003,464,6220312,Javon Small,MEM,PG,,False,False
44413432,154070,1324003,465,6220312,Javon Small,MEM,PG,,False,False
44413433,154070,1324003,636,6220312,Javon Small,MEM,PG,,False,False
44413434,154070,1405622,633,6220306,Rasheer Fleming,PHX,SF,,False,False
44413435,154070,1405622,465,6220306,Rasheer Fleming,PHX,SF,,False,False
44413436,154070,1405622,636,6220306,Rasheer Fleming,PHX,SF,,False,False
44413437,154070,1432656,633,6220324,Sidy Cissoko,POR,PF,,False,False
44413438,154070,1432656,465,6220324,Sidy Cissoko,POR,PF,,False,False
44413439,154070,1432656,636,6220324,Sidy Cissoko,POR,PF,,False,False
44413440,154070,1241591,633,6220312,Micah Peavy,MEM,SF,,False,False
44413441,154070,1241591,465,6220312,Micah Peavy,MEM,SF,,False,False
44413442,154070,1241591,636,6220312,Micah Peavy,MEM,SF,,False,False
44413443,154070,1230361,633,6220306,Mark Williams,PHX,C,,False,False
44413444,154070,1230361,465,6220306,Mark Williams,PHX,C,,False,False
44413445,154070,1230361,636,6220306,Mark Williams,PHX,C,,False,False
44413446,154070,679381,633,6220324,Georges Niang,GSW,PF,,False,False
44413447,154070,679381,465,6220324,Georges Niang,GSW,PF,,False,False
44413448,154070,679381,636,6220324,Georges Niang,GSW,PF,,False,False
44413449,154070,1133861,633,6220318,Pete Nance,MIL,PF,,False,False
44413450,154070,1133861,465,6220318,Pete Nance,MIL,PF,,False,False
44413451,154070,1133861,636,6220318,Pete Nance,MIL,PF,,False,False
44413452,154070,1231198,633,6220300,Jaylen Clark,MIN,SF,,False,False
44413453,154070,1231198,465,6220300,Jaylen Clark,MIN,SF,,False,False
44413454,154070,1231198,636,6220300,Jaylen Clark,MIN,SF,,False,False
44413455,154070,1519129,464,6220300,Isaiah Evans,MIN,PG,,False,False
44413456,154070,1519129,465,6220300,Isaiah Evans,MIN,PG,,False,False
44413457,154070,1519129,636,6220300,Isaiah Evans,MIN,PG,,False,False
44413458,154070,1195699,464,6220300,Quenton Jackson,IND,PG,,False,False
44413459,154070,1195699,465,6220300,Quenton Jackson,IND,PG,,False,False
44413460,154070,1195699,636,6220300,Quenton Jackson,IND,PG,,False,False
44413461,154070,1475759,464,6220300,Johnny Furphy,IND,SG,,False,False
44413462,154070,1475759,465,6220300,Johnny Furphy,IND,SG,,False,False
44413463,154070,1475759,636,6220300,Johnny Furphy,IND,SG,,False,False
44413464,154070,1176611,633,6220300,Kobe Brown,IND,PF,,False,False
44413465,154070,1176611,465,6220300,Kobe Brown,IND,PF,,False,False
44413466,154070,1176611,636,6220300,Kobe Brown,IND,PF,,False,False
44413467,154070,1342728,633,6220324,Jeremy Sochan,POR,SF,,False,False
44413468,154070,1342728,465,6220324,Jeremy Sochan,POR,SF,,False,False
44413469,154070,1342728,636,6220324,Jeremy Sochan,POR,SF,,False,False
44413470,154070,1610167,633,6220306,Koa Peat,PHX,SF,,False,False
44413471,154070,1610167,465,6220306,Koa Peat,PHX,SF,,False,False
44413472,154070,1610167,636,6220306,Koa Peat,PHX,SF,,False,False
44413473,154070,940823,633,6220312,Jonathan Isaac,ORL,PF,,False,False
44413474,154070,940823,465,6220312,Jonathan Isaac,ORL,PF,,False,False
44413475,154070,940823,636,6220312,Jonathan Isaac,ORL,PF,,False,False
44413476,154070,845596,633,6220300,Trey Lyles,MIN,PF,,False,False
44413477,154070,845596,465,6220300,Trey Lyles,MIN,PF,,False,False
44413478,154070,845596,636,6220300,Trey Lyles,MIN,PF,,False,False
44413479,154070,948115,633,6220306,Duop Reath,PHX,C,,False,False
44413480,154070,948115,465,6220306,Duop Reath,PHX,C,,False,False
44413481,154070,948115,636,6220306,Duop Reath,PHX,C,,False,False
44413482,154070,1325163,464,6220312,Malaki Branham,ORL,SG,,False,False
44413483,154070,1325163,465,6220312,Malaki Branham,ORL,SG,,False,False
44413484,154070,1325163,636,6220312,Malaki Branham,ORL,SG,,False,False
44413485,154070,1376841,633,6220306,Leonard Miller,CHI,PF,,False,False
44413486,154070,1376841,465,6220306,Leonard Miller,CHI,PF,,False,False
44413487,154070,1376841,636,6220306,Leonard Miller,CHI,PF,,False,False
44413488,154070,1528467,464,6220312,Jase Richardson,ORL,PG,,False,False
44413489,154070,1528467,465,6220312,Jase Richardson,ORL,PG,,False,False
44413490,154070,1528467,636,6220312,Jase Richardson,ORL,PG,,False,False
44413491,154070,1231366,464,6220324,Moses Moody,GSW,SG,,False,False
44413492,154070,1231366,465,6220324,Moses Moody,GSW,SG,,False,False
44413493,154070,1231366,636,6220324,Moses Moody,GSW,SG,,False,False
44413494,154070,945061,633,6220324,Micah Potter,POR,C,,False,False
44413495,154070,945061,465,6220324,Micah Potter,POR,C,,False,False
44413496,154070,945061,636,6220324,Micah Potter,POR,C,,False,False
44413497,154070,1060409,633,6220312,Jamal Cain,ORL,SF,,False,False
44413498,154070,1060409,465,6220312,Jamal Cain,ORL,SF,,False,False
44413499,154070,1060409,636,6220312,Jamal Cain,ORL,SF,,False,False
44413500,154070,1068236,464,6220306,Jamaree Bouyea,PHX,PG,,False,False
44413501,154070,1068236,465,6220306,Jamaree Bouyea,PHX,PG,,False,False
44413502,154070,1068236,636,6220306,Jamaree Bouyea,PHX,PG,,False,False
44413503,154070,1176770,633,6220306,Orlando Robinson,CHI,PF,,False,False
44413504,154070,1176770,465,6220306,Orlando Robinson,CHI,PF,,False,False
44413505,154070,1176770,636,6220306,Orlando Robinson,CHI,PF,,False,False
44413506,154070,1177008,633,6220324,Branden Carlson,POR,C,,False,False
44413507,154070,1177008,465,6220324,Branden Carlson,POR,C,,False,False
44413508,154070,1177008,636,6220324,Branden Carlson,POR,C,,False,False
44413509,154070,1245906,464,6220306,Brandon Boston Jr.,CHI,SG,,False,False
44413510,154070,1245906,465,6220306,Brandon Boston Jr.,CHI,SG,,False,False
44413511,154070,1245906,636,6220306,Brandon Boston Jr.,CHI,SG,,False,False
44413512,154070,1324173,464,6220318,Kam Jones,MIL,PG,,False,False
44413513,154070,1324173,465,6220318,Kam Jones,MIL,PG,,False,False
44413514,154070,1324173,636,6220318,Kam Jones,MIL,PG,,False,False
44413515,154070,398037,633,6220300,James Johnson,IND,PF,,False,False
44413516,154070,398037,465,6220300,James Johnson,IND,PF,,False,False
44413517,154070,398037,636,6220300,James Johnson,IND,PF,,False,False
44413518,154070,1067854,633,6220312,Kevin Knox II,ORL,SF,,False,False
44413519,154070,1067854,465,6220312,Kevin Knox II,ORL,SF,,False,False
44413520,154070,1067854,636,6220312,Kevin Knox II,ORL,SF,,False,False
44413521,154070,1078666,633,6220318,Zhaire Smith,OKC,SF,,False,False
44413522,154070,1078666,465,6220318,Zhaire Smith,OKC,SF,,False,False
44413523,154070,1078666,636,6220318,Zhaire Smith,OKC,SF,,False,False
44413524,154070,1083019,633,6220306,Haywood Highsmith,PHX,SF,,False,False
44413525,154070,1083019,465,6220306,Haywood Highsmith,PHX,SF,,False,False
44413526,154070,1083019,636,6220306,Haywood Highsmith,PHX,SF,,False,False
44413527,154070,1133800,633,6220312,Colin Castleton,ORL,C,,False,False
44413528,154070,1133800,465,6220312,Colin Castleton,ORL,C,,False,False
44413529,154070,1133800,636,6220312,Colin Castleton,ORL,C,,False,False
44413530,154070,1134571,633,6220306,Drew Peterson,CHI,SF,,False,False
44413531,154070,1134571,465,6220306,Drew Peterson,CHI,SF,,False,False
44413532,154070,1134571,636,6220306,Drew Peterson,CHI,SF,,False,False
44413533,154070,1134766,464,6220318,Cormac Ryan,MIL,PG,,False,False
44413534,154070,1134766,465,6220318,Cormac Ryan,MIL,PG,,False,False
44413535,154070,1134766,636,6220318,Cormac Ryan,MIL,PG,,False,False
44413536,154070,1135981,633,6220300,Jalen Slawson,IND,SF,,False,False
44413537,154070,1135981,465,6220300,Jalen Slawson,IND,SF,,False,False
44413538,154070,1135981,636,6220300,Jalen Slawson,IND,SF,,False,False
44413539,154070,1136168,633,6220318,Jake Stephens,MIL,C,,False,False
44413540,154070,1136168,465,6220318,Jake Stephens,MIL,C,,False,False
44413541,154070,1136168,636,6220318,Jake Stephens,MIL,C,,False,False
44413542,154070,1138669,633,6220324,Charles Bassey,GSW,C,,False,False
44413543,154070,1138669,465,6220324,Charles Bassey,GSW,C,,False,False
44413544,154070,1138669,636,6220324,Charles Bassey,GSW,C,,False,False
44413545,154070,1175267,464,6220312,Alex Morales,ORL,PG,,False,False
44413546,154070,1175267,465,6220312,Alex Morales,ORL,PG,,False,False
44413547,154070,1175267,636,6220312,Alex Morales,ORL,PG,,False,False
44413548,154070,1176674,464,6220324,John Tonje,POR,SG,,False,False
44413549,154070,1176674,465,6220324,John Tonje,POR,SG,,False,False
44413550,154070,1176674,636,6220324,John Tonje,POR,SG,,False,False
44413551,154070,1191176,633,6220300,Drew Timme,MIN,PF,,False,False
44413552,154070,1191176,465,6220300,Drew Timme,MIN,PF,,False,False
44413553,154070,1191176,636,6220300,Drew Timme,MIN,PF,,False,False
44413554,154070,1193172,464,6220306,Jalen Bridges,CHI,SG,,False,False
44413555,154070,1193172,465,6220306,Jalen Bridges,CHI,SG,,False,False
44413556,154070,1193172,636,6220306,Jalen Bridges,CHI,SG,,False,False
44413557,154070,1193678,464,6220300,Antonio Reeves,MIN,SG,,False,False
44413558,154070,1193678,465,6220300,Antonio Reeves,MIN,SG,,False,False
44413559,154070,1193678,636,6220300,Antonio Reeves,MIN,SG,,False,False
44413560,154070,1193990,633,6220300,Rienk Mast,IND,PF,,False,False
44413561,154070,1193990,465,6220300,Rienk Mast,IND,PF,,False,False
44413562,154070,1193990,636,6220300,Rienk Mast,IND,PF,,False,False
44413563,154070,1196146,464,6220300,Zyon Pullin,MIN,PG,,False,False
44413564,154070,1196146,465,6220300,Zyon Pullin,MIN,PG,,False,False
44413565,154070,1196146,636,6220300,Zyon Pullin,MIN,PG,,False,False
44413566,154070,1197096,633,6220300,Enrique Freeman,MIN,PF,,False,False
44413567,154070,1197096,465,6220300,Enrique Freeman,MIN,PF,,False,False
44413568,154070,1197096,636,6220300,Enrique Freeman,MIN,PF,,False,False
44413569,154070,1231292,633,6220306,CJ Huntley,PHX,C,,False,False
44413570,154070,1231292,465,6220306,CJ Huntley,PHX,C,,False,False
44413571,154070,1231292,636,6220306,CJ Huntley,PHX,C,,False,False
44413572,154070,1231386,633,6220300,Norchad Omier,MIN,SF,,False,False
44413573,154070,1231386,465,6220300,Norchad Omier,MIN,SF,,False,False
44413574,154070,1231386,636,6220300,Norchad Omier,MIN,SF,,False,False
44413575,154070,1231638,633,6220324,Graham Ike,GSW,C,,False,False
44413576,154070,1231638,465,6220324,Graham Ike,GSW,C,,False,False
44413577,154070,1231638,636,6220324,Graham Ike,GSW,C,,False,False
44413578,154070,1234814,464,6220324,Chris Youngblood,POR,SG,,False,False
44413579,154070,1234814,465,6220324,Chris Youngblood,POR,SG,,False,False
44413580,154070,1234814,636,6220324,Chris Youngblood,POR,SG,,False,False
44413581,154070,1243633,464,6220306,Koby Brea,PHX,SG,,False,False
44413582,154070,1243633,465,6220306,Koby Brea,PHX,SG,,False,False
44413583,154070,1243633,636,6220306,Koby Brea,PHX,SG,,False,False
44413584,154070,1243685,633,6220324,Jayson Kent,POR,PF,,False,False
44413585,154070,1243685,465,6220324,Jayson Kent,POR,PF,,False,False
44413586,154070,1243685,636,6220324,Jayson Kent,POR,PF,,False,False
44413587,154070,1249996,464,6220324,L.J. Cryer,GSW,PG,,False,False
44413588,154070,1249996,465,6220324,L.J. Cryer,GSW,PG,,False,False
44413589,154070,1249996,636,6220324,L.J. Cryer,GSW,PG,,False,False
44413590,154070,1257431,633,6220300,KJ Martin,MIN,SF,,False,False
44413591,154070,1257431,465,6220300,KJ Martin,MIN,SF,,False,False
44413592,154070,1257431,636,6220300,KJ Martin,MIN,SF,,False,False
44413593,154070,1323515,464,6220312,JD Davison,ORL,PG,,False,False
44413594,154070,1323515,465,6220312,JD Davison,ORL,PG,,False,False
44413595,154070,1323515,636,6220312,JD Davison,ORL,PG,,False,False
44413596,154070,1324019,464,6220324,Miles Kelly,GSW,PG,,False,False
44413597,154070,1324019,465,6220324,Miles Kelly,GSW,PG,,False,False
44413598,154070,1324019,636,6220324,Miles Kelly,GSW,PG,,False,False
44413599,154070,1324660,633,6220318,Brooks Barnhizer,OKC,SF,,False,False
44413600,154070,1324660,465,6220318,Brooks Barnhizer,OKC,SF,,False,False
44413601,154070,1324660,636,6220318,Brooks Barnhizer,OKC,SF,,False,False
44413602,154070,1328242,464,6220318,Robert McCray V,OKC,PG,,False,False
44413603,154070,1328242,465,6220318,Robert McCray V,OKC,PG,,False,False
44413604,154070,1328242,636,6220318,Robert McCray V,OKC,PG,,False,False
44413605,154070,1328253,464,6220306,Kennedy Chandler,PHX,PG,,False,False
44413606,154070,1328253,465,6220306,Kennedy Chandler,PHX,PG,,False,False
44413607,154070,1328253,636,6220306,Kennedy Chandler,PHX,PG,,False,False
44413608,154070,1340732,464,6220306,Jaylin Sellers,CHI,SG,,False,False
44413609,154070,1340732,465,6220306,Jaylin Sellers,CHI,SG,,False,False
44413610,154070,1340732,636,6220306,Jaylin Sellers,CHI,SG,,False,False
44413611,154070,1340782,633,6220318,John Butler,MIL,PF,,False,False
44413612,154070,1340782,465,6220318,John Butler,MIL,PF,,False,False
44413613,154070,1340782,636,6220318,John Butler,MIL,PF,,False,False
44413614,154070,1345014,633,6220324,Malevy Leons,GSW,SF,,False,False
44413615,154070,1345014,465,6220324,Malevy Leons,GSW,SF,,False,False
44413616,154070,1345014,636,6220324,Malevy Leons,GSW,SF,,False,False
44413617,154070,1402843,633,6220318,Josh Dix,OKC,SF,,False,False
44413618,154070,1402843,465,6220318,Josh Dix,OKC,SF,,False,False
44413619,154070,1402843,636,6220318,Josh Dix,OKC,SF,,False,False
44413620,154070,1405372,464,6220300,Braden Smith,IND,PG,,False,False
44413621,154070,1405372,465,6220300,Braden Smith,IND,PG,,False,False
44413622,154070,1405372,636,6220300,Braden Smith,IND,PG,,False,False
44413623,154070,1405416,633,6220318,Otega Oweh,OKC,SF,,False,False
44413624,154070,1405416,465,6220318,Otega Oweh,OKC,SF,,False,False
44413625,154070,1405416,636,6220318,Otega Oweh,OKC,SF,,False,False
44413626,154070,1405698,633,6220306,Tobe Awaka,CHI,C,,False,False
44413627,154070,1405698,465,6220306,Tobe Awaka,CHI,C,,False,False
44413628,154070,1405698,636,6220306,Tobe Awaka,CHI,C,,False,False
44413629,154070,1405968,633,6220300,Keba Keita,IND,C,,False,False
44413630,154070,1405968,465,6220300,Keba Keita,IND,C,,False,False
44413631,154070,1405968,636,6220300,Keba Keita,IND,C,,False,False
44413632,154070,1413202,633,6220318,Christoph Tilly,OKC,C,,False,False
44413633,154070,1413202,465,6220318,Christoph Tilly,OKC,C,,False,False
44413634,154070,1413202,636,6220318,Christoph Tilly,OKC,C,,False,False
44413635,154070,1413222,633,6220312,Carson Cooper,MEM,C,,False,False
44413636,154070,1413222,465,6220312,Carson Cooper,MEM,C,,False,False
44413637,154070,1413222,636,6220312,Carson Cooper,MEM,C,,False,False
44413638,154070,1427204,633,6220324,Alex Toohey,GSW,SF,,False,False
44413639,154070,1427204,465,6220324,Alex Toohey,GSW,SF,,False,False
44413640,154070,1427204,636,6220324,Alex Toohey,GSW,SF,,False,False
44413641,154070,1427778,633,6220318,Andrew Holifield,OKC,PF,,False,False
44413642,154070,1427778,465,6220318,Andrew Holifield,OKC,PF,,False,False
44413643,154070,1427778,636,6220318,Andrew Holifield,OKC,PF,,False,False
44413644,154070,1429347,633,6220324,Jaylen Martin,POR,SF,,False,False
44413645,154070,1429347,465,6220324,Jaylen Martin,POR,SF,,False,False
44413646,154070,1429347,636,6220324,Jaylen Martin,POR,SF,,False,False
44413647,154070,1432129,633,6220318,Bogoljub Markovic,MIL,C,,False,False
44413648,154070,1432129,465,6220318,Bogoljub Markovic,MIL,C,,False,False
44413649,154070,1432129,636,6220318,Bogoljub Markovic,MIL,C,,False,False
44413650,154070,1502168,633,6220300,Rocco Zikarsky,MIN,C,,False,False
44413651,154070,1502168,465,6220300,Rocco Zikarsky,MIN,C,,False,False
44413652,154070,1502168,636,6220300,Rocco Zikarsky,MIN,C,,False,False
44413653,154070,1591570,633,6220324,Hansen Yang,POR,C,,False,False
44413654,154070,1591570,465,6220324,Hansen Yang,POR,C,,False,False
44413655,154070,1591570,636,6220324,Hansen Yang,POR,C,,False,False
44413656,154070,1415864,633,6220312,Izaiyah Nelson,ORL,C,,False,False
44413657,154070,1415864,465,6220312,Izaiyah Nelson,ORL,C,,False,False
44413658,154070,1415864,636,6220312,Izaiyah Nelson,ORL,C,,False,False
44413659,154070,1432174,464,6220318,Nikola Topic,OKC,PG,,False,False
44413660,154070,1432174,465,6220318,Nikola Topic,OKC,PG,,False,False
44413661,154070,1432174,636,6220318,Nikola Topic,OKC,PG,,False,False
44413662,154070,1500958,633,6220306,Noa Essengue,CHI,SF,,False,False
44413663,154070,1500958,465,6220306,Noa Essengue,CHI,SF,,False,False
44413664,154070,1500958,636,6220306,Noa Essengue,CHI,SF,,False,False
44413665,154070,1547672,633,6220318,Thomas Sorber,OKC,C,,False,False
44413666,154070,1547672,465,6220318,Thomas Sorber,OKC,C,,False,False
44413667,154070,1547672,636,6220318,Thomas Sorber,OKC,C,,False,False
