draftable_id,draft_group_id,player_id,roster_slot_id,competition_id,name,team,position_name,salary,is_disabled,is_swappable
44435791,154072,1373356,462,6211241,Victor Wembanyama,SAS,C,9400.0,False,True
44435792,154072,1373356,465,6211241,Victor Wembanyama,SAS,C,9400.0,False,True
44435793,154072,739957,461,6211235,Giannis Antetokounmpo,MIA,PF,9200.0,False,True
44435794,154072,739957,463,6211235,Giannis Antetokounmpo,MIA,PF,9200.0,False,True
44435795,154072,739957,465,6211235,Giannis Antetokounmpo,MIA,PF,9200.0,False,True
44435796,154072,1121277,458,6220342,Luka Doncic,LAL,PG,9100.0,False,True
44435797,154072,1121277,464,6220342,Luka Doncic,LAL,PG,9100.0,False,True
44435798,154072,1121277,465,6220342,Luka Doncic,LAL,PG,9100.0,False,True
44435799,154072,1230356,461,6211241,Jalen Johnson,ATL,PF,9000.0,False,True
44435800,154072,1230356,463,6211241,Jalen Johnson,ATL,PF,9000.0,False,True
44435801,154072,1230356,465,6211241,Jalen Johnson,ATL,PF,9000.0,False,True
44435802,154072,937647,461,6211229,Jayson Tatum,BOS,PF,8900.0,False,True
44435803,154072,937647,463,6211229,Jayson Tatum,BOS,PF,8900.0,False,True
44435804,154072,937647,465,6211229,Jayson Tatum,BOS,PF,8900.0,False,True
44435805,154072,850111,462,6220342,Domantas Sabonis,SAC,C,8700.0,False,True
44435806,154072,850111,465,6220342,Domantas Sabonis,SAC,C,8700.0,False,True
44435807,154072,837030,461,6220336,Karl-Anthony Towns,NYK,PF/C,8600.0,False,True
44435808,154072,837030,462,6220336,Karl-Anthony Towns,NYK,PF/C,8600.0,False,True
44435809,154072,837030,463,6220336,Karl-Anthony Towns,NYK,PF/C,8600.0,False,True
44435810,154072,837030,465,6220336,Karl-Anthony Towns,NYK,PF/C,8600.0,False,True
44435811,154072,1186160,458,6220330,Tyrese Maxey,PHI,PG,8500.0,False,True
44435812,154072,1186160,464,6220330,Tyrese Maxey,PHI,PG,8500.0,False,True
44435813,154072,1186160,465,6220330,Tyrese Maxey,PHI,PG,8500.0,False,True
44435814,154072,957486,462,6211235,Bam Adebayo,MIA,C,8400.0,False,True
44435815,154072,957486,465,6211235,Bam Adebayo,MIA,C,8400.0,False,True
44435816,154072,879707,459,6211229,Donovan Mitchell,CLE,SG,8300.0,False,True
44435817,154072,879707,464,6211229,Donovan Mitchell,CLE,SG,8300.0,False,True
44435818,154072,879707,465,6211229,Donovan Mitchell,CLE,SG,8300.0,False,True
44435819,154072,887914,458,6220336,Jalen Brunson,NYK,PG,8200.0,False,True
44435820,154072,887914,464,6220336,Jalen Brunson,NYK,PG,8200.0,False,True
44435821,154072,887914,465,6220336,Jalen Brunson,NYK,PG,8200.0,False,True
44435822,154072,1231862,461,6211229,Evan Mobley,CLE,PF/C,8100.0,False,True
44435823,154072,1231862,462,6211229,Evan Mobley,CLE,PF/C,8100.0,False,True
44435824,154072,1231862,463,6211229,Evan Mobley,CLE,PF/C,8100.0,False,True
44435825,154072,1231862,465,6211229,Evan Mobley,CLE,PF/C,8100.0,False,True
44435826,154072,953291,458,6220342,Austin Reaves,LAL,PG/SG,8000.0,False,True
44435827,154072,953291,459,6220342,Austin Reaves,LAL,PG/SG,8000.0,False,True
44435828,154072,953291,464,6220342,Austin Reaves,LAL,PG/SG,8000.0,False,True
44435829,154072,953291,465,6220342,Austin Reaves,LAL,PG/SG,8000.0,False,True
44435830,154072,1060978,458,6220336,Trae Young,WAS,PG,7900.0,False,True
44435831,154072,1060978,464,6220336,Trae Young,WAS,PG,7900.0,False,True
44435832,154072,1060978,465,6220336,Trae Young,WAS,PG,7900.0,False,True
44435833,154072,1461118,459,6211241,Stephon Castle,SAS,SG,7800.0,False,True
44435834,154072,1461118,464,6211241,Stephon Castle,SAS,SG,7800.0,False,True
44435835,154072,1461118,465,6211241,Stephon Castle,SAS,SG,7800.0,False,True
44435836,154072,883436,460,6220330,Jaylen Brown,PHI,SF,7700.0,False,True
44435837,154072,883436,463,6220330,Jaylen Brown,PHI,SF,7700.0,False,True
44435838,154072,883436,465,6220330,Jaylen Brown,PHI,SF,7700.0,False,True
44435839,154072,603096,461,6220336,Anthony Davis,WAS,PF,7600.0,False,True
44435840,154072,603096,463,6220336,Anthony Davis,WAS,PF,7600.0,False,True
44435841,154072,603096,465,6220336,Anthony Davis,WAS,PF,7600.0,False,True
44435842,154072,395388,458,6211229,James Harden,CLE,PG,7500.0,False,True
44435843,154072,395388,464,6211229,James Harden,CLE,PG,7500.0,False,True
44435844,154072,395388,465,6211229,James Harden,CLE,PG,7500.0,False,True
44435845,154072,1243728,462,6220342,Walker Kessler,LAL,C,7400.0,False,True
44435846,154072,1243728,465,6220342,Walker Kessler,LAL,C,7400.0,False,True
44435847,154072,786412,461,6220330,Julius Randle,BKN,PF,7300.0,False,True
44435848,154072,786412,463,6220330,Julius Randle,BKN,PF,7300.0,False,True
44435849,154072,786412,465,6220330,Julius Randle,BKN,PF,7300.0,False,True
44435850,154072,1519361,458,6220330,VJ Edgecombe,PHI,PG/SG,7200.0,False,True
44435851,154072,1519361,459,6220330,VJ Edgecombe,PHI,PG/SG,7200.0,False,True
44435852,154072,1519361,464,6220330,VJ Edgecombe,PHI,PG/SG,7200.0,False,True
44435853,154072,1519361,465,6220330,VJ Edgecombe,PHI,PG/SG,7200.0,False,True
44435854,154072,796009,458,6211229,Derrick White,BOS,PG/SG,7100.0,False,True
44435855,154072,796009,459,6211229,Derrick White,BOS,PG/SG,7100.0,False,True
44435856,154072,796009,464,6211229,Derrick White,BOS,PG/SG,7100.0,False,True
44435857,154072,796009,465,6211229,Derrick White,BOS,PG/SG,7100.0,False,True
44435858,154072,1067668,458,6211241,Nickeil Alexander-Walker,ATL,PG/SG,7000.0,False,True
44435859,154072,1067668,459,6211241,Nickeil Alexander-Walker,ATL,PG/SG,7000.0,False,True
44435860,154072,1067668,464,6211241,Nickeil Alexander-Walker,ATL,PG/SG,7000.0,False,True
44435861,154072,1067668,465,6211241,Nickeil Alexander-Walker,ATL,PG/SG,7000.0,False,True
44435862,154072,1132025,461,6211235,Zion Williamson,NOP,PF,6900.0,False,True
44435863,154072,1132025,463,6211235,Zion Williamson,NOP,PF,6900.0,False,True
44435864,154072,1132025,465,6211235,Zion Williamson,NOP,PF,6900.0,False,True
44435865,154072,1429349,462,6220336,Alexandre Sarr,WAS,C,6800.0,False,True
44435866,154072,1429349,465,6220336,Alexandre Sarr,WAS,C,6800.0,False,True
44435867,154072,214152,461,6220330,LeBron James,PHI,PF,6700.0,False,True
44435868,154072,214152,463,6220330,LeBron James,PHI,PF,6700.0,False,True
44435869,154072,214152,465,6220330,LeBron James,PHI,PF,6700.0,False,True
44435870,154072,1357745,458,6211241,Dyson Daniels,ATL,PG/SF,6600.0,False,True
44435871,154072,1357745,460,6211241,Dyson Daniels,ATL,PG/SF,6600.0,False,True
44435872,154072,1357745,464,6211241,Dyson Daniels,ATL,PG/SF,6600.0,False,True
44435873,154072,1357745,463,6211241,Dyson Daniels,ATL,PG/SF,6600.0,False,True
44435874,154072,1357745,465,6211241,Dyson Daniels,ATL,PG/SF,6600.0,False,True
44435875,154072,1185367,462,6211241,Onyeka Okongwu,ATL,C,6500.0,False,True
44435876,154072,1185367,465,6211241,Onyeka Okongwu,ATL,C,6500.0,False,True
44435877,154072,945610,458,6211229,Payton Pritchard,BOS,PG/SG,6400.0,False,True
44435878,154072,945610,459,6211229,Payton Pritchard,BOS,PG/SG,6400.0,False,True
44435879,154072,945610,464,6211229,Payton Pritchard,BOS,PG/SG,6400.0,False,True
44435880,154072,945610,465,6211229,Payton Pritchard,BOS,PG/SG,6400.0,False,True
44435881,154072,1134570,458,6211235,Trey Murphy III,NOP,PG/SG,6300.0,False,True
44435882,154072,1134570,459,6211235,Trey Murphy III,NOP,PG/SG,6300.0,False,True
44435883,154072,1134570,464,6211235,Trey Murphy III,NOP,PG/SG,6300.0,False,True
44435884,154072,1134570,465,6211235,Trey Murphy III,NOP,PG/SG,6300.0,False,True
44435885,154072,1591016,458,6220342,Darius Acuff Jr.,SAC,PG,6300.0,False,True
44435886,154072,1591016,464,6220342,Darius Acuff Jr.,SAC,PG,6300.0,False,True
44435887,154072,1591016,465,6220342,Darius Acuff Jr.,SAC,PG,6300.0,False,True
44435888,154072,1520787,461,6211235,Derik Queen,NOP,PF/C,6200.0,False,True
44435889,154072,1520787,462,6211235,Derik Queen,NOP,PF/C,6200.0,False,True
44435890,154072,1520787,463,6211235,Derik Queen,NOP,PF/C,6200.0,False,True
44435891,154072,1520787,465,6211235,Derik Queen,NOP,PF/C,6200.0,False,True
44435892,154072,884168,458,6211235,Dejounte Murray,NOP,PG,6100.0,False,True
44435893,154072,884168,464,6211235,Dejounte Murray,NOP,PG,6100.0,False,True
44435894,154072,884168,465,6211235,Dejounte Murray,NOP,PG,6100.0,False,True
44435895,154072,1061724,460,6220330,Michael Porter Jr.,BKN,SF,6100.0,False,True
44435896,154072,1061724,463,6220330,Michael Porter Jr.,BKN,SF,6100.0,False,True
44435897,154072,1061724,465,6220330,Michael Porter Jr.,BKN,SF,6100.0,False,True
44435898,154072,1617074,460,6220336,AJ Dybantsa,WAS,SF,6000.0,False,True
44435899,154072,1617074,463,6220336,AJ Dybantsa,WAS,SF,6000.0,False,True
44435900,154072,1617074,465,6220336,AJ Dybantsa,WAS,SF,6000.0,False,True
44435901,154072,957489,458,6211241,De'Aaron Fox,SAS,PG,6000.0,False,True
44435902,154072,957489,464,6211241,De'Aaron Fox,SAS,PG,6000.0,False,True
44435903,154072,957489,465,6211241,De'Aaron Fox,SAS,PG,6000.0,False,True
44435904,154072,846400,460,6220336,Mikal Bridges,NYK,SF,5900.0,False,True
44435905,154072,846400,463,6220336,Mikal Bridges,NYK,SF,5900.0,False,True
44435906,154072,846400,465,6220336,Mikal Bridges,NYK,SF,5900.0,False,True
44435907,154072,1519362,458,6211241,Dylan Harper,SAS,PG/SG,5800.0,False,True
44435908,154072,1519362,459,6211241,Dylan Harper,SAS,PG/SG,5800.0,False,True
44435909,154072,1519362,464,6211241,Dylan Harper,SAS,PG/SG,5800.0,False,True
44435910,154072,1519362,465,6211241,Dylan Harper,SAS,PG/SG,5800.0,False,True
44435911,154072,956574,462,6211229,Jarrett Allen,CLE,C,5800.0,False,True
44435912,154072,956574,465,6211229,Jarrett Allen,CLE,C,5800.0,False,True
44435913,154072,1132827,458,6220342,Quentin Grimes,LAL,PG/SF,5800.0,False,True
44435914,154072,1132827,460,6220342,Quentin Grimes,LAL,PG/SF,5800.0,False,True
44435915,154072,1132827,464,6220342,Quentin Grimes,LAL,PG/SF,5800.0,False,True
44435916,154072,1132827,463,6220342,Quentin Grimes,LAL,PG/SF,5800.0,False,True
44435917,154072,1132827,465,6220342,Quentin Grimes,LAL,PG/SF,5800.0,False,True
44435918,154072,741892,459,6220336,Josh Hart,NYK,SG/SF,5700.0,False,True
44435919,154072,741892,460,6220336,Josh Hart,NYK,SG/SF,5700.0,False,True
44435920,154072,741892,464,6220336,Josh Hart,NYK,SG/SF,5700.0,False,True
44435921,154072,741892,463,6220336,Josh Hart,NYK,SG/SF,5700.0,False,True
44435922,154072,741892,465,6220336,Josh Hart,NYK,SG/SF,5700.0,False,True
44435923,154072,1243725,462,6220330,Day'Ron Sharpe,BKN,C,5700.0,False,True
44435924,154072,1243725,465,6220330,Day'Ron Sharpe,BKN,C,5700.0,False,True
44435925,154072,522878,458,6211241,CJ McCollum,ATL,PG,5600.0,False,True
44435926,154072,522878,464,6211241,CJ McCollum,ATL,PG,5600.0,False,True
44435927,154072,522878,465,6211241,CJ McCollum,ATL,PG,5600.0,False,True
44435928,154072,1547691,458,6211235,Jeremiah Fears,NOP,PG/SG,5600.0,False,True
44435929,154072,1547691,459,6211235,Jeremiah Fears,NOP,PG/SG,5600.0,False,True
44435930,154072,1547691,464,6211235,Jeremiah Fears,NOP,PG/SG,5600.0,False,True
44435931,154072,1547691,465,6211235,Jeremiah Fears,NOP,PG/SG,5600.0,False,True
44435932,154072,794508,462,6220330,Joel Embiid,PHI,C,5500.0,False,True
44435933,154072,794508,465,6220330,Joel Embiid,PHI,C,5500.0,False,True
44435934,154072,900535,461,6220336,OG Anunoby,NYK,PF,5500.0,False,True
44435935,154072,900535,463,6220336,OG Anunoby,NYK,PF,5500.0,False,True
44435936,154072,900535,465,6220336,OG Anunoby,NYK,PF,5500.0,False,True
44435937,154072,794503,460,6211235,Andrew Wiggins,MIA,SF/PF,5500.0,False,True
44435938,154072,794503,461,6211235,Andrew Wiggins,MIA,SF/PF,5500.0,False,True
44435939,154072,794503,463,6211235,Andrew Wiggins,MIA,SF/PF,5500.0,False,True
44435940,154072,794503,465,6211235,Andrew Wiggins,MIA,SF/PF,5500.0,False,True
44435941,154072,1231161,461,6220342,Keegan Murray,SAC,PF,5500.0,False,True
44435942,154072,1231161,463,6220342,Keegan Murray,SAC,PF,5500.0,False,True
44435943,154072,1231161,465,6220342,Keegan Murray,SAC,PF,5500.0,False,True
44435944,154072,1138653,460,6211235,Saddiq Bey,NOP,SF/PF,5400.0,False,True
44435945,154072,1138653,461,6211235,Saddiq Bey,NOP,SF/PF,5400.0,False,True
44435946,154072,1138653,463,6211235,Saddiq Bey,NOP,SF/PF,5400.0,False,True
44435947,154072,1138653,465,6211235,Saddiq Bey,NOP,SF/PF,5400.0,False,True
44435948,154072,1060351,461,6220342,Sandro Mamukelashvili,LAL,PF/C,5400.0,False,True
44435949,154072,1060351,462,6220342,Sandro Mamukelashvili,LAL,PF/C,5400.0,False,True
44435950,154072,1060351,463,6220342,Sandro Mamukelashvili,LAL,PF/C,5400.0,False,True
44435951,154072,1060351,465,6220342,Sandro Mamukelashvili,LAL,PF/C,5400.0,False,True
44435952,154072,1460113,459,6220336,Kyshawn George,WAS,SG,5300.0,False,True
44435953,154072,1460113,464,6220336,Kyshawn George,WAS,SG,5300.0,False,True
44435954,154072,1460113,465,6220336,Kyshawn George,WAS,SG,5300.0,False,True
44435955,154072,1061642,458,6220342,Collin Sexton,LAL,PG/SG,5300.0,False,True
44435956,154072,1061642,459,6220342,Collin Sexton,LAL,PG/SG,5300.0,False,True
44435957,154072,1061642,464,6220342,Collin Sexton,LAL,PG/SG,5300.0,False,True
44435958,154072,1061642,465,6220342,Collin Sexton,LAL,PG/SG,5300.0,False,True
44435959,154072,1061659,458,6211235,Davion Mitchell,MIA,PG,5300.0,False,True
44435960,154072,1061659,464,6211235,Davion Mitchell,MIA,PG,5300.0,False,True
44435961,154072,1061659,465,6211235,Davion Mitchell,MIA,PG,5300.0,False,True
44435962,154072,1232529,459,6220342,Nique Clifford,SAC,SG/SF,5300.0,False,True
44435963,154072,1232529,460,6220342,Nique Clifford,SAC,SG/SF,5300.0,False,True
44435964,154072,1232529,464,6220342,Nique Clifford,SAC,SG/SF,5300.0,False,True
44435965,154072,1232529,463,6220342,Nique Clifford,SAC,SG/SF,5300.0,False,True
44435966,154072,1232529,465,6220342,Nique Clifford,SAC,SG/SF,5300.0,False,True
44435967,154072,1593658,458,6220330,Mikel Brown Jr.,BKN,PG/SG,5200.0,False,True
44435968,154072,1593658,459,6220330,Mikel Brown Jr.,BKN,PG/SG,5200.0,False,True
44435969,154072,1593658,464,6220330,Mikel Brown Jr.,BKN,PG/SG,5200.0,False,True
44435970,154072,1593658,465,6220330,Mikel Brown Jr.,BKN,PG/SG,5200.0,False,True
44435971,154072,1326502,460,6211229,Peyton Watson,CLE,SF/PF,5200.0,False,True
44435972,154072,1326502,461,6211229,Peyton Watson,CLE,SF/PF,5200.0,False,True
44435973,154072,1326502,463,6211229,Peyton Watson,CLE,SF/PF,5200.0,False,True
44435974,154072,1326502,465,6211229,Peyton Watson,CLE,SF/PF,5200.0,False,True
44435975,154072,1326453,462,6220342,Maxime Raynaud,SAC,C,5200.0,False,True
44435976,154072,1326453,465,6220342,Maxime Raynaud,SAC,C,5200.0,False,True
44435977,154072,1134174,460,6211241,Keldon Johnson,SAS,SF/PF,5100.0,False,True
44435978,154072,1134174,461,6211241,Keldon Johnson,SAS,SF/PF,5100.0,False,True
44435979,154072,1134174,463,6211241,Keldon Johnson,SAS,SF/PF,5100.0,False,True
44435980,154072,1134174,465,6211241,Keldon Johnson,SAS,SF/PF,5100.0,False,True
44435981,154072,1523978,458,6220330,Egor Demin,BKN,PG/SG,5100.0,False,True
44435982,154072,1523978,459,6220330,Egor Demin,BKN,PG/SG,5100.0,False,True
44435983,154072,1523978,464,6220330,Egor Demin,BKN,PG/SG,5100.0,False,True
44435984,154072,1523978,465,6220330,Egor Demin,BKN,PG/SG,5100.0,False,True
44435985,154072,1593959,458,6211241,Kingston Flemings,ATL,PG,5100.0,False,True
44435986,154072,1593959,464,6211241,Kingston Flemings,ATL,PG,5100.0,False,True
44435987,154072,1593959,465,6211241,Kingston Flemings,ATL,PG,5100.0,False,True
44435988,154072,1251665,461,6220342,Dylan Cardwell,SAC,PF/C,5100.0,False,True
44435989,154072,1251665,462,6220342,Dylan Cardwell,SAC,PF/C,5100.0,False,True
44435990,154072,1251665,463,6220342,Dylan Cardwell,SAC,PF/C,5100.0,False,True
44435991,154072,1251665,465,6220342,Dylan Cardwell,SAC,PF/C,5100.0,False,True
44435992,154072,1132051,460,6211241,Devin Vassell,SAS,SF,5000.0,False,True
44435993,154072,1132051,463,6211241,Devin Vassell,SAS,SF,5000.0,False,True
44435994,154072,1132051,465,6211241,Devin Vassell,SAS,SF,5000.0,False,True
44435995,154072,1142902,462,6211229,Neemias Queta,BOS,C,5000.0,False,True
44435996,154072,1142902,465,6211229,Neemias Queta,BOS,C,5000.0,False,True
44435997,154072,469218,460,6211229,Paul George,BOS,SF/PF,5000.0,False,True
44435998,154072,469218,461,6211229,Paul George,BOS,SF/PF,5000.0,False,True
44435999,154072,469218,463,6211229,Paul George,BOS,SF/PF,5000.0,False,True
44436000,154072,469218,465,6211229,Paul George,BOS,SF/PF,5000.0,False,True
44436001,154072,1458495,462,6211235,Yves Missi,NOP,C,5000.0,False,True
44436002,154072,1458495,465,6211235,Yves Missi,NOP,C,5000.0,False,True
44436003,154072,743777,459,6220342,Zach LaVine,SAC,SG,5000.0,False,True
44436004,154072,743777,464,6220342,Zach LaVine,SAC,SG,5000.0,False,True
44436005,154072,743777,465,6220342,Zach LaVine,SAC,SG,5000.0,False,True
44436006,154072,750703,461,6211235,Bobby Portis,MIA,PF/C,4900.0,False,True
44436007,154072,750703,462,6211235,Bobby Portis,MIA,PF/C,4900.0,False,True
44436008,154072,750703,463,6211235,Bobby Portis,MIA,PF/C,4900.0,False,True
44436009,154072,750703,465,6211235,Bobby Portis,MIA,PF/C,4900.0,False,True
44436010,154072,1175125,461,6220342,Jake LaRavia,LAL,PF,4900.0,False,True
44436011,154072,1175125,463,6220342,Jake LaRavia,LAL,PF,4900.0,False,True
44436012,154072,1175125,465,6220342,Jake LaRavia,LAL,PF,4900.0,False,True
44436013,154072,552523,461,6211241,Tobias Harris,SAS,PF,4900.0,False,True
44436014,154072,552523,463,6211241,Tobias Harris,SAS,PF,4900.0,False,True
44436015,154072,552523,465,6211241,Tobias Harris,SAS,PF,4900.0,False,True
44436016,154072,1176070,461,6211241,Julian Champagnie,SAS,PF,4900.0,False,True
44436017,154072,1176070,463,6211241,Julian Champagnie,SAS,PF,4900.0,False,True
44436018,154072,1176070,465,6211241,Julian Champagnie,SAS,PF,4900.0,False,True
44436019,154072,1231950,459,6211235,Pelle Larsson,MIA,SG/SF,4900.0,False,True
44436020,154072,1231950,460,6211235,Pelle Larsson,MIA,SG/SF,4900.0,False,True
44436021,154072,1231950,464,6211235,Pelle Larsson,MIA,SG/SF,4900.0,False,True
44436022,154072,1231950,463,6211235,Pelle Larsson,MIA,SG/SF,4900.0,False,True
44436023,154072,1231950,465,6211235,Pelle Larsson,MIA,SG/SF,4900.0,False,True
44436024,154072,1175124,461,6220342,Precious Achiuwa,SAC,PF/C,4800.0,False,True
44436025,154072,1175124,462,6220342,Precious Achiuwa,SAC,PF/C,4800.0,False,True
44436026,154072,1175124,463,6220342,Precious Achiuwa,SAC,PF/C,4800.0,False,True
44436027,154072,1175124,465,6220342,Precious Achiuwa,SAC,PF/C,4800.0,False,True
44436028,154072,1061638,460,6211235,Herbert Jones,NOP,SF,4700.0,False,True
44436029,154072,1061638,463,6211235,Herbert Jones,NOP,SF,4700.0,False,True
44436030,154072,1061638,465,6211235,Herbert Jones,NOP,SF,4700.0,False,True
44436031,154072,1121307,458,6220330,Anfernee Simons,PHI,PG/SG,4700.0,False,True
44436032,154072,1121307,459,6220330,Anfernee Simons,PHI,PG/SG,4700.0,False,True
44436033,154072,1121307,464,6220330,Anfernee Simons,PHI,PG/SG,4700.0,False,True
44436034,154072,1121307,465,6220330,Anfernee Simons,PHI,PG/SG,4700.0,False,True
44436035,154072,1133788,460,6211241,Aaron Wiggins,ATL,SF/PF,4600.0,False,True
44436036,154072,1133788,461,6211241,Aaron Wiggins,ATL,SF/PF,4600.0,False,True
44436037,154072,1133788,463,6211241,Aaron Wiggins,ATL,SF/PF,4600.0,False,True
44436038,154072,1133788,465,6211241,Aaron Wiggins,ATL,SF/PF,4600.0,False,True
44436039,154072,1061507,462,6220336,Deandre Ayton,WAS,C,4600.0,False,True
44436040,154072,1061507,465,6220336,Deandre Ayton,WAS,C,4600.0,False,True
44436041,154072,1460336,458,6220336,Bub Carrington,WAS,PG/SG,4500.0,False,True
44436042,154072,1460336,459,6220336,Bub Carrington,WAS,PG/SG,4500.0,False,True
44436043,154072,1460336,464,6220336,Bub Carrington,WAS,PG/SG,4500.0,False,True
44436044,154072,1460336,465,6220336,Bub Carrington,WAS,PG/SG,4500.0,False,True
44436045,154072,1076265,462,6211229,Mitchell Robinson,BOS,C,4500.0,False,True
44436046,154072,1076265,465,6211229,Mitchell Robinson,BOS,C,4500.0,False,True
44436047,154072,1546380,458,6220336,Tre Johnson,WAS,PG/SG,4500.0,False,True
44436048,154072,1546380,459,6220336,Tre Johnson,WAS,PG/SG,4500.0,False,True
44436049,154072,1546380,464,6220336,Tre Johnson,WAS,PG/SG,4500.0,False,True
44436050,154072,1546380,465,6220336,Tre Johnson,WAS,PG/SG,4500.0,False,True
44436051,154072,1437526,460,6220336,Bilal Coulibaly,WAS,SF,4500.0,False,True
44436052,154072,1437526,463,6220336,Bilal Coulibaly,WAS,SF,4500.0,False,True
44436053,154072,1437526,465,6220336,Bilal Coulibaly,WAS,SF,4500.0,False,True
44436054,154072,922378,460,6211229,Sam Hauser,BOS,SF,4500.0,False,True
44436055,154072,922378,463,6211229,Sam Hauser,BOS,SF,4500.0,False,True
44436056,154072,922378,465,6211229,Sam Hauser,BOS,SF,4500.0,False,True
44436057,154072,551771,459,6211235,Tim Hardaway Jr.,MIA,SG/SF,4500.0,False,True
44436058,154072,551771,460,6211235,Tim Hardaway Jr.,MIA,SG/SF,4500.0,False,True
44436059,154072,551771,464,6211235,Tim Hardaway Jr.,MIA,SG/SF,4500.0,False,True
44436060,154072,551771,463,6211235,Tim Hardaway Jr.,MIA,SG/SF,4500.0,False,True
44436061,154072,551771,465,6211235,Tim Hardaway Jr.,MIA,SG/SF,4500.0,False,True
44436062,154072,1077554,459,6211241,Corey Kispert,ATL,SG/SF,4500.0,False,True
44436063,154072,1077554,460,6211241,Corey Kispert,ATL,SG/SF,4500.0,False,True
44436064,154072,1077554,464,6211241,Corey Kispert,ATL,SG/SF,4500.0,False,True
44436065,154072,1077554,463,6211241,Corey Kispert,ATL,SG/SF,4500.0,False,True
44436066,154072,1077554,465,6211241,Corey Kispert,ATL,SG/SF,4500.0,False,True
44436067,154072,1324634,460,6220342,Dalton Knecht,LAL,SF,4500.0,False,True
44436068,154072,1324634,463,6220342,Dalton Knecht,LAL,SF,4500.0,False,True
44436069,154072,1324634,465,6220342,Dalton Knecht,LAL,SF,4500.0,False,True
44436070,154072,1243718,458,6220330,Caleb Love,PHI,PG/SG,4500.0,False,True
44436071,154072,1243718,459,6220330,Caleb Love,PHI,PG/SG,4500.0,False,True
44436072,154072,1243718,464,6220330,Caleb Love,PHI,PG/SG,4500.0,False,True
44436073,154072,1243718,465,6220330,Caleb Love,PHI,PG/SG,4500.0,False,True
44436074,154072,1342747,459,6211229,Jaylon Tyson,CLE,SG/SF,4400.0,False,True
44436075,154072,1342747,460,6211229,Jaylon Tyson,CLE,SG/SF,4400.0,False,True
44436076,154072,1342747,464,6211229,Jaylon Tyson,CLE,SG/SF,4400.0,False,True
44436077,154072,1342747,463,6211229,Jaylon Tyson,CLE,SG/SF,4400.0,False,True
44436078,154072,1342747,465,6211229,Jaylon Tyson,CLE,SG/SF,4400.0,False,True
44436079,154072,614746,462,6220336,Andre Drummond,NYK,C,4400.0,False,True
44436080,154072,614746,465,6220336,Andre Drummond,NYK,C,4400.0,False,True
44436081,154072,957492,458,6220342,Malik Monk,SAC,PG/SG,4400.0,False,True
44436082,154072,957492,459,6220342,Malik Monk,SAC,PG/SG,4400.0,False,True
44436083,154072,957492,464,6220342,Malik Monk,SAC,PG/SG,4400.0,False,True
44436084,154072,957492,465,6220342,Malik Monk,SAC,PG/SG,4400.0,False,True
44436085,154072,1463593,458,6220342,Bronny James,LAL,PG,4400.0,False,True
44436086,154072,1463593,464,6220342,Bronny James,LAL,PG,4400.0,False,True
44436087,154072,1463593,465,6220342,Bronny James,LAL,PG,4400.0,False,True
44436088,154072,745923,462,6211241,Luke Kornet,SAS,C,4300.0,False,True
44436089,154072,745923,465,6211241,Luke Kornet,SAS,C,4300.0,False,True
44436090,154072,942857,460,6220342,De'Andre Hunter,SAC,SF/PF,4300.0,False,True
44436091,154072,942857,461,6220342,De'Andre Hunter,SAC,SF/PF,4300.0,False,True
44436092,154072,942857,463,6220342,De'Andre Hunter,SAC,SF/PF,4300.0,False,True
44436093,154072,942857,465,6220342,De'Andre Hunter,SAC,SF/PF,4300.0,False,True
44436094,154072,1350567,462,6220330,Adem Bona,PHI,C,4300.0,False,True
44436095,154072,1350567,465,6220330,Adem Bona,PHI,C,4300.0,False,True
44436096,154072,1524332,461,6211241,Asa Newell,ATL,PF/C,4300.0,False,True
44436097,154072,1524332,462,6211241,Asa Newell,ATL,PF/C,4300.0,False,True
44436098,154072,1524332,463,6211241,Asa Newell,ATL,PF/C,4300.0,False,True
44436099,154072,1524332,465,6211241,Asa Newell,ATL,PF/C,4300.0,False,True
44436100,154072,1408189,460,6220342,Adou Thiero,LAL,SF/PF,4300.0,False,True
44436101,154072,1408189,461,6220342,Adou Thiero,LAL,SF/PF,4300.0,False,True
44436102,154072,1408189,463,6220342,Adou Thiero,LAL,SF/PF,4300.0,False,True
44436103,154072,1408189,465,6220342,Adou Thiero,LAL,SF/PF,4300.0,False,True
44436104,154072,1460958,459,6220342,Cameron Carr,LAL,SG/SF,4200.0,False,True
44436105,154072,1460958,460,6220342,Cameron Carr,LAL,SG/SF,4200.0,False,True
44436106,154072,1460958,464,6220342,Cameron Carr,LAL,SG/SF,4200.0,False,True
44436107,154072,1460958,463,6220342,Cameron Carr,LAL,SG/SF,4200.0,False,True
44436108,154072,1460958,465,6220342,Cameron Carr,LAL,SG/SF,4200.0,False,True
44436109,154072,1590554,458,6220330,Ben Saraf,BKN,PG,4200.0,False,True
44436110,154072,1590554,464,6220330,Ben Saraf,BKN,PG,4200.0,False,True
44436111,154072,1590554,465,6220330,Ben Saraf,BKN,PG,4200.0,False,True
44436112,154072,1134693,459,6211241,Luguentz Dort,ATL,SG/SF,4200.0,False,True
44436113,154072,1134693,460,6211241,Luguentz Dort,ATL,SG/SF,4200.0,False,True
44436114,154072,1134693,464,6211241,Luguentz Dort,ATL,SG/SF,4200.0,False,True
44436115,154072,1134693,463,6211241,Luguentz Dort,ATL,SG/SF,4200.0,False,True
44436116,154072,1134693,465,6211241,Luguentz Dort,ATL,SG/SF,4200.0,False,True
44436117,154072,1232601,460,6220342,Chris Manon,LAL,SF,4200.0,False,True
44436118,154072,1232601,463,6220342,Chris Manon,LAL,SF,4200.0,False,True
44436119,154072,1232601,465,6220342,Chris Manon,LAL,SF,4200.0,False,True
44436120,154072,1403617,459,6220342,Emanuel Sharp,SAC,SG,4200.0,False,True
44436121,154072,1403617,464,6220342,Emanuel Sharp,SAC,SG,4200.0,False,True
44436122,154072,1403617,465,6220342,Emanuel Sharp,SAC,SG,4200.0,False,True
44436123,154072,1590550,458,6220330,Nolan Traore,BKN,PG,4100.0,False,True
44436124,154072,1590550,464,6220330,Nolan Traore,BKN,PG,4100.0,False,True
44436125,154072,1590550,465,6220330,Nolan Traore,BKN,PG,4100.0,False,True
44436126,154072,1401380,460,6220330,Noah Clowney,BKN,SF/PF,4100.0,False,True
44436127,154072,1401380,461,6220330,Noah Clowney,BKN,SF/PF,4100.0,False,True
44436128,154072,1401380,463,6220330,Noah Clowney,BKN,SF/PF,4100.0,False,True
44436129,154072,1401380,465,6220330,Noah Clowney,BKN,SF/PF,4100.0,False,True
44436130,154072,1538604,460,6211241,Carter Bryant,SAS,SF,4100.0,False,True
44436131,154072,1538604,463,6211241,Carter Bryant,SAS,SF,4100.0,False,True
44436132,154072,1538604,465,6211241,Carter Bryant,SAS,SF,4100.0,False,True
44436133,154072,1239596,459,6211235,Bennedict Mathurin,NOP,SG/SF,4100.0,False,True
44436134,154072,1239596,460,6211235,Bennedict Mathurin,NOP,SG/SF,4100.0,False,True
44436135,154072,1239596,464,6211235,Bennedict Mathurin,NOP,SG/SF,4100.0,False,True
44436136,154072,1239596,463,6211235,Bennedict Mathurin,NOP,SG/SF,4100.0,False,True
44436137,154072,1239596,465,6211235,Bennedict Mathurin,NOP,SG/SF,4100.0,False,True
44436138,154072,1177129,459,6211229,Baylor Scheierman,BOS,SG/SF,4100.0,False,True
44436139,154072,1177129,460,6211229,Baylor Scheierman,BOS,SG/SF,4100.0,False,True
44436140,154072,1177129,464,6211229,Baylor Scheierman,BOS,SG/SF,4100.0,False,True
44436141,154072,1177129,463,6211229,Baylor Scheierman,BOS,SG/SF,4100.0,False,True
44436142,154072,1177129,465,6211229,Baylor Scheierman,BOS,SG/SF,4100.0,False,True
44436143,154072,1231442,460,6220330,Dillon Jones,PHI,SF,4100.0,False,True
44436144,154072,1231442,463,6220330,Dillon Jones,PHI,SF,4100.0,False,True
44436145,154072,1231442,465,6220330,Dillon Jones,PHI,SF,4100.0,False,True
44436146,154072,1343051,458,6211235,Bez Mbeng,MIA,PG/SG,4100.0,False,True
44436147,154072,1343051,459,6211235,Bez Mbeng,MIA,PG/SG,4100.0,False,True
44436148,154072,1343051,464,6211235,Bez Mbeng,MIA,PG/SG,4100.0,False,True
44436149,154072,1343051,465,6211235,Bez Mbeng,MIA,PG/SG,4100.0,False,True
44436150,154072,880677,461,6220330,Dean Wade,PHI,PF,4000.0,False,True
44436151,154072,880677,463,6220330,Dean Wade,PHI,PF,4000.0,False,True
44436152,154072,880677,465,6220330,Dean Wade,PHI,PF,4000.0,False,True
44436153,154072,1175260,461,6220336,Justin Champagnie,WAS,PF,4000.0,False,True
44436154,154072,1175260,463,6220336,Justin Champagnie,WAS,PF,4000.0,False,True
44436155,154072,1175260,465,6220336,Justin Champagnie,WAS,PF,4000.0,False,True
44436156,154072,1415928,461,6220330,Danny Wolf,BKN,PF/C,4000.0,False,True
44436157,154072,1415928,462,6220330,Danny Wolf,BKN,PF/C,4000.0,False,True
44436158,154072,1415928,463,6220330,Danny Wolf,BKN,PF/C,4000.0,False,True
44436159,154072,1415928,465,6220330,Danny Wolf,BKN,PF/C,4000.0,False,True
44436160,154072,552336,460,6211241,Harrison Barnes,SAS,SF/PF,4000.0,False,True
44436161,154072,552336,461,6211241,Harrison Barnes,SAS,SF/PF,4000.0,False,True
44436162,154072,552336,463,6211241,Harrison Barnes,SAS,SF/PF,4000.0,False,True
44436163,154072,552336,465,6211241,Harrison Barnes,SAS,SF/PF,4000.0,False,True
44436164,154072,1590553,459,6211229,Hugo Gonzalez,BOS,SG/SF,4000.0,False,True
44436165,154072,1590553,460,6211229,Hugo Gonzalez,BOS,SG/SF,4000.0,False,True
44436166,154072,1590553,464,6211229,Hugo Gonzalez,BOS,SG/SF,4000.0,False,True
44436167,154072,1590553,463,6211229,Hugo Gonzalez,BOS,SG/SF,4000.0,False,True
44436168,154072,1590553,465,6211229,Hugo Gonzalez,BOS,SG/SF,4000.0,False,True
44436169,154072,953106,459,6211229,Sam Merrill,CLE,SG/SF,4000.0,False,True
44436170,154072,953106,460,6211229,Sam Merrill,CLE,SG/SF,4000.0,False,True
44436171,154072,953106,464,6211229,Sam Merrill,CLE,SG/SF,4000.0,False,True
44436172,154072,953106,463,6211229,Sam Merrill,CLE,SG/SF,4000.0,False,True
44436173,154072,953106,465,6211229,Sam Merrill,CLE,SG/SF,4000.0,False,True
44436174,154072,1350809,462,6220336,Tristan Vukcevic,WAS,C,4000.0,False,True
44436175,154072,1350809,465,6220336,Tristan Vukcevic,WAS,C,4000.0,False,True
44436176,154072,1231210,459,6220330,Keon Ellis,BKN,SG/SF,4000.0,False,True
44436177,154072,1231210,460,6220330,Keon Ellis,BKN,SG/SF,4000.0,False,True
44436178,154072,1231210,464,6220330,Keon Ellis,BKN,SG/SF,4000.0,False,True
44436179,154072,1231210,463,6220330,Keon Ellis,BKN,SG/SF,4000.0,False,True
44436180,154072,1231210,465,6220330,Keon Ellis,BKN,SG/SF,4000.0,False,True
44436181,154072,1067671,458,6211235,Jordan Poole,NOP,PG,4000.0,False,True
44436182,154072,1067671,464,6211235,Jordan Poole,NOP,PG,4000.0,False,True
44436183,154072,1067671,465,6211235,Jordan Poole,NOP,PG,4000.0,False,True
44436184,154072,457611,459,6211235,Klay Thompson,MIA,SG/SF,4000.0,False,True
44436185,154072,457611,460,6211235,Klay Thompson,MIA,SG/SF,4000.0,False,True
44436186,154072,457611,464,6211235,Klay Thompson,MIA,SG/SF,4000.0,False,True
44436187,154072,457611,463,6211235,Klay Thompson,MIA,SG/SF,4000.0,False,True
44436188,154072,457611,465,6211235,Klay Thompson,MIA,SG/SF,4000.0,False,True
44436189,154072,1232517,460,6220330,Jabari Walker,PHI,SF,3900.0,False,True
44436190,154072,1232517,463,6220330,Jabari Walker,PHI,SF,3900.0,False,True
44436191,154072,1232517,465,6220330,Jabari Walker,PHI,SF,3900.0,False,True
44436192,154072,1408439,461,6220330,Joshua Jefferson,BKN,PF,3900.0,False,True
44436193,154072,1408439,463,6220330,Joshua Jefferson,BKN,PF,3900.0,False,True
44436194,154072,1408439,465,6220330,Joshua Jefferson,BKN,PF,3900.0,False,True
44436195,154072,846499,462,6220342,Kevon Looney,LAL,C,3900.0,False,True
44436196,154072,846499,465,6220342,Kevon Looney,LAL,C,3900.0,False,True
44436197,154072,1520672,459,6220336,Will Riley,WAS,SG/SF,3900.0,False,True
44436198,154072,1520672,460,6220336,Will Riley,WAS,SG/SF,3900.0,False,True
44436199,154072,1520672,464,6220336,Will Riley,WAS,SG/SF,3900.0,False,True
44436200,154072,1520672,463,6220336,Will Riley,WAS,SG/SF,3900.0,False,True
44436201,154072,1520672,465,6220336,Will Riley,WAS,SG/SF,3900.0,False,True
44436202,154072,1365403,460,6220342,Alex Karaban,SAC,SF/PF,3900.0,False,True
44436203,154072,1365403,461,6220342,Alex Karaban,SAC,SF/PF,3900.0,False,True
44436204,154072,1365403,463,6220342,Alex Karaban,SAC,SF/PF,3900.0,False,True
44436205,154072,1365403,465,6220342,Alex Karaban,SAC,SF/PF,3900.0,False,True
44436206,154072,1408243,462,6211241,Tarris Reed Jr.,SAS,C,3900.0,False,True
44436207,154072,1408243,465,6211241,Tarris Reed Jr.,SAS,C,3900.0,False,True
44436208,154072,953243,458,6211235,Dru Smith,MIA,PG,3900.0,False,True
44436209,154072,953243,464,6211235,Dru Smith,MIA,PG,3900.0,False,True
44436210,154072,953243,465,6211235,Dru Smith,MIA,PG,3900.0,False,True
44436211,154072,1314104,460,6211235,Simone Fontecchio,MIA,SF/PF,3900.0,False,True
44436212,154072,1314104,461,6211235,Simone Fontecchio,MIA,SF/PF,3900.0,False,True
44436213,154072,1314104,463,6211235,Simone Fontecchio,MIA,SF/PF,3900.0,False,True
44436214,154072,1314104,465,6211235,Simone Fontecchio,MIA,SF/PF,3900.0,False,True
44436215,154072,850308,462,6211241,Jock Landale,ATL,C,3900.0,False,True
44436216,154072,850308,465,6211241,Jock Landale,ATL,C,3900.0,False,True
44436217,154072,1419291,461,6220330,Dominick Barlow,PHI,PF/C,3900.0,False,True
44436218,154072,1419291,462,6220330,Dominick Barlow,PHI,PF/C,3900.0,False,True
44436219,154072,1419291,463,6220330,Dominick Barlow,PHI,PF/C,3900.0,False,True
44436220,154072,1419291,465,6220330,Dominick Barlow,PHI,PF/C,3900.0,False,True
44436221,154072,1067853,462,6211235,Nick Richards,MIA,C,3900.0,False,True
44436222,154072,1067853,465,6211235,Nick Richards,MIA,C,3900.0,False,True
44436223,154072,1175084,458,6220336,Miles McBride,NYK,PG/SG,3900.0,False,True
44436224,154072,1175084,459,6220336,Miles McBride,NYK,PG/SG,3900.0,False,True
44436225,154072,1175084,464,6220336,Miles McBride,NYK,PG/SG,3900.0,False,True
44436226,154072,1175084,465,6220336,Miles McBride,NYK,PG/SG,3900.0,False,True
44436227,154072,1067852,461,6220342,Jarred Vanderbilt,LAL,PF,3900.0,False,True
44436228,154072,1067852,463,6220342,Jarred Vanderbilt,LAL,PF,3900.0,False,True
44436229,154072,1067852,465,6220342,Jarred Vanderbilt,LAL,PF,3900.0,False,True
44436230,154072,1349630,462,6211235,Nikola Jovic,MIA,C,3800.0,False,True
44436231,154072,1349630,465,6211235,Nikola Jovic,MIA,C,3800.0,False,True
44436232,154072,1542179,459,6220330,Drake Powell,BKN,SG,3800.0,False,True
44436233,154072,1542179,464,6220330,Drake Powell,BKN,SG,3800.0,False,True
44436234,154072,1542179,465,6220330,Drake Powell,BKN,SG,3800.0,False,True
44436235,154072,1416382,461,6211241,Zuby Ejiofor,ATL,PF/C,3800.0,False,True
44436236,154072,1416382,462,6211241,Zuby Ejiofor,ATL,PF/C,3800.0,False,True
44436237,154072,1416382,463,6211241,Zuby Ejiofor,ATL,PF/C,3800.0,False,True
44436238,154072,1416382,465,6211241,Zuby Ejiofor,ATL,PF/C,3800.0,False,True
44436239,154072,602730,459,6220330,Kentavious Caldwell-Pope,PHI,SG/SF,3800.0,False,True
44436240,154072,602730,460,6220330,Kentavious Caldwell-Pope,PHI,SG/SF,3800.0,False,True
44436241,154072,602730,464,6220330,Kentavious Caldwell-Pope,PHI,SG/SF,3800.0,False,True
44436242,154072,602730,463,6220330,Kentavious Caldwell-Pope,PHI,SG/SF,3800.0,False,True
44436243,154072,602730,465,6220330,Kentavious Caldwell-Pope,PHI,SG/SF,3800.0,False,True
44436244,154072,884169,460,6220342,Matisse Thybulle,LAL,SF/PF,3800.0,False,True
44436245,154072,884169,461,6220342,Matisse Thybulle,LAL,SF/PF,3800.0,False,True
44436246,154072,884169,463,6220342,Matisse Thybulle,LAL,SF/PF,3800.0,False,True
44436247,154072,884169,465,6220342,Matisse Thybulle,LAL,SF/PF,3800.0,False,True
44436248,154072,1232056,459,6220336,Jamir Watkins,WAS,SG,3800.0,False,True
44436249,154072,1232056,464,6220336,Jamir Watkins,WAS,SG,3800.0,False,True
44436250,154072,1232056,465,6220336,Jamir Watkins,WAS,SG,3800.0,False,True
44436251,154072,512053,460,6220336,Khris Middleton,WAS,SF/PF,3800.0,False,True
44436252,154072,512053,461,6220336,Khris Middleton,WAS,SF/PF,3800.0,False,True
44436253,154072,512053,463,6220336,Khris Middleton,WAS,SF/PF,3800.0,False,True
44436254,154072,512053,465,6220336,Khris Middleton,WAS,SF/PF,3800.0,False,True
44436255,154072,1519152,458,6220330,Labaron Philon Jr.,PHI,PG/SG,3800.0,False,True
44436256,154072,1519152,459,6220330,Labaron Philon Jr.,PHI,PG/SG,3800.0,False,True
44436257,154072,1519152,464,6220330,Labaron Philon Jr.,PHI,PG/SG,3800.0,False,True
44436258,154072,1519152,465,6220330,Labaron Philon Jr.,PHI,PG/SG,3800.0,False,True
44436259,154072,1349638,461,6211235,Karlo Matkovic,NOP,PF/C,3800.0,False,True
44436260,154072,1349638,462,6211235,Karlo Matkovic,NOP,PF/C,3800.0,False,True
44436261,154072,1349638,463,6211235,Karlo Matkovic,NOP,PF/C,3800.0,False,True
44436262,154072,1349638,465,6211235,Karlo Matkovic,NOP,PF/C,3800.0,False,True
44436263,154072,1063236,459,6220342,Daeqwon Plowden,SAC,SG/SF,3800.0,False,True
44436264,154072,1063236,460,6220342,Daeqwon Plowden,SAC,SG/SF,3800.0,False,True
44436265,154072,1063236,464,6220342,Daeqwon Plowden,SAC,SG/SF,3800.0,False,True
44436266,154072,1063236,463,6220342,Daeqwon Plowden,SAC,SG/SF,3800.0,False,True
44436267,154072,1063236,465,6220342,Daeqwon Plowden,SAC,SG/SF,3800.0,False,True
44436268,154072,1500956,459,6220336,Pacome Dadiet,NYK,SG,3800.0,False,True
44436269,154072,1500956,464,6220336,Pacome Dadiet,NYK,SG,3800.0,False,True
44436270,154072,1500956,465,6220336,Pacome Dadiet,NYK,SG,3800.0,False,True
44436271,154072,1405618,458,6211235,Ryan Conwell,MIA,PG/SG,3800.0,False,True
44436272,154072,1405618,459,6211235,Ryan Conwell,MIA,PG/SG,3800.0,False,True
44436273,154072,1405618,464,6211235,Ryan Conwell,MIA,PG/SG,3800.0,False,True
44436274,154072,1405618,465,6211235,Ryan Conwell,MIA,PG/SG,3800.0,False,True
44436275,154072,941834,460,6220336,Bruce Brown,NYK,SF,3700.0,False,True
44436276,154072,941834,463,6220336,Bruce Brown,NYK,SF,3700.0,False,True
44436277,154072,941834,465,6220336,Bruce Brown,NYK,SF,3700.0,False,True
44436278,154072,1340755,458,6211229,Devin Carter,BOS,PG,3700.0,False,True
44436279,154072,1340755,464,6211229,Devin Carter,BOS,PG,3700.0,False,True
44436280,154072,1340755,465,6211229,Devin Carter,BOS,PG,3700.0,False,True
44436281,154072,879504,459,6220330,Terance Mann,BKN,SG/SF,3700.0,False,True
44436282,154072,879504,460,6220330,Terance Mann,BKN,SG/SF,3700.0,False,True
44436283,154072,879504,464,6220330,Terance Mann,BKN,SG/SF,3700.0,False,True
44436284,154072,879504,463,6220330,Terance Mann,BKN,SG/SF,3700.0,False,True
44436285,154072,879504,465,6220330,Terance Mann,BKN,SG/SF,3700.0,False,True
44436286,154072,551975,459,6220336,Jordan Clarkson,NYK,SG/SF,3700.0,False,True
44436287,154072,551975,460,6220336,Jordan Clarkson,NYK,SG/SF,3700.0,False,True
44436288,154072,551975,464,6220336,Jordan Clarkson,NYK,SG/SF,3700.0,False,True
44436289,154072,551975,463,6220336,Jordan Clarkson,NYK,SG/SF,3700.0,False,True
44436290,154072,551975,465,6220336,Jordan Clarkson,NYK,SG/SF,3700.0,False,True
44436291,154072,1401388,461,6211229,Jordan Walsh,BOS,PF,3700.0,False,True
44436292,154072,1401388,463,6211229,Jordan Walsh,BOS,PF,3700.0,False,True
44436293,154072,1401388,465,6211229,Jordan Walsh,BOS,PF,3700.0,False,True
44436294,154072,1060919,458,6220336,Jose Alvarado,NYK,PG,3700.0,False,True
44436295,154072,1060919,464,6220336,Jose Alvarado,NYK,PG,3700.0,False,True
44436296,154072,1060919,465,6220336,Jose Alvarado,NYK,PG,3700.0,False,True
44436297,154072,1523620,462,6211241,Jayden Quaintance,SAS,C,3700.0,False,True
44436298,154072,1523620,465,6211241,Jayden Quaintance,SAS,C,3700.0,False,True
44436299,154072,1176529,461,6211235,Trendon Watford,NOP,PF,3700.0,False,True
44436300,154072,1176529,463,6211235,Trendon Watford,NOP,PF,3700.0,False,True
44436301,154072,1176529,465,6211235,Trendon Watford,NOP,PF,3700.0,False,True
44436302,154072,896601,462,6211229,Thomas Bryant,CLE,C,3700.0,False,True
44436303,154072,896601,465,6211229,Thomas Bryant,CLE,C,3700.0,False,True
44436304,154072,1433295,459,6220330,Rayan Rupert,PHI,SG/SF,3700.0,False,True
44436305,154072,1433295,460,6220330,Rayan Rupert,PHI,SG/SF,3700.0,False,True
44436306,154072,1433295,464,6220330,Rayan Rupert,PHI,SG/SF,3700.0,False,True
44436307,154072,1433295,463,6220330,Rayan Rupert,PHI,SG/SF,3700.0,False,True
44436308,154072,1433295,465,6220330,Rayan Rupert,PHI,SG/SF,3700.0,False,True
44436309,154072,1401394,458,6211235,Tre Donaldson,MIA,PG,3700.0,False,True
44436310,154072,1401394,464,6211235,Tre Donaldson,MIA,PG,3700.0,False,True
44436311,154072,1401394,465,6211235,Tre Donaldson,MIA,PG,3700.0,False,True
44436312,154072,1357748,460,6220342,Jaden Hardy,LAL,SF,3600.0,False,True
44436313,154072,1357748,463,6220342,Jaden Hardy,LAL,SF,3600.0,False,True
44436314,154072,1357748,465,6220342,Jaden Hardy,LAL,SF,3600.0,False,True
44436315,154072,1325101,461,6211241,Mouhamed Gueye,ATL,PF/C,3600.0,False,True
44436316,154072,1325101,462,6211241,Mouhamed Gueye,ATL,PF/C,3600.0,False,True
44436317,154072,1325101,463,6211241,Mouhamed Gueye,ATL,PF/C,3600.0,False,True
44436318,154072,1325101,465,6211241,Mouhamed Gueye,ATL,PF/C,3600.0,False,True
44436319,154072,893100,459,6220336,Landry Shamet,NYK,SG,3600.0,False,True
44436320,154072,893100,464,6220336,Landry Shamet,NYK,SG,3600.0,False,True
44436321,154072,893100,465,6220336,Landry Shamet,NYK,SG,3600.0,False,True
44436322,154072,1236197,458,6211229,Craig Porter Jr.,CLE,PG,3600.0,False,True
44436323,154072,1236197,464,6211229,Craig Porter Jr.,CLE,PG,3600.0,False,True
44436324,154072,1236197,465,6211229,Craig Porter Jr.,CLE,PG,3600.0,False,True
44436325,154072,1413173,462,6211241,Henri Veesaar,ATL,C,3600.0,False,True
44436326,154072,1413173,465,6211241,Henri Veesaar,ATL,C,3600.0,False,True
44436327,154072,1061057,462,6211229,Luka Garza,BOS,C,3600.0,False,True
44436328,154072,1061057,465,6211229,Luka Garza,BOS,C,3600.0,False,True
44436329,154072,606701,460,6211241,Dorian Finney-Smith,ATL,SF/PF,3600.0,False,True
44436330,154072,606701,461,6211241,Dorian Finney-Smith,ATL,SF/PF,3600.0,False,True
44436331,154072,606701,463,6211241,Dorian Finney-Smith,ATL,SF/PF,3600.0,False,True
44436332,154072,606701,465,6211241,Dorian Finney-Smith,ATL,SF/PF,3600.0,False,True
44436333,154072,1465002,460,6220330,Justin Edwards,PHI,SF/PF,3600.0,False,True
44436334,154072,1465002,461,6220330,Justin Edwards,PHI,SF/PF,3600.0,False,True
44436335,154072,1465002,463,6220330,Justin Edwards,PHI,SF/PF,3600.0,False,True
44436336,154072,1465002,465,6220330,Justin Edwards,PHI,SF/PF,3600.0,False,True
44436337,154072,1591014,459,6211229,Meleek Thomas,CLE,SG,3600.0,False,True
44436338,154072,1591014,464,6211229,Meleek Thomas,CLE,SG,3600.0,False,True
44436339,154072,1591014,465,6211229,Meleek Thomas,CLE,SG,3600.0,False,True
44436340,154072,1175356,458,6220336,Tre Mann,WAS,PG,3600.0,False,True
44436341,154072,1175356,464,6220336,Tre Mann,WAS,PG,3600.0,False,True
44436342,154072,1175356,465,6220336,Tre Mann,WAS,PG,3600.0,False,True
44436343,154072,1404902,462,6220342,Jonathan Mogbo,SAC,C,3600.0,False,True
44436344,154072,1404902,465,6220342,Jonathan Mogbo,SAC,C,3600.0,False,True
44436345,154072,1403628,461,6211229,Nae'Qwan Tomlin,CLE,PF,3600.0,False,True
44436346,154072,1403628,463,6211229,Nae'Qwan Tomlin,CLE,PF,3600.0,False,True
44436347,154072,1403628,465,6211229,Nae'Qwan Tomlin,CLE,PF,3600.0,False,True
44436348,154072,1437712,461,6220336,Mohamed Diawara,NYK,PF/C,3600.0,False,True
44436349,154072,1437712,462,6220336,Mohamed Diawara,NYK,PF/C,3600.0,False,True
44436350,154072,1437712,463,6220336,Mohamed Diawara,NYK,PF/C,3600.0,False,True
44436351,154072,1437712,465,6220336,Mohamed Diawara,NYK,PF/C,3600.0,False,True
44436352,154072,1324299,460,6220330,Josh Minott,BKN,SF,3600.0,False,True
44436353,154072,1324299,463,6220330,Josh Minott,BKN,SF,3600.0,False,True
44436354,154072,1324299,465,6220330,Josh Minott,BKN,SF,3600.0,False,True
44436355,154072,329468,458,6211229,Mike Conley,BOS,PG,3600.0,False,True
44436356,154072,329468,464,6211229,Mike Conley,BOS,PG,3600.0,False,True
44436357,154072,329468,465,6211229,Mike Conley,BOS,PG,3600.0,False,True
44436358,154072,1174936,458,6220330,Jameer Nelson Jr.,PHI,PG/SG,3600.0,False,True
44436359,154072,1174936,459,6220330,Jameer Nelson Jr.,PHI,PG/SG,3600.0,False,True
44436360,154072,1174936,464,6220330,Jameer Nelson Jr.,PHI,PG/SG,3600.0,False,True
44436361,154072,1174936,465,6220330,Jameer Nelson Jr.,PHI,PG/SG,3600.0,False,True
44436362,154072,882387,462,6220330,Moritz Wagner,BKN,C,3500.0,False,True
44436363,154072,882387,465,6220330,Moritz Wagner,BKN,C,3500.0,False,True
44436364,154072,604290,461,6220336,Anthony Gill,WAS,PF/C,3500.0,False,True
44436365,154072,604290,462,6220336,Anthony Gill,WAS,PF/C,3500.0,False,True
44436366,154072,604290,463,6220336,Anthony Gill,WAS,PF/C,3500.0,False,True
44436367,154072,604290,465,6220336,Anthony Gill,WAS,PF/C,3500.0,False,True
44436368,154072,1232325,458,6220336,Tyler Kolek,NYK,PG,3500.0,False,True
44436369,154072,1232325,464,6220336,Tyler Kolek,NYK,PG,3500.0,False,True
44436370,154072,1232325,465,6220336,Tyler Kolek,NYK,PG,3500.0,False,True
44436371,154072,883573,461,6220336,Drew Eubanks,NYK,PF,3500.0,False,True
44436372,154072,883573,463,6220336,Drew Eubanks,NYK,PF,3500.0,False,True
44436373,154072,883573,465,6220336,Drew Eubanks,NYK,PF,3500.0,False,True
44436374,154072,1350535,462,6220330,Ariel Hukporti,PHI,C,3500.0,False,True
44436375,154072,1350535,465,6220330,Ariel Hukporti,PHI,C,3500.0,False,True
44436376,154072,1324323,460,6211235,Bryce McGowens,NOP,SF,3500.0,False,True
44436377,154072,1324323,463,6211235,Bryce McGowens,NOP,SF,3500.0,False,True
44436378,154072,1324323,465,6211235,Bryce McGowens,NOP,SF,3500.0,False,True
44436379,154072,1197462,459,6211235,Myron Gardner,MIA,SG/SF,3500.0,False,True
44436380,154072,1197462,460,6211235,Myron Gardner,MIA,SG/SF,3500.0,False,True
44436381,154072,1197462,464,6211235,Myron Gardner,MIA,SG/SF,3500.0,False,True
44436382,154072,1197462,463,6211235,Myron Gardner,MIA,SG/SF,3500.0,False,True
44436383,154072,1197462,465,6211235,Myron Gardner,MIA,SG/SF,3500.0,False,True
44436384,154072,950065,462,6220336,Tony Bradley,NYK,C,3500.0,False,True
44436385,154072,950065,465,6220336,Tony Bradley,NYK,C,3500.0,False,True
44436386,154072,398142,462,6211235,DeAndre Jordan,NOP,C,3500.0,False,True
44436387,154072,398142,465,6211235,DeAndre Jordan,NOP,C,3500.0,False,True
44436388,154072,1231313,459,6220342,Ziaire Williams,LAL,SG/SF,3500.0,False,True
44436389,154072,1231313,460,6220342,Ziaire Williams,LAL,SG/SF,3500.0,False,True
44436390,154072,1231313,464,6220342,Ziaire Williams,LAL,SG/SF,3500.0,False,True
44436391,154072,1231313,463,6220342,Ziaire Williams,LAL,SG/SF,3500.0,False,True
44436392,154072,1231313,465,6220342,Ziaire Williams,LAL,SG/SF,3500.0,False,True
44436393,154072,1502175,459,6211235,AJ Johnson,NOP,SG,3500.0,False,True
44436394,154072,1502175,464,6211235,AJ Johnson,NOP,SG,3500.0,False,True
44436395,154072,1502175,465,6211235,AJ Johnson,NOP,SG,3500.0,False,True
44436396,154072,1243726,459,6211241,Taelon Peter,SAS,SG,3500.0,False,True
44436397,154072,1243726,464,6211241,Taelon Peter,SAS,SG,3500.0,False,True
44436398,154072,1243726,465,6211241,Taelon Peter,SAS,SG,3500.0,False,True
44436399,154072,1324361,460,6211235,Caleb Houstan,NOP,SF,3500.0,False,True
44436400,154072,1324361,463,6211235,Caleb Houstan,NOP,SF,3500.0,False,True
44436401,154072,1324361,465,6211235,Caleb Houstan,NOP,SF,3500.0,False,True
44436402,154072,1132831,460,6220336,Ochai Agbaji,NYK,SF,3500.0,False,True
44436403,154072,1132831,463,6220336,Ochai Agbaji,NYK,SF,3500.0,False,True
44436404,154072,1132831,465,6220336,Ochai Agbaji,NYK,SF,3500.0,False,True
44436405,154072,1324081,460,6220330,Saint Thomas,PHI,SF/PF,3500.0,False,True
44436406,154072,1324081,461,6220330,Saint Thomas,PHI,SF/PF,3500.0,False,True
44436407,154072,1324081,463,6220330,Saint Thomas,PHI,SF/PF,3500.0,False,True
44436408,154072,1324081,465,6220330,Saint Thomas,PHI,SF/PF,3500.0,False,True
44436409,154072,1193674,462,6211235,Christian Koloko,NOP,C,3400.0,False,True
44436410,154072,1193674,465,6211235,Christian Koloko,NOP,C,3400.0,False,True
44436411,154072,844465,458,6211241,Jordan McLaughlin,SAS,PG/SG,3400.0,False,True
44436412,154072,844465,459,6211241,Jordan McLaughlin,SAS,PG/SG,3400.0,False,True
44436413,154072,844465,464,6211241,Jordan McLaughlin,SAS,PG/SG,3400.0,False,True
44436414,154072,844465,465,6211241,Jordan McLaughlin,SAS,PG/SG,3400.0,False,True
44436415,154072,1177278,460,6211235,Keshad Johnson,MIA,SF,3400.0,False,True
44436416,154072,1177278,463,6211235,Keshad Johnson,MIA,SF,3400.0,False,True
44436417,154072,1177278,465,6211235,Keshad Johnson,MIA,SF,3400.0,False,True
44436418,154072,1174884,460,6211241,Jalen Wilson,ATL,SF,3400.0,False,True
44436419,154072,1174884,463,6211241,Jalen Wilson,ATL,SF,3400.0,False,True
44436420,154072,1174884,465,6211241,Jalen Wilson,ATL,SF,3400.0,False,True
44436421,154072,1403594,458,6211229,Tyrese Proctor,CLE,PG/SG,3400.0,False,True
44436422,154072,1403594,459,6211229,Tyrese Proctor,CLE,PG/SG,3400.0,False,True
44436423,154072,1403594,464,6211229,Tyrese Proctor,CLE,PG/SG,3400.0,False,True
44436424,154072,1403594,465,6211229,Tyrese Proctor,CLE,PG/SG,3400.0,False,True
44436425,154072,1194704,458,6211241,RayJ Dennis,ATL,PG,3400.0,False,True
44436426,154072,1194704,464,6211241,RayJ Dennis,ATL,PG,3400.0,False,True
44436427,154072,1194704,465,6211241,RayJ Dennis,ATL,PG,3400.0,False,True
44436428,154072,1133934,459,6211229,Ron Harper Jr.,BOS,SG/SF,3400.0,False,True
44436429,154072,1133934,460,6211229,Ron Harper Jr.,BOS,SG/SF,3400.0,False,True
44436430,154072,1133934,464,6211229,Ron Harper Jr.,BOS,SG/SF,3400.0,False,True
44436431,154072,1133934,463,6211229,Ron Harper Jr.,BOS,SG/SF,3400.0,False,True
44436432,154072,1133934,465,6211229,Ron Harper Jr.,BOS,SG/SF,3400.0,False,True
44436433,154072,1475170,462,6220330,Chaney Johnson,BKN,C,3400.0,False,True
44436434,154072,1475170,465,6220330,Chaney Johnson,BKN,C,3400.0,False,True
44436435,154072,1156809,460,6220336,Kevin McCullar Jr.,NYK,SF/PF,3400.0,False,True
44436436,154072,1156809,461,6220336,Kevin McCullar Jr.,NYK,SF/PF,3400.0,False,True
44436437,154072,1156809,463,6220336,Kevin McCullar Jr.,NYK,SF/PF,3400.0,False,True
44436438,154072,1156809,465,6220336,Kevin McCullar Jr.,NYK,SF/PF,3400.0,False,True
44436439,154072,1230369,458,6220336,Reece Beekman,WAS,PG,3400.0,False,True
44436440,154072,1230369,464,6220336,Reece Beekman,WAS,PG,3400.0,False,True
44436441,154072,1230369,465,6220336,Reece Beekman,WAS,PG,3400.0,False,True
44436442,154072,1324442,461,6211235,Julian Reese,NOP,PF,3400.0,False,True
44436443,154072,1324442,463,6211235,Julian Reese,NOP,PF,3400.0,False,True
44436444,154072,1324442,465,6211235,Julian Reese,NOP,PF,3400.0,False,True
44436445,154072,1232028,462,6211229,Amari Williams,BOS,C,3400.0,False,True
44436446,154072,1232028,465,6211229,Amari Williams,BOS,C,3400.0,False,True
44436447,154072,886391,458,6220342,Ben Simmons,SAC,PG/SF,3400.0,False,True
44436448,154072,886391,460,6220342,Ben Simmons,SAC,PG/SF,3400.0,False,True
44436449,154072,886391,464,6220342,Ben Simmons,SAC,PG/SF,3400.0,False,True
44436450,154072,886391,463,6220342,Ben Simmons,SAC,PG/SF,3400.0,False,True
44436451,154072,886391,465,6220342,Ben Simmons,SAC,PG/SF,3400.0,False,True
44436452,154072,1324350,458,6211235,Kobe Bufkin,NOP,PG,3400.0,False,True
44436453,154072,1324350,464,6211235,Kobe Bufkin,NOP,PG,3400.0,False,True
44436454,154072,1324350,465,6211235,Kobe Bufkin,NOP,PG,3400.0,False,True
44436455,154072,1138380,460,6220342,Leaky Black,SAC,SF,3400.0,False,True
44436456,154072,1138380,463,6220342,Leaky Black,SAC,SF,3400.0,False,True
44436457,154072,1138380,465,6220342,Leaky Black,SAC,SF,3400.0,False,True
44436458,154072,1174887,460,6211229,Tristan Enaruna,CLE,SF/PF,3400.0,False,True
44436459,154072,1174887,461,6211229,Tristan Enaruna,CLE,SF/PF,3400.0,False,True
44436460,154072,1174887,463,6211229,Tristan Enaruna,CLE,SF/PF,3400.0,False,True
44436461,154072,1174887,465,6211229,Tristan Enaruna,CLE,SF/PF,3400.0,False,True
44436462,154072,1323685,458,6211229,Curtis Jones,CLE,PG/SG,3400.0,False,True
44436463,154072,1323685,459,6211229,Curtis Jones,CLE,PG/SG,3400.0,False,True
44436464,154072,1323685,464,6211229,Curtis Jones,CLE,PG/SG,3400.0,False,True
44436465,154072,1323685,465,6211229,Curtis Jones,CLE,PG/SG,3400.0,False,True
44436466,154072,1231489,459,6211229,Kadary Richmond,CLE,SG,3300.0,False,True
44436467,154072,1231489,464,6211229,Kadary Richmond,CLE,SG,3300.0,False,True
44436468,154072,1231489,465,6211229,Kadary Richmond,CLE,SG,3300.0,False,True
44436469,154072,1269060,458,6211241,David Jones-Garcia,SAS,PG/SG,3300.0,False,True
44436470,154072,1269060,459,6211241,David Jones-Garcia,SAS,PG/SG,3300.0,False,True
44436471,154072,1269060,464,6211241,David Jones-Garcia,SAS,PG/SG,3300.0,False,True
44436472,154072,1269060,465,6211241,David Jones-Garcia,SAS,PG/SG,3300.0,False,True
44436473,154072,1482016,460,6211229,Riley Minix,CLE,SF,3300.0,False,True
44436474,154072,1482016,463,6211229,Riley Minix,CLE,SF,3300.0,False,True
44436475,154072,1482016,465,6211229,Riley Minix,CLE,SF,3300.0,False,True
44436476,154072,1327829,458,6211241,Keshon Gilbert,ATL,PG/SG,3300.0,False,True
44436477,154072,1327829,459,6211241,Keshon Gilbert,ATL,PG/SG,3300.0,False,True
44436478,154072,1327829,464,6211241,Keshon Gilbert,ATL,PG/SG,3300.0,False,True
44436479,154072,1327829,465,6211241,Keshon Gilbert,ATL,PG/SG,3300.0,False,True
44436480,154072,1232497,462,6220330,Grant Nelson,BKN,C,3300.0,False,True
44436481,154072,1232497,465,6220330,Grant Nelson,BKN,C,3300.0,False,True
44436482,154072,1241594,462,6211235,Vladislav Goldin,MIA,C,3300.0,False,True
44436483,154072,1241594,465,6211235,Vladislav Goldin,MIA,C,3300.0,False,True
44436484,154072,1175120,462,6220336,James Wiseman,NYK,C,3300.0,False,True
44436485,154072,1175120,465,6220336,James Wiseman,NYK,C,3300.0,False,True
44436486,154072,1174846,459,6220342,Tristen Newton,SAC,SG,3300.0,False,True
44436487,154072,1174846,464,6220342,Tristen Newton,SAC,SG,3300.0,False,True
44436488,154072,1174846,465,6220342,Tristen Newton,SAC,SG,3300.0,False,True
44436489,154072,1408196,460,6220336,Chris Livingston,WAS,SF,3300.0,False,True
44436490,154072,1408196,463,6220336,Chris Livingston,WAS,SF,3300.0,False,True
44436491,154072,1408196,465,6220336,Chris Livingston,WAS,SF,3300.0,False,True
44436492,154072,1323990,459,6220336,Trevor Keels,WAS,SG,3300.0,False,True
44436493,154072,1323990,464,6220336,Trevor Keels,WAS,SG,3300.0,False,True
44436494,154072,1323990,465,6220336,Trevor Keels,WAS,SG,3300.0,False,True
44436495,154072,1482267,458,6211229,Hayden Gray,BOS,PG/SG,3300.0,False,True
44436496,154072,1482267,459,6211229,Hayden Gray,BOS,PG/SG,3300.0,False,True
44436497,154072,1482267,464,6211229,Hayden Gray,BOS,PG/SG,3300.0,False,True
44436498,154072,1482267,465,6211229,Hayden Gray,BOS,PG/SG,3300.0,False,True
44436499,154072,1193615,460,6211229,Rashaun Agee,CLE,SF/PF,3300.0,False,True
44436500,154072,1193615,461,6211229,Rashaun Agee,CLE,SF/PF,3300.0,False,True
44436501,154072,1193615,463,6211229,Rashaun Agee,CLE,SF/PF,3300.0,False,True
44436502,154072,1193615,465,6211229,Rashaun Agee,CLE,SF/PF,3300.0,False,True
44436503,154072,840595,460,6211229,Mario Hezonja,CLE,SF/PF,3300.0,False,True
44436504,154072,840595,461,6211229,Mario Hezonja,CLE,SF/PF,3300.0,False,True
44436505,154072,840595,463,6211229,Mario Hezonja,CLE,SF/PF,3300.0,False,True
44436506,154072,840595,465,6211229,Mario Hezonja,CLE,SF/PF,3300.0,False,True
44436507,154072,1350414,462,6211229,Khalifa Diop,CLE,C,3200.0,False,True
44436508,154072,1350414,465,6211229,Khalifa Diop,CLE,C,3200.0,False,True
44436509,154072,1253428,460,6211229,Zack Austin,CLE,SF,3200.0,False,True
44436510,154072,1253428,463,6211229,Zack Austin,CLE,SF,3200.0,False,True
44436511,154072,1253428,465,6211229,Zack Austin,CLE,SF,3200.0,False,True
44436512,154072,1323635,461,6220342,Arthur Kaluma,LAL,PF,3200.0,False,True
44436513,154072,1323635,463,6220342,Arthur Kaluma,LAL,PF,3200.0,False,True
44436514,154072,1323635,465,6220342,Arthur Kaluma,LAL,PF,3200.0,False,True
44436515,154072,1405617,460,6220342,William Kyle,LAL,SF,3200.0,False,True
44436516,154072,1405617,463,6220342,William Kyle,LAL,SF,3200.0,False,True
44436517,154072,1405617,465,6220342,William Kyle,LAL,SF,3200.0,False,True
44436518,154072,1250004,462,6220330,Dain Dainja,BKN,C,3200.0,False,True
44436519,154072,1250004,465,6220330,Dain Dainja,BKN,C,3200.0,False,True
44436520,154072,1481728,460,6220330,Ben Humrichous,BKN,SF/PF,3200.0,False,True
44436521,154072,1481728,461,6220330,Ben Humrichous,BKN,SF/PF,3200.0,False,True
44436522,154072,1481728,463,6220330,Ben Humrichous,BKN,SF/PF,3200.0,False,True
44436523,154072,1481728,465,6220330,Ben Humrichous,BKN,SF/PF,3200.0,False,True
44436524,154072,851888,458,6211241,Jon Elmore,SAS,PG,3200.0,False,True
44436525,154072,851888,464,6211241,Jon Elmore,SAS,PG,3200.0,False,True
44436526,154072,851888,465,6211241,Jon Elmore,SAS,PG,3200.0,False,True
44436527,154072,1243722,458,6211241,RJ Davis,SAS,PG,3200.0,False,True
44436528,154072,1243722,464,6211241,RJ Davis,SAS,PG,3200.0,False,True
44436529,154072,1243722,465,6211241,RJ Davis,SAS,PG,3200.0,False,True
44436530,154072,1340701,458,6220336,Jaden Akins,NYK,PG/SG,3200.0,False,True
44436531,154072,1340701,459,6220336,Jaden Akins,NYK,PG/SG,3200.0,False,True
44436532,154072,1340701,464,6220336,Jaden Akins,NYK,PG/SG,3200.0,False,True
44436533,154072,1340701,465,6220336,Jaden Akins,NYK,PG/SG,3200.0,False,True
44436534,154072,1232444,460,6211235,J'Vonne Hadley,MIA,SF,3200.0,False,True
44436535,154072,1232444,463,6211235,J'Vonne Hadley,MIA,SF,3200.0,False,True
44436536,154072,1232444,465,6211235,J'Vonne Hadley,MIA,SF,3200.0,False,True
44436537,154072,1323682,461,6211235,Ian Schieffelin,MIA,PF,3200.0,False,True
44436538,154072,1323682,463,6211235,Ian Schieffelin,MIA,PF,3200.0,False,True
44436539,154072,1323682,465,6211235,Ian Schieffelin,MIA,PF,3200.0,False,True
44436540,154072,1593958,461,6211229,Christopher Cenac Jr.,BOS,PF/C,3200.0,False,True
44436541,154072,1593958,462,6211229,Christopher Cenac Jr.,BOS,PF/C,3200.0,False,True
44436542,154072,1593958,463,6211229,Christopher Cenac Jr.,BOS,PF/C,3200.0,False,True
44436543,154072,1593958,465,6211229,Christopher Cenac Jr.,BOS,PF/C,3200.0,False,True
44436544,154072,1340218,460,6211229,Tucker DeVries,BOS,SF/PF,3200.0,False,True
44436545,154072,1340218,461,6211229,Tucker DeVries,BOS,SF/PF,3200.0,False,True
44436546,154072,1340218,463,6211229,Tucker DeVries,BOS,SF/PF,3200.0,False,True
44436547,154072,1340218,465,6211229,Tucker DeVries,BOS,SF/PF,3200.0,False,True
44436548,154072,1405418,458,6211229,Milos Uzan,BOS,PG/SG,3200.0,False,True
44436549,154072,1405418,459,6211229,Milos Uzan,BOS,PG/SG,3200.0,False,True
44436550,154072,1405418,464,6211229,Milos Uzan,BOS,PG/SG,3200.0,False,True
44436551,154072,1405418,465,6211229,Milos Uzan,BOS,PG/SG,3200.0,False,True
44436552,154072,879498,462,6220330,Tacko Fall,PHI,C,3200.0,False,True
44436553,154072,879498,465,6220330,Tacko Fall,PHI,C,3200.0,False,True
44436554,154072,1232314,458,6220330,Duke Miles,PHI,PG/SG,3100.0,False,True
44436555,154072,1232314,459,6220330,Duke Miles,PHI,PG/SG,3100.0,False,True
44436556,154072,1232314,464,6220330,Duke Miles,PHI,PG/SG,3100.0,False,True
44436557,154072,1232314,465,6220330,Duke Miles,PHI,PG/SG,3100.0,False,True
44436558,154072,1406026,458,6211241,Isaac McKneely,ATL,PG,3100.0,False,True
44436559,154072,1406026,464,6211241,Isaac McKneely,ATL,PG,3100.0,False,True
44436560,154072,1406026,465,6211241,Isaac McKneely,ATL,PG,3100.0,False,True
44436561,154072,1402299,460,6211241,Cameron Corhen,ATL,SF,3100.0,False,True
44436562,154072,1402299,463,6211241,Cameron Corhen,ATL,SF,3100.0,False,True
44436563,154072,1402299,465,6211241,Cameron Corhen,ATL,SF,3100.0,False,True
44436564,154072,1348259,458,6211241,Kobe Johnson,ATL,PG,3100.0,False,True
44436565,154072,1348259,464,6211241,Kobe Johnson,ATL,PG,3100.0,False,True
44436566,154072,1348259,465,6211241,Kobe Johnson,ATL,PG,3100.0,False,True
44436567,154072,1406012,461,6211235,Malik Dia,NOP,PF/C,3100.0,False,True
44436568,154072,1406012,462,6211235,Malik Dia,NOP,PF/C,3100.0,False,True
44436569,154072,1406012,463,6211235,Malik Dia,NOP,PF/C,3100.0,False,True
44436570,154072,1406012,465,6211235,Malik Dia,NOP,PF/C,3100.0,False,True
44436571,154072,1416381,462,6211229,Ernest Udeh Jr.,CLE,C,3100.0,False,True
44436572,154072,1416381,465,6211229,Ernest Udeh Jr.,CLE,C,3100.0,False,True
44436573,154072,1243588,459,6211235,Jaron Pierre Jr.,NOP,SG/SF,3100.0,False,True
44436574,154072,1243588,460,6211235,Jaron Pierre Jr.,NOP,SG/SF,3100.0,False,True
44436575,154072,1243588,464,6211235,Jaron Pierre Jr.,NOP,SG/SF,3100.0,False,True
44436576,154072,1243588,463,6211235,Jaron Pierre Jr.,NOP,SG/SF,3100.0,False,True
44436577,154072,1243588,465,6211235,Jaron Pierre Jr.,NOP,SG/SF,3100.0,False,True
44436578,154072,1427004,461,6220342,AK Okereke,LAL,PF,3100.0,False,True
44436579,154072,1427004,463,6220342,AK Okereke,LAL,PF,3100.0,False,True
44436580,154072,1427004,465,6220342,AK Okereke,LAL,PF,3100.0,False,True
44436581,154072,1138651,461,6220342,Cole Swider,LAL,PF,3100.0,False,True
44436582,154072,1138651,463,6220342,Cole Swider,LAL,PF,3100.0,False,True
44436583,154072,1138651,465,6220342,Cole Swider,LAL,PF,3100.0,False,True
44436584,154072,1405461,461,6220330,Tyler Bilodeau,BKN,PF,3100.0,False,True
44436585,154072,1405461,463,6220330,Tyler Bilodeau,BKN,PF,3100.0,False,True
44436586,154072,1405461,465,6220330,Tyler Bilodeau,BKN,PF,3100.0,False,True
44436587,154072,1076185,462,6211241,Malik Williams,SAS,C,3100.0,False,True
44436588,154072,1076185,465,6211241,Malik Williams,SAS,C,3100.0,False,True
44436589,154072,1408135,461,6211241,Maliq Brown,SAS,PF,3100.0,False,True
44436590,154072,1408135,463,6211241,Maliq Brown,SAS,PF,3100.0,False,True
44436591,154072,1408135,465,6211241,Maliq Brown,SAS,PF,3100.0,False,True
44436592,154072,1401391,458,6211241,Ja'Kobi Gillespie,SAS,PG,3000.0,False,True
44436593,154072,1401391,464,6211241,Ja'Kobi Gillespie,SAS,PG,3000.0,False,True
44436594,154072,1401391,465,6211241,Ja'Kobi Gillespie,SAS,PG,3000.0,False,True
44436595,154072,1405046,460,6220336,Tyler Nickel,NYK,SF,3000.0,False,True
44436596,154072,1405046,463,6220336,Tyler Nickel,NYK,SF,3000.0,False,True
44436597,154072,1405046,465,6220336,Tyler Nickel,NYK,SF,3000.0,False,True
44436598,154072,1175110,459,6211235,Lester Quinones,MIA,SG,3000.0,False,True
44436599,154072,1175110,464,6211235,Lester Quinones,MIA,SG,3000.0,False,True
44436600,154072,1175110,465,6211235,Lester Quinones,MIA,SG,3000.0,False,True
44436601,154072,1135289,460,6211229,Gabe McGlothan,BOS,SF/PF,3000.0,False,True
44436602,154072,1135289,461,6211229,Gabe McGlothan,BOS,SF/PF,3000.0,False,True
44436603,154072,1135289,463,6211229,Gabe McGlothan,BOS,SF/PF,3000.0,False,True
44436604,154072,1135289,465,6211229,Gabe McGlothan,BOS,SF/PF,3000.0,False,True
44436605,154072,1408158,460,6211229,Dillon Mitchell,BOS,SF,3000.0,False,True
44436606,154072,1408158,463,6211229,Dillon Mitchell,BOS,SF,3000.0,False,True
44436607,154072,1408158,465,6211229,Dillon Mitchell,BOS,SF,3000.0,False,True
44436608,154072,608661,458,6220342,Elfrid Payton,SAC,PG,3000.0,False,True
44436609,154072,608661,464,6220342,Elfrid Payton,SAC,PG,3000.0,False,True
44436610,154072,608661,465,6220342,Elfrid Payton,SAC,PG,3000.0,False,True
44436611,154072,1136581,458,6220342,Adam Flagler,SAC,PG,3000.0,False,True
44436612,154072,1136581,464,6220342,Adam Flagler,SAC,PG,3000.0,False,True
44436613,154072,1136581,465,6220342,Adam Flagler,SAC,PG,3000.0,False,True
44436614,154072,1408273,462,6220336,Felix Okpara,WAS,C,3000.0,False,True
44436615,154072,1408273,465,6220336,Felix Okpara,WAS,C,3000.0,False,True
44436704,154074,1121277,475,6220342,Luka Doncic,LAL,PG,9800.0,False,True
44436705,154074,850111,475,6220342,Domantas Sabonis,SAC,C,9400.0,False,True
44436706,154074,953291,475,6220342,Austin Reaves,LAL,PG/SG,8800.0,False,True
44436707,154074,1243728,475,6220342,Walker Kessler,LAL,C,8200.0,False,True
44436708,154074,1591016,475,6220342,Darius Acuff Jr.,SAC,PG,7200.0,False,True
44436709,154074,1132827,475,6220342,Quentin Grimes,LAL,PG/SF,6800.0,False,True
44436710,154074,1231161,475,6220342,Keegan Murray,SAC,PF,6600.0,False,True
44436711,154074,1060351,475,6220342,Sandro Mamukelashvili,LAL,PF/C,6400.0,False,True
44436712,154074,1232529,475,6220342,Nique Clifford,SAC,SG/SF,6200.0,False,True
44436713,154074,1061642,475,6220342,Collin Sexton,LAL,PG/SG,6000.0,False,True
44436714,154074,1326453,475,6220342,Maxime Raynaud,SAC,C,5800.0,False,True
44436715,154074,1251665,475,6220342,Dylan Cardwell,SAC,PF/C,5600.0,False,True
44436716,154074,743777,475,6220342,Zach LaVine,SAC,SG,5200.0,False,True
44436717,154074,1175125,475,6220342,Jake LaRavia,LAL,PF,5000.0,False,True
44436718,154074,1175124,475,6220342,Precious Achiuwa,SAC,PF/C,4800.0,False,True
44436719,154074,1324634,475,6220342,Dalton Knecht,LAL,SF,4600.0,False,True
44436720,154074,957492,475,6220342,Malik Monk,SAC,PG/SG,4400.0,False,True
44436721,154074,1463593,475,6220342,Bronny James,LAL,PG,4200.0,False,True
44436722,154074,1408189,475,6220342,Adou Thiero,LAL,SF/PF,4000.0,False,True
44436723,154074,942857,475,6220342,De'Andre Hunter,SAC,SF/PF,3800.0,False,True
44436724,154074,1232601,475,6220342,Chris Manon,LAL,SF,3600.0,False,True
44436725,154074,1403617,475,6220342,Emanuel Sharp,SAC,SG,3400.0,False,True
44436726,154074,1460958,475,6220342,Cameron Carr,LAL,SG/SF,3200.0,False,True
44436727,154074,1067852,475,6220342,Jarred Vanderbilt,LAL,PF,3000.0,False,True
44436728,154074,1365403,475,6220342,Alex Karaban,SAC,SF/PF,2800.0,False,True
44436729,154074,1404902,475,6220342,Jonathan Mogbo,SAC,C,2800.0,False,True
44436730,154074,1231313,475,6220342,Ziaire Williams,LAL,SG/SF,2600.0,False,True
44436731,154074,846499,475,6220342,Kevon Looney,LAL,C,2600.0,False,True
44436732,154074,1174846,475,6220342,Tristen Newton,SAC,SG,2400.0,False,True
44436733,154074,884169,475,6220342,Matisse Thybulle,LAL,SF/PF,2400.0,False,True
44436734,154074,1427004,475,6220342,AK Okereke,LAL,PF,2400.0,False,True
44436735,154074,1405617,475,6220342,William Kyle,LAL,SF,2400.0,False,True
44436736,154074,1063236,475,6220342,Daeqwon Plowden,SAC,SG/SF,2200.0,False,True
44436737,154074,1138380,475,6220342,Leaky Black,SAC,SF,2200.0,False,True
44436738,154074,1323635,475,6220342,Arthur Kaluma,LAL,PF,2200.0,False,True
44436739,154074,1357748,475,6220342,Jaden Hardy,LAL,SF,2000.0,False,True
44436740,154074,1138651,475,6220342,Cole Swider,LAL,PF,2000.0,False,True
44436741,154074,608661,475,6220342,Elfrid Payton,SAC,PG,2000.0,False,True
44436742,154074,1136581,475,6220342,Adam Flagler,SAC,PG,2000.0,False,True
44436743,154074,886391,475,6220342,Ben Simmons,SAC,PG/SF,2000.0,False,True
44436744,154074,1121277,476,6220342,Luka Doncic,LAL,PG,14700.0,False,True
44436745,154074,850111,476,6220342,Domantas Sabonis,SAC,C,14100.0,False,True
44436746,154074,953291,476,6220342,Austin Reaves,LAL,PG/SG,13200.0,False,True
44436747,154074,1243728,476,6220342,Walker Kessler,LAL,C,12300.0,False,True
44436748,154074,1591016,476,6220342,Darius Acuff Jr.,SAC,PG,10800.0,False,True
44436749,154074,1132827,476,6220342,Quentin Grimes,LAL,PG/SF,10200.0,False,True
44436750,154074,1231161,476,6220342,Keegan Murray,SAC,PF,9900.0,False,True
44436751,154074,1060351,476,6220342,Sandro Mamukelashvili,LAL,PF/C,9600.0,False,True
44436752,154074,1232529,476,6220342,Nique Clifford,SAC,SG/SF,9300.0,False,True
44436753,154074,1061642,476,6220342,Collin Sexton,LAL,PG/SG,9000.0,False,True
44436754,154074,1326453,476,6220342,Maxime Raynaud,SAC,C,8700.0,False,True
44436755,154074,1251665,476,6220342,Dylan Cardwell,SAC,PF/C,8400.0,False,True
44436756,154074,743777,476,6220342,Zach LaVine,SAC,SG,7800.0,False,True
44436757,154074,1175125,476,6220342,Jake LaRavia,LAL,PF,7500.0,False,True
44436758,154074,1175124,476,6220342,Precious Achiuwa,SAC,PF/C,7200.0,False,True
44436759,154074,1324634,476,6220342,Dalton Knecht,LAL,SF,6900.0,False,True
44436760,154074,957492,476,6220342,Malik Monk,SAC,PG/SG,6600.0,False,True
44436761,154074,1463593,476,6220342,Bronny James,LAL,PG,6300.0,False,True
44436762,154074,1408189,476,6220342,Adou Thiero,LAL,SF/PF,6000.0,False,True
44436763,154074,942857,476,6220342,De'Andre Hunter,SAC,SF/PF,5700.0,False,True
44436764,154074,1232601,476,6220342,Chris Manon,LAL,SF,5400.0,False,True
44436765,154074,1403617,476,6220342,Emanuel Sharp,SAC,SG,5100.0,False,True
44436766,154074,1460958,476,6220342,Cameron Carr,LAL,SG/SF,4800.0,False,True
44436767,154074,1067852,476,6220342,Jarred Vanderbilt,LAL,PF,4500.0,False,True
44436768,154074,1365403,476,6220342,Alex Karaban,SAC,SF/PF,4200.0,False,True
44436769,154074,1404902,476,6220342,Jonathan Mogbo,SAC,C,4200.0,False,True
44436770,154074,1231313,476,6220342,Ziaire Williams,LAL,SG/SF,3900.0,False,True
44436771,154074,846499,476,6220342,Kevon Looney,LAL,C,3900.0,False,True
44436772,154074,1174846,476,6220342,Tristen Newton,SAC,SG,3600.0,False,True
44436773,154074,884169,476,6220342,Matisse Thybulle,LAL,SF/PF,3600.0,False,True
44436774,154074,1427004,476,6220342,AK Okereke,LAL,PF,3600.0,False,True
44436775,154074,1405617,476,6220342,William Kyle,LAL,SF,3600.0,False,True
44436776,154074,1063236,476,6220342,Daeqwon Plowden,SAC,SG/SF,3300.0,False,True
44436777,154074,1138380,476,6220342,Leaky Black,SAC,SF,3300.0,False,True
44436778,154074,1323635,476,6220342,Arthur Kaluma,LAL,PF,3300.0,False,True
44436779,154074,1357748,476,6220342,Jaden Hardy,LAL,SF,3000.0,False,True
44436780,154074,1138651,476,6220342,Cole Swider,LAL,PF,3000.0,False,True
44436781,154074,608661,476,6220342,Elfrid Payton,SAC,PG,3000.0,False,True
44436782,154074,1136581,476,6220342,Adam Flagler,SAC,PG,3000.0,False,True
44436783,154074,886391,476,6220342,Ben Simmons,SAC,PG/SF,3000.0,False,True
44436942,154073,1373356,633,6211241,Victor Wembanyama,SAS,C,,False,False
44436943,154073,1373356,465,6211241,Victor Wembanyama,SAS,C,,False,False
44436944,154073,1373356,636,6211241,Victor Wembanyama,SAS,C,,False,False
44436945,154073,739957,633,6211235,Giannis Antetokounmpo,MIA,PF,,False,False
44436946,154073,739957,465,6211235,Giannis Antetokounmpo,MIA,PF,,False,False
44436947,154073,739957,636,6211235,Giannis Antetokounmpo,MIA,PF,,False,False
44436948,154073,1121277,464,6220342,Luka Doncic,LAL,PG,,False,False
44436949,154073,1121277,465,6220342,Luka Doncic,LAL,PG,,False,False
44436950,154073,1121277,636,6220342,Luka Doncic,LAL,PG,,False,False
44436951,154073,1230356,633,6211241,Jalen Johnson,ATL,PF,,False,False
44436952,154073,1230356,465,6211241,Jalen Johnson,ATL,PF,,False,False
44436953,154073,1230356,636,6211241,Jalen Johnson,ATL,PF,,False,False
44436954,154073,937647,633,6211229,Jayson Tatum,BOS,PF,,False,False
44436955,154073,937647,465,6211229,Jayson Tatum,BOS,PF,,False,False
44436956,154073,937647,636,6211229,Jayson Tatum,BOS,PF,,False,False
44436957,154073,850111,633,6220342,Domantas Sabonis,SAC,C,,False,False
44436958,154073,850111,465,6220342,Domantas Sabonis,SAC,C,,False,False
44436959,154073,850111,636,6220342,Domantas Sabonis,SAC,C,,False,False
44436960,154073,837030,633,6220336,Karl-Anthony Towns,NYK,C,,False,False
44436961,154073,837030,465,6220336,Karl-Anthony Towns,NYK,C,,False,False
44436962,154073,837030,636,6220336,Karl-Anthony Towns,NYK,C,,False,False
44436963,154073,1186160,464,6220330,Tyrese Maxey,PHI,PG,,False,False
44436964,154073,1186160,465,6220330,Tyrese Maxey,PHI,PG,,False,False
44436965,154073,1186160,636,6220330,Tyrese Maxey,PHI,PG,,False,False
44436966,154073,957486,633,6211235,Bam Adebayo,MIA,C,,False,False
44436967,154073,957486,465,6211235,Bam Adebayo,MIA,C,,False,False
44436968,154073,957486,636,6211235,Bam Adebayo,MIA,C,,False,False
44436969,154073,879707,464,6211229,Donovan Mitchell,CLE,SG,,False,False
44436970,154073,879707,465,6211229,Donovan Mitchell,CLE,SG,,False,False
44436971,154073,879707,636,6211229,Donovan Mitchell,CLE,SG,,False,False
44436972,154073,887914,464,6220336,Jalen Brunson,NYK,PG,,False,False
44436973,154073,887914,465,6220336,Jalen Brunson,NYK,PG,,False,False
44436974,154073,887914,636,6220336,Jalen Brunson,NYK,PG,,False,False
44436975,154073,1231862,633,6211229,Evan Mobley,CLE,PF,,False,False
44436976,154073,1231862,465,6211229,Evan Mobley,CLE,PF,,False,False
44436977,154073,1231862,636,6211229,Evan Mobley,CLE,PF,,False,False
44436978,154073,953291,464,6220342,Austin Reaves,LAL,SG,,False,False
44436979,154073,953291,465,6220342,Austin Reaves,LAL,SG,,False,False
44436980,154073,953291,636,6220342,Austin Reaves,LAL,SG,,False,False
44436981,154073,1060978,464,6220336,Trae Young,WAS,PG,,False,False
44436982,154073,1060978,465,6220336,Trae Young,WAS,PG,,False,False
44436983,154073,1060978,636,6220336,Trae Young,WAS,PG,,False,False
44436984,154073,1461118,464,6211241,Stephon Castle,SAS,SG,,False,False
44436985,154073,1461118,465,6211241,Stephon Castle,SAS,SG,,False,False
44436986,154073,1461118,636,6211241,Stephon Castle,SAS,SG,,False,False
44436987,154073,883436,633,6220330,Jaylen Brown,PHI,SF,,False,False
44436988,154073,883436,465,6220330,Jaylen Brown,PHI,SF,,False,False
44436989,154073,883436,636,6220330,Jaylen Brown,PHI,SF,,False,False
44436990,154073,603096,633,6220336,Anthony Davis,WAS,PF,,False,False
44436991,154073,603096,465,6220336,Anthony Davis,WAS,PF,,False,False
44436992,154073,603096,636,6220336,Anthony Davis,WAS,PF,,False,False
44436993,154073,395388,464,6211229,James Harden,CLE,PG,,False,False
44436994,154073,395388,465,6211229,James Harden,CLE,PG,,False,False
44436995,154073,395388,636,6211229,James Harden,CLE,PG,,False,False
44436996,154073,1243728,633,6220342,Walker Kessler,LAL,C,,False,False
44436997,154073,1243728,465,6220342,Walker Kessler,LAL,C,,False,False
44436998,154073,1243728,636,6220342,Walker Kessler,LAL,C,,False,False
44436999,154073,786412,633,6220330,Julius Randle,BKN,PF,,False,False
44437000,154073,786412,465,6220330,Julius Randle,BKN,PF,,False,False
44437001,154073,786412,636,6220330,Julius Randle,BKN,PF,,False,False
44437002,154073,1519361,464,6220330,VJ Edgecombe,PHI,SG,,False,False
44437003,154073,1519361,465,6220330,VJ Edgecombe,PHI,SG,,False,False
44437004,154073,1519361,636,6220330,VJ Edgecombe,PHI,SG,,False,False
44437005,154073,796009,464,6211229,Derrick White,BOS,PG,,False,False
44437006,154073,796009,465,6211229,Derrick White,BOS,PG,,False,False
44437007,154073,796009,636,6211229,Derrick White,BOS,PG,,False,False
44437008,154073,1067668,464,6211241,Nickeil Alexander-Walker,ATL,SG,,False,False
44437009,154073,1067668,465,6211241,Nickeil Alexander-Walker,ATL,SG,,False,False
44437010,154073,1067668,636,6211241,Nickeil Alexander-Walker,ATL,SG,,False,False
44437011,154073,1132025,633,6211235,Zion Williamson,NOP,PF,,False,False
44437012,154073,1132025,465,6211235,Zion Williamson,NOP,PF,,False,False
44437013,154073,1132025,636,6211235,Zion Williamson,NOP,PF,,False,False
44437014,154073,1429349,633,6220336,Alexandre Sarr,WAS,C,,False,False
44437015,154073,1429349,465,6220336,Alexandre Sarr,WAS,C,,False,False
44437016,154073,1429349,636,6220336,Alexandre Sarr,WAS,C,,False,False
44437017,154073,214152,633,6220330,LeBron James,PHI,PF,,False,False
44437018,154073,214152,465,6220330,LeBron James,PHI,PF,,False,False
44437019,154073,214152,636,6220330,LeBron James,PHI,PF,,False,False
44437020,154073,1357745,633,6211241,Dyson Daniels,ATL,SF,,False,False
44437021,154073,1357745,465,6211241,Dyson Daniels,ATL,SF,,False,False
44437022,154073,1357745,636,6211241,Dyson Daniels,ATL,SF,,False,False
44437023,154073,1185367,633,6211241,Onyeka Okongwu,ATL,C,,False,False
44437024,154073,1185367,465,6211241,Onyeka Okongwu,ATL,C,,False,False
44437025,154073,1185367,636,6211241,Onyeka Okongwu,ATL,C,,False,False
44437026,154073,945610,464,6211229,Payton Pritchard,BOS,SG,,False,False
44437027,154073,945610,465,6211229,Payton Pritchard,BOS,SG,,False,False
44437028,154073,945610,636,6211229,Payton Pritchard,BOS,SG,,False,False
44437029,154073,1134570,464,6211235,Trey Murphy III,NOP,SG,,False,False
44437030,154073,1134570,465,6211235,Trey Murphy III,NOP,SG,,False,False
44437031,154073,1134570,636,6211235,Trey Murphy III,NOP,SG,,False,False
44437032,154073,1591016,464,6220342,Darius Acuff Jr.,SAC,PG,,False,False
44437033,154073,1591016,465,6220342,Darius Acuff Jr.,SAC,PG,,False,False
44437034,154073,1591016,636,6220342,Darius Acuff Jr.,SAC,PG,,False,False
44437035,154073,1520787,633,6211235,Derik Queen,NOP,PF,,False,False
44437036,154073,1520787,465,6211235,Derik Queen,NOP,PF,,False,False
44437037,154073,1520787,636,6211235,Derik Queen,NOP,PF,,False,False
44437038,154073,884168,464,6211235,Dejounte Murray,NOP,PG,,False,False
44437039,154073,884168,465,6211235,Dejounte Murray,NOP,PG,,False,False
44437040,154073,884168,636,6211235,Dejounte Murray,NOP,PG,,False,False
44437041,154073,1061724,633,6220330,Michael Porter Jr.,BKN,SF,,False,False
44437042,154073,1061724,465,6220330,Michael Porter Jr.,BKN,SF,,False,False
44437043,154073,1061724,636,6220330,Michael Porter Jr.,BKN,SF,,False,False
44437044,154073,957489,464,6211241,De'Aaron Fox,SAS,PG,,False,False
44437045,154073,957489,465,6211241,De'Aaron Fox,SAS,PG,,False,False
44437046,154073,957489,636,6211241,De'Aaron Fox,SAS,PG,,False,False
44437047,154073,1617074,633,6220336,AJ Dybantsa,WAS,SF,,False,False
44437048,154073,1617074,465,6220336,AJ Dybantsa,WAS,SF,,False,False
44437049,154073,1617074,636,6220336,AJ Dybantsa,WAS,SF,,False,False
44437050,154073,846400,633,6220336,Mikal Bridges,NYK,SF,,False,False
44437051,154073,846400,465,6220336,Mikal Bridges,NYK,SF,,False,False
44437052,154073,846400,636,6220336,Mikal Bridges,NYK,SF,,False,False
44437053,154073,956574,633,6211229,Jarrett Allen,CLE,C,,False,False
44437054,154073,956574,465,6211229,Jarrett Allen,CLE,C,,False,False
44437055,154073,956574,636,6211229,Jarrett Allen,CLE,C,,False,False
44437056,154073,1132827,633,6220342,Quentin Grimes,LAL,SF,,False,False
44437057,154073,1132827,465,6220342,Quentin Grimes,LAL,SF,,False,False
44437058,154073,1132827,636,6220342,Quentin Grimes,LAL,SF,,False,False
44437059,154073,1519362,464,6211241,Dylan Harper,SAS,SG,,False,False
44437060,154073,1519362,465,6211241,Dylan Harper,SAS,SG,,False,False
44437061,154073,1519362,636,6211241,Dylan Harper,SAS,SG,,False,False
44437062,154073,741892,464,6220336,Josh Hart,NYK,SG,,False,False
44437063,154073,741892,465,6220336,Josh Hart,NYK,SG,,False,False
44437064,154073,741892,636,6220336,Josh Hart,NYK,SG,,False,False
44437065,154073,1243725,633,6220330,Day'Ron Sharpe,BKN,C,,False,False
44437066,154073,1243725,465,6220330,Day'Ron Sharpe,BKN,C,,False,False
44437067,154073,1243725,636,6220330,Day'Ron Sharpe,BKN,C,,False,False
44437068,154073,1547691,464,6211235,Jeremiah Fears,NOP,PG,,False,False
44437069,154073,1547691,465,6211235,Jeremiah Fears,NOP,PG,,False,False
44437070,154073,1547691,636,6211235,Jeremiah Fears,NOP,PG,,False,False
44437071,154073,522878,464,6211241,CJ McCollum,ATL,PG,,False,False
44437072,154073,522878,465,6211241,CJ McCollum,ATL,PG,,False,False
44437073,154073,522878,636,6211241,CJ McCollum,ATL,PG,,False,False
44437074,154073,794503,633,6211235,Andrew Wiggins,MIA,SF,,False,False
44437075,154073,794503,465,6211235,Andrew Wiggins,MIA,SF,,False,False
44437076,154073,794503,636,6211235,Andrew Wiggins,MIA,SF,,False,False
44437077,154073,900535,633,6220336,OG Anunoby,NYK,PF,,False,False
44437078,154073,900535,465,6220336,OG Anunoby,NYK,PF,,False,False
44437079,154073,900535,636,6220336,OG Anunoby,NYK,PF,,False,False
44437080,154073,794508,633,6220330,Joel Embiid,PHI,C,,False,False
44437081,154073,794508,465,6220330,Joel Embiid,PHI,C,,False,False
44437082,154073,794508,636,6220330,Joel Embiid,PHI,C,,False,False
44437083,154073,1231161,633,6220342,Keegan Murray,SAC,PF,,False,False
44437084,154073,1231161,465,6220342,Keegan Murray,SAC,PF,,False,False
44437085,154073,1231161,636,6220342,Keegan Murray,SAC,PF,,False,False
44437086,154073,1060351,633,6220342,Sandro Mamukelashvili,LAL,PF,,False,False
44437087,154073,1060351,465,6220342,Sandro Mamukelashvili,LAL,PF,,False,False
44437088,154073,1060351,636,6220342,Sandro Mamukelashvili,LAL,PF,,False,False
44437089,154073,1138653,633,6211235,Saddiq Bey,NOP,SF,,False,False
44437090,154073,1138653,465,6211235,Saddiq Bey,NOP,SF,,False,False
44437091,154073,1138653,636,6211235,Saddiq Bey,NOP,SF,,False,False
44437092,154073,1061659,464,6211235,Davion Mitchell,MIA,PG,,False,False
44437093,154073,1061659,465,6211235,Davion Mitchell,MIA,PG,,False,False
44437094,154073,1061659,636,6211235,Davion Mitchell,MIA,PG,,False,False
44437095,154073,1232529,464,6220342,Nique Clifford,SAC,SG,,False,False
44437096,154073,1232529,465,6220342,Nique Clifford,SAC,SG,,False,False
44437097,154073,1232529,636,6220342,Nique Clifford,SAC,SG,,False,False
44437098,154073,1061642,464,6220342,Collin Sexton,LAL,SG,,False,False
44437099,154073,1061642,465,6220342,Collin Sexton,LAL,SG,,False,False
44437100,154073,1061642,636,6220342,Collin Sexton,LAL,SG,,False,False
44437101,154073,1460113,464,6220336,Kyshawn George,WAS,SG,,False,False
44437102,154073,1460113,465,6220336,Kyshawn George,WAS,SG,,False,False
44437103,154073,1460113,636,6220336,Kyshawn George,WAS,SG,,False,False
44437104,154073,1326453,633,6220342,Maxime Raynaud,SAC,C,,False,False
44437105,154073,1326453,465,6220342,Maxime Raynaud,SAC,C,,False,False
44437106,154073,1326453,636,6220342,Maxime Raynaud,SAC,C,,False,False
44437107,154073,1326502,633,6211229,Peyton Watson,CLE,SF,,False,False
44437108,154073,1326502,465,6211229,Peyton Watson,CLE,SF,,False,False
44437109,154073,1326502,636,6211229,Peyton Watson,CLE,SF,,False,False
44437110,154073,1593658,464,6220330,Mikel Brown Jr.,BKN,PG,,False,False
44437111,154073,1593658,465,6220330,Mikel Brown Jr.,BKN,PG,,False,False
44437112,154073,1593658,636,6220330,Mikel Brown Jr.,BKN,PG,,False,False
44437113,154073,1134174,633,6211241,Keldon Johnson,SAS,SF,,False,False
44437114,154073,1134174,465,6211241,Keldon Johnson,SAS,SF,,False,False
44437115,154073,1134174,636,6211241,Keldon Johnson,SAS,SF,,False,False
44437116,154073,1251665,633,6220342,Dylan Cardwell,SAC,C,,False,False
44437117,154073,1251665,465,6220342,Dylan Cardwell,SAC,C,,False,False
44437118,154073,1251665,636,6220342,Dylan Cardwell,SAC,C,,False,False
44437119,154073,1523978,464,6220330,Egor Demin,BKN,SG,,False,False
44437120,154073,1523978,465,6220330,Egor Demin,BKN,SG,,False,False
44437121,154073,1523978,636,6220330,Egor Demin,BKN,SG,,False,False
44437122,154073,1593959,464,6211241,Kingston Flemings,ATL,PG,,False,False
44437123,154073,1593959,465,6211241,Kingston Flemings,ATL,PG,,False,False
44437124,154073,1593959,636,6211241,Kingston Flemings,ATL,PG,,False,False
44437125,154073,469218,633,6211229,Paul George,BOS,SF,,False,False
44437126,154073,469218,465,6211229,Paul George,BOS,SF,,False,False
44437127,154073,469218,636,6211229,Paul George,BOS,SF,,False,False
44437128,154073,743777,464,6220342,Zach LaVine,SAC,SG,,False,False
44437129,154073,743777,465,6220342,Zach LaVine,SAC,SG,,False,False
44437130,154073,743777,636,6220342,Zach LaVine,SAC,SG,,False,False
44437131,154073,1132051,633,6211241,Devin Vassell,SAS,SF,,False,False
44437132,154073,1132051,465,6211241,Devin Vassell,SAS,SF,,False,False
44437133,154073,1132051,636,6211241,Devin Vassell,SAS,SF,,False,False
44437134,154073,1142902,633,6211229,Neemias Queta,BOS,C,,False,False
44437135,154073,1142902,465,6211229,Neemias Queta,BOS,C,,False,False
44437136,154073,1142902,636,6211229,Neemias Queta,BOS,C,,False,False
44437137,154073,1458495,633,6211235,Yves Missi,NOP,C,,False,False
44437138,154073,1458495,465,6211235,Yves Missi,NOP,C,,False,False
44437139,154073,1458495,636,6211235,Yves Missi,NOP,C,,False,False
44437140,154073,750703,633,6211235,Bobby Portis,MIA,PF,,False,False
44437141,154073,750703,465,6211235,Bobby Portis,MIA,PF,,False,False
44437142,154073,750703,636,6211235,Bobby Portis,MIA,PF,,False,False
44437143,154073,1175125,633,6220342,Jake LaRavia,LAL,PF,,False,False
44437144,154073,1175125,465,6220342,Jake LaRavia,LAL,PF,,False,False
44437145,154073,1175125,636,6220342,Jake LaRavia,LAL,PF,,False,False
44437146,154073,1176070,633,6211241,Julian Champagnie,SAS,PF,,False,False
44437147,154073,1176070,465,6211241,Julian Champagnie,SAS,PF,,False,False
44437148,154073,1176070,636,6211241,Julian Champagnie,SAS,PF,,False,False
44437149,154073,1231950,633,6211235,Pelle Larsson,MIA,SF,,False,False
44437150,154073,1231950,465,6211235,Pelle Larsson,MIA,SF,,False,False
44437151,154073,1231950,636,6211235,Pelle Larsson,MIA,SF,,False,False
44437152,154073,552523,633,6211241,Tobias Harris,SAS,PF,,False,False
44437153,154073,552523,465,6211241,Tobias Harris,SAS,PF,,False,False
44437154,154073,552523,636,6211241,Tobias Harris,SAS,PF,,False,False
44437155,154073,1175124,633,6220342,Precious Achiuwa,SAC,PF,,False,False
44437156,154073,1175124,465,6220342,Precious Achiuwa,SAC,PF,,False,False
44437157,154073,1175124,636,6220342,Precious Achiuwa,SAC,PF,,False,False
44437158,154073,1061638,633,6211235,Herbert Jones,NOP,SF,,False,False
44437159,154073,1061638,465,6211235,Herbert Jones,NOP,SF,,False,False
44437160,154073,1061638,636,6211235,Herbert Jones,NOP,SF,,False,False
44437161,154073,1121307,464,6220330,Anfernee Simons,PHI,SG,,False,False
44437162,154073,1121307,465,6220330,Anfernee Simons,PHI,SG,,False,False
44437163,154073,1121307,636,6220330,Anfernee Simons,PHI,SG,,False,False
44437164,154073,1061507,633,6220336,Deandre Ayton,WAS,C,,False,False
44437165,154073,1061507,465,6220336,Deandre Ayton,WAS,C,,False,False
44437166,154073,1061507,636,6220336,Deandre Ayton,WAS,C,,False,False
44437167,154073,1133788,633,6211241,Aaron Wiggins,ATL,SF,,False,False
44437168,154073,1133788,465,6211241,Aaron Wiggins,ATL,SF,,False,False
44437169,154073,1133788,636,6211241,Aaron Wiggins,ATL,SF,,False,False
44437170,154073,551771,464,6211235,Tim Hardaway Jr.,MIA,SG,,False,False
44437171,154073,551771,465,6211235,Tim Hardaway Jr.,MIA,SG,,False,False
44437172,154073,551771,636,6211235,Tim Hardaway Jr.,MIA,SG,,False,False
44437173,154073,922378,633,6211229,Sam Hauser,BOS,SF,,False,False
44437174,154073,922378,465,6211229,Sam Hauser,BOS,SF,,False,False
44437175,154073,922378,636,6211229,Sam Hauser,BOS,SF,,False,False
44437176,154073,1076265,633,6211229,Mitchell Robinson,BOS,C,,False,False
44437177,154073,1076265,465,6211229,Mitchell Robinson,BOS,C,,False,False
44437178,154073,1076265,636,6211229,Mitchell Robinson,BOS,C,,False,False
44437179,154073,1077554,464,6211241,Corey Kispert,ATL,SG,,False,False
44437180,154073,1077554,465,6211241,Corey Kispert,ATL,SG,,False,False
44437181,154073,1077554,636,6211241,Corey Kispert,ATL,SG,,False,False
44437182,154073,1243718,464,6220330,Caleb Love,PHI,PG,,False,False
44437183,154073,1243718,465,6220330,Caleb Love,PHI,PG,,False,False
44437184,154073,1243718,636,6220330,Caleb Love,PHI,PG,,False,False
44437185,154073,1324634,633,6220342,Dalton Knecht,LAL,SF,,False,False
44437186,154073,1324634,465,6220342,Dalton Knecht,LAL,SF,,False,False
44437187,154073,1324634,636,6220342,Dalton Knecht,LAL,SF,,False,False
44437188,154073,1437526,633,6220336,Bilal Coulibaly,WAS,SF,,False,False
44437189,154073,1437526,465,6220336,Bilal Coulibaly,WAS,SF,,False,False
44437190,154073,1437526,636,6220336,Bilal Coulibaly,WAS,SF,,False,False
44437191,154073,1460336,464,6220336,Bub Carrington,WAS,PG,,False,False
44437192,154073,1460336,465,6220336,Bub Carrington,WAS,PG,,False,False
44437193,154073,1460336,636,6220336,Bub Carrington,WAS,PG,,False,False
44437194,154073,1546380,464,6220336,Tre Johnson,WAS,SG,,False,False
44437195,154073,1546380,465,6220336,Tre Johnson,WAS,SG,,False,False
44437196,154073,1546380,636,6220336,Tre Johnson,WAS,SG,,False,False
44437197,154073,614746,633,6220336,Andre Drummond,NYK,C,,False,False
44437198,154073,614746,465,6220336,Andre Drummond,NYK,C,,False,False
44437199,154073,614746,636,6220336,Andre Drummond,NYK,C,,False,False
44437200,154073,1342747,633,6211229,Jaylon Tyson,CLE,SF,,False,False
44437201,154073,1342747,465,6211229,Jaylon Tyson,CLE,SF,,False,False
44437202,154073,1342747,636,6211229,Jaylon Tyson,CLE,SF,,False,False
44437203,154073,1463593,464,6220342,Bronny James,LAL,PG,,False,False
44437204,154073,1463593,465,6220342,Bronny James,LAL,PG,,False,False
44437205,154073,1463593,636,6220342,Bronny James,LAL,PG,,False,False
44437206,154073,957492,464,6220342,Malik Monk,SAC,PG,,False,False
44437207,154073,957492,465,6220342,Malik Monk,SAC,PG,,False,False
44437208,154073,957492,636,6220342,Malik Monk,SAC,PG,,False,False
44437209,154073,745923,633,6211241,Luke Kornet,SAS,C,,False,False
44437210,154073,745923,465,6211241,Luke Kornet,SAS,C,,False,False
44437211,154073,745923,636,6211241,Luke Kornet,SAS,C,,False,False
44437212,154073,942857,633,6220342,De'Andre Hunter,SAC,SF,,False,False
44437213,154073,942857,465,6220342,De'Andre Hunter,SAC,SF,,False,False
44437214,154073,942857,636,6220342,De'Andre Hunter,SAC,SF,,False,False
44437215,154073,1408189,633,6220342,Adou Thiero,LAL,SF,,False,False
44437216,154073,1408189,465,6220342,Adou Thiero,LAL,SF,,False,False
44437217,154073,1408189,636,6220342,Adou Thiero,LAL,SF,,False,False
44437218,154073,1524332,633,6211241,Asa Newell,ATL,PF,,False,False
44437219,154073,1524332,465,6211241,Asa Newell,ATL,PF,,False,False
44437220,154073,1524332,636,6211241,Asa Newell,ATL,PF,,False,False
44437221,154073,1350567,633,6220330,Adem Bona,PHI,C,,False,False
44437222,154073,1350567,465,6220330,Adem Bona,PHI,C,,False,False
44437223,154073,1350567,636,6220330,Adem Bona,PHI,C,,False,False
44437224,154073,1232601,633,6220342,Chris Manon,LAL,SF,,False,False
44437225,154073,1232601,465,6220342,Chris Manon,LAL,SF,,False,False
44437226,154073,1232601,636,6220342,Chris Manon,LAL,SF,,False,False
44437227,154073,1403617,464,6220342,Emanuel Sharp,SAC,SG,,False,False
44437228,154073,1403617,465,6220342,Emanuel Sharp,SAC,SG,,False,False
44437229,154073,1403617,636,6220342,Emanuel Sharp,SAC,SG,,False,False
44437230,154073,1460958,633,6220342,Cameron Carr,LAL,SF,,False,False
44437231,154073,1460958,465,6220342,Cameron Carr,LAL,SF,,False,False
44437232,154073,1460958,636,6220342,Cameron Carr,LAL,SF,,False,False
44437233,154073,1590554,464,6220330,Ben Saraf,BKN,PG,,False,False
44437234,154073,1590554,465,6220330,Ben Saraf,BKN,PG,,False,False
44437235,154073,1590554,636,6220330,Ben Saraf,BKN,PG,,False,False
44437236,154073,1134693,464,6211241,Luguentz Dort,ATL,SG,,False,False
44437237,154073,1134693,465,6211241,Luguentz Dort,ATL,SG,,False,False
44437238,154073,1134693,636,6211241,Luguentz Dort,ATL,SG,,False,False
44437239,154073,1177129,464,6211229,Baylor Scheierman,BOS,SG,,False,False
44437240,154073,1177129,465,6211229,Baylor Scheierman,BOS,SG,,False,False
44437241,154073,1177129,636,6211229,Baylor Scheierman,BOS,SG,,False,False
44437242,154073,1231442,633,6220330,Dillon Jones,PHI,SF,,False,False
44437243,154073,1231442,465,6220330,Dillon Jones,PHI,SF,,False,False
44437244,154073,1231442,636,6220330,Dillon Jones,PHI,SF,,False,False
44437245,154073,1239596,464,6211235,Bennedict Mathurin,NOP,SG,,False,False
44437246,154073,1239596,465,6211235,Bennedict Mathurin,NOP,SG,,False,False
44437247,154073,1239596,636,6211235,Bennedict Mathurin,NOP,SG,,False,False
44437248,154073,1343051,464,6211235,Bez Mbeng,MIA,PG,,False,False
44437249,154073,1343051,465,6211235,Bez Mbeng,MIA,PG,,False,False
44437250,154073,1343051,636,6211235,Bez Mbeng,MIA,PG,,False,False
44437251,154073,1401380,633,6220330,Noah Clowney,BKN,PF,,False,False
44437252,154073,1401380,465,6220330,Noah Clowney,BKN,PF,,False,False
44437253,154073,1401380,636,6220330,Noah Clowney,BKN,PF,,False,False
44437254,154073,1538604,633,6211241,Carter Bryant,SAS,SF,,False,False
44437255,154073,1538604,465,6211241,Carter Bryant,SAS,SF,,False,False
44437256,154073,1538604,636,6211241,Carter Bryant,SAS,SF,,False,False
44437257,154073,1590550,464,6220330,Nolan Traore,BKN,PG,,False,False
44437258,154073,1590550,465,6220330,Nolan Traore,BKN,PG,,False,False
44437259,154073,1590550,636,6220330,Nolan Traore,BKN,PG,,False,False
44437260,154073,457611,464,6211235,Klay Thompson,MIA,SG,,False,False
44437261,154073,457611,465,6211235,Klay Thompson,MIA,SG,,False,False
44437262,154073,457611,636,6211235,Klay Thompson,MIA,SG,,False,False
44437263,154073,552336,633,6211241,Harrison Barnes,SAS,PF,,False,False
44437264,154073,552336,465,6211241,Harrison Barnes,SAS,PF,,False,False
44437265,154073,552336,636,6211241,Harrison Barnes,SAS,PF,,False,False
44437266,154073,880677,633,6220330,Dean Wade,PHI,PF,,False,False
44437267,154073,880677,465,6220330,Dean Wade,PHI,PF,,False,False
44437268,154073,880677,636,6220330,Dean Wade,PHI,PF,,False,False
44437269,154073,953106,464,6211229,Sam Merrill,CLE,SG,,False,False
44437270,154073,953106,465,6211229,Sam Merrill,CLE,SG,,False,False
44437271,154073,953106,636,6211229,Sam Merrill,CLE,SG,,False,False
44437272,154073,1067671,464,6211235,Jordan Poole,NOP,PG,,False,False
44437273,154073,1067671,465,6211235,Jordan Poole,NOP,PG,,False,False
44437274,154073,1067671,636,6211235,Jordan Poole,NOP,PG,,False,False
44437275,154073,1175260,633,6220336,Justin Champagnie,WAS,PF,,False,False
44437276,154073,1175260,465,6220336,Justin Champagnie,WAS,PF,,False,False
44437277,154073,1175260,636,6220336,Justin Champagnie,WAS,PF,,False,False
44437278,154073,1231210,633,6220330,Keon Ellis,BKN,SF,,False,False
44437279,154073,1231210,465,6220330,Keon Ellis,BKN,SF,,False,False
44437280,154073,1231210,636,6220330,Keon Ellis,BKN,SF,,False,False
44437281,154073,1415928,633,6220330,Danny Wolf,BKN,C,,False,False
44437282,154073,1415928,465,6220330,Danny Wolf,BKN,C,,False,False
44437283,154073,1415928,636,6220330,Danny Wolf,BKN,C,,False,False
44437284,154073,1590553,464,6211229,Hugo Gonzalez,BOS,SG,,False,False
44437285,154073,1590553,465,6211229,Hugo Gonzalez,BOS,SG,,False,False
44437286,154073,1590553,636,6211229,Hugo Gonzalez,BOS,SG,,False,False
44437287,154073,1350809,633,6220336,Tristan Vukcevic,WAS,C,,False,False
44437288,154073,1350809,465,6220336,Tristan Vukcevic,WAS,C,,False,False
44437289,154073,1350809,636,6220336,Tristan Vukcevic,WAS,C,,False,False
44437290,154073,846499,633,6220342,Kevon Looney,LAL,C,,False,False
44437291,154073,846499,465,6220342,Kevon Looney,LAL,C,,False,False
44437292,154073,846499,636,6220342,Kevon Looney,LAL,C,,False,False
44437293,154073,850308,633,6211241,Jock Landale,ATL,C,,False,False
44437294,154073,850308,465,6211241,Jock Landale,ATL,C,,False,False
44437295,154073,850308,636,6211241,Jock Landale,ATL,C,,False,False
44437296,154073,1067852,633,6220342,Jarred Vanderbilt,LAL,PF,,False,False
44437297,154073,1067852,465,6220342,Jarred Vanderbilt,LAL,PF,,False,False
44437298,154073,1067852,636,6220342,Jarred Vanderbilt,LAL,PF,,False,False
44437299,154073,1067853,633,6211235,Nick Richards,MIA,C,,False,False
44437300,154073,1067853,465,6211235,Nick Richards,MIA,C,,False,False
44437301,154073,1067853,636,6211235,Nick Richards,MIA,C,,False,False
44437302,154073,1175084,464,6220336,Miles McBride,NYK,PG,,False,False
44437303,154073,1175084,465,6220336,Miles McBride,NYK,PG,,False,False
44437304,154073,1175084,636,6220336,Miles McBride,NYK,PG,,False,False
44437305,154073,1232517,633,6220330,Jabari Walker,PHI,SF,,False,False
44437306,154073,1232517,465,6220330,Jabari Walker,PHI,SF,,False,False
44437307,154073,1232517,636,6220330,Jabari Walker,PHI,SF,,False,False
44437308,154073,1314104,633,6211235,Simone Fontecchio,MIA,PF,,False,False
44437309,154073,1314104,465,6211235,Simone Fontecchio,MIA,PF,,False,False
44437310,154073,1314104,636,6211235,Simone Fontecchio,MIA,PF,,False,False
44437311,154073,1365403,633,6220342,Alex Karaban,SAC,SF,,False,False
44437312,154073,1365403,465,6220342,Alex Karaban,SAC,SF,,False,False
44437313,154073,1365403,636,6220342,Alex Karaban,SAC,SF,,False,False
44437314,154073,1408243,633,6211241,Tarris Reed Jr.,SAS,C,,False,False
44437315,154073,1408243,465,6211241,Tarris Reed Jr.,SAS,C,,False,False
44437316,154073,1408243,636,6211241,Tarris Reed Jr.,SAS,C,,False,False
44437317,154073,1520672,633,6220336,Will Riley,WAS,SF,,False,False
44437318,154073,1520672,465,6220336,Will Riley,WAS,SF,,False,False
44437319,154073,1520672,636,6220336,Will Riley,WAS,SF,,False,False
44437320,154073,953243,464,6211235,Dru Smith,MIA,PG,,False,False
44437321,154073,953243,465,6211235,Dru Smith,MIA,PG,,False,False
44437322,154073,953243,636,6211235,Dru Smith,MIA,PG,,False,False
44437323,154073,1408439,633,6220330,Joshua Jefferson,BKN,PF,,False,False
44437324,154073,1408439,465,6220330,Joshua Jefferson,BKN,PF,,False,False
44437325,154073,1408439,636,6220330,Joshua Jefferson,BKN,PF,,False,False
44437326,154073,1419291,633,6220330,Dominick Barlow,PHI,PF,,False,False
44437327,154073,1419291,465,6220330,Dominick Barlow,PHI,PF,,False,False
44437328,154073,1419291,636,6220330,Dominick Barlow,PHI,PF,,False,False
44437329,154073,512053,633,6220336,Khris Middleton,WAS,PF,,False,False
44437330,154073,512053,465,6220336,Khris Middleton,WAS,PF,,False,False
44437331,154073,512053,636,6220336,Khris Middleton,WAS,PF,,False,False
44437332,154073,602730,633,6220330,Kentavious Caldwell-Pope,PHI,SF,,False,False
44437333,154073,602730,465,6220330,Kentavious Caldwell-Pope,PHI,SF,,False,False
44437334,154073,602730,636,6220330,Kentavious Caldwell-Pope,PHI,SF,,False,False
44437335,154073,1063236,464,6220342,Daeqwon Plowden,SAC,SG,,False,False
44437336,154073,1063236,465,6220342,Daeqwon Plowden,SAC,SG,,False,False
44437337,154073,1063236,636,6220342,Daeqwon Plowden,SAC,SG,,False,False
44437338,154073,1349630,633,6211235,Nikola Jovic,MIA,C,,False,False
44437339,154073,1349630,465,6211235,Nikola Jovic,MIA,C,,False,False
44437340,154073,1349630,636,6211235,Nikola Jovic,MIA,C,,False,False
44437341,154073,1349638,633,6211235,Karlo Matkovic,NOP,C,,False,False
44437342,154073,1349638,465,6211235,Karlo Matkovic,NOP,C,,False,False
44437343,154073,1349638,636,6211235,Karlo Matkovic,NOP,C,,False,False
44437344,154073,1405618,464,6211235,Ryan Conwell,MIA,SG,,False,False
44437345,154073,1405618,465,6211235,Ryan Conwell,MIA,SG,,False,False
44437346,154073,1405618,636,6211235,Ryan Conwell,MIA,SG,,False,False
44437347,154073,1416382,633,6211241,Zuby Ejiofor,ATL,C,,False,False
44437348,154073,1416382,465,6211241,Zuby Ejiofor,ATL,C,,False,False
44437349,154073,1416382,636,6211241,Zuby Ejiofor,ATL,C,,False,False
44437350,154073,1500956,464,6220336,Pacome Dadiet,NYK,SG,,False,False
44437351,154073,1500956,465,6220336,Pacome Dadiet,NYK,SG,,False,False
44437352,154073,1500956,636,6220336,Pacome Dadiet,NYK,SG,,False,False
44437353,154073,1519152,464,6220330,Labaron Philon Jr.,PHI,PG,,False,False
44437354,154073,1519152,465,6220330,Labaron Philon Jr.,PHI,PG,,False,False
44437355,154073,1519152,636,6220330,Labaron Philon Jr.,PHI,PG,,False,False
44437356,154073,1542179,464,6220330,Drake Powell,BKN,SG,,False,False
44437357,154073,1542179,465,6220330,Drake Powell,BKN,SG,,False,False
44437358,154073,1542179,636,6220330,Drake Powell,BKN,SG,,False,False
44437359,154073,884169,633,6220342,Matisse Thybulle,LAL,PF,,False,False
44437360,154073,884169,465,6220342,Matisse Thybulle,LAL,PF,,False,False
44437361,154073,884169,636,6220342,Matisse Thybulle,LAL,PF,,False,False
44437362,154073,1232056,464,6220336,Jamir Watkins,WAS,SG,,False,False
44437363,154073,1232056,465,6220336,Jamir Watkins,WAS,SG,,False,False
44437364,154073,1232056,636,6220336,Jamir Watkins,WAS,SG,,False,False
44437365,154073,551975,633,6220336,Jordan Clarkson,NYK,SF,,False,False
44437366,154073,551975,465,6220336,Jordan Clarkson,NYK,SF,,False,False
44437367,154073,551975,636,6220336,Jordan Clarkson,NYK,SF,,False,False
44437368,154073,879504,464,6220330,Terance Mann,BKN,SG,,False,False
44437369,154073,879504,465,6220330,Terance Mann,BKN,SG,,False,False
44437370,154073,879504,636,6220330,Terance Mann,BKN,SG,,False,False
44437371,154073,896601,633,6211229,Thomas Bryant,CLE,C,,False,False
44437372,154073,896601,465,6211229,Thomas Bryant,CLE,C,,False,False
44437373,154073,896601,636,6211229,Thomas Bryant,CLE,C,,False,False
44437374,154073,941834,633,6220336,Bruce Brown,NYK,SF,,False,False
44437375,154073,941834,465,6220336,Bruce Brown,NYK,SF,,False,False
44437376,154073,941834,636,6220336,Bruce Brown,NYK,SF,,False,False
44437377,154073,1176529,633,6211235,Trendon Watford,NOP,PF,,False,False
44437378,154073,1176529,465,6211235,Trendon Watford,NOP,PF,,False,False
44437379,154073,1176529,636,6211235,Trendon Watford,NOP,PF,,False,False
44437380,154073,1340755,464,6211229,Devin Carter,BOS,PG,,False,False
44437381,154073,1340755,465,6211229,Devin Carter,BOS,PG,,False,False
44437382,154073,1340755,636,6211229,Devin Carter,BOS,PG,,False,False
44437383,154073,1401388,633,6211229,Jordan Walsh,BOS,PF,,False,False
44437384,154073,1401388,465,6211229,Jordan Walsh,BOS,PF,,False,False
44437385,154073,1401388,636,6211229,Jordan Walsh,BOS,PF,,False,False
44437386,154073,1401394,464,6211235,Tre Donaldson,MIA,PG,,False,False
44437387,154073,1401394,465,6211235,Tre Donaldson,MIA,PG,,False,False
44437388,154073,1401394,636,6211235,Tre Donaldson,MIA,PG,,False,False
44437389,154073,1433295,464,6220330,Rayan Rupert,PHI,SG,,False,False
44437390,154073,1433295,465,6220330,Rayan Rupert,PHI,SG,,False,False
44437391,154073,1433295,636,6220330,Rayan Rupert,PHI,SG,,False,False
44437392,154073,1060919,464,6220336,Jose Alvarado,NYK,PG,,False,False
44437393,154073,1060919,465,6220336,Jose Alvarado,NYK,PG,,False,False
44437394,154073,1060919,636,6220336,Jose Alvarado,NYK,PG,,False,False
44437395,154073,1523620,633,6211241,Jayden Quaintance,SAS,C,,False,False
44437396,154073,1523620,465,6211241,Jayden Quaintance,SAS,C,,False,False
44437397,154073,1523620,636,6211241,Jayden Quaintance,SAS,C,,False,False
44437398,154073,329468,464,6211229,Mike Conley,BOS,PG,,False,False
44437399,154073,329468,465,6211229,Mike Conley,BOS,PG,,False,False
44437400,154073,329468,636,6211229,Mike Conley,BOS,PG,,False,False
44437401,154073,606701,633,6211241,Dorian Finney-Smith,ATL,SF,,False,False
44437402,154073,606701,465,6211241,Dorian Finney-Smith,ATL,SF,,False,False
44437403,154073,606701,636,6211241,Dorian Finney-Smith,ATL,SF,,False,False
44437404,154073,893100,464,6220336,Landry Shamet,NYK,SG,,False,False
44437405,154073,893100,465,6220336,Landry Shamet,NYK,SG,,False,False
44437406,154073,893100,636,6220336,Landry Shamet,NYK,SG,,False,False
44437407,154073,1061057,633,6211229,Luka Garza,BOS,C,,False,False
44437408,154073,1061057,465,6211229,Luka Garza,BOS,C,,False,False
44437409,154073,1061057,636,6211229,Luka Garza,BOS,C,,False,False
44437410,154073,1174936,464,6220330,Jameer Nelson Jr.,PHI,PG,,False,False
44437411,154073,1174936,465,6220330,Jameer Nelson Jr.,PHI,PG,,False,False
44437412,154073,1174936,636,6220330,Jameer Nelson Jr.,PHI,PG,,False,False
44437413,154073,1175356,464,6220336,Tre Mann,WAS,PG,,False,False
44437414,154073,1175356,465,6220336,Tre Mann,WAS,PG,,False,False
44437415,154073,1175356,636,6220336,Tre Mann,WAS,PG,,False,False
44437416,154073,1236197,464,6211229,Craig Porter Jr.,CLE,PG,,False,False
44437417,154073,1236197,465,6211229,Craig Porter Jr.,CLE,PG,,False,False
44437418,154073,1236197,636,6211229,Craig Porter Jr.,CLE,PG,,False,False
44437419,154073,1324299,633,6220330,Josh Minott,BKN,SF,,False,False
44437420,154073,1324299,465,6220330,Josh Minott,BKN,SF,,False,False
44437421,154073,1324299,636,6220330,Josh Minott,BKN,SF,,False,False
44437422,154073,1357748,633,6220342,Jaden Hardy,LAL,SF,,False,False
44437423,154073,1357748,465,6220342,Jaden Hardy,LAL,SF,,False,False
44437424,154073,1357748,636,6220342,Jaden Hardy,LAL,SF,,False,False
44437425,154073,1403628,633,6211229,Nae'Qwan Tomlin,CLE,PF,,False,False
44437426,154073,1403628,465,6211229,Nae'Qwan Tomlin,CLE,PF,,False,False
44437427,154073,1403628,636,6211229,Nae'Qwan Tomlin,CLE,PF,,False,False
44437428,154073,1404902,633,6220342,Jonathan Mogbo,SAC,C,,False,False
44437429,154073,1404902,465,6220342,Jonathan Mogbo,SAC,C,,False,False
44437430,154073,1404902,636,6220342,Jonathan Mogbo,SAC,C,,False,False
44437431,154073,1437712,633,6220336,Mohamed Diawara,NYK,PF,,False,False
44437432,154073,1437712,465,6220336,Mohamed Diawara,NYK,PF,,False,False
44437433,154073,1437712,636,6220336,Mohamed Diawara,NYK,PF,,False,False
44437434,154073,1465002,633,6220330,Justin Edwards,PHI,SF,,False,False
44437435,154073,1465002,465,6220330,Justin Edwards,PHI,SF,,False,False
44437436,154073,1465002,636,6220330,Justin Edwards,PHI,SF,,False,False
44437437,154073,1591014,464,6211229,Meleek Thomas,CLE,SG,,False,False
44437438,154073,1591014,465,6211229,Meleek Thomas,CLE,SG,,False,False
44437439,154073,1591014,636,6211229,Meleek Thomas,CLE,SG,,False,False
44437440,154073,1325101,633,6211241,Mouhamed Gueye,ATL,PF,,False,False
44437441,154073,1325101,465,6211241,Mouhamed Gueye,ATL,PF,,False,False
44437442,154073,1325101,636,6211241,Mouhamed Gueye,ATL,PF,,False,False
44437443,154073,1413173,633,6211241,Henri Veesaar,ATL,C,,False,False
44437444,154073,1413173,465,6211241,Henri Veesaar,ATL,C,,False,False
44437445,154073,1413173,636,6211241,Henri Veesaar,ATL,C,,False,False
44437446,154073,398142,633,6211235,DeAndre Jordan,NOP,C,,False,False
44437447,154073,398142,465,6211235,DeAndre Jordan,NOP,C,,False,False
44437448,154073,398142,636,6211235,DeAndre Jordan,NOP,C,,False,False
44437449,154073,604290,633,6220336,Anthony Gill,WAS,C,,False,False
44437450,154073,604290,465,6220336,Anthony Gill,WAS,C,,False,False
44437451,154073,604290,636,6220336,Anthony Gill,WAS,C,,False,False
44437452,154073,882387,633,6220330,Moritz Wagner,BKN,C,,False,False
44437453,154073,882387,465,6220330,Moritz Wagner,BKN,C,,False,False
44437454,154073,882387,636,6220330,Moritz Wagner,BKN,C,,False,False
44437455,154073,883573,633,6220336,Drew Eubanks,NYK,PF,,False,False
44437456,154073,883573,465,6220336,Drew Eubanks,NYK,PF,,False,False
44437457,154073,883573,636,6220336,Drew Eubanks,NYK,PF,,False,False
44437458,154073,950065,633,6220336,Tony Bradley,NYK,C,,False,False
44437459,154073,950065,465,6220336,Tony Bradley,NYK,C,,False,False
44437460,154073,950065,636,6220336,Tony Bradley,NYK,C,,False,False
44437461,154073,1132831,633,6220336,Ochai Agbaji,NYK,SF,,False,False
44437462,154073,1132831,465,6220336,Ochai Agbaji,NYK,SF,,False,False
44437463,154073,1132831,636,6220336,Ochai Agbaji,NYK,SF,,False,False
44437464,154073,1197462,464,6211235,Myron Gardner,MIA,SG,,False,False
44437465,154073,1197462,465,6211235,Myron Gardner,MIA,SG,,False,False
44437466,154073,1197462,636,6211235,Myron Gardner,MIA,SG,,False,False
44437467,154073,1232325,464,6220336,Tyler Kolek,NYK,PG,,False,False
44437468,154073,1232325,465,6220336,Tyler Kolek,NYK,PG,,False,False
44437469,154073,1232325,636,6220336,Tyler Kolek,NYK,PG,,False,False
44437470,154073,1243726,464,6211241,Taelon Peter,SAS,SG,,False,False
44437471,154073,1243726,465,6211241,Taelon Peter,SAS,SG,,False,False
44437472,154073,1243726,636,6211241,Taelon Peter,SAS,SG,,False,False
44437473,154073,1324081,633,6220330,Saint Thomas,PHI,SF,,False,False
44437474,154073,1324081,465,6220330,Saint Thomas,PHI,SF,,False,False
44437475,154073,1324081,636,6220330,Saint Thomas,PHI,SF,,False,False
44437476,154073,1324323,633,6211235,Bryce McGowens,NOP,SF,,False,False
44437477,154073,1324323,465,6211235,Bryce McGowens,NOP,SF,,False,False
44437478,154073,1324323,636,6211235,Bryce McGowens,NOP,SF,,False,False
44437479,154073,1324361,633,6211235,Caleb Houstan,NOP,SF,,False,False
44437480,154073,1324361,465,6211235,Caleb Houstan,NOP,SF,,False,False
44437481,154073,1324361,636,6211235,Caleb Houstan,NOP,SF,,False,False
44437482,154073,1502175,464,6211235,AJ Johnson,NOP,SG,,False,False
44437483,154073,1502175,465,6211235,AJ Johnson,NOP,SG,,False,False
44437484,154073,1502175,636,6211235,AJ Johnson,NOP,SG,,False,False
44437485,154073,1231313,464,6220342,Ziaire Williams,LAL,SG,,False,False
44437486,154073,1231313,465,6220342,Ziaire Williams,LAL,SG,,False,False
44437487,154073,1231313,636,6220342,Ziaire Williams,LAL,SG,,False,False
44437488,154073,1350535,633,6220330,Ariel Hukporti,PHI,C,,False,False
44437489,154073,1350535,465,6220330,Ariel Hukporti,PHI,C,,False,False
44437490,154073,1350535,636,6220330,Ariel Hukporti,PHI,C,,False,False
44437491,154073,844465,464,6211241,Jordan McLaughlin,SAS,PG,,False,False
44437492,154073,844465,465,6211241,Jordan McLaughlin,SAS,PG,,False,False
44437493,154073,844465,636,6211241,Jordan McLaughlin,SAS,PG,,False,False
44437494,154073,1133934,464,6211229,Ron Harper Jr.,BOS,SG,,False,False
44437495,154073,1133934,465,6211229,Ron Harper Jr.,BOS,SG,,False,False
44437496,154073,1133934,636,6211229,Ron Harper Jr.,BOS,SG,,False,False
44437497,154073,1138380,633,6220342,Leaky Black,SAC,SF,,False,False
44437498,154073,1138380,465,6220342,Leaky Black,SAC,SF,,False,False
44437499,154073,1138380,636,6220342,Leaky Black,SAC,SF,,False,False
44437500,154073,1156809,633,6220336,Kevin McCullar Jr.,NYK,PF,,False,False
44437501,154073,1156809,465,6220336,Kevin McCullar Jr.,NYK,PF,,False,False
44437502,154073,1156809,636,6220336,Kevin McCullar Jr.,NYK,PF,,False,False
44437503,154073,1174884,633,6211241,Jalen Wilson,ATL,SF,,False,False
44437504,154073,1174884,465,6211241,Jalen Wilson,ATL,SF,,False,False
44437505,154073,1174884,636,6211241,Jalen Wilson,ATL,SF,,False,False
44437506,154073,1174887,633,6211229,Tristan Enaruna,CLE,SF,,False,False
44437507,154073,1174887,465,6211229,Tristan Enaruna,CLE,SF,,False,False
44437508,154073,1174887,636,6211229,Tristan Enaruna,CLE,SF,,False,False
44437509,154073,1193674,633,6211235,Christian Koloko,NOP,C,,False,False
44437510,154073,1193674,465,6211235,Christian Koloko,NOP,C,,False,False
44437511,154073,1193674,636,6211235,Christian Koloko,NOP,C,,False,False
44437512,154073,1194704,464,6211241,RayJ Dennis,ATL,PG,,False,False
44437513,154073,1194704,465,6211241,RayJ Dennis,ATL,PG,,False,False
44437514,154073,1194704,636,6211241,RayJ Dennis,ATL,PG,,False,False
44437515,154073,1230369,464,6220336,Reece Beekman,WAS,PG,,False,False
44437516,154073,1230369,465,6220336,Reece Beekman,WAS,PG,,False,False
44437517,154073,1230369,636,6220336,Reece Beekman,WAS,PG,,False,False
44437518,154073,1232028,633,6211229,Amari Williams,BOS,C,,False,False
44437519,154073,1232028,465,6211229,Amari Williams,BOS,C,,False,False
44437520,154073,1232028,636,6211229,Amari Williams,BOS,C,,False,False
44437521,154073,1323685,464,6211229,Curtis Jones,CLE,PG,,False,False
44437522,154073,1323685,465,6211229,Curtis Jones,CLE,PG,,False,False
44437523,154073,1323685,636,6211229,Curtis Jones,CLE,PG,,False,False
44437524,154073,1324350,464,6211235,Kobe Bufkin,NOP,PG,,False,False
44437525,154073,1324350,465,6211235,Kobe Bufkin,NOP,PG,,False,False
44437526,154073,1324350,636,6211235,Kobe Bufkin,NOP,PG,,False,False
44437527,154073,1324442,633,6211235,Julian Reese,NOP,PF,,False,False
44437528,154073,1324442,465,6211235,Julian Reese,NOP,PF,,False,False
44437529,154073,1324442,636,6211235,Julian Reese,NOP,PF,,False,False
44437530,154073,1403594,464,6211229,Tyrese Proctor,CLE,SG,,False,False
44437531,154073,1403594,465,6211229,Tyrese Proctor,CLE,SG,,False,False
44437532,154073,1403594,636,6211229,Tyrese Proctor,CLE,SG,,False,False
44437533,154073,1475170,633,6220330,Chaney Johnson,BKN,C,,False,False
44437534,154073,1475170,465,6220330,Chaney Johnson,BKN,C,,False,False
44437535,154073,1475170,636,6220330,Chaney Johnson,BKN,C,,False,False
44437536,154073,886391,633,6220342,Ben Simmons,SAC,SF,,False,False
44437537,154073,886391,465,6220342,Ben Simmons,SAC,SF,,False,False
44437538,154073,886391,636,6220342,Ben Simmons,SAC,SF,,False,False
44437539,154073,1177278,633,6211235,Keshad Johnson,MIA,SF,,False,False
44437540,154073,1177278,465,6211235,Keshad Johnson,MIA,SF,,False,False
44437541,154073,1177278,636,6211235,Keshad Johnson,MIA,SF,,False,False
44437542,154073,840595,633,6211229,Mario Hezonja,CLE,SF,,False,False
44437543,154073,840595,465,6211229,Mario Hezonja,CLE,SF,,False,False
44437544,154073,840595,636,6211229,Mario Hezonja,CLE,SF,,False,False
44437545,154073,1174846,464,6220342,Tristen Newton,SAC,SG,,False,False
44437546,154073,1174846,465,6220342,Tristen Newton,SAC,SG,,False,False
44437547,154073,1174846,636,6220342,Tristen Newton,SAC,SG,,False,False
44437548,154073,1175120,633,6220336,James Wiseman,NYK,C,,False,False
44437549,154073,1175120,465,6220336,James Wiseman,NYK,C,,False,False
44437550,154073,1175120,636,6220336,James Wiseman,NYK,C,,False,False
44437551,154073,1193615,633,6211229,Rashaun Agee,CLE,SF,,False,False
44437552,154073,1193615,465,6211229,Rashaun Agee,CLE,SF,,False,False
44437553,154073,1193615,636,6211229,Rashaun Agee,CLE,SF,,False,False
44437554,154073,1231489,464,6211229,Kadary Richmond,CLE,SG,,False,False
44437555,154073,1231489,465,6211229,Kadary Richmond,CLE,SG,,False,False
44437556,154073,1231489,636,6211229,Kadary Richmond,CLE,SG,,False,False
44437557,154073,1232497,633,6220330,Grant Nelson,BKN,C,,False,False
44437558,154073,1232497,465,6220330,Grant Nelson,BKN,C,,False,False
44437559,154073,1232497,636,6220330,Grant Nelson,BKN,C,,False,False
44437560,154073,1241594,633,6211235,Vladislav Goldin,MIA,C,,False,False
44437561,154073,1241594,465,6211235,Vladislav Goldin,MIA,C,,False,False
44437562,154073,1241594,636,6211235,Vladislav Goldin,MIA,C,,False,False
44437563,154073,1323990,464,6220336,Trevor Keels,WAS,SG,,False,False
44437564,154073,1323990,465,6220336,Trevor Keels,WAS,SG,,False,False
44437565,154073,1323990,636,6220336,Trevor Keels,WAS,SG,,False,False
44437566,154073,1327829,464,6211241,Keshon Gilbert,ATL,PG,,False,False
44437567,154073,1327829,465,6211241,Keshon Gilbert,ATL,PG,,False,False
44437568,154073,1327829,636,6211241,Keshon Gilbert,ATL,PG,,False,False
44437569,154073,1408196,633,6220336,Chris Livingston,WAS,SF,,False,False
44437570,154073,1408196,465,6220336,Chris Livingston,WAS,SF,,False,False
44437571,154073,1408196,636,6220336,Chris Livingston,WAS,SF,,False,False
44437572,154073,1482016,633,6211229,Riley Minix,CLE,SF,,False,False
44437573,154073,1482016,465,6211229,Riley Minix,CLE,SF,,False,False
44437574,154073,1482016,636,6211229,Riley Minix,CLE,SF,,False,False
44437575,154073,1482267,464,6211229,Hayden Gray,BOS,PG,,False,False
44437576,154073,1482267,465,6211229,Hayden Gray,BOS,PG,,False,False
44437577,154073,1482267,636,6211229,Hayden Gray,BOS,PG,,False,False
44437578,154073,1269060,464,6211241,David Jones-Garcia,SAS,PG,,False,False
44437579,154073,1269060,465,6211241,David Jones-Garcia,SAS,PG,,False,False
44437580,154073,1269060,636,6211241,David Jones-Garcia,SAS,PG,,False,False
44437581,154073,851888,464,6211241,Jon Elmore,SAS,PG,,False,False
44437582,154073,851888,465,6211241,Jon Elmore,SAS,PG,,False,False
44437583,154073,851888,636,6211241,Jon Elmore,SAS,PG,,False,False
44437584,154073,1232444,633,6211235,J'Vonne Hadley,MIA,SF,,False,False
44437585,154073,1232444,465,6211235,J'Vonne Hadley,MIA,SF,,False,False
44437586,154073,1232444,636,6211235,J'Vonne Hadley,MIA,SF,,False,False
44437587,154073,1243722,464,6211241,RJ Davis,SAS,PG,,False,False
44437588,154073,1243722,465,6211241,RJ Davis,SAS,PG,,False,False
44437589,154073,1243722,636,6211241,RJ Davis,SAS,PG,,False,False
44437590,154073,1250004,633,6220330,Dain Dainja,BKN,C,,False,False
44437591,154073,1250004,465,6220330,Dain Dainja,BKN,C,,False,False
44437592,154073,1250004,636,6220330,Dain Dainja,BKN,C,,False,False
44437593,154073,1253428,633,6211229,Zack Austin,CLE,SF,,False,False
44437594,154073,1253428,465,6211229,Zack Austin,CLE,SF,,False,False
44437595,154073,1253428,636,6211229,Zack Austin,CLE,SF,,False,False
44437596,154073,1323682,633,6211235,Ian Schieffelin,MIA,PF,,False,False
44437597,154073,1323682,465,6211235,Ian Schieffelin,MIA,PF,,False,False
44437598,154073,1323682,636,6211235,Ian Schieffelin,MIA,PF,,False,False
44437599,154073,1340218,633,6211229,Tucker DeVries,BOS,SF,,False,False
44437600,154073,1340218,465,6211229,Tucker DeVries,BOS,SF,,False,False
44437601,154073,1340218,636,6211229,Tucker DeVries,BOS,SF,,False,False
44437602,154073,1340701,464,6220336,Jaden Akins,NYK,PG,,False,False
44437603,154073,1340701,465,6220336,Jaden Akins,NYK,PG,,False,False
44437604,154073,1340701,636,6220336,Jaden Akins,NYK,PG,,False,False
44437605,154073,1350414,633,6211229,Khalifa Diop,CLE,C,,False,False
44437606,154073,1350414,465,6211229,Khalifa Diop,CLE,C,,False,False
44437607,154073,1350414,636,6211229,Khalifa Diop,CLE,C,,False,False
44437608,154073,1405418,464,6211229,Milos Uzan,BOS,PG,,False,False
44437609,154073,1405418,465,6211229,Milos Uzan,BOS,PG,,False,False
44437610,154073,1405418,636,6211229,Milos Uzan,BOS,PG,,False,False
44437611,154073,1405617,633,6220342,William Kyle,LAL,SF,,False,False
44437612,154073,1405617,465,6220342,William Kyle,LAL,SF,,False,False
44437613,154073,1405617,636,6220342,William Kyle,LAL,SF,,False,False
44437614,154073,1481728,633,6220330,Ben Humrichous,BKN,SF,,False,False
44437615,154073,1481728,465,6220330,Ben Humrichous,BKN,SF,,False,False
44437616,154073,1481728,636,6220330,Ben Humrichous,BKN,SF,,False,False
44437617,154073,1593958,633,6211229,Christopher Cenac Jr.,BOS,PF,,False,False
44437618,154073,1593958,465,6211229,Christopher Cenac Jr.,BOS,PF,,False,False
44437619,154073,1593958,636,6211229,Christopher Cenac Jr.,BOS,PF,,False,False
44437620,154073,879498,633,6220330,Tacko Fall,PHI,C,,False,False
44437621,154073,879498,465,6220330,Tacko Fall,PHI,C,,False,False
44437622,154073,879498,636,6220330,Tacko Fall,PHI,C,,False,False
44437623,154073,1323635,633,6220342,Arthur Kaluma,LAL,PF,,False,False
44437624,154073,1323635,465,6220342,Arthur Kaluma,LAL,PF,,False,False
44437625,154073,1323635,636,6220342,Arthur Kaluma,LAL,PF,,False,False
44437626,154073,1076185,633,6211241,Malik Williams,SAS,C,,False,False
44437627,154073,1076185,465,6211241,Malik Williams,SAS,C,,False,False
44437628,154073,1076185,636,6211241,Malik Williams,SAS,C,,False,False
44437629,154073,1138651,633,6220342,Cole Swider,LAL,PF,,False,False
44437630,154073,1138651,465,6220342,Cole Swider,LAL,PF,,False,False
44437631,154073,1138651,636,6220342,Cole Swider,LAL,PF,,False,False
44437632,154073,1232314,464,6220330,Duke Miles,PHI,PG,,False,False
44437633,154073,1232314,465,6220330,Duke Miles,PHI,PG,,False,False
44437634,154073,1232314,636,6220330,Duke Miles,PHI,PG,,False,False
44437635,154073,1243588,464,6211235,Jaron Pierre Jr.,NOP,SG,,False,False
44437636,154073,1243588,465,6211235,Jaron Pierre Jr.,NOP,SG,,False,False
44437637,154073,1243588,636,6211235,Jaron Pierre Jr.,NOP,SG,,False,False
44437638,154073,1348259,464,6211241,Kobe Johnson,ATL,PG,,False,False
44437639,154073,1348259,465,6211241,Kobe Johnson,ATL,PG,,False,False
44437640,154073,1348259,636,6211241,Kobe Johnson,ATL,PG,,False,False
44437641,154073,1402299,633,6211241,Cameron Corhen,ATL,SF,,False,False
44437642,154073,1402299,465,6211241,Cameron Corhen,ATL,SF,,False,False
44437643,154073,1402299,636,6211241,Cameron Corhen,ATL,SF,,False,False
44437644,154073,1405461,633,6220330,Tyler Bilodeau,BKN,PF,,False,False
44437645,154073,1405461,465,6220330,Tyler Bilodeau,BKN,PF,,False,False
44437646,154073,1405461,636,6220330,Tyler Bilodeau,BKN,PF,,False,False
44437647,154073,1406012,633,6211235,Malik Dia,NOP,PF,,False,False
44437648,154073,1406012,465,6211235,Malik Dia,NOP,PF,,False,False
44437649,154073,1406012,636,6211235,Malik Dia,NOP,PF,,False,False
44437650,154073,1408135,633,6211241,Maliq Brown,SAS,PF,,False,False
44437651,154073,1408135,465,6211241,Maliq Brown,SAS,PF,,False,False
44437652,154073,1408135,636,6211241,Maliq Brown,SAS,PF,,False,False
44437653,154073,1416381,633,6211229,Ernest Udeh Jr.,CLE,C,,False,False
44437654,154073,1416381,465,6211229,Ernest Udeh Jr.,CLE,C,,False,False
44437655,154073,1416381,636,6211229,Ernest Udeh Jr.,CLE,C,,False,False
44437656,154073,1427004,633,6220342,AK Okereke,LAL,PF,,False,False
44437657,154073,1427004,465,6220342,AK Okereke,LAL,PF,,False,False
44437658,154073,1427004,636,6220342,AK Okereke,LAL,PF,,False,False
44437659,154073,1406026,464,6211241,Isaac McKneely,ATL,PG,,False,False
44437660,154073,1406026,465,6211241,Isaac McKneely,ATL,PG,,False,False
44437661,154073,1406026,636,6211241,Isaac McKneely,ATL,PG,,False,False
44437662,154073,608661,464,6220342,Elfrid Payton,SAC,PG,,False,False
44437663,154073,608661,465,6220342,Elfrid Payton,SAC,PG,,False,False
44437664,154073,608661,636,6220342,Elfrid Payton,SAC,PG,,False,False
44437665,154073,1135289,633,6211229,Gabe McGlothan,BOS,SF,,False,False
44437666,154073,1135289,465,6211229,Gabe McGlothan,BOS,SF,,False,False
44437667,154073,1135289,636,6211229,Gabe McGlothan,BOS,SF,,False,False
44437668,154073,1136581,464,6220342,Adam Flagler,SAC,PG,,False,False
44437669,154073,1136581,465,6220342,Adam Flagler,SAC,PG,,False,False
44437670,154073,1136581,636,6220342,Adam Flagler,SAC,PG,,False,False
44437671,154073,1175110,464,6211235,Lester Quinones,MIA,SG,,False,False
44437672,154073,1175110,465,6211235,Lester Quinones,MIA,SG,,False,False
44437673,154073,1175110,636,6211235,Lester Quinones,MIA,SG,,False,False
44437674,154073,1401391,464,6211241,Ja'Kobi Gillespie,SAS,PG,,False,False
44437675,154073,1401391,465,6211241,Ja'Kobi Gillespie,SAS,PG,,False,False
44437676,154073,1401391,636,6211241,Ja'Kobi Gillespie,SAS,PG,,False,False
44437677,154073,1405046,633,6220336,Tyler Nickel,NYK,SF,,False,False
44437678,154073,1405046,465,6220336,Tyler Nickel,NYK,SF,,False,False
44437679,154073,1405046,636,6220336,Tyler Nickel,NYK,SF,,False,False
44437680,154073,1408158,633,6211229,Dillon Mitchell,BOS,SF,,False,False
44437681,154073,1408158,465,6211229,Dillon Mitchell,BOS,SF,,False,False
44437682,154073,1408158,636,6211229,Dillon Mitchell,BOS,SF,,False,False
44437683,154073,1408273,633,6220336,Felix Okpara,WAS,C,,False,False
44437684,154073,1408273,465,6220336,Felix Okpara,WAS,C,,False,False
44437685,154073,1408273,636,6220336,Felix Okpara,WAS,C,,False,False
