draftable_id,draft_group_id,player_id,roster_slot_id,competition_id,name,team,position_name,salary,is_disabled,is_swappable
44462448,154926,1373356,462,6220360,Victor Wembanyama,SAS,C,9400.0,False,True
44462449,154926,1373356,465,6220360,Victor Wembanyama,SAS,C,9400.0,False,True
44462450,154926,739957,461,6211259,Giannis Antetokounmpo,MIA,PF,9200.0,False,True
44462451,154926,739957,463,6211259,Giannis Antetokounmpo,MIA,PF,9200.0,False,True
44462452,154926,739957,465,6211259,Giannis Antetokounmpo,MIA,PF,9200.0,False,True
44462453,154926,1230356,461,6211253,Jalen Johnson,ATL,PF,9100.0,False,True
44462454,154926,1230356,463,6211253,Jalen Johnson,ATL,PF,9100.0,False,True
44462455,154926,1230356,465,6211253,Jalen Johnson,ATL,PF,9100.0,False,True
44462456,154926,1232182,458,6220354,Cade Cunningham,DET,PG,9000.0,False,True
44462457,154926,1232182,464,6220354,Cade Cunningham,DET,PG,9000.0,False,True
44462458,154926,1232182,465,6220354,Cade Cunningham,DET,PG,9000.0,False,True
44462459,154926,214152,461,6211265,LeBron James,PHI,PF,8900.0,False,True
44462460,154926,214152,463,6211265,LeBron James,PHI,PF,8900.0,False,True
44462461,154926,214152,465,6211265,LeBron James,PHI,PF,8900.0,False,True
44462462,154926,937647,461,6211265,Jayson Tatum,BOS,PF,8700.0,False,True
44462463,154926,937647,463,6211265,Jayson Tatum,BOS,PF,8700.0,False,True
44462464,154926,937647,465,6211265,Jayson Tatum,BOS,PF,8700.0,False,True
44462465,154926,883436,460,6211265,Jaylen Brown,PHI,SF,8600.0,False,True
44462466,154926,883436,463,6211265,Jaylen Brown,PHI,SF,8600.0,False,True
44462467,154926,883436,465,6211265,Jaylen Brown,PHI,SF,8600.0,False,True
44462468,154926,794508,462,6211265,Joel Embiid,PHI,C,8500.0,False,True
44462469,154926,794508,465,6211265,Joel Embiid,PHI,C,8500.0,False,True
44462470,154926,1186160,458,6211265,Tyrese Maxey,PHI,PG,8400.0,False,True
44462471,154926,1186160,464,6211265,Tyrese Maxey,PHI,PG,8400.0,False,True
44462472,154926,1186160,465,6211265,Tyrese Maxey,PHI,PG,8400.0,False,True
44462473,154926,957486,462,6211259,Bam Adebayo,MIA,C,8300.0,False,True
44462474,154926,957486,465,6211259,Bam Adebayo,MIA,C,8300.0,False,True
44462475,154926,845564,458,6220360,Devin Booker,PHX,PG/SG,8200.0,False,True
44462476,154926,845564,459,6220360,Devin Booker,PHX,PG/SG,8200.0,False,True
44462477,154926,845564,464,6220360,Devin Booker,PHX,PG/SG,8200.0,False,True
44462478,154926,845564,465,6220360,Devin Booker,PHX,PG/SG,8200.0,False,True
44462479,154926,603096,461,6220354,Anthony Davis,WAS,PF,8100.0,False,True
44462480,154926,603096,463,6220354,Anthony Davis,WAS,PF,8100.0,False,True
44462481,154926,603096,465,6220354,Anthony Davis,WAS,PF,8100.0,False,True
44462482,154926,338365,458,6211271,Stephen Curry,GSW,PG,8000.0,False,True
44462483,154926,338365,464,6211271,Stephen Curry,GSW,PG,8000.0,False,True
44462484,154926,338365,465,6211271,Stephen Curry,GSW,PG,8000.0,False,True
44462485,154926,1175367,459,6211259,Anthony Edwards,MIN,SG,7900.0,False,True
44462486,154926,1175367,464,6211259,Anthony Edwards,MIN,SG,7900.0,False,True
44462487,154926,1175367,465,6211259,Anthony Edwards,MIN,SG,7900.0,False,True
44462488,154926,1257420,458,6211259,LaMelo Ball,MIN,PG,7800.0,False,True
44462489,154926,1257420,464,6211259,LaMelo Ball,MIN,PG,7800.0,False,True
44462490,154926,1257420,465,6211259,LaMelo Ball,MIN,PG,7800.0,False,True
44462491,154926,850111,462,6211271,Domantas Sabonis,SAC,C,7700.0,False,True
44462492,154926,850111,465,6211271,Domantas Sabonis,SAC,C,7700.0,False,True
44462493,154926,469218,460,6211265,Paul George,BOS,SF/PF,7600.0,False,True
44462494,154926,469218,461,6211265,Paul George,BOS,SF/PF,7600.0,False,True
44462495,154926,469218,463,6211265,Paul George,BOS,SF/PF,7600.0,False,True
44462496,154926,469218,465,6211265,Paul George,BOS,SF/PF,7600.0,False,True
44462497,154926,853408,461,6211253,Pascal Siakam,IND,PF,7500.0,False,True
44462498,154926,853408,463,6211253,Pascal Siakam,IND,PF,7500.0,False,True
44462499,154926,853408,465,6211253,Pascal Siakam,IND,PF,7500.0,False,True
44462500,154926,1344765,462,6220354,Jalen Duren,DET,C,7400.0,False,True
44462501,154926,1344765,465,6220354,Jalen Duren,DET,C,7400.0,False,True
44462502,154926,1271706,459,6220360,Jalen Green,PHX,SG,7300.0,False,True
44462503,154926,1271706,464,6220360,Jalen Green,PHX,SG,7300.0,False,True
44462504,154926,1271706,465,6220360,Jalen Green,PHX,SG,7300.0,False,True
44462505,154926,1060978,458,6220354,Trae Young,WAS,PG,7200.0,False,True
44462506,154926,1060978,464,6220354,Trae Young,WAS,PG,7200.0,False,True
44462507,154926,1060978,465,6220354,Trae Young,WAS,PG,7200.0,False,True
44462508,154926,1461118,459,6220360,Stephon Castle,SAS,SG,7100.0,False,True
44462509,154926,1461118,464,6220360,Stephon Castle,SAS,SG,7100.0,False,True
44462510,154926,1461118,465,6220360,Stephon Castle,SAS,SG,7100.0,False,True
44462511,154926,796009,458,6211265,Derrick White,BOS,PG/SG,7000.0,False,True
44462512,154926,796009,459,6211265,Derrick White,BOS,PG/SG,7000.0,False,True
44462513,154926,796009,464,6211265,Derrick White,BOS,PG/SG,7000.0,False,True
44462514,154926,796009,465,6211265,Derrick White,BOS,PG/SG,7000.0,False,True
44462515,154926,750703,461,6211259,Bobby Portis,MIA,PF/C,6900.0,False,True
44462516,154926,750703,462,6211259,Bobby Portis,MIA,PF/C,6900.0,False,True
44462517,154926,750703,463,6211259,Bobby Portis,MIA,PF/C,6900.0,False,True
44462518,154926,750703,465,6211259,Bobby Portis,MIA,PF/C,6900.0,False,True
44462519,154926,957489,458,6220360,De'Aaron Fox,SAS,PG,6800.0,False,True
44462520,154926,957489,464,6220360,De'Aaron Fox,SAS,PG,6800.0,False,True
44462521,154926,957489,465,6220360,De'Aaron Fox,SAS,PG,6800.0,False,True
44462522,154926,1324108,458,6211271,Brandin Podziemski,GSW,PG/SG,6700.0,False,True
44462523,154926,1324108,459,6211271,Brandin Podziemski,GSW,PG/SG,6700.0,False,True
44462524,154926,1324108,464,6211271,Brandin Podziemski,GSW,PG/SG,6700.0,False,True
44462525,154926,1324108,465,6211271,Brandin Podziemski,GSW,PG/SG,6700.0,False,True
44462526,154926,945610,458,6211265,Payton Pritchard,BOS,PG/SG,6600.0,False,True
44462527,154926,945610,459,6211265,Payton Pritchard,BOS,PG/SG,6600.0,False,True
44462528,154926,945610,464,6211265,Payton Pritchard,BOS,PG/SG,6600.0,False,True
44462529,154926,945610,465,6211265,Payton Pritchard,BOS,PG/SG,6600.0,False,True
44462530,154926,1519361,458,6211265,VJ Edgecombe,PHI,PG/SG,6500.0,False,True
44462531,154926,1519361,459,6211265,VJ Edgecombe,PHI,PG/SG,6500.0,False,True
44462532,154926,1519361,464,6211265,VJ Edgecombe,PHI,PG/SG,6500.0,False,True
44462533,154926,1519361,465,6211265,VJ Edgecombe,PHI,PG/SG,6500.0,False,True
44462534,154926,1067668,458,6211253,Nickeil Alexander-Walker,ATL,PG/SG,6400.0,False,True
44462535,154926,1067668,459,6211253,Nickeil Alexander-Walker,ATL,PG/SG,6400.0,False,True
44462536,154926,1067668,464,6211253,Nickeil Alexander-Walker,ATL,PG/SG,6400.0,False,True
44462537,154926,1067668,465,6211253,Nickeil Alexander-Walker,ATL,PG/SG,6400.0,False,True
44462538,154926,1520672,459,6220354,Will Riley,WAS,SG/SF,6300.0,False,True
44462539,154926,1520672,460,6220354,Will Riley,WAS,SG/SF,6300.0,False,True
44462540,154926,1520672,464,6220354,Will Riley,WAS,SG/SF,6300.0,False,True
44462541,154926,1520672,463,6220354,Will Riley,WAS,SG/SF,6300.0,False,True
44462542,154926,1520672,465,6220354,Will Riley,WAS,SG/SF,6300.0,False,True
44462543,154926,887661,458,6220360,Luke Kennard,PHX,PG/SG,6300.0,False,True
44462544,154926,887661,459,6220360,Luke Kennard,PHX,PG/SG,6300.0,False,True
44462545,154926,887661,464,6220360,Luke Kennard,PHX,PG/SG,6300.0,False,True
44462546,154926,887661,465,6220360,Luke Kennard,PHX,PG/SG,6300.0,False,True
44462547,154926,739960,462,6211259,Rudy Gobert,MIN,C,6200.0,False,True
44462548,154926,739960,465,6211259,Rudy Gobert,MIN,C,6200.0,False,True
44462549,154926,854601,460,6220360,Dillon Brooks,PHX,SF,6100.0,False,True
44462550,154926,854601,463,6220360,Dillon Brooks,PHX,SF,6100.0,False,True
44462551,154926,854601,465,6220360,Dillon Brooks,PHX,SF,6100.0,False,True
44462552,154926,1328253,458,6220360,Kennedy Chandler,PHX,PG,6100.0,False,True
44462553,154926,1328253,464,6220360,Kennedy Chandler,PHX,PG,6100.0,False,True
44462554,154926,1328253,465,6220360,Kennedy Chandler,PHX,PG,6100.0,False,True
44462555,154926,1429349,462,6220354,Alexandre Sarr,WAS,C,6000.0,False,True
44462556,154926,1429349,465,6220354,Alexandre Sarr,WAS,C,6000.0,False,True
44462557,154926,1133782,459,6211259,Ayo Dosunmu,MIN,SG/SF,6000.0,False,True
44462558,154926,1133782,460,6211259,Ayo Dosunmu,MIN,SG/SF,6000.0,False,True
44462559,154926,1133782,464,6211259,Ayo Dosunmu,MIN,SG/SF,6000.0,False,True
44462560,154926,1133782,463,6211259,Ayo Dosunmu,MIN,SG/SF,6000.0,False,True
44462561,154926,1133782,465,6211259,Ayo Dosunmu,MIN,SG/SF,6000.0,False,True
44462562,154926,1326453,462,6211271,Maxime Raynaud,SAC,C,5900.0,False,True
44462563,154926,1326453,465,6211271,Maxime Raynaud,SAC,C,5900.0,False,True
44462564,154926,877869,462,6211271,Kristaps Porzingis,GSW,C,5800.0,False,True
44462565,154926,877869,465,6211271,Kristaps Porzingis,GSW,C,5800.0,False,True
44462566,154926,1357745,458,6211253,Dyson Daniels,ATL,PG/SF,5800.0,False,True
44462567,154926,1357745,460,6211253,Dyson Daniels,ATL,PG/SF,5800.0,False,True
44462568,154926,1357745,464,6211253,Dyson Daniels,ATL,PG/SF,5800.0,False,True
44462569,154926,1357745,463,6211253,Dyson Daniels,ATL,PG/SF,5800.0,False,True
44462570,154926,1357745,465,6211253,Dyson Daniels,ATL,PG/SF,5800.0,False,True
44462571,154926,743777,459,6211271,Zach LaVine,SAC,SG,5800.0,False,True
44462572,154926,743777,464,6211271,Zach LaVine,SAC,SG,5800.0,False,True
44462573,154926,743777,465,6211271,Zach LaVine,SAC,SG,5800.0,False,True
44462574,154926,1458830,460,6211259,Cody Williams,MIN,SF/PF,5700.0,False,True
44462575,154926,1458830,461,6211259,Cody Williams,MIN,SF/PF,5700.0,False,True
44462576,154926,1458830,463,6211259,Cody Williams,MIN,SF/PF,5700.0,False,True
44462577,154926,1458830,465,6211259,Cody Williams,MIN,SF/PF,5700.0,False,True
44462578,154926,1177013,461,6211259,Jaden McDaniels,MIN,PF,5700.0,False,True
44462579,154926,1177013,463,6211259,Jaden McDaniels,MIN,PF,5700.0,False,True
44462580,154926,1177013,465,6211259,Jaden McDaniels,MIN,PF,5700.0,False,True
44462581,154926,1134158,458,6211253,Andrew Nembhard,IND,PG/SG,5600.0,False,True
44462582,154926,1134158,459,6211253,Andrew Nembhard,IND,PG/SG,5600.0,False,True
44462583,154926,1134158,464,6211253,Andrew Nembhard,IND,PG/SG,5600.0,False,True
44462584,154926,1134158,465,6211253,Andrew Nembhard,IND,PG/SG,5600.0,False,True
44462585,154926,1070352,458,6220360,Collin Gillespie,PHX,PG,5600.0,False,True
44462586,154926,1070352,464,6220360,Collin Gillespie,PHX,PG,5600.0,False,True
44462587,154926,1070352,465,6220360,Collin Gillespie,PHX,PG,5600.0,False,True
44462588,154926,1182387,458,6220354,Daniss Jenkins,DET,PG/SG,5500.0,False,True
44462589,154926,1182387,459,6220354,Daniss Jenkins,DET,PG/SG,5500.0,False,True
44462590,154926,1182387,464,6220354,Daniss Jenkins,DET,PG/SG,5500.0,False,True
44462591,154926,1182387,465,6220354,Daniss Jenkins,DET,PG/SG,5500.0,False,True
44462592,154926,1185367,462,6211253,Onyeka Okongwu,ATL,C,5500.0,False,True
44462593,154926,1185367,465,6211253,Onyeka Okongwu,ATL,C,5500.0,False,True
44462594,154926,1519362,458,6220360,Dylan Harper,SAS,PG/SG,5500.0,False,True
44462595,154926,1519362,459,6220360,Dylan Harper,SAS,PG/SG,5500.0,False,True
44462596,154926,1519362,464,6220360,Dylan Harper,SAS,PG/SG,5500.0,False,True
44462597,154926,1519362,465,6220360,Dylan Harper,SAS,PG/SG,5500.0,False,True
44462598,154926,1460113,459,6220354,Kyshawn George,WAS,SG,5500.0,False,True
44462599,154926,1460113,464,6220354,Kyshawn George,WAS,SG,5500.0,False,True
44462600,154926,1460113,465,6220354,Kyshawn George,WAS,SG,5500.0,False,True
44462601,154926,1340755,458,6211265,Devin Carter,BOS,PG,5500.0,False,True
44462602,154926,1340755,464,6211265,Devin Carter,BOS,PG,5500.0,False,True
44462603,154926,1340755,465,6211265,Devin Carter,BOS,PG,5500.0,False,True
44462604,154926,1232529,459,6211271,Nique Clifford,SAC,SG/SF,5400.0,False,True
44462605,154926,1232529,460,6211271,Nique Clifford,SAC,SG/SF,5400.0,False,True
44462606,154926,1232529,464,6211271,Nique Clifford,SAC,SG/SF,5400.0,False,True
44462607,154926,1232529,463,6211271,Nique Clifford,SAC,SG/SF,5400.0,False,True
44462608,154926,1232529,465,6211271,Nique Clifford,SAC,SG/SF,5400.0,False,True
44462609,154926,1402709,460,6211253,Jarace Walker,IND,SF,5400.0,False,True
44462610,154926,1402709,463,6211253,Jarace Walker,IND,SF,5400.0,False,True
44462611,154926,1402709,465,6211253,Jarace Walker,IND,SF,5400.0,False,True
44462612,154926,1437526,460,6220354,Bilal Coulibaly,WAS,SF,5300.0,False,True
44462613,154926,1437526,463,6220354,Bilal Coulibaly,WAS,SF,5300.0,False,True
44462614,154926,1437526,465,6220354,Bilal Coulibaly,WAS,SF,5300.0,False,True
44462615,154926,920093,462,6211253,Ivica Zubac,IND,C,5300.0,False,True
44462616,154926,920093,465,6211253,Ivica Zubac,IND,C,5300.0,False,True
44462617,154926,522878,458,6211253,CJ McCollum,ATL,PG,5300.0,False,True
44462618,154926,522878,464,6211253,CJ McCollum,ATL,PG,5300.0,False,True
44462619,154926,522878,465,6211253,CJ McCollum,ATL,PG,5300.0,False,True
44462620,154926,468895,461,6211271,Draymond Green,GSW,PF/C,5200.0,False,True
44462621,154926,468895,462,6211271,Draymond Green,GSW,PF/C,5200.0,False,True
44462622,154926,468895,463,6211271,Draymond Green,GSW,PF/C,5200.0,False,True
44462623,154926,468895,465,6211271,Draymond Green,GSW,PF/C,5200.0,False,True
44462624,154926,1175124,461,6211271,Precious Achiuwa,SAC,PF/C,5200.0,False,True
44462625,154926,1175124,462,6211271,Precious Achiuwa,SAC,PF/C,5200.0,False,True
44462626,154926,1175124,463,6211271,Precious Achiuwa,SAC,PF/C,5200.0,False,True
44462627,154926,1175124,465,6211271,Precious Achiuwa,SAC,PF/C,5200.0,False,True
44462628,154926,1231161,461,6211271,Keegan Murray,SAC,PF,5200.0,False,True
44462629,154926,1231161,463,6211271,Keegan Murray,SAC,PF,5200.0,False,True
44462630,154926,1231161,465,6211271,Keegan Murray,SAC,PF,5200.0,False,True
44462631,154926,1132051,460,6220360,Devin Vassell,SAS,SF,5100.0,False,True
44462632,154926,1132051,463,6220360,Devin Vassell,SAS,SF,5100.0,False,True
44462633,154926,1132051,465,6220360,Devin Vassell,SAS,SF,5100.0,False,True
44462634,154926,1391940,460,6211271,Gui Santos,GSW,SF/PF,5100.0,False,True
44462635,154926,1391940,461,6211271,Gui Santos,GSW,SF/PF,5100.0,False,True
44462636,154926,1391940,463,6211271,Gui Santos,GSW,SF/PF,5100.0,False,True
44462637,154926,1391940,465,6211271,Gui Santos,GSW,SF/PF,5100.0,False,True
44462638,154926,1460336,458,6220354,Bub Carrington,WAS,PG/SG,5100.0,False,True
44462639,154926,1460336,459,6220354,Bub Carrington,WAS,PG/SG,5100.0,False,True
44462640,154926,1460336,464,6220354,Bub Carrington,WAS,PG/SG,5100.0,False,True
44462641,154926,1460336,465,6220354,Bub Carrington,WAS,PG/SG,5100.0,False,True
44462642,154926,1134174,460,6220360,Keldon Johnson,SAS,SF/PF,5100.0,False,True
44462643,154926,1134174,461,6220360,Keldon Johnson,SAS,SF/PF,5100.0,False,True
44462644,154926,1134174,463,6220360,Keldon Johnson,SAS,SF/PF,5100.0,False,True
44462645,154926,1134174,465,6220360,Keldon Johnson,SAS,SF/PF,5100.0,False,True
44462646,154926,957479,461,6220360,Miles Bridges,PHX,PF,5000.0,False,True
44462647,154926,957479,463,6220360,Miles Bridges,PHX,PF,5000.0,False,True
44462648,154926,957479,465,6220360,Miles Bridges,PHX,PF,5000.0,False,True
44462649,154926,843271,459,6211253,Kelly Oubre Jr.,IND,SG/SF,5000.0,False,True
44462650,154926,843271,460,6211253,Kelly Oubre Jr.,IND,SG/SF,5000.0,False,True
44462651,154926,843271,464,6211253,Kelly Oubre Jr.,IND,SG/SF,5000.0,False,True
44462652,154926,843271,463,6211253,Kelly Oubre Jr.,IND,SG/SF,5000.0,False,True
44462653,154926,843271,465,6211253,Kelly Oubre Jr.,IND,SG/SF,5000.0,False,True
44462654,154926,1121307,458,6211265,Anfernee Simons,PHI,PG/SG,5000.0,False,True
44462655,154926,1121307,459,6211265,Anfernee Simons,PHI,PG/SG,5000.0,False,True
44462656,154926,1121307,464,6211265,Anfernee Simons,PHI,PG/SG,5000.0,False,True
44462657,154926,1121307,465,6211265,Anfernee Simons,PHI,PG/SG,5000.0,False,True
44462658,154926,1138380,460,6211271,Leaky Black,SAC,SF,5000.0,False,True
44462659,154926,1138380,463,6211271,Leaky Black,SAC,SF,5000.0,False,True
44462660,154926,1138380,465,6211271,Leaky Black,SAC,SF,5000.0,False,True
44462661,154926,1142902,462,6211265,Neemias Queta,BOS,C,5000.0,False,True
44462662,154926,1142902,465,6211265,Neemias Queta,BOS,C,5000.0,False,True
44462663,154926,1134688,458,6211271,Brandon Williams,GSW,PG,5000.0,False,True
44462664,154926,1134688,464,6211271,Brandon Williams,GSW,PG,5000.0,False,True
44462665,154926,1134688,465,6211271,Brandon Williams,GSW,PG,5000.0,False,True
44462666,154926,794503,460,6211259,Andrew Wiggins,MIA,SF/PF,4900.0,False,True
44462667,154926,794503,461,6211259,Andrew Wiggins,MIA,SF/PF,4900.0,False,True
44462668,154926,794503,463,6211259,Andrew Wiggins,MIA,SF/PF,4900.0,False,True
44462669,154926,794503,465,6211259,Andrew Wiggins,MIA,SF/PF,4900.0,False,True
44462670,154926,1061507,462,6220354,Deandre Ayton,WAS,C,4900.0,False,True
44462671,154926,1061507,465,6220354,Deandre Ayton,WAS,C,4900.0,False,True
44462672,154926,887915,458,6211259,Donte DiVincenzo,MIN,PG,4900.0,False,True
44462673,154926,887915,464,6211259,Donte DiVincenzo,MIN,PG,4900.0,False,True
44462674,154926,887915,465,6211259,Donte DiVincenzo,MIN,PG,4900.0,False,True
44462675,154926,1176070,461,6220360,Julian Champagnie,SAS,PF,4900.0,False,True
44462676,154926,1176070,463,6220360,Julian Champagnie,SAS,PF,4900.0,False,True
44462677,154926,1176070,465,6220360,Julian Champagnie,SAS,PF,4900.0,False,True
44462678,154926,946801,458,6211271,De'Anthony Melton,GSW,PG/SG,4900.0,False,True
44462679,154926,946801,459,6211271,De'Anthony Melton,GSW,PG/SG,4900.0,False,True
44462680,154926,946801,464,6211271,De'Anthony Melton,GSW,PG/SG,4900.0,False,True
44462681,154926,946801,465,6211271,De'Anthony Melton,GSW,PG/SG,4900.0,False,True
44462682,154926,1239611,459,6211271,Dalen Terry,GSW,SG,4900.0,False,True
44462683,154926,1239611,464,6211271,Dalen Terry,GSW,SG,4900.0,False,True
44462684,154926,1239611,465,6211271,Dalen Terry,GSW,SG,4900.0,False,True
44462685,154926,1350809,462,6220354,Tristan Vukcevic,WAS,C,4800.0,False,True
44462686,154926,1350809,465,6220354,Tristan Vukcevic,WAS,C,4800.0,False,True
44462687,154926,1177129,459,6211265,Baylor Scheierman,BOS,SG/SF,4800.0,False,True
44462688,154926,1177129,460,6211265,Baylor Scheierman,BOS,SG/SF,4800.0,False,True
44462689,154926,1177129,464,6211265,Baylor Scheierman,BOS,SG/SF,4800.0,False,True
44462690,154926,1177129,463,6211265,Baylor Scheierman,BOS,SG/SF,4800.0,False,True
44462691,154926,1177129,465,6211265,Baylor Scheierman,BOS,SG/SF,4800.0,False,True
44462692,154926,1406029,461,6220360,Ryan Dunn,PHX,PF,4800.0,False,True
44462693,154926,1406029,463,6220360,Ryan Dunn,PHX,PF,4800.0,False,True
44462694,154926,1406029,465,6220360,Ryan Dunn,PHX,PF,4800.0,False,True
44462695,154926,1433295,459,6211265,Rayan Rupert,PHI,SG/SF,4800.0,False,True
44462696,154926,1433295,460,6211265,Rayan Rupert,PHI,SG/SF,4800.0,False,True
44462697,154926,1433295,464,6211265,Rayan Rupert,PHI,SG/SF,4800.0,False,True
44462698,154926,1433295,463,6211265,Rayan Rupert,PHI,SG/SF,4800.0,False,True
44462699,154926,1433295,465,6211265,Rayan Rupert,PHI,SG/SF,4800.0,False,True
44462700,154926,1136744,458,6220354,EJ Harkless,DET,PG,4700.0,False,True
44462701,154926,1136744,464,6220354,EJ Harkless,DET,PG,4700.0,False,True
44462702,154926,1136744,465,6220354,EJ Harkless,DET,PG,4700.0,False,True
44462703,154926,1429338,460,6220354,Ausar Thompson,DET,SF,4700.0,False,True
44462704,154926,1429338,463,6220354,Ausar Thompson,DET,SF,4700.0,False,True
44462705,154926,1429338,465,6220354,Ausar Thompson,DET,SF,4700.0,False,True
44462706,154926,1061057,462,6211265,Luka Garza,BOS,C,4700.0,False,True
44462707,154926,1061057,465,6211265,Luka Garza,BOS,C,4700.0,False,True
44462708,154926,880468,461,6220354,John Collins,DET,PF/C,4600.0,False,True
44462709,154926,880468,462,6220354,John Collins,DET,PF/C,4600.0,False,True
44462710,154926,880468,463,6220354,John Collins,DET,PF/C,4600.0,False,True
44462711,154926,880468,465,6220354,John Collins,DET,PF/C,4600.0,False,True
44462712,154926,1063236,459,6211271,Daeqwon Plowden,SAC,SG/SF,4600.0,False,True
44462713,154926,1063236,460,6211271,Daeqwon Plowden,SAC,SG/SF,4600.0,False,True
44462714,154926,1063236,464,6211271,Daeqwon Plowden,SAC,SG/SF,4600.0,False,True
44462715,154926,1063236,463,6211271,Daeqwon Plowden,SAC,SG/SF,4600.0,False,True
44462716,154926,1063236,465,6211271,Daeqwon Plowden,SAC,SG/SF,4600.0,False,True
44462717,154926,1408158,460,6211265,Dillon Mitchell,BOS,SF,4600.0,False,True
44462718,154926,1408158,463,6211265,Dillon Mitchell,BOS,SF,4600.0,False,True
44462719,154926,1408158,465,6211265,Dillon Mitchell,BOS,SF,4600.0,False,True
44462720,154926,1405622,460,6220360,Rasheer Fleming,PHX,SF/PF,4600.0,False,True
44462721,154926,1405622,461,6220360,Rasheer Fleming,PHX,SF/PF,4600.0,False,True
44462722,154926,1405622,463,6220360,Rasheer Fleming,PHX,SF/PF,4600.0,False,True
44462723,154926,1405622,465,6220360,Rasheer Fleming,PHX,SF/PF,4600.0,False,True
44462724,154926,1175260,461,6220354,Justin Champagnie,WAS,PF,4500.0,False,True
44462725,154926,1175260,463,6220354,Justin Champagnie,WAS,PF,4500.0,False,True
44462726,154926,1175260,465,6220354,Justin Champagnie,WAS,PF,4500.0,False,True
44462727,154926,1178199,458,6211259,Bones Hyland,MIN,PG,4500.0,False,True
44462728,154926,1178199,464,6211259,Bones Hyland,MIN,PG,4500.0,False,True
44462729,154926,1178199,465,6211259,Bones Hyland,MIN,PG,4500.0,False,True
44462730,154926,1061659,458,6211259,Davion Mitchell,MIA,PG,4500.0,False,True
44462731,154926,1061659,464,6211259,Davion Mitchell,MIA,PG,4500.0,False,True
44462732,154926,1061659,465,6211259,Davion Mitchell,MIA,PG,4500.0,False,True
44462733,154926,1251665,461,6211271,Dylan Cardwell,SAC,PF/C,4500.0,False,True
44462734,154926,1251665,462,6211271,Dylan Cardwell,SAC,PF/C,4500.0,False,True
44462735,154926,1251665,463,6211271,Dylan Cardwell,SAC,PF/C,4500.0,False,True
44462736,154926,1251665,465,6211271,Dylan Cardwell,SAC,PF/C,4500.0,False,True
44462737,154926,1182148,459,6211259,Terrence Shannon Jr.,MIN,SG/SF,4500.0,False,True
44462738,154926,1182148,460,6211259,Terrence Shannon Jr.,MIN,SG/SF,4500.0,False,True
44462739,154926,1182148,464,6211259,Terrence Shannon Jr.,MIN,SG/SF,4500.0,False,True
44462740,154926,1182148,463,6211259,Terrence Shannon Jr.,MIN,SG/SF,4500.0,False,True
44462741,154926,1182148,465,6211259,Terrence Shannon Jr.,MIN,SG/SF,4500.0,False,True
44462742,154926,957492,458,6211271,Malik Monk,SAC,PG/SG,4500.0,False,True
44462743,154926,957492,459,6211271,Malik Monk,SAC,PG/SG,4500.0,False,True
44462744,154926,957492,464,6211271,Malik Monk,SAC,PG/SG,4500.0,False,True
44462745,154926,957492,465,6211271,Malik Monk,SAC,PG/SG,4500.0,False,True
44462746,154926,1232056,459,6220354,Jamir Watkins,WAS,SG,4500.0,False,True
44462747,154926,1232056,464,6220354,Jamir Watkins,WAS,SG,4500.0,False,True
44462748,154926,1232056,465,6220354,Jamir Watkins,WAS,SG,4500.0,False,True
44462749,154926,1343051,458,6211259,Bez Mbeng,MIA,PG/SG,4500.0,False,True
44462750,154926,1343051,459,6211259,Bez Mbeng,MIA,PG/SG,4500.0,False,True
44462751,154926,1343051,464,6211259,Bez Mbeng,MIA,PG/SG,4500.0,False,True
44462752,154926,1343051,465,6211259,Bez Mbeng,MIA,PG/SG,4500.0,False,True
44462753,154926,1076274,461,6211253,Obi Toppin,IND,PF,4500.0,False,True
44462754,154926,1076274,463,6211253,Obi Toppin,IND,PF,4500.0,False,True
44462755,154926,1076274,465,6211253,Obi Toppin,IND,PF,4500.0,False,True
44462756,154926,1323578,459,6211271,Will Richard,GSW,SG/SF,4500.0,False,True
44462757,154926,1323578,460,6211271,Will Richard,GSW,SG/SF,4500.0,False,True
44462758,154926,1323578,464,6211271,Will Richard,GSW,SG/SF,4500.0,False,True
44462759,154926,1323578,463,6211271,Will Richard,GSW,SG/SF,4500.0,False,True
44462760,154926,1323578,465,6211271,Will Richard,GSW,SG/SF,4500.0,False,True
44462761,154926,1401388,461,6211265,Jordan Walsh,BOS,PF,4500.0,False,True
44462762,154926,1401388,463,6211265,Jordan Walsh,BOS,PF,4500.0,False,True
44462763,154926,1401388,465,6211265,Jordan Walsh,BOS,PF,4500.0,False,True
44462764,154926,1465506,462,6220360,Khaman Maluach,PHX,C,4500.0,False,True
44462765,154926,1465506,465,6220360,Khaman Maluach,PHX,C,4500.0,False,True
44462766,154926,1593959,458,6211253,Kingston Flemings,ATL,PG,4500.0,False,True
44462767,154926,1593959,464,6211253,Kingston Flemings,ATL,PG,4500.0,False,True
44462768,154926,1593959,465,6211253,Kingston Flemings,ATL,PG,4500.0,False,True
44462769,154926,552523,461,6220360,Tobias Harris,SAS,PF,4400.0,False,True
44462770,154926,552523,463,6220360,Tobias Harris,SAS,PF,4400.0,False,True
44462771,154926,552523,465,6220360,Tobias Harris,SAS,PF,4400.0,False,True
44462772,154926,1062104,459,6220360,Jordan Goodwin,PHX,SG/SF,4400.0,False,True
44462773,154926,1062104,460,6220360,Jordan Goodwin,PHX,SG/SF,4400.0,False,True
44462774,154926,1062104,464,6220360,Jordan Goodwin,PHX,SG/SF,4400.0,False,True
44462775,154926,1062104,463,6220360,Jordan Goodwin,PHX,SG/SF,4400.0,False,True
44462776,154926,1062104,465,6220360,Jordan Goodwin,PHX,SG/SF,4400.0,False,True
44462777,154926,846407,459,6211271,Gary Payton II,GSW,SG/SF,4400.0,False,True
44462778,154926,846407,460,6211271,Gary Payton II,GSW,SG/SF,4400.0,False,True
44462779,154926,846407,464,6211271,Gary Payton II,GSW,SG/SF,4400.0,False,True
44462780,154926,846407,463,6211271,Gary Payton II,GSW,SG/SF,4400.0,False,True
44462781,154926,846407,465,6211271,Gary Payton II,GSW,SG/SF,4400.0,False,True
44462782,154926,1403617,459,6211271,Emanuel Sharp,SAC,SG,4400.0,False,True
44462783,154926,1403617,464,6211271,Emanuel Sharp,SAC,SG,4400.0,False,True
44462784,154926,1403617,465,6211271,Emanuel Sharp,SAC,SG,4400.0,False,True
44462785,154926,850308,462,6211253,Jock Landale,ATL,C,4400.0,False,True
44462786,154926,850308,465,6211253,Jock Landale,ATL,C,4400.0,False,True
44462787,154926,1195699,458,6211253,Quenton Jackson,IND,PG/SG,4300.0,False,True
44462788,154926,1195699,459,6211253,Quenton Jackson,IND,PG/SG,4300.0,False,True
44462789,154926,1195699,464,6211253,Quenton Jackson,IND,PG/SG,4300.0,False,True
44462790,154926,1195699,465,6211253,Quenton Jackson,IND,PG/SG,4300.0,False,True
44462791,154926,604290,461,6220354,Anthony Gill,WAS,PF/C,4300.0,False,True
44462792,154926,604290,462,6220354,Anthony Gill,WAS,PF/C,4300.0,False,True
44462793,154926,604290,463,6220354,Anthony Gill,WAS,PF/C,4300.0,False,True
44462794,154926,604290,465,6220354,Anthony Gill,WAS,PF/C,4300.0,False,True
44462795,154926,1271708,460,6211259,Jonathan Kuminga,MIN,SF/PF,4300.0,False,True
44462796,154926,1271708,461,6211259,Jonathan Kuminga,MIN,SF/PF,4300.0,False,True
44462797,154926,1271708,463,6211259,Jonathan Kuminga,MIN,SF/PF,4300.0,False,True
44462798,154926,1271708,465,6211259,Jonathan Kuminga,MIN,SF/PF,4300.0,False,True
44462799,154926,1590552,462,6211259,Joan Beringer,MIN,C,4300.0,False,True
44462800,154926,1590552,465,6211259,Joan Beringer,MIN,C,4300.0,False,True
44462801,154926,1230361,462,6220360,Mark Williams,PHX,C,4300.0,False,True
44462802,154926,1230361,465,6220360,Mark Williams,PHX,C,4300.0,False,True
44462803,154926,280587,462,6211271,Al Horford,GSW,C,4200.0,False,True
44462804,154926,280587,465,6211271,Al Horford,GSW,C,4200.0,False,True
44462805,154926,942843,462,6211253,Jay Huff,IND,C,4200.0,False,True
44462806,154926,942843,465,6211253,Jay Huff,IND,C,4200.0,False,True
44462807,154926,1135981,460,6211253,Jalen Slawson,IND,SF/PF,4200.0,False,True
44462808,154926,1135981,461,6211253,Jalen Slawson,IND,SF/PF,4200.0,False,True
44462809,154926,1135981,463,6211253,Jalen Slawson,IND,SF/PF,4200.0,False,True
44462810,154926,1135981,465,6211253,Jalen Slawson,IND,SF/PF,4200.0,False,True
44462811,154926,1465002,460,6211265,Justin Edwards,PHI,SF/PF,4200.0,False,True
44462812,154926,1465002,461,6211265,Justin Edwards,PHI,SF/PF,4200.0,False,True
44462813,154926,1465002,463,6211265,Justin Edwards,PHI,SF/PF,4200.0,False,True
44462814,154926,1465002,465,6211265,Justin Edwards,PHI,SF/PF,4200.0,False,True
44462815,154926,1232477,462,6220360,Oso Ighodaro,PHX,C,4200.0,False,True
44462816,154926,1232477,465,6220360,Oso Ighodaro,PHX,C,4200.0,False,True
44462817,154926,1519152,458,6211265,Labaron Philon Jr.,PHI,PG/SG,4200.0,False,True
44462818,154926,1519152,459,6211265,Labaron Philon Jr.,PHI,PG/SG,4200.0,False,True
44462819,154926,1519152,464,6211265,Labaron Philon Jr.,PHI,PG/SG,4200.0,False,True
44462820,154926,1519152,465,6211265,Labaron Philon Jr.,PHI,PG/SG,4200.0,False,True
44462821,154926,696209,461,6220354,Taurean Prince,DET,PF,4100.0,False,True
44462822,154926,696209,463,6220354,Taurean Prince,DET,PF,4100.0,False,True
44462823,154926,696209,465,6220354,Taurean Prince,DET,PF,4100.0,False,True
44462824,154926,1231950,459,6211259,Pelle Larsson,MIA,SG/SF,4100.0,False,True
44462825,154926,1231950,460,6211259,Pelle Larsson,MIA,SG/SF,4100.0,False,True
44462826,154926,1231950,464,6211259,Pelle Larsson,MIA,SG/SF,4100.0,False,True
44462827,154926,1231950,463,6211259,Pelle Larsson,MIA,SG/SF,4100.0,False,True
44462828,154926,1231950,465,6211259,Pelle Larsson,MIA,SG/SF,4100.0,False,True
44462829,154926,1076238,462,6220354,Paul Reed,DET,C,4100.0,False,True
44462830,154926,1076238,465,6220354,Paul Reed,DET,C,4100.0,False,True
44462831,154926,1133788,460,6211253,Aaron Wiggins,ATL,SF/PF,4100.0,False,True
44462832,154926,1133788,461,6211253,Aaron Wiggins,ATL,SF/PF,4100.0,False,True
44462833,154926,1133788,463,6211253,Aaron Wiggins,ATL,SF/PF,4100.0,False,True
44462834,154926,1133788,465,6211253,Aaron Wiggins,ATL,SF/PF,4100.0,False,True
44462835,154926,1324019,458,6211271,Miles Kelly,GSW,PG/SG,4100.0,False,True
44462836,154926,1324019,459,6211271,Miles Kelly,GSW,PG/SG,4100.0,False,True
44462837,154926,1324019,464,6211271,Miles Kelly,GSW,PG/SG,4100.0,False,True
44462838,154926,1324019,465,6211271,Miles Kelly,GSW,PG/SG,4100.0,False,True
44462839,154926,1197462,459,6211259,Myron Gardner,MIA,SG/SF,4100.0,False,True
44462840,154926,1197462,460,6211259,Myron Gardner,MIA,SG/SF,4100.0,False,True
44462841,154926,1197462,464,6211259,Myron Gardner,MIA,SG/SF,4100.0,False,True
44462842,154926,1197462,463,6211259,Myron Gardner,MIA,SG/SF,4100.0,False,True
44462843,154926,1197462,465,6211259,Myron Gardner,MIA,SG/SF,4100.0,False,True
44462844,154926,1591016,458,6211271,Darius Acuff Jr.,SAC,PG,4100.0,False,True
44462845,154926,1591016,464,6211271,Darius Acuff Jr.,SAC,PG,4100.0,False,True
44462846,154926,1591016,465,6211271,Darius Acuff Jr.,SAC,PG,4100.0,False,True
44462847,154926,1350567,462,6211265,Adem Bona,PHI,C,4100.0,False,True
44462848,154926,1350567,465,6211265,Adem Bona,PHI,C,4100.0,False,True
44462849,154926,1590553,459,6211265,Hugo Gonzalez,BOS,SG/SF,4100.0,False,True
44462850,154926,1590553,460,6211265,Hugo Gonzalez,BOS,SG/SF,4100.0,False,True
44462851,154926,1590553,464,6211265,Hugo Gonzalez,BOS,SG/SF,4100.0,False,True
44462852,154926,1590553,463,6211265,Hugo Gonzalez,BOS,SG/SF,4100.0,False,True
44462853,154926,1590553,465,6211265,Hugo Gonzalez,BOS,SG/SF,4100.0,False,True
44462854,154926,1231638,462,6211271,Graham Ike,GSW,C,4100.0,False,True
44462855,154926,1231638,465,6211271,Graham Ike,GSW,C,4100.0,False,True
44462856,154926,1524332,461,6211253,Asa Newell,ATL,PF/C,4000.0,False,True
44462857,154926,1524332,462,6211253,Asa Newell,ATL,PF/C,4000.0,False,True
44462858,154926,1524332,463,6211253,Asa Newell,ATL,PF/C,4000.0,False,True
44462859,154926,1524332,465,6211253,Asa Newell,ATL,PF/C,4000.0,False,True
44462860,154926,1232517,460,6211265,Jabari Walker,PHI,SF,4000.0,False,True
44462861,154926,1232517,463,6211265,Jabari Walker,PHI,SF,4000.0,False,True
44462862,154926,1232517,465,6211265,Jabari Walker,PHI,SF,4000.0,False,True
44462863,154926,1243718,458,6211265,Caleb Love,PHI,PG/SG,4000.0,False,True
44462864,154926,1243718,459,6211265,Caleb Love,PHI,PG/SG,4000.0,False,True
44462865,154926,1243718,464,6211265,Caleb Love,PHI,PG/SG,4000.0,False,True
44462866,154926,1243718,465,6211265,Caleb Love,PHI,PG/SG,4000.0,False,True
44462867,154926,1077554,459,6211253,Corey Kispert,ATL,SG/SF,4000.0,False,True
44462868,154926,1077554,460,6211253,Corey Kispert,ATL,SG/SF,4000.0,False,True
44462869,154926,1077554,464,6211253,Corey Kispert,ATL,SG/SF,4000.0,False,True
44462870,154926,1077554,463,6211253,Corey Kispert,ATL,SG/SF,4000.0,False,True
44462871,154926,1077554,465,6211253,Corey Kispert,ATL,SG/SF,4000.0,False,True
44462872,154926,1194704,458,6211253,RayJ Dennis,ATL,PG,4000.0,False,True
44462873,154926,1194704,464,6211253,RayJ Dennis,ATL,PG,4000.0,False,True
44462874,154926,1194704,465,6211253,RayJ Dennis,ATL,PG,4000.0,False,True
44462875,154926,1345014,460,6211271,Malevy Leons,GSW,SF/PF,4000.0,False,True
44462876,154926,1345014,461,6211271,Malevy Leons,GSW,SF/PF,4000.0,False,True
44462877,154926,1345014,463,6211271,Malevy Leons,GSW,SF/PF,4000.0,False,True
44462878,154926,1345014,465,6211271,Malevy Leons,GSW,SF/PF,4000.0,False,True
44462879,154926,1324081,460,6211265,Saint Thomas,PHI,SF,4000.0,False,True
44462880,154926,1324081,463,6211265,Saint Thomas,PHI,SF,4000.0,False,True
44462881,154926,1324081,465,6211265,Saint Thomas,PHI,SF,4000.0,False,True
44462882,154926,551771,459,6211259,Tim Hardaway Jr.,MIA,SG/SF,4000.0,False,True
44462883,154926,551771,460,6211259,Tim Hardaway Jr.,MIA,SG/SF,4000.0,False,True
44462884,154926,551771,464,6211259,Tim Hardaway Jr.,MIA,SG/SF,4000.0,False,True
44462885,154926,551771,463,6211259,Tim Hardaway Jr.,MIA,SG/SF,4000.0,False,True
44462886,154926,551771,465,6211259,Tim Hardaway Jr.,MIA,SG/SF,4000.0,False,True
44462887,154926,1593958,461,6211265,Christopher Cenac Jr.,BOS,PF/C,4000.0,False,True
44462888,154926,1593958,462,6211265,Christopher Cenac Jr.,BOS,PF/C,4000.0,False,True
44462889,154926,1593958,463,6211265,Christopher Cenac Jr.,BOS,PF/C,4000.0,False,True
44462890,154926,1593958,465,6211265,Christopher Cenac Jr.,BOS,PF/C,4000.0,False,True
44462891,154926,1501942,461,6220354,Ronald Holland II,DET,PF,4000.0,False,True
44462892,154926,1501942,463,6220354,Ronald Holland II,DET,PF,4000.0,False,True
44462893,154926,1501942,465,6220354,Ronald Holland II,DET,PF,4000.0,False,True
44462894,154926,1138669,462,6211271,Charles Bassey,GSW,C,4000.0,False,True
44462895,154926,1138669,465,6211271,Charles Bassey,GSW,C,4000.0,False,True
44462896,154926,1067853,462,6211259,Nick Richards,MIA,C,3900.0,False,True
44462897,154926,1067853,465,6211259,Nick Richards,MIA,C,3900.0,False,True
44462898,154926,1231442,460,6211265,Dillon Jones,PHI,SF,3900.0,False,True
44462899,154926,1231442,463,6211265,Dillon Jones,PHI,SF,3900.0,False,True
44462900,154926,1231442,465,6211265,Dillon Jones,PHI,SF,3900.0,False,True
44462901,154926,1427204,460,6211271,Alex Toohey,GSW,SF,3900.0,False,True
44462902,154926,1427204,463,6211271,Alex Toohey,GSW,SF,3900.0,False,True
44462903,154926,1427204,465,6211271,Alex Toohey,GSW,SF,3900.0,False,True
44462904,154926,1401394,458,6211259,Tre Donaldson,MIA,PG,3900.0,False,True
44462905,154926,1401394,464,6211259,Tre Donaldson,MIA,PG,3900.0,False,True
44462906,154926,1401394,465,6211259,Tre Donaldson,MIA,PG,3900.0,False,True
44462907,154926,1365403,460,6211271,Alex Karaban,SAC,SF/PF,3900.0,False,True
44462908,154926,1365403,461,6211271,Alex Karaban,SAC,SF/PF,3900.0,False,True
44462909,154926,1365403,463,6211271,Alex Karaban,SAC,SF/PF,3900.0,False,True
44462910,154926,1365403,465,6211271,Alex Karaban,SAC,SF/PF,3900.0,False,True
44462911,154926,1068236,458,6220360,Jamaree Bouyea,PHX,PG,3900.0,False,True
44462912,154926,1068236,464,6220360,Jamaree Bouyea,PHX,PG,3900.0,False,True
44462913,154926,1068236,465,6220360,Jamaree Bouyea,PHX,PG,3900.0,False,True
44462914,154926,1404902,462,6211271,Jonathan Mogbo,SAC,C,3900.0,False,True
44462915,154926,1404902,465,6211271,Jonathan Mogbo,SAC,C,3900.0,False,True
44462916,154926,1416382,461,6211253,Zuby Ejiofor,ATL,PF/C,3900.0,False,True
44462917,154926,1416382,462,6211253,Zuby Ejiofor,ATL,PF/C,3900.0,False,True
44462918,154926,1416382,463,6211253,Zuby Ejiofor,ATL,PF/C,3900.0,False,True
44462919,154926,1416382,465,6211253,Zuby Ejiofor,ATL,PF/C,3900.0,False,True
44462920,154926,1175324,459,6211253,Ben Sheppard,IND,SG,3900.0,False,True
44462921,154926,1175324,464,6211253,Ben Sheppard,IND,SG,3900.0,False,True
44462922,154926,1175324,465,6211253,Ben Sheppard,IND,SG,3900.0,False,True
44462923,154926,1196146,458,6211259,Zyon Pullin,MIN,PG,3800.0,False,True
44462924,154926,1196146,464,6211259,Zyon Pullin,MIN,PG,3800.0,False,True
44462925,154926,1196146,465,6211259,Zyon Pullin,MIN,PG,3800.0,False,True
44462926,154926,845596,461,6211259,Trey Lyles,MIN,PF,3800.0,False,True
44462927,154926,845596,463,6211259,Trey Lyles,MIN,PF,3800.0,False,True
44462928,154926,845596,465,6211259,Trey Lyles,MIN,PF,3800.0,False,True
44462929,154926,880677,461,6211265,Dean Wade,PHI,PF,3800.0,False,True
44462930,154926,880677,463,6211265,Dean Wade,PHI,PF,3800.0,False,True
44462931,154926,880677,465,6211265,Dean Wade,PHI,PF,3800.0,False,True
44462932,154926,602730,459,6211265,Kentavious Caldwell-Pope,PHI,SG/SF,3800.0,False,True
44462933,154926,602730,460,6211265,Kentavious Caldwell-Pope,PHI,SG/SF,3800.0,False,True
44462934,154926,602730,464,6211265,Kentavious Caldwell-Pope,PHI,SG/SF,3800.0,False,True
44462935,154926,602730,463,6211265,Kentavious Caldwell-Pope,PHI,SG/SF,3800.0,False,True
44462936,154926,602730,465,6211265,Kentavious Caldwell-Pope,PHI,SG/SF,3800.0,False,True
44462937,154926,1193678,459,6211259,Antonio Reeves,MIN,SG,3800.0,False,True
44462938,154926,1193678,464,6211259,Antonio Reeves,MIN,SG,3800.0,False,True
44462939,154926,1193678,465,6211259,Antonio Reeves,MIN,SG,3800.0,False,True
44462940,154926,1314104,460,6211259,Simone Fontecchio,MIA,SF/PF,3800.0,False,True
44462941,154926,1314104,461,6211259,Simone Fontecchio,MIA,SF/PF,3800.0,False,True
44462942,154926,1314104,463,6211259,Simone Fontecchio,MIA,SF/PF,3800.0,False,True
44462943,154926,1314104,465,6211259,Simone Fontecchio,MIA,SF/PF,3800.0,False,True
44462944,154926,1538604,460,6220360,Carter Bryant,SAS,SF,3800.0,False,True
44462945,154926,1538604,463,6220360,Carter Bryant,SAS,SF,3800.0,False,True
44462946,154926,1538604,465,6220360,Carter Bryant,SAS,SF,3800.0,False,True
44462947,154926,1405618,458,6211259,Ryan Conwell,MIA,PG/SG,3800.0,False,True
44462948,154926,1405618,459,6211259,Ryan Conwell,MIA,PG/SG,3800.0,False,True
44462949,154926,1405618,464,6211259,Ryan Conwell,MIA,PG/SG,3800.0,False,True
44462950,154926,1405618,465,6211259,Ryan Conwell,MIA,PG/SG,3800.0,False,True
44462951,154926,1174884,460,6211253,Jalen Wilson,ATL,SF,3800.0,False,True
44462952,154926,1174884,463,6211253,Jalen Wilson,ATL,SF,3800.0,False,True
44462953,154926,1174884,465,6211253,Jalen Wilson,ATL,SF,3800.0,False,True
44462954,154926,1269060,458,6220360,David Jones-Garcia,SAS,PG/SG,3800.0,False,True
44462955,154926,1269060,459,6220360,David Jones-Garcia,SAS,PG/SG,3800.0,False,True
44462956,154926,1269060,464,6220360,David Jones-Garcia,SAS,PG/SG,3800.0,False,True
44462957,154926,1269060,465,6220360,David Jones-Garcia,SAS,PG/SG,3800.0,False,True
44462958,154926,1349630,462,6211259,Nikola Jovic,MIA,C,3800.0,False,True
44462959,154926,1349630,465,6211259,Nikola Jovic,MIA,C,3800.0,False,True
44462960,154926,1134693,459,6211253,Luguentz Dort,ATL,SG/SF,3800.0,False,True
44462961,154926,1134693,460,6211253,Luguentz Dort,ATL,SG/SF,3800.0,False,True
44462962,154926,1134693,464,6211253,Luguentz Dort,ATL,SG/SF,3800.0,False,True
44462963,154926,1134693,463,6211253,Luguentz Dort,ATL,SG/SF,3800.0,False,True
44462964,154926,1134693,465,6211253,Luguentz Dort,ATL,SG/SF,3800.0,False,True
44462965,154926,1419291,461,6211265,Dominick Barlow,PHI,PF/C,3800.0,False,True
44462966,154926,1419291,462,6211265,Dominick Barlow,PHI,PF/C,3800.0,False,True
44462967,154926,1419291,463,6211265,Dominick Barlow,PHI,PF/C,3800.0,False,True
44462968,154926,1419291,465,6211265,Dominick Barlow,PHI,PF/C,3800.0,False,True
44462969,154926,679381,460,6211271,Georges Niang,GSW,SF/PF,3700.0,False,True
44462970,154926,679381,461,6211271,Georges Niang,GSW,SF/PF,3700.0,False,True
44462971,154926,679381,463,6211271,Georges Niang,GSW,SF/PF,3700.0,False,True
44462972,154926,679381,465,6211271,Georges Niang,GSW,SF/PF,3700.0,False,True
44462973,154926,1175356,458,6220354,Tre Mann,WAS,PG,3700.0,False,True
44462974,154926,1175356,464,6220354,Tre Mann,WAS,PG,3700.0,False,True
44462975,154926,1175356,465,6220354,Tre Mann,WAS,PG,3700.0,False,True
44462976,154926,1405372,458,6211253,Braden Smith,IND,PG,3700.0,False,True
44462977,154926,1405372,464,6211253,Braden Smith,IND,PG,3700.0,False,True
44462978,154926,1405372,465,6211253,Braden Smith,IND,PG,3700.0,False,True
44462979,154926,552336,460,6220360,Harrison Barnes,SAS,SF/PF,3700.0,False,True
44462980,154926,552336,461,6220360,Harrison Barnes,SAS,SF/PF,3700.0,False,True
44462981,154926,552336,463,6220360,Harrison Barnes,SAS,SF/PF,3700.0,False,True
44462982,154926,552336,465,6220360,Harrison Barnes,SAS,SF/PF,3700.0,False,True
44462983,154926,745923,462,6220360,Luke Kornet,SAS,C,3700.0,False,True
44462984,154926,745923,465,6220360,Luke Kornet,SAS,C,3700.0,False,True
44462985,154926,1408273,462,6220354,Felix Okpara,WAS,C,3700.0,False,True
44462986,154926,1408273,465,6220354,Felix Okpara,WAS,C,3700.0,False,True
44462987,154926,1176145,458,6220360,Pat Spencer,PHX,PG/SG,3700.0,False,True
44462988,154926,1176145,459,6220360,Pat Spencer,PHX,PG/SG,3700.0,False,True
44462989,154926,1176145,464,6220360,Pat Spencer,PHX,PG/SG,3700.0,False,True
44462990,154926,1176145,465,6220360,Pat Spencer,PHX,PG/SG,3700.0,False,True
44462991,154926,1249996,458,6211271,L.J. Cryer,GSW,PG,3700.0,False,True
44462992,154926,1249996,464,6211271,L.J. Cryer,GSW,PG,3700.0,False,True
44462993,154926,1249996,465,6211271,L.J. Cryer,GSW,PG,3700.0,False,True
44462994,154926,608661,458,6211271,Elfrid Payton,SAC,PG,3700.0,False,True
44462995,154926,608661,464,6211271,Elfrid Payton,SAC,PG,3700.0,False,True
44462996,154926,608661,465,6211271,Elfrid Payton,SAC,PG,3700.0,False,True
44462997,154926,1610167,460,6220360,Koa Peat,PHX,SF/PF,3700.0,False,True
44462998,154926,1610167,461,6220360,Koa Peat,PHX,SF/PF,3700.0,False,True
44462999,154926,1610167,463,6220360,Koa Peat,PHX,SF/PF,3700.0,False,True
44463000,154926,1610167,465,6220360,Koa Peat,PHX,SF/PF,3700.0,False,True
44463001,154926,624174,460,6220354,Javonte Green,DET,SF,3700.0,False,True
44463002,154926,624174,463,6220354,Javonte Green,DET,SF,3700.0,False,True
44463003,154926,624174,465,6220354,Javonte Green,DET,SF,3700.0,False,True
44463004,154926,1413173,462,6211253,Henri Veesaar,ATL,C,3700.0,False,True
44463005,154926,1413173,465,6211253,Henri Veesaar,ATL,C,3700.0,False,True
44463006,154926,1197096,461,6211259,Enrique Freeman,MIN,PF/C,3600.0,False,True
44463007,154926,1197096,462,6211259,Enrique Freeman,MIN,PF/C,3600.0,False,True
44463008,154926,1197096,463,6211259,Enrique Freeman,MIN,PF/C,3600.0,False,True
44463009,154926,1197096,465,6211259,Enrique Freeman,MIN,PF/C,3600.0,False,True
44463010,154926,1231198,460,6211259,Jaylen Clark,MIN,SF,3600.0,False,True
44463011,154926,1231198,463,6211259,Jaylen Clark,MIN,SF,3600.0,False,True
44463012,154926,1231198,465,6211259,Jaylen Clark,MIN,SF,3600.0,False,True
44463013,154926,1134010,459,6220354,Isaiah Joe,DET,SG/SF,3600.0,False,True
44463014,154926,1134010,460,6220354,Isaiah Joe,DET,SG/SF,3600.0,False,True
44463015,154926,1134010,464,6220354,Isaiah Joe,DET,SG/SF,3600.0,False,True
44463016,154926,1134010,463,6220354,Isaiah Joe,DET,SG/SF,3600.0,False,True
44463017,154926,1134010,465,6220354,Isaiah Joe,DET,SG/SF,3600.0,False,True
44463018,154926,1403624,461,6220354,Isaac Jones,DET,PF,3600.0,False,True
44463019,154926,1403624,463,6220354,Isaac Jones,DET,PF,3600.0,False,True
44463020,154926,1403624,465,6220354,Isaac Jones,DET,PF,3600.0,False,True
44463021,154926,1176611,461,6211253,Kobe Brown,IND,PF/C,3600.0,False,True
44463022,154926,1176611,462,6211253,Kobe Brown,IND,PF/C,3600.0,False,True
44463023,154926,1176611,463,6211253,Kobe Brown,IND,PF/C,3600.0,False,True
44463024,154926,1176611,465,6211253,Kobe Brown,IND,PF/C,3600.0,False,True
44463025,154926,1593398,458,6220354,Ebuka Okorie,DET,PG,3600.0,False,True
44463026,154926,1593398,464,6220354,Ebuka Okorie,DET,PG,3600.0,False,True
44463027,154926,1593398,465,6220354,Ebuka Okorie,DET,PG,3600.0,False,True
44463028,154926,1232481,459,6220354,Chaz Lanier,DET,SG,3600.0,False,True
44463029,154926,1232481,464,6220354,Chaz Lanier,DET,SG,3600.0,False,True
44463030,154926,1232481,465,6220354,Chaz Lanier,DET,SG,3600.0,False,True
44463031,154926,329468,458,6211265,Mike Conley,BOS,PG,3600.0,False,True
44463032,154926,329468,464,6211265,Mike Conley,BOS,PG,3600.0,False,True
44463033,154926,329468,465,6211265,Mike Conley,BOS,PG,3600.0,False,True
44463034,154926,606701,460,6211253,Dorian Finney-Smith,ATL,SF/PF,3600.0,False,True
44463035,154926,606701,461,6211253,Dorian Finney-Smith,ATL,SF/PF,3600.0,False,True
44463036,154926,606701,463,6211253,Dorian Finney-Smith,ATL,SF/PF,3600.0,False,True
44463037,154926,606701,465,6211253,Dorian Finney-Smith,ATL,SF/PF,3600.0,False,True
44463038,154926,1519129,458,6211259,Isaiah Evans,MIN,PG/SG,3600.0,False,True
44463039,154926,1519129,459,6211259,Isaiah Evans,MIN,PG/SG,3600.0,False,True
44463040,154926,1519129,464,6211259,Isaiah Evans,MIN,PG/SG,3600.0,False,True
44463041,154926,1519129,465,6211259,Isaiah Evans,MIN,PG/SG,3600.0,False,True
44463042,154926,1408243,462,6220360,Tarris Reed Jr.,SAS,C,3600.0,False,True
44463043,154926,1408243,465,6220360,Tarris Reed Jr.,SAS,C,3600.0,False,True
44463044,154926,854591,459,6220354,Duncan Robinson,DET,SG/SF,3600.0,False,True
44463045,154926,854591,460,6220354,Duncan Robinson,DET,SG/SF,3600.0,False,True
44463046,154926,854591,464,6220354,Duncan Robinson,DET,SG/SF,3600.0,False,True
44463047,154926,854591,463,6220354,Duncan Robinson,DET,SG/SF,3600.0,False,True
44463048,154926,854591,465,6220354,Duncan Robinson,DET,SG/SF,3600.0,False,True
44463049,154926,1401391,458,6220360,Ja'Kobi Gillespie,SAS,PG,3600.0,False,True
44463050,154926,1401391,464,6220360,Ja'Kobi Gillespie,SAS,PG,3600.0,False,True
44463051,154926,1401391,465,6220360,Ja'Kobi Gillespie,SAS,PG,3600.0,False,True
44463052,154926,944785,459,6220354,Kevin Huerter,DET,SG/SF,3600.0,False,True
44463053,154926,944785,460,6220354,Kevin Huerter,DET,SG/SF,3600.0,False,True
44463054,154926,944785,464,6220354,Kevin Huerter,DET,SG/SF,3600.0,False,True
44463055,154926,944785,463,6220354,Kevin Huerter,DET,SG/SF,3600.0,False,True
44463056,154926,944785,465,6220354,Kevin Huerter,DET,SG/SF,3600.0,False,True
44463057,154926,1482267,458,6211265,Hayden Gray,BOS,PG/SG,3600.0,False,True
44463058,154926,1482267,459,6211265,Hayden Gray,BOS,PG/SG,3600.0,False,True
44463059,154926,1482267,464,6211265,Hayden Gray,BOS,PG/SG,3600.0,False,True
44463060,154926,1482267,465,6211265,Hayden Gray,BOS,PG/SG,3600.0,False,True
44463061,154926,1191176,461,6211259,Drew Timme,MIN,PF,3600.0,False,True
44463062,154926,1191176,463,6211259,Drew Timme,MIN,PF,3600.0,False,True
44463063,154926,1191176,465,6211259,Drew Timme,MIN,PF,3600.0,False,True
44463064,154926,1325101,461,6211253,Mouhamed Gueye,ATL,PF/C,3600.0,False,True
44463065,154926,1325101,462,6211253,Mouhamed Gueye,ATL,PF/C,3600.0,False,True
44463066,154926,1325101,463,6211253,Mouhamed Gueye,ATL,PF/C,3600.0,False,True
44463067,154926,1325101,465,6211253,Mouhamed Gueye,ATL,PF/C,3600.0,False,True
44463068,154926,1231386,460,6211259,Norchad Omier,MIN,SF/PF,3500.0,False,True
44463069,154926,1231386,461,6211259,Norchad Omier,MIN,SF/PF,3500.0,False,True
44463070,154926,1231386,463,6211259,Norchad Omier,MIN,SF/PF,3500.0,False,True
44463071,154926,1231386,465,6211259,Norchad Omier,MIN,SF/PF,3500.0,False,True
44463072,154926,1138674,462,6220354,Tolu Smith,DET,C,3500.0,False,True
44463073,154926,1138674,465,6220354,Tolu Smith,DET,C,3500.0,False,True
44463074,154926,1241594,462,6211259,Vladislav Goldin,MIA,C,3500.0,False,True
44463075,154926,1241594,465,6211259,Vladislav Goldin,MIA,C,3500.0,False,True
44463076,154926,1327829,458,6211253,Keshon Gilbert,ATL,PG/SG,3500.0,False,True
44463077,154926,1327829,459,6211253,Keshon Gilbert,ATL,PG/SG,3500.0,False,True
44463078,154926,1327829,464,6211253,Keshon Gilbert,ATL,PG/SG,3500.0,False,True
44463079,154926,1327829,465,6211253,Keshon Gilbert,ATL,PG/SG,3500.0,False,True
44463080,154926,1408196,460,6220354,Chris Livingston,WAS,SF,3500.0,False,True
44463081,154926,1408196,463,6220354,Chris Livingston,WAS,SF,3500.0,False,True
44463082,154926,1408196,465,6220354,Chris Livingston,WAS,SF,3500.0,False,True
44463083,154926,1232028,462,6211265,Amari Williams,BOS,C,3500.0,False,True
44463084,154926,1232028,465,6211265,Amari Williams,BOS,C,3500.0,False,True
44463085,154926,1243722,458,6220360,RJ Davis,SAS,PG,3500.0,False,True
44463086,154926,1243722,464,6220360,RJ Davis,SAS,PG,3500.0,False,True
44463087,154926,1243722,465,6220360,RJ Davis,SAS,PG,3500.0,False,True
44463088,154926,1083019,460,6220360,Haywood Highsmith,PHX,SF,3500.0,False,True
44463089,154926,1083019,463,6220360,Haywood Highsmith,PHX,SF,3500.0,False,True
44463090,154926,1083019,465,6220360,Haywood Highsmith,PHX,SF,3500.0,False,True
44463091,154926,1257431,460,6211259,KJ Martin,MIN,SF,3500.0,False,True
44463092,154926,1257431,463,6211259,KJ Martin,MIN,SF,3500.0,False,True
44463093,154926,1257431,465,6211259,KJ Martin,MIN,SF,3500.0,False,True
44463094,154926,1176279,460,6220354,Brice Williams,DET,SF,3500.0,False,True
44463095,154926,1176279,463,6220354,Brice Williams,DET,SF,3500.0,False,True
44463096,154926,1176279,465,6220354,Brice Williams,DET,SF,3500.0,False,True
44463097,154926,1135289,460,6211265,Gabe McGlothan,BOS,SF/PF,3500.0,False,True
44463098,154926,1135289,461,6211265,Gabe McGlothan,BOS,SF/PF,3500.0,False,True
44463099,154926,1135289,463,6211265,Gabe McGlothan,BOS,SF/PF,3500.0,False,True
44463100,154926,1135289,465,6211265,Gabe McGlothan,BOS,SF/PF,3500.0,False,True
44463101,154926,844465,458,6220360,Jordan McLaughlin,SAS,PG/SG,3500.0,False,True
44463102,154926,844465,459,6220360,Jordan McLaughlin,SAS,PG/SG,3500.0,False,True
44463103,154926,844465,464,6220360,Jordan McLaughlin,SAS,PG/SG,3500.0,False,True
44463104,154926,844465,465,6220360,Jordan McLaughlin,SAS,PG/SG,3500.0,False,True
44463105,154926,1502168,462,6211259,Rocco Zikarsky,MIN,C,3500.0,False,True
44463106,154926,1502168,465,6211259,Rocco Zikarsky,MIN,C,3500.0,False,True
44463107,154926,948115,462,6220360,Duop Reath,PHX,C,3500.0,False,True
44463108,154926,948115,465,6220360,Duop Reath,PHX,C,3500.0,False,True
44463109,154926,1243726,459,6220360,Taelon Peter,SAS,SG,3500.0,False,True
44463110,154926,1243726,464,6220360,Taelon Peter,SAS,SG,3500.0,False,True
44463111,154926,1243726,465,6220360,Taelon Peter,SAS,SG,3500.0,False,True
44463112,154926,1177278,460,6211259,Keshad Johnson,MIA,SF,3500.0,False,True
44463113,154926,1177278,463,6211259,Keshad Johnson,MIA,SF,3500.0,False,True
44463114,154926,1177278,465,6211259,Keshad Johnson,MIA,SF,3500.0,False,True
44463115,154926,1405418,458,6211265,Milos Uzan,BOS,PG/SG,3500.0,False,True
44463116,154926,1405418,459,6211265,Milos Uzan,BOS,PG/SG,3500.0,False,True
44463117,154926,1405418,464,6211265,Milos Uzan,BOS,PG/SG,3500.0,False,True
44463118,154926,1405418,465,6211265,Milos Uzan,BOS,PG/SG,3500.0,False,True
44463119,154926,1175110,459,6211259,Lester Quinones,MIA,SG,3400.0,False,True
44463120,154926,1175110,464,6211259,Lester Quinones,MIA,SG,3400.0,False,True
44463121,154926,1175110,465,6211259,Lester Quinones,MIA,SG,3400.0,False,True
44463122,154926,1350535,462,6211265,Ariel Hukporti,PHI,C,3400.0,False,True
44463123,154926,1350535,465,6211265,Ariel Hukporti,PHI,C,3400.0,False,True
44463124,154926,1136581,458,6211271,Adam Flagler,SAC,PG,3400.0,False,True
44463125,154926,1136581,464,6211271,Adam Flagler,SAC,PG,3400.0,False,True
44463126,154926,1136581,465,6211271,Adam Flagler,SAC,PG,3400.0,False,True
44463127,154926,1230369,458,6220354,Reece Beekman,WAS,PG,3400.0,False,True
44463128,154926,1230369,464,6220354,Reece Beekman,WAS,PG,3400.0,False,True
44463129,154926,1230369,465,6220354,Reece Beekman,WAS,PG,3400.0,False,True
44463130,154926,1132825,458,6211253,Tyrese Haliburton,IND,PG,3400.0,False,True
44463131,154926,1132825,464,6211253,Tyrese Haliburton,IND,PG,3400.0,False,True
44463132,154926,1132825,465,6211253,Tyrese Haliburton,IND,PG,3400.0,False,True
44463133,154926,1617074,460,6220354,AJ Dybantsa,WAS,SF,3400.0,False,True
44463134,154926,1617074,463,6220354,AJ Dybantsa,WAS,SF,3400.0,False,True
44463135,154926,1617074,465,6220354,AJ Dybantsa,WAS,SF,3400.0,False,True
44463136,154926,1482282,460,6211271,Yaxel Lendeborg,GSW,SF/PF,3400.0,False,True
44463137,154926,1482282,461,6211271,Yaxel Lendeborg,GSW,SF/PF,3400.0,False,True
44463138,154926,1482282,463,6211271,Yaxel Lendeborg,GSW,SF/PF,3400.0,False,True
44463139,154926,1482282,465,6211271,Yaxel Lendeborg,GSW,SF/PF,3400.0,False,True
44463140,154926,458730,460,6211271,Jimmy Butler,GSW,SF,3400.0,False,True
44463141,154926,458730,463,6211271,Jimmy Butler,GSW,SF,3400.0,False,True
44463142,154926,458730,465,6211271,Jimmy Butler,GSW,SF,3400.0,False,True
44463143,154926,1076265,462,6211265,Mitchell Robinson,BOS,C,3400.0,False,True
44463144,154926,1076265,465,6211265,Mitchell Robinson,BOS,C,3400.0,False,True
44463145,154926,886391,458,6211271,Ben Simmons,SAC,PG/SF,3400.0,False,True
44463146,154926,886391,460,6211271,Ben Simmons,SAC,PG/SF,3400.0,False,True
44463147,154926,886391,464,6211271,Ben Simmons,SAC,PG/SF,3400.0,False,True
44463148,154926,886391,463,6211271,Ben Simmons,SAC,PG/SF,3400.0,False,True
44463149,154926,886391,465,6211271,Ben Simmons,SAC,PG/SF,3400.0,False,True
44463150,154926,457611,459,6211259,Klay Thompson,MIA,SG/SF,3400.0,False,True
44463151,154926,457611,460,6211259,Klay Thompson,MIA,SG/SF,3400.0,False,True
44463152,154926,457611,464,6211259,Klay Thompson,MIA,SG/SF,3400.0,False,True
44463153,154926,457611,463,6211259,Klay Thompson,MIA,SG/SF,3400.0,False,True
44463154,154926,457611,465,6211259,Klay Thompson,MIA,SG/SF,3400.0,False,True
44463155,154926,1323682,461,6211259,Ian Schieffelin,MIA,PF,3400.0,False,True
44463156,154926,1323682,463,6211259,Ian Schieffelin,MIA,PF,3400.0,False,True
44463157,154926,1323682,465,6211259,Ian Schieffelin,MIA,PF,3400.0,False,True
44463158,154926,1340218,460,6211265,Tucker DeVries,BOS,SF/PF,3400.0,False,True
44463159,154926,1340218,461,6211265,Tucker DeVries,BOS,SF/PF,3400.0,False,True
44463160,154926,1340218,463,6211265,Tucker DeVries,BOS,SF/PF,3400.0,False,True
44463161,154926,1340218,465,6211265,Tucker DeVries,BOS,SF/PF,3400.0,False,True
44463162,154926,1546380,458,6220354,Tre Johnson,WAS,PG/SG,3300.0,False,True
44463163,154926,1546380,459,6220354,Tre Johnson,WAS,PG/SG,3300.0,False,True
44463164,154926,1546380,464,6220354,Tre Johnson,WAS,PG/SG,3300.0,False,True
44463165,154926,1546380,465,6220354,Tre Johnson,WAS,PG/SG,3300.0,False,True
44463166,154926,1134264,460,6211253,Aaron Nesmith,IND,SF,3300.0,False,True
44463167,154926,1134264,463,6211253,Aaron Nesmith,IND,SF,3300.0,False,True
44463168,154926,1134264,465,6211253,Aaron Nesmith,IND,SF,3300.0,False,True
44463169,154926,942857,460,6211271,De'Andre Hunter,SAC,SF/PF,3300.0,False,True
44463170,154926,942857,461,6211271,De'Andre Hunter,SAC,SF/PF,3300.0,False,True
44463171,154926,942857,463,6211271,De'Andre Hunter,SAC,SF/PF,3300.0,False,True
44463172,154926,942857,465,6211271,De'Andre Hunter,SAC,SF/PF,3300.0,False,True
44463173,154926,551787,458,6211253,T.J. McConnell,IND,PG,3300.0,False,True
44463174,154926,551787,464,6211253,T.J. McConnell,IND,PG,3300.0,False,True
44463175,154926,551787,465,6211253,T.J. McConnell,IND,PG,3300.0,False,True
44463176,154926,603640,462,6211253,Larry Nance Jr.,IND,C,3300.0,False,True
44463177,154926,603640,465,6211253,Larry Nance Jr.,IND,C,3300.0,False,True
44463178,154926,1475759,459,6211253,Johnny Furphy,IND,SG/SF,3300.0,False,True
44463179,154926,1475759,460,6211253,Johnny Furphy,IND,SG/SF,3300.0,False,True
44463180,154926,1475759,464,6211253,Johnny Furphy,IND,SG/SF,3300.0,False,True
44463181,154926,1475759,463,6211253,Johnny Furphy,IND,SG/SF,3300.0,False,True
44463182,154926,1475759,465,6211253,Johnny Furphy,IND,SG/SF,3300.0,False,True
44463183,154926,398037,461,6211253,James Johnson,IND,PF,3300.0,False,True
44463184,154926,398037,463,6211253,James Johnson,IND,PF,3300.0,False,True
44463185,154926,398037,465,6211253,James Johnson,IND,PF,3300.0,False,True
44463186,154926,1232444,460,6211259,J'Vonne Hadley,MIA,SF,3300.0,False,True
44463187,154926,1232444,463,6211259,J'Vonne Hadley,MIA,SF,3300.0,False,True
44463188,154926,1232444,465,6211259,J'Vonne Hadley,MIA,SF,3300.0,False,True
44463189,154926,1231366,459,6211271,Moses Moody,GSW,SG,3200.0,False,True
44463190,154926,1231366,464,6211271,Moses Moody,GSW,SG,3200.0,False,True
44463191,154926,1231366,465,6211271,Moses Moody,GSW,SG,3200.0,False,True
44463192,154926,1243633,459,6220360,Koby Brea,PHX,SG,3200.0,False,True
44463193,154926,1243633,464,6220360,Koby Brea,PHX,SG,3200.0,False,True
44463194,154926,1243633,465,6220360,Koby Brea,PHX,SG,3200.0,False,True
44463195,154926,1231292,462,6220360,CJ Huntley,PHX,C,3200.0,False,True
44463196,154926,1231292,465,6220360,CJ Huntley,PHX,C,3200.0,False,True
44463197,154926,1323990,459,6220354,Trevor Keels,WAS,SG,3200.0,False,True
44463198,154926,1323990,464,6220354,Trevor Keels,WAS,SG,3200.0,False,True
44463199,154926,1323990,465,6220354,Trevor Keels,WAS,SG,3200.0,False,True
44463200,154926,891349,461,6220354,Skal Labissiere,WAS,PF,3200.0,False,True
44463201,154926,891349,463,6220354,Skal Labissiere,WAS,PF,3200.0,False,True
44463202,154926,891349,465,6220354,Skal Labissiere,WAS,PF,3200.0,False,True
44463203,154926,512053,460,6220354,Khris Middleton,WAS,SF/PF,3200.0,False,True
44463204,154926,512053,461,6220354,Khris Middleton,WAS,SF/PF,3200.0,False,True
44463205,154926,512053,463,6220354,Khris Middleton,WAS,SF/PF,3200.0,False,True
44463206,154926,512053,465,6220354,Khris Middleton,WAS,SF/PF,3200.0,False,True
44463207,154926,1174846,459,6211271,Tristen Newton,SAC,SG,3200.0,False,True
44463208,154926,1174846,464,6211271,Tristen Newton,SAC,SG,3200.0,False,True
44463209,154926,1174846,465,6211271,Tristen Newton,SAC,SG,3200.0,False,True
44463210,154926,1076185,462,6220360,Malik Williams,SAS,C,3200.0,False,True
44463211,154926,1076185,465,6220360,Malik Williams,SAS,C,3200.0,False,True
44463212,154926,1408135,461,6220360,Maliq Brown,SAS,PF,3100.0,False,True
44463213,154926,1408135,463,6220360,Maliq Brown,SAS,PF,3100.0,False,True
44463214,154926,1408135,465,6220360,Maliq Brown,SAS,PF,3100.0,False,True
44463215,154926,1523620,462,6220360,Jayden Quaintance,SAS,C,3100.0,False,True
44463216,154926,1523620,465,6220360,Jayden Quaintance,SAS,C,3100.0,False,True
44463217,154926,1409675,462,6220354,Ugonna Onyenso,DET,C,3100.0,False,True
44463218,154926,1409675,465,6220354,Ugonna Onyenso,DET,C,3100.0,False,True
44463219,154926,1406026,458,6211253,Isaac McKneely,ATL,PG,3100.0,False,True
44463220,154926,1406026,464,6211253,Isaac McKneely,ATL,PG,3100.0,False,True
44463221,154926,1406026,465,6211253,Isaac McKneely,ATL,PG,3100.0,False,True
44463222,154926,1418010,460,6220354,John Ukomadu,DET,SF,3100.0,False,True
44463223,154926,1418010,463,6220354,John Ukomadu,DET,SF,3100.0,False,True
44463224,154926,1418010,465,6220354,John Ukomadu,DET,SF,3100.0,False,True
44463225,154926,879498,462,6211265,Tacko Fall,PHI,C,3100.0,False,True
44463226,154926,879498,465,6211265,Tacko Fall,PHI,C,3100.0,False,True
44463227,154926,1174936,458,6211265,Jameer Nelson Jr.,PHI,PG,3100.0,False,True
44463228,154926,1174936,464,6211265,Jameer Nelson Jr.,PHI,PG,3100.0,False,True
44463229,154926,1174936,465,6211265,Jameer Nelson Jr.,PHI,PG,3100.0,False,True
44463230,154926,1133934,459,6211265,Ron Harper Jr.,BOS,SG/SF,3000.0,False,True
44463231,154926,1133934,460,6211265,Ron Harper Jr.,BOS,SG/SF,3000.0,False,True
44463232,154926,1133934,464,6211265,Ron Harper Jr.,BOS,SG/SF,3000.0,False,True
44463233,154926,1133934,463,6211265,Ron Harper Jr.,BOS,SG/SF,3000.0,False,True
44463234,154926,1133934,465,6211265,Ron Harper Jr.,BOS,SG/SF,3000.0,False,True
44463235,154926,922378,460,6211265,Sam Hauser,BOS,SF,3000.0,False,True
44463236,154926,922378,463,6211265,Sam Hauser,BOS,SF,3000.0,False,True
44463237,154926,922378,465,6211265,Sam Hauser,BOS,SF,3000.0,False,True
44463238,154926,953243,458,6211259,Dru Smith,MIA,PG,3000.0,False,True
44463239,154926,953243,464,6211259,Dru Smith,MIA,PG,3000.0,False,True
44463240,154926,953243,465,6211259,Dru Smith,MIA,PG,3000.0,False,True
44463241,154926,1193990,461,6211253,Rienk Mast,IND,PF,3000.0,False,True
44463242,154926,1193990,463,6211253,Rienk Mast,IND,PF,3000.0,False,True
44463243,154926,1193990,465,6211253,Rienk Mast,IND,PF,3000.0,False,True
44463244,154926,1232314,458,6211265,Duke Miles,PHI,PG,3000.0,False,True
44463245,154926,1232314,464,6211265,Duke Miles,PHI,PG,3000.0,False,True
44463246,154926,1232314,465,6211265,Duke Miles,PHI,PG,3000.0,False,True
44463247,154926,1348259,458,6211253,Kobe Johnson,ATL,PG,3000.0,False,True
44463248,154926,1348259,464,6211253,Kobe Johnson,ATL,PG,3000.0,False,True
44463249,154926,1348259,465,6211253,Kobe Johnson,ATL,PG,3000.0,False,True
44463250,154926,1405968,462,6211253,Keba Keita,IND,C,3000.0,False,True
44463251,154926,1405968,465,6211253,Keba Keita,IND,C,3000.0,False,True
44463252,154926,1402299,460,6211253,Cameron Corhen,ATL,SF,3000.0,False,True
44463253,154926,1402299,463,6211253,Cameron Corhen,ATL,SF,3000.0,False,True
44463254,154926,1402299,465,6211253,Cameron Corhen,ATL,SF,3000.0,False,True
44463255,154926,851888,458,6220360,Jon Elmore,SAS,PG,3000.0,False,True
44463256,154926,851888,464,6220360,Jon Elmore,SAS,PG,3000.0,False,True
44463257,154926,851888,465,6220360,Jon Elmore,SAS,PG,3000.0,False,True
44463258,154928,1373356,475,6220360,Victor Wembanyama,SAS,C,10600.0,False,True
44463259,154928,845564,475,6220360,Devin Booker,PHX,PG/SG,10000.0,False,True
44463260,154928,1271706,475,6220360,Jalen Green,PHX,SG,9200.0,False,True
44463261,154928,1461118,475,6220360,Stephon Castle,SAS,SG,8600.0,False,True
44463262,154928,957489,475,6220360,De'Aaron Fox,SAS,PG,7600.0,False,True
44463263,154928,887661,475,6220360,Luke Kennard,PHX,PG/SG,7400.0,False,True
44463264,154928,854601,475,6220360,Dillon Brooks,PHX,SF,7000.0,False,True
44463265,154928,1328253,475,6220360,Kennedy Chandler,PHX,PG,6600.0,False,True
44463266,154928,1070352,475,6220360,Collin Gillespie,PHX,PG,6200.0,False,True
44463267,154928,1519362,475,6220360,Dylan Harper,SAS,PG/SG,6000.0,False,True
44463268,154928,1132051,475,6220360,Devin Vassell,SAS,SF,5800.0,False,True
44463269,154928,1134174,475,6220360,Keldon Johnson,SAS,SF/PF,5600.0,False,True
44463270,154928,957479,475,6220360,Miles Bridges,PHX,PF,5200.0,False,True
44463271,154928,1176070,475,6220360,Julian Champagnie,SAS,PF,5000.0,False,True
44463272,154928,1406029,475,6220360,Ryan Dunn,PHX,PF,4800.0,False,True
44463273,154928,1405622,475,6220360,Rasheer Fleming,PHX,SF/PF,4600.0,False,True
44463274,154928,1465506,475,6220360,Khaman Maluach,PHX,C,4400.0,False,True
44463275,154928,1062104,475,6220360,Jordan Goodwin,PHX,SG/SF,4200.0,False,True
44463276,154928,552523,475,6220360,Tobias Harris,SAS,PF,4000.0,False,True
44463277,154928,1232477,475,6220360,Oso Ighodaro,PHX,C,3600.0,False,True
44463278,154928,1068236,475,6220360,Jamaree Bouyea,PHX,PG,3400.0,False,True
44463279,154928,1538604,475,6220360,Carter Bryant,SAS,SF,3200.0,False,True
44463280,154928,1269060,475,6220360,David Jones-Garcia,SAS,PG/SG,3000.0,False,True
44463281,154928,552336,475,6220360,Harrison Barnes,SAS,SF/PF,2800.0,False,True
44463282,154928,745923,475,6220360,Luke Kornet,SAS,C,2600.0,False,True
44463283,154928,1176145,475,6220360,Pat Spencer,PHX,PG/SG,2400.0,False,True
44463284,154928,1610167,475,6220360,Koa Peat,PHX,SF/PF,2200.0,False,True
44463285,154928,1408243,475,6220360,Tarris Reed Jr.,SAS,C,2000.0,False,True
44463286,154928,1401391,475,6220360,Ja'Kobi Gillespie,SAS,PG,1800.0,False,True
44463287,154928,1243722,475,6220360,RJ Davis,SAS,PG,1600.0,False,True
44463288,154928,844465,475,6220360,Jordan McLaughlin,SAS,PG/SG,1400.0,False,True
44463289,154928,1243726,475,6220360,Taelon Peter,SAS,SG,1200.0,False,True
44463290,154928,948115,475,6220360,Duop Reath,PHX,C,1000.0,False,True
44463291,154928,1083019,475,6220360,Haywood Highsmith,PHX,SF,1000.0,False,True
44463292,154928,1243633,475,6220360,Koby Brea,PHX,SG,1000.0,False,True
44463293,154928,1231292,475,6220360,CJ Huntley,PHX,C,1000.0,False,True
44463294,154928,1076185,475,6220360,Malik Williams,SAS,C,1000.0,False,True
44463295,154928,1408135,475,6220360,Maliq Brown,SAS,PF,1000.0,False,True
44463296,154928,851888,475,6220360,Jon Elmore,SAS,PG,1000.0,False,True
44463297,154928,1230361,475,6220360,Mark Williams,PHX,C,3800.0,False,True
44463298,154928,1523620,475,6220360,Jayden Quaintance,SAS,C,1000.0,False,True
44463299,154928,1373356,476,6220360,Victor Wembanyama,SAS,C,15900.0,False,True
44463300,154928,845564,476,6220360,Devin Booker,PHX,PG/SG,15000.0,False,True
44463301,154928,1271706,476,6220360,Jalen Green,PHX,SG,13800.0,False,True
44463302,154928,1461118,476,6220360,Stephon Castle,SAS,SG,12900.0,False,True
44463303,154928,957489,476,6220360,De'Aaron Fox,SAS,PG,11400.0,False,True
44463304,154928,887661,476,6220360,Luke Kennard,PHX,PG/SG,11100.0,False,True
44463305,154928,854601,476,6220360,Dillon Brooks,PHX,SF,10500.0,False,True
44463306,154928,1328253,476,6220360,Kennedy Chandler,PHX,PG,9900.0,False,True
44463307,154928,1070352,476,6220360,Collin Gillespie,PHX,PG,9300.0,False,True
44463308,154928,1519362,476,6220360,Dylan Harper,SAS,PG/SG,9000.0,False,True
44463309,154928,1132051,476,6220360,Devin Vassell,SAS,SF,8700.0,False,True
44463310,154928,1134174,476,6220360,Keldon Johnson,SAS,SF/PF,8400.0,False,True
44463311,154928,957479,476,6220360,Miles Bridges,PHX,PF,7800.0,False,True
44463312,154928,1176070,476,6220360,Julian Champagnie,SAS,PF,7500.0,False,True
44463313,154928,1406029,476,6220360,Ryan Dunn,PHX,PF,7200.0,False,True
44463314,154928,1405622,476,6220360,Rasheer Fleming,PHX,SF/PF,6900.0,False,True
44463315,154928,1465506,476,6220360,Khaman Maluach,PHX,C,6600.0,False,True
44463316,154928,1062104,476,6220360,Jordan Goodwin,PHX,SG/SF,6300.0,False,True
44463317,154928,552523,476,6220360,Tobias Harris,SAS,PF,6000.0,False,True
44463318,154928,1232477,476,6220360,Oso Ighodaro,PHX,C,5400.0,False,True
44463319,154928,1068236,476,6220360,Jamaree Bouyea,PHX,PG,5100.0,False,True
44463320,154928,1538604,476,6220360,Carter Bryant,SAS,SF,4800.0,False,True
44463321,154928,1269060,476,6220360,David Jones-Garcia,SAS,PG/SG,4500.0,False,True
44463322,154928,552336,476,6220360,Harrison Barnes,SAS,SF/PF,4200.0,False,True
44463323,154928,745923,476,6220360,Luke Kornet,SAS,C,3900.0,False,True
44463324,154928,1176145,476,6220360,Pat Spencer,PHX,PG/SG,3600.0,False,True
44463325,154928,1610167,476,6220360,Koa Peat,PHX,SF/PF,3300.0,False,True
44463326,154928,1408243,476,6220360,Tarris Reed Jr.,SAS,C,3000.0,False,True
44463327,154928,1401391,476,6220360,Ja'Kobi Gillespie,SAS,PG,2700.0,False,True
44463328,154928,1243722,476,6220360,RJ Davis,SAS,PG,2400.0,False,True
44463329,154928,844465,476,6220360,Jordan McLaughlin,SAS,PG/SG,2100.0,False,True
44463330,154928,1243726,476,6220360,Taelon Peter,SAS,SG,1800.0,False,True
44463331,154928,948115,476,6220360,Duop Reath,PHX,C,1500.0,False,True
44463332,154928,1083019,476,6220360,Haywood Highsmith,PHX,SF,1500.0,False,True
44463333,154928,1243633,476,6220360,Koby Brea,PHX,SG,1500.0,False,True
44463334,154928,1231292,476,6220360,CJ Huntley,PHX,C,1500.0,False,True
44463335,154928,1076185,476,6220360,Malik Williams,SAS,C,1500.0,False,True
44463336,154928,1408135,476,6220360,Maliq Brown,SAS,PF,1500.0,False,True
44463337,154928,851888,476,6220360,Jon Elmore,SAS,PG,1500.0,False,True
44463338,154928,1230361,476,6220360,Mark Williams,PHX,C,5700.0,False,True
44463339,154928,1523620,476,6220360,Jayden Quaintance,SAS,C,1500.0,False,True
44463340,154927,1373356,633,6220360,Victor Wembanyama,SAS,C,,False,False
44463341,154927,1373356,465,6220360,Victor Wembanyama,SAS,C,,False,False
44463342,154927,1373356,636,6220360,Victor Wembanyama,SAS,C,,False,False
44463343,154927,739957,633,6211259,Giannis Antetokounmpo,MIA,PF,,False,False
44463344,154927,739957,465,6211259,Giannis Antetokounmpo,MIA,PF,,False,False
44463345,154927,739957,636,6211259,Giannis Antetokounmpo,MIA,PF,,False,False
44463346,154927,1230356,633,6211253,Jalen Johnson,ATL,PF,,False,False
44463347,154927,1230356,465,6211253,Jalen Johnson,ATL,PF,,False,False
44463348,154927,1230356,636,6211253,Jalen Johnson,ATL,PF,,False,False
44463349,154927,1232182,464,6220354,Cade Cunningham,DET,PG,,False,False
44463350,154927,1232182,465,6220354,Cade Cunningham,DET,PG,,False,False
44463351,154927,1232182,636,6220354,Cade Cunningham,DET,PG,,False,False
44463352,154927,214152,633,6211265,LeBron James,PHI,PF,,False,False
44463353,154927,214152,465,6211265,LeBron James,PHI,PF,,False,False
44463354,154927,214152,636,6211265,LeBron James,PHI,PF,,False,False
44463355,154927,937647,633,6211265,Jayson Tatum,BOS,PF,,False,False
44463356,154927,937647,465,6211265,Jayson Tatum,BOS,PF,,False,False
44463357,154927,937647,636,6211265,Jayson Tatum,BOS,PF,,False,False
44463358,154927,883436,633,6211265,Jaylen Brown,PHI,SF,,False,False
44463359,154927,883436,465,6211265,Jaylen Brown,PHI,SF,,False,False
44463360,154927,883436,636,6211265,Jaylen Brown,PHI,SF,,False,False
44463361,154927,794508,633,6211265,Joel Embiid,PHI,C,,False,False
44463362,154927,794508,465,6211265,Joel Embiid,PHI,C,,False,False
44463363,154927,794508,636,6211265,Joel Embiid,PHI,C,,False,False
44463364,154927,1186160,464,6211265,Tyrese Maxey,PHI,PG,,False,False
44463365,154927,1186160,465,6211265,Tyrese Maxey,PHI,PG,,False,False
44463366,154927,1186160,636,6211265,Tyrese Maxey,PHI,PG,,False,False
44463367,154927,957486,633,6211259,Bam Adebayo,MIA,C,,False,False
44463368,154927,957486,465,6211259,Bam Adebayo,MIA,C,,False,False
44463369,154927,957486,636,6211259,Bam Adebayo,MIA,C,,False,False
44463370,154927,845564,464,6220360,Devin Booker,PHX,PG,,False,False
44463371,154927,845564,465,6220360,Devin Booker,PHX,PG,,False,False
44463372,154927,845564,636,6220360,Devin Booker,PHX,PG,,False,False
44463373,154927,603096,633,6220354,Anthony Davis,WAS,PF,,False,False
44463374,154927,603096,465,6220354,Anthony Davis,WAS,PF,,False,False
44463375,154927,603096,636,6220354,Anthony Davis,WAS,PF,,False,False
44463376,154927,338365,464,6211271,Stephen Curry,GSW,PG,,False,False
44463377,154927,338365,465,6211271,Stephen Curry,GSW,PG,,False,False
44463378,154927,338365,636,6211271,Stephen Curry,GSW,PG,,False,False
44463379,154927,1175367,464,6211259,Anthony Edwards,MIN,SG,,False,False
44463380,154927,1175367,465,6211259,Anthony Edwards,MIN,SG,,False,False
44463381,154927,1175367,636,6211259,Anthony Edwards,MIN,SG,,False,False
44463382,154927,1257420,464,6211259,LaMelo Ball,MIN,PG,,False,False
44463383,154927,1257420,465,6211259,LaMelo Ball,MIN,PG,,False,False
44463384,154927,1257420,636,6211259,LaMelo Ball,MIN,PG,,False,False
44463385,154927,850111,633,6211271,Domantas Sabonis,SAC,C,,False,False
44463386,154927,850111,465,6211271,Domantas Sabonis,SAC,C,,False,False
44463387,154927,850111,636,6211271,Domantas Sabonis,SAC,C,,False,False
44463388,154927,469218,633,6211265,Paul George,BOS,SF,,False,False
44463389,154927,469218,465,6211265,Paul George,BOS,SF,,False,False
44463390,154927,469218,636,6211265,Paul George,BOS,SF,,False,False
44463391,154927,853408,633,6211253,Pascal Siakam,IND,PF,,False,False
44463392,154927,853408,465,6211253,Pascal Siakam,IND,PF,,False,False
44463393,154927,853408,636,6211253,Pascal Siakam,IND,PF,,False,False
44463394,154927,1344765,633,6220354,Jalen Duren,DET,C,,False,False
44463395,154927,1344765,465,6220354,Jalen Duren,DET,C,,False,False
44463396,154927,1344765,636,6220354,Jalen Duren,DET,C,,False,False
44463397,154927,1271706,464,6220360,Jalen Green,PHX,SG,,False,False
44463398,154927,1271706,465,6220360,Jalen Green,PHX,SG,,False,False
44463399,154927,1271706,636,6220360,Jalen Green,PHX,SG,,False,False
44463400,154927,1060978,464,6220354,Trae Young,WAS,PG,,False,False
44463401,154927,1060978,465,6220354,Trae Young,WAS,PG,,False,False
44463402,154927,1060978,636,6220354,Trae Young,WAS,PG,,False,False
44463403,154927,1461118,464,6220360,Stephon Castle,SAS,SG,,False,False
44463404,154927,1461118,465,6220360,Stephon Castle,SAS,SG,,False,False
44463405,154927,1461118,636,6220360,Stephon Castle,SAS,SG,,False,False
44463406,154927,796009,464,6211265,Derrick White,BOS,PG,,False,False
44463407,154927,796009,465,6211265,Derrick White,BOS,PG,,False,False
44463408,154927,796009,636,6211265,Derrick White,BOS,PG,,False,False
44463409,154927,750703,633,6211259,Bobby Portis,MIA,PF,,False,False
44463410,154927,750703,465,6211259,Bobby Portis,MIA,PF,,False,False
44463411,154927,750703,636,6211259,Bobby Portis,MIA,PF,,False,False
44463412,154927,957489,464,6220360,De'Aaron Fox,SAS,PG,,False,False
44463413,154927,957489,465,6220360,De'Aaron Fox,SAS,PG,,False,False
44463414,154927,957489,636,6220360,De'Aaron Fox,SAS,PG,,False,False
44463415,154927,1324108,464,6211271,Brandin Podziemski,GSW,SG,,False,False
44463416,154927,1324108,465,6211271,Brandin Podziemski,GSW,SG,,False,False
44463417,154927,1324108,636,6211271,Brandin Podziemski,GSW,SG,,False,False
44463418,154927,945610,464,6211265,Payton Pritchard,BOS,SG,,False,False
44463419,154927,945610,465,6211265,Payton Pritchard,BOS,SG,,False,False
44463420,154927,945610,636,6211265,Payton Pritchard,BOS,SG,,False,False
44463421,154927,1519361,464,6211265,VJ Edgecombe,PHI,SG,,False,False
44463422,154927,1519361,465,6211265,VJ Edgecombe,PHI,SG,,False,False
44463423,154927,1519361,636,6211265,VJ Edgecombe,PHI,SG,,False,False
44463424,154927,1067668,464,6211253,Nickeil Alexander-Walker,ATL,SG,,False,False
44463425,154927,1067668,465,6211253,Nickeil Alexander-Walker,ATL,SG,,False,False
44463426,154927,1067668,636,6211253,Nickeil Alexander-Walker,ATL,SG,,False,False
44463427,154927,887661,464,6220360,Luke Kennard,PHX,SG,,False,False
44463428,154927,887661,465,6220360,Luke Kennard,PHX,SG,,False,False
44463429,154927,887661,636,6220360,Luke Kennard,PHX,SG,,False,False
44463430,154927,1520672,633,6220354,Will Riley,WAS,SF,,False,False
44463431,154927,1520672,465,6220354,Will Riley,WAS,SF,,False,False
44463432,154927,1520672,636,6220354,Will Riley,WAS,SF,,False,False
44463433,154927,739960,633,6211259,Rudy Gobert,MIN,C,,False,False
44463434,154927,739960,465,6211259,Rudy Gobert,MIN,C,,False,False
44463435,154927,739960,636,6211259,Rudy Gobert,MIN,C,,False,False
44463436,154927,854601,633,6220360,Dillon Brooks,PHX,SF,,False,False
44463437,154927,854601,465,6220360,Dillon Brooks,PHX,SF,,False,False
44463438,154927,854601,636,6220360,Dillon Brooks,PHX,SF,,False,False
44463439,154927,1328253,464,6220360,Kennedy Chandler,PHX,PG,,False,False
44463440,154927,1328253,465,6220360,Kennedy Chandler,PHX,PG,,False,False
44463441,154927,1328253,636,6220360,Kennedy Chandler,PHX,PG,,False,False
44463442,154927,1133782,633,6211259,Ayo Dosunmu,MIN,SF,,False,False
44463443,154927,1133782,465,6211259,Ayo Dosunmu,MIN,SF,,False,False
44463444,154927,1133782,636,6211259,Ayo Dosunmu,MIN,SF,,False,False
44463445,154927,1429349,633,6220354,Alexandre Sarr,WAS,C,,False,False
44463446,154927,1429349,465,6220354,Alexandre Sarr,WAS,C,,False,False
44463447,154927,1429349,636,6220354,Alexandre Sarr,WAS,C,,False,False
44463448,154927,1326453,633,6211271,Maxime Raynaud,SAC,C,,False,False
44463449,154927,1326453,465,6211271,Maxime Raynaud,SAC,C,,False,False
44463450,154927,1326453,636,6211271,Maxime Raynaud,SAC,C,,False,False
44463451,154927,743777,464,6211271,Zach LaVine,SAC,SG,,False,False
44463452,154927,743777,465,6211271,Zach LaVine,SAC,SG,,False,False
44463453,154927,743777,636,6211271,Zach LaVine,SAC,SG,,False,False
44463454,154927,1357745,633,6211253,Dyson Daniels,ATL,SF,,False,False
44463455,154927,1357745,465,6211253,Dyson Daniels,ATL,SF,,False,False
44463456,154927,1357745,636,6211253,Dyson Daniels,ATL,SF,,False,False
44463457,154927,877869,633,6211271,Kristaps Porzingis,GSW,C,,False,False
44463458,154927,877869,465,6211271,Kristaps Porzingis,GSW,C,,False,False
44463459,154927,877869,636,6211271,Kristaps Porzingis,GSW,C,,False,False
44463460,154927,1177013,633,6211259,Jaden McDaniels,MIN,PF,,False,False
44463461,154927,1177013,465,6211259,Jaden McDaniels,MIN,PF,,False,False
44463462,154927,1177013,636,6211259,Jaden McDaniels,MIN,PF,,False,False
44463463,154927,1458830,633,6211259,Cody Williams,MIN,SF,,False,False
44463464,154927,1458830,465,6211259,Cody Williams,MIN,SF,,False,False
44463465,154927,1458830,636,6211259,Cody Williams,MIN,SF,,False,False
44463466,154927,1070352,464,6220360,Collin Gillespie,PHX,PG,,False,False
44463467,154927,1070352,465,6220360,Collin Gillespie,PHX,PG,,False,False
44463468,154927,1070352,636,6220360,Collin Gillespie,PHX,PG,,False,False
44463469,154927,1134158,464,6211253,Andrew Nembhard,IND,SG,,False,False
44463470,154927,1134158,465,6211253,Andrew Nembhard,IND,SG,,False,False
44463471,154927,1134158,636,6211253,Andrew Nembhard,IND,SG,,False,False
44463472,154927,1182387,464,6220354,Daniss Jenkins,DET,PG,,False,False
44463473,154927,1182387,465,6220354,Daniss Jenkins,DET,PG,,False,False
44463474,154927,1182387,636,6220354,Daniss Jenkins,DET,PG,,False,False
44463475,154927,1185367,633,6211253,Onyeka Okongwu,ATL,C,,False,False
44463476,154927,1185367,465,6211253,Onyeka Okongwu,ATL,C,,False,False
44463477,154927,1185367,636,6211253,Onyeka Okongwu,ATL,C,,False,False
44463478,154927,1340755,464,6211265,Devin Carter,BOS,PG,,False,False
44463479,154927,1340755,465,6211265,Devin Carter,BOS,PG,,False,False
44463480,154927,1340755,636,6211265,Devin Carter,BOS,PG,,False,False
44463481,154927,1519362,464,6220360,Dylan Harper,SAS,SG,,False,False
44463482,154927,1519362,465,6220360,Dylan Harper,SAS,SG,,False,False
44463483,154927,1519362,636,6220360,Dylan Harper,SAS,SG,,False,False
44463484,154927,1460113,464,6220354,Kyshawn George,WAS,SG,,False,False
44463485,154927,1460113,465,6220354,Kyshawn George,WAS,SG,,False,False
44463486,154927,1460113,636,6220354,Kyshawn George,WAS,SG,,False,False
44463487,154927,1232529,464,6211271,Nique Clifford,SAC,SG,,False,False
44463488,154927,1232529,465,6211271,Nique Clifford,SAC,SG,,False,False
44463489,154927,1232529,636,6211271,Nique Clifford,SAC,SG,,False,False
44463490,154927,1402709,633,6211253,Jarace Walker,IND,SF,,False,False
44463491,154927,1402709,465,6211253,Jarace Walker,IND,SF,,False,False
44463492,154927,1402709,636,6211253,Jarace Walker,IND,SF,,False,False
44463493,154927,522878,464,6211253,CJ McCollum,ATL,PG,,False,False
44463494,154927,522878,465,6211253,CJ McCollum,ATL,PG,,False,False
44463495,154927,522878,636,6211253,CJ McCollum,ATL,PG,,False,False
44463496,154927,920093,633,6211253,Ivica Zubac,IND,C,,False,False
44463497,154927,920093,465,6211253,Ivica Zubac,IND,C,,False,False
44463498,154927,920093,636,6211253,Ivica Zubac,IND,C,,False,False
44463499,154927,1437526,633,6220354,Bilal Coulibaly,WAS,SF,,False,False
44463500,154927,1437526,465,6220354,Bilal Coulibaly,WAS,SF,,False,False
44463501,154927,1437526,636,6220354,Bilal Coulibaly,WAS,SF,,False,False
44463502,154927,1175124,633,6211271,Precious Achiuwa,SAC,PF,,False,False
44463503,154927,1175124,465,6211271,Precious Achiuwa,SAC,PF,,False,False
44463504,154927,1175124,636,6211271,Precious Achiuwa,SAC,PF,,False,False
44463505,154927,468895,633,6211271,Draymond Green,GSW,PF,,False,False
44463506,154927,468895,465,6211271,Draymond Green,GSW,PF,,False,False
44463507,154927,468895,636,6211271,Draymond Green,GSW,PF,,False,False
44463508,154927,1231161,633,6211271,Keegan Murray,SAC,PF,,False,False
44463509,154927,1231161,465,6211271,Keegan Murray,SAC,PF,,False,False
44463510,154927,1231161,636,6211271,Keegan Murray,SAC,PF,,False,False
44463511,154927,1132051,633,6220360,Devin Vassell,SAS,SF,,False,False
44463512,154927,1132051,465,6220360,Devin Vassell,SAS,SF,,False,False
44463513,154927,1132051,636,6220360,Devin Vassell,SAS,SF,,False,False
44463514,154927,1134174,633,6220360,Keldon Johnson,SAS,SF,,False,False
44463515,154927,1134174,465,6220360,Keldon Johnson,SAS,SF,,False,False
44463516,154927,1134174,636,6220360,Keldon Johnson,SAS,SF,,False,False
44463517,154927,1460336,464,6220354,Bub Carrington,WAS,PG,,False,False
44463518,154927,1460336,465,6220354,Bub Carrington,WAS,PG,,False,False
44463519,154927,1460336,636,6220354,Bub Carrington,WAS,PG,,False,False
44463520,154927,1391940,633,6211271,Gui Santos,GSW,SF,,False,False
44463521,154927,1391940,465,6211271,Gui Santos,GSW,SF,,False,False
44463522,154927,1391940,636,6211271,Gui Santos,GSW,SF,,False,False
44463523,154927,843271,464,6211253,Kelly Oubre Jr.,IND,SG,,False,False
44463524,154927,843271,465,6211253,Kelly Oubre Jr.,IND,SG,,False,False
44463525,154927,843271,636,6211253,Kelly Oubre Jr.,IND,SG,,False,False
44463526,154927,1134688,464,6211271,Brandon Williams,GSW,PG,,False,False
44463527,154927,1134688,465,6211271,Brandon Williams,GSW,PG,,False,False
44463528,154927,1134688,636,6211271,Brandon Williams,GSW,PG,,False,False
44463529,154927,957479,633,6220360,Miles Bridges,PHX,PF,,False,False
44463530,154927,957479,465,6220360,Miles Bridges,PHX,PF,,False,False
44463531,154927,957479,636,6220360,Miles Bridges,PHX,PF,,False,False
44463532,154927,1121307,464,6211265,Anfernee Simons,PHI,SG,,False,False
44463533,154927,1121307,465,6211265,Anfernee Simons,PHI,SG,,False,False
44463534,154927,1121307,636,6211265,Anfernee Simons,PHI,SG,,False,False
44463535,154927,1138380,633,6211271,Leaky Black,SAC,SF,,False,False
44463536,154927,1138380,465,6211271,Leaky Black,SAC,SF,,False,False
44463537,154927,1138380,636,6211271,Leaky Black,SAC,SF,,False,False
44463538,154927,1142902,633,6211265,Neemias Queta,BOS,C,,False,False
44463539,154927,1142902,465,6211265,Neemias Queta,BOS,C,,False,False
44463540,154927,1142902,636,6211265,Neemias Queta,BOS,C,,False,False
44463541,154927,794503,633,6211259,Andrew Wiggins,MIA,SF,,False,False
44463542,154927,794503,465,6211259,Andrew Wiggins,MIA,SF,,False,False
44463543,154927,794503,636,6211259,Andrew Wiggins,MIA,SF,,False,False
44463544,154927,1061507,633,6220354,Deandre Ayton,WAS,C,,False,False
44463545,154927,1061507,465,6220354,Deandre Ayton,WAS,C,,False,False
44463546,154927,1061507,636,6220354,Deandre Ayton,WAS,C,,False,False
44463547,154927,1176070,633,6220360,Julian Champagnie,SAS,PF,,False,False
44463548,154927,1176070,465,6220360,Julian Champagnie,SAS,PF,,False,False
44463549,154927,1176070,636,6220360,Julian Champagnie,SAS,PF,,False,False
44463550,154927,1239611,464,6211271,Dalen Terry,GSW,SG,,False,False
44463551,154927,1239611,465,6211271,Dalen Terry,GSW,SG,,False,False
44463552,154927,1239611,636,6211271,Dalen Terry,GSW,SG,,False,False
44463553,154927,946801,464,6211271,De'Anthony Melton,GSW,SG,,False,False
44463554,154927,946801,465,6211271,De'Anthony Melton,GSW,SG,,False,False
44463555,154927,946801,636,6211271,De'Anthony Melton,GSW,SG,,False,False
44463556,154927,887915,464,6211259,Donte DiVincenzo,MIN,PG,,False,False
44463557,154927,887915,465,6211259,Donte DiVincenzo,MIN,PG,,False,False
44463558,154927,887915,636,6211259,Donte DiVincenzo,MIN,PG,,False,False
44463559,154927,1177129,464,6211265,Baylor Scheierman,BOS,SG,,False,False
44463560,154927,1177129,465,6211265,Baylor Scheierman,BOS,SG,,False,False
44463561,154927,1177129,636,6211265,Baylor Scheierman,BOS,SG,,False,False
44463562,154927,1406029,633,6220360,Ryan Dunn,PHX,PF,,False,False
44463563,154927,1406029,465,6220360,Ryan Dunn,PHX,PF,,False,False
44463564,154927,1406029,636,6220360,Ryan Dunn,PHX,PF,,False,False
44463565,154927,1433295,464,6211265,Rayan Rupert,PHI,SG,,False,False
44463566,154927,1433295,465,6211265,Rayan Rupert,PHI,SG,,False,False
44463567,154927,1433295,636,6211265,Rayan Rupert,PHI,SG,,False,False
44463568,154927,1350809,633,6220354,Tristan Vukcevic,WAS,C,,False,False
44463569,154927,1350809,465,6220354,Tristan Vukcevic,WAS,C,,False,False
44463570,154927,1350809,636,6220354,Tristan Vukcevic,WAS,C,,False,False
44463571,154927,1061057,633,6211265,Luka Garza,BOS,C,,False,False
44463572,154927,1061057,465,6211265,Luka Garza,BOS,C,,False,False
44463573,154927,1061057,636,6211265,Luka Garza,BOS,C,,False,False
44463574,154927,1136744,464,6220354,EJ Harkless,DET,PG,,False,False
44463575,154927,1136744,465,6220354,EJ Harkless,DET,PG,,False,False
44463576,154927,1136744,636,6220354,EJ Harkless,DET,PG,,False,False
44463577,154927,1429338,633,6220354,Ausar Thompson,DET,SF,,False,False
44463578,154927,1429338,465,6220354,Ausar Thompson,DET,SF,,False,False
44463579,154927,1429338,636,6220354,Ausar Thompson,DET,SF,,False,False
44463580,154927,880468,633,6220354,John Collins,DET,PF,,False,False
44463581,154927,880468,465,6220354,John Collins,DET,PF,,False,False
44463582,154927,880468,636,6220354,John Collins,DET,PF,,False,False
44463583,154927,1063236,464,6211271,Daeqwon Plowden,SAC,SG,,False,False
44463584,154927,1063236,465,6211271,Daeqwon Plowden,SAC,SG,,False,False
44463585,154927,1063236,636,6211271,Daeqwon Plowden,SAC,SG,,False,False
44463586,154927,1405622,633,6220360,Rasheer Fleming,PHX,SF,,False,False
44463587,154927,1405622,465,6220360,Rasheer Fleming,PHX,SF,,False,False
44463588,154927,1405622,636,6220360,Rasheer Fleming,PHX,SF,,False,False
44463589,154927,1408158,633,6211265,Dillon Mitchell,BOS,SF,,False,False
44463590,154927,1408158,465,6211265,Dillon Mitchell,BOS,SF,,False,False
44463591,154927,1408158,636,6211265,Dillon Mitchell,BOS,SF,,False,False
44463592,154927,1061659,464,6211259,Davion Mitchell,MIA,PG,,False,False
44463593,154927,1061659,465,6211259,Davion Mitchell,MIA,PG,,False,False
44463594,154927,1061659,636,6211259,Davion Mitchell,MIA,PG,,False,False
44463595,154927,1076274,633,6211253,Obi Toppin,IND,PF,,False,False
44463596,154927,1076274,465,6211253,Obi Toppin,IND,PF,,False,False
44463597,154927,1076274,636,6211253,Obi Toppin,IND,PF,,False,False
44463598,154927,1175260,633,6220354,Justin Champagnie,WAS,PF,,False,False
44463599,154927,1175260,465,6220354,Justin Champagnie,WAS,PF,,False,False
44463600,154927,1175260,636,6220354,Justin Champagnie,WAS,PF,,False,False
44463601,154927,1178199,464,6211259,Bones Hyland,MIN,PG,,False,False
44463602,154927,1178199,465,6211259,Bones Hyland,MIN,PG,,False,False
44463603,154927,1178199,636,6211259,Bones Hyland,MIN,PG,,False,False
44463604,154927,1182148,464,6211259,Terrence Shannon Jr.,MIN,SG,,False,False
44463605,154927,1182148,465,6211259,Terrence Shannon Jr.,MIN,SG,,False,False
44463606,154927,1182148,636,6211259,Terrence Shannon Jr.,MIN,SG,,False,False
44463607,154927,1251665,633,6211271,Dylan Cardwell,SAC,C,,False,False
44463608,154927,1251665,465,6211271,Dylan Cardwell,SAC,C,,False,False
44463609,154927,1251665,636,6211271,Dylan Cardwell,SAC,C,,False,False
44463610,154927,1323578,464,6211271,Will Richard,GSW,SG,,False,False
44463611,154927,1323578,465,6211271,Will Richard,GSW,SG,,False,False
44463612,154927,1323578,636,6211271,Will Richard,GSW,SG,,False,False
44463613,154927,1343051,464,6211259,Bez Mbeng,MIA,PG,,False,False
44463614,154927,1343051,465,6211259,Bez Mbeng,MIA,PG,,False,False
44463615,154927,1343051,636,6211259,Bez Mbeng,MIA,PG,,False,False
44463616,154927,1401388,633,6211265,Jordan Walsh,BOS,PF,,False,False
44463617,154927,1401388,465,6211265,Jordan Walsh,BOS,PF,,False,False
44463618,154927,1401388,636,6211265,Jordan Walsh,BOS,PF,,False,False
44463619,154927,1465506,633,6220360,Khaman Maluach,PHX,C,,False,False
44463620,154927,1465506,465,6220360,Khaman Maluach,PHX,C,,False,False
44463621,154927,1465506,636,6220360,Khaman Maluach,PHX,C,,False,False
44463622,154927,1593959,464,6211253,Kingston Flemings,ATL,PG,,False,False
44463623,154927,1593959,465,6211253,Kingston Flemings,ATL,PG,,False,False
44463624,154927,1593959,636,6211253,Kingston Flemings,ATL,PG,,False,False
44463625,154927,957492,464,6211271,Malik Monk,SAC,PG,,False,False
44463626,154927,957492,465,6211271,Malik Monk,SAC,PG,,False,False
44463627,154927,957492,636,6211271,Malik Monk,SAC,PG,,False,False
44463628,154927,1232056,464,6220354,Jamir Watkins,WAS,SG,,False,False
44463629,154927,1232056,465,6220354,Jamir Watkins,WAS,SG,,False,False
44463630,154927,1232056,636,6220354,Jamir Watkins,WAS,SG,,False,False
44463631,154927,850308,633,6211253,Jock Landale,ATL,C,,False,False
44463632,154927,850308,465,6211253,Jock Landale,ATL,C,,False,False
44463633,154927,850308,636,6211253,Jock Landale,ATL,C,,False,False
44463634,154927,1062104,633,6220360,Jordan Goodwin,PHX,SF,,False,False
44463635,154927,1062104,465,6220360,Jordan Goodwin,PHX,SF,,False,False
44463636,154927,1062104,636,6220360,Jordan Goodwin,PHX,SF,,False,False
44463637,154927,1403617,464,6211271,Emanuel Sharp,SAC,SG,,False,False
44463638,154927,1403617,465,6211271,Emanuel Sharp,SAC,SG,,False,False
44463639,154927,1403617,636,6211271,Emanuel Sharp,SAC,SG,,False,False
44463640,154927,552523,633,6220360,Tobias Harris,SAS,PF,,False,False
44463641,154927,552523,465,6220360,Tobias Harris,SAS,PF,,False,False
44463642,154927,552523,636,6220360,Tobias Harris,SAS,PF,,False,False
44463643,154927,846407,464,6211271,Gary Payton II,GSW,SG,,False,False
44463644,154927,846407,465,6211271,Gary Payton II,GSW,SG,,False,False
44463645,154927,846407,636,6211271,Gary Payton II,GSW,SG,,False,False
44463646,154927,604290,633,6220354,Anthony Gill,WAS,C,,False,False
44463647,154927,604290,465,6220354,Anthony Gill,WAS,C,,False,False
44463648,154927,604290,636,6220354,Anthony Gill,WAS,C,,False,False
44463649,154927,1195699,464,6211253,Quenton Jackson,IND,PG,,False,False
44463650,154927,1195699,465,6211253,Quenton Jackson,IND,PG,,False,False
44463651,154927,1195699,636,6211253,Quenton Jackson,IND,PG,,False,False
44463652,154927,1271708,633,6211259,Jonathan Kuminga,MIN,SF,,False,False
44463653,154927,1271708,465,6211259,Jonathan Kuminga,MIN,SF,,False,False
44463654,154927,1271708,636,6211259,Jonathan Kuminga,MIN,SF,,False,False
44463655,154927,1590552,633,6211259,Joan Beringer,MIN,C,,False,False
44463656,154927,1590552,465,6211259,Joan Beringer,MIN,C,,False,False
44463657,154927,1590552,636,6211259,Joan Beringer,MIN,C,,False,False
44463658,154927,1230361,633,6220360,Mark Williams,PHX,C,,False,False
44463659,154927,1230361,465,6220360,Mark Williams,PHX,C,,False,False
44463660,154927,1230361,636,6220360,Mark Williams,PHX,C,,False,False
44463661,154927,280587,633,6211271,Al Horford,GSW,C,,False,False
44463662,154927,280587,465,6211271,Al Horford,GSW,C,,False,False
44463663,154927,280587,636,6211271,Al Horford,GSW,C,,False,False
44463664,154927,942843,633,6211253,Jay Huff,IND,C,,False,False
44463665,154927,942843,465,6211253,Jay Huff,IND,C,,False,False
44463666,154927,942843,636,6211253,Jay Huff,IND,C,,False,False
44463667,154927,1135981,633,6211253,Jalen Slawson,IND,SF,,False,False
44463668,154927,1135981,465,6211253,Jalen Slawson,IND,SF,,False,False
44463669,154927,1135981,636,6211253,Jalen Slawson,IND,SF,,False,False
44463670,154927,1232477,633,6220360,Oso Ighodaro,PHX,C,,False,False
44463671,154927,1232477,465,6220360,Oso Ighodaro,PHX,C,,False,False
44463672,154927,1232477,636,6220360,Oso Ighodaro,PHX,C,,False,False
44463673,154927,1465002,633,6211265,Justin Edwards,PHI,SF,,False,False
44463674,154927,1465002,465,6211265,Justin Edwards,PHI,SF,,False,False
44463675,154927,1465002,636,6211265,Justin Edwards,PHI,SF,,False,False
44463676,154927,1519152,464,6211265,Labaron Philon Jr.,PHI,PG,,False,False
44463677,154927,1519152,465,6211265,Labaron Philon Jr.,PHI,PG,,False,False
44463678,154927,1519152,636,6211265,Labaron Philon Jr.,PHI,PG,,False,False
44463679,154927,696209,633,6220354,Taurean Prince,DET,PF,,False,False
44463680,154927,696209,465,6220354,Taurean Prince,DET,PF,,False,False
44463681,154927,696209,636,6220354,Taurean Prince,DET,PF,,False,False
44463682,154927,1076238,633,6220354,Paul Reed,DET,C,,False,False
44463683,154927,1076238,465,6220354,Paul Reed,DET,C,,False,False
44463684,154927,1076238,636,6220354,Paul Reed,DET,C,,False,False
44463685,154927,1133788,633,6211253,Aaron Wiggins,ATL,SF,,False,False
44463686,154927,1133788,465,6211253,Aaron Wiggins,ATL,SF,,False,False
44463687,154927,1133788,636,6211253,Aaron Wiggins,ATL,SF,,False,False
44463688,154927,1197462,464,6211259,Myron Gardner,MIA,SG,,False,False
44463689,154927,1197462,465,6211259,Myron Gardner,MIA,SG,,False,False
44463690,154927,1197462,636,6211259,Myron Gardner,MIA,SG,,False,False
44463691,154927,1231638,633,6211271,Graham Ike,GSW,C,,False,False
44463692,154927,1231638,465,6211271,Graham Ike,GSW,C,,False,False
44463693,154927,1231638,636,6211271,Graham Ike,GSW,C,,False,False
44463694,154927,1324019,464,6211271,Miles Kelly,GSW,PG,,False,False
44463695,154927,1324019,465,6211271,Miles Kelly,GSW,PG,,False,False
44463696,154927,1324019,636,6211271,Miles Kelly,GSW,PG,,False,False
44463697,154927,1590553,464,6211265,Hugo Gonzalez,BOS,SG,,False,False
44463698,154927,1590553,465,6211265,Hugo Gonzalez,BOS,SG,,False,False
44463699,154927,1590553,636,6211265,Hugo Gonzalez,BOS,SG,,False,False
44463700,154927,1591016,464,6211271,Darius Acuff Jr.,SAC,PG,,False,False
44463701,154927,1591016,465,6211271,Darius Acuff Jr.,SAC,PG,,False,False
44463702,154927,1591016,636,6211271,Darius Acuff Jr.,SAC,PG,,False,False
44463703,154927,1231950,633,6211259,Pelle Larsson,MIA,SF,,False,False
44463704,154927,1231950,465,6211259,Pelle Larsson,MIA,SF,,False,False
44463705,154927,1231950,636,6211259,Pelle Larsson,MIA,SF,,False,False
44463706,154927,1350567,633,6211265,Adem Bona,PHI,C,,False,False
44463707,154927,1350567,465,6211265,Adem Bona,PHI,C,,False,False
44463708,154927,1350567,636,6211265,Adem Bona,PHI,C,,False,False
44463709,154927,551771,464,6211259,Tim Hardaway Jr.,MIA,SG,,False,False
44463710,154927,551771,465,6211259,Tim Hardaway Jr.,MIA,SG,,False,False
44463711,154927,551771,636,6211259,Tim Hardaway Jr.,MIA,SG,,False,False
44463712,154927,1077554,464,6211253,Corey Kispert,ATL,SG,,False,False
44463713,154927,1077554,465,6211253,Corey Kispert,ATL,SG,,False,False
44463714,154927,1077554,636,6211253,Corey Kispert,ATL,SG,,False,False
44463715,154927,1138669,633,6211271,Charles Bassey,GSW,C,,False,False
44463716,154927,1138669,465,6211271,Charles Bassey,GSW,C,,False,False
44463717,154927,1138669,636,6211271,Charles Bassey,GSW,C,,False,False
44463718,154927,1194704,464,6211253,RayJ Dennis,ATL,PG,,False,False
44463719,154927,1194704,465,6211253,RayJ Dennis,ATL,PG,,False,False
44463720,154927,1194704,636,6211253,RayJ Dennis,ATL,PG,,False,False
44463721,154927,1232517,633,6211265,Jabari Walker,PHI,SF,,False,False
44463722,154927,1232517,465,6211265,Jabari Walker,PHI,SF,,False,False
44463723,154927,1232517,636,6211265,Jabari Walker,PHI,SF,,False,False
44463724,154927,1243718,464,6211265,Caleb Love,PHI,PG,,False,False
44463725,154927,1243718,465,6211265,Caleb Love,PHI,PG,,False,False
44463726,154927,1243718,636,6211265,Caleb Love,PHI,PG,,False,False
44463727,154927,1324081,633,6211265,Saint Thomas,PHI,SF,,False,False
44463728,154927,1324081,465,6211265,Saint Thomas,PHI,SF,,False,False
44463729,154927,1324081,636,6211265,Saint Thomas,PHI,SF,,False,False
44463730,154927,1345014,633,6211271,Malevy Leons,GSW,SF,,False,False
44463731,154927,1345014,465,6211271,Malevy Leons,GSW,SF,,False,False
44463732,154927,1345014,636,6211271,Malevy Leons,GSW,SF,,False,False
44463733,154927,1501942,633,6220354,Ronald Holland II,DET,PF,,False,False
44463734,154927,1501942,465,6220354,Ronald Holland II,DET,PF,,False,False
44463735,154927,1501942,636,6220354,Ronald Holland II,DET,PF,,False,False
44463736,154927,1524332,633,6211253,Asa Newell,ATL,PF,,False,False
44463737,154927,1524332,465,6211253,Asa Newell,ATL,PF,,False,False
44463738,154927,1524332,636,6211253,Asa Newell,ATL,PF,,False,False
44463739,154927,1593958,633,6211265,Christopher Cenac Jr.,BOS,PF,,False,False
44463740,154927,1593958,465,6211265,Christopher Cenac Jr.,BOS,PF,,False,False
44463741,154927,1593958,636,6211265,Christopher Cenac Jr.,BOS,PF,,False,False
44463742,154927,1067853,633,6211259,Nick Richards,MIA,C,,False,False
44463743,154927,1067853,465,6211259,Nick Richards,MIA,C,,False,False
44463744,154927,1067853,636,6211259,Nick Richards,MIA,C,,False,False
44463745,154927,1068236,464,6220360,Jamaree Bouyea,PHX,PG,,False,False
44463746,154927,1068236,465,6220360,Jamaree Bouyea,PHX,PG,,False,False
44463747,154927,1068236,636,6220360,Jamaree Bouyea,PHX,PG,,False,False
44463748,154927,1175324,464,6211253,Ben Sheppard,IND,SG,,False,False
44463749,154927,1175324,465,6211253,Ben Sheppard,IND,SG,,False,False
44463750,154927,1175324,636,6211253,Ben Sheppard,IND,SG,,False,False
44463751,154927,1231442,633,6211265,Dillon Jones,PHI,SF,,False,False
44463752,154927,1231442,465,6211265,Dillon Jones,PHI,SF,,False,False
44463753,154927,1231442,636,6211265,Dillon Jones,PHI,SF,,False,False
44463754,154927,1365403,633,6211271,Alex Karaban,SAC,SF,,False,False
44463755,154927,1365403,465,6211271,Alex Karaban,SAC,SF,,False,False
44463756,154927,1365403,636,6211271,Alex Karaban,SAC,SF,,False,False
44463757,154927,1401394,464,6211259,Tre Donaldson,MIA,PG,,False,False
44463758,154927,1401394,465,6211259,Tre Donaldson,MIA,PG,,False,False
44463759,154927,1401394,636,6211259,Tre Donaldson,MIA,PG,,False,False
44463760,154927,1404902,633,6211271,Jonathan Mogbo,SAC,C,,False,False
44463761,154927,1404902,465,6211271,Jonathan Mogbo,SAC,C,,False,False
44463762,154927,1404902,636,6211271,Jonathan Mogbo,SAC,C,,False,False
44463763,154927,1416382,633,6211253,Zuby Ejiofor,ATL,C,,False,False
44463764,154927,1416382,465,6211253,Zuby Ejiofor,ATL,C,,False,False
44463765,154927,1416382,636,6211253,Zuby Ejiofor,ATL,C,,False,False
44463766,154927,1427204,633,6211271,Alex Toohey,GSW,SF,,False,False
44463767,154927,1427204,465,6211271,Alex Toohey,GSW,SF,,False,False
44463768,154927,1427204,636,6211271,Alex Toohey,GSW,SF,,False,False
44463769,154927,602730,633,6211265,Kentavious Caldwell-Pope,PHI,SF,,False,False
44463770,154927,602730,465,6211265,Kentavious Caldwell-Pope,PHI,SF,,False,False
44463771,154927,602730,636,6211265,Kentavious Caldwell-Pope,PHI,SF,,False,False
44463772,154927,845596,633,6211259,Trey Lyles,MIN,PF,,False,False
44463773,154927,845596,465,6211259,Trey Lyles,MIN,PF,,False,False
44463774,154927,845596,636,6211259,Trey Lyles,MIN,PF,,False,False
44463775,154927,880677,633,6211265,Dean Wade,PHI,PF,,False,False
44463776,154927,880677,465,6211265,Dean Wade,PHI,PF,,False,False
44463777,154927,880677,636,6211265,Dean Wade,PHI,PF,,False,False
44463778,154927,1174884,633,6211253,Jalen Wilson,ATL,SF,,False,False
44463779,154927,1174884,465,6211253,Jalen Wilson,ATL,SF,,False,False
44463780,154927,1174884,636,6211253,Jalen Wilson,ATL,SF,,False,False
44463781,154927,1193678,464,6211259,Antonio Reeves,MIN,SG,,False,False
44463782,154927,1193678,465,6211259,Antonio Reeves,MIN,SG,,False,False
44463783,154927,1193678,636,6211259,Antonio Reeves,MIN,SG,,False,False
44463784,154927,1196146,464,6211259,Zyon Pullin,MIN,PG,,False,False
44463785,154927,1196146,465,6211259,Zyon Pullin,MIN,PG,,False,False
44463786,154927,1196146,636,6211259,Zyon Pullin,MIN,PG,,False,False
44463787,154927,1269060,464,6220360,David Jones-Garcia,SAS,PG,,False,False
44463788,154927,1269060,465,6220360,David Jones-Garcia,SAS,PG,,False,False
44463789,154927,1269060,636,6220360,David Jones-Garcia,SAS,PG,,False,False
44463790,154927,1314104,633,6211259,Simone Fontecchio,MIA,PF,,False,False
44463791,154927,1314104,465,6211259,Simone Fontecchio,MIA,PF,,False,False
44463792,154927,1314104,636,6211259,Simone Fontecchio,MIA,PF,,False,False
44463793,154927,1349630,633,6211259,Nikola Jovic,MIA,C,,False,False
44463794,154927,1349630,465,6211259,Nikola Jovic,MIA,C,,False,False
44463795,154927,1349630,636,6211259,Nikola Jovic,MIA,C,,False,False
44463796,154927,1405618,464,6211259,Ryan Conwell,MIA,SG,,False,False
44463797,154927,1405618,465,6211259,Ryan Conwell,MIA,SG,,False,False
44463798,154927,1405618,636,6211259,Ryan Conwell,MIA,SG,,False,False
44463799,154927,1538604,633,6220360,Carter Bryant,SAS,SF,,False,False
44463800,154927,1538604,465,6220360,Carter Bryant,SAS,SF,,False,False
44463801,154927,1538604,636,6220360,Carter Bryant,SAS,SF,,False,False
44463802,154927,1134693,464,6211253,Luguentz Dort,ATL,SG,,False,False
44463803,154927,1134693,465,6211253,Luguentz Dort,ATL,SG,,False,False
44463804,154927,1134693,636,6211253,Luguentz Dort,ATL,SG,,False,False
44463805,154927,1419291,633,6211265,Dominick Barlow,PHI,PF,,False,False
44463806,154927,1419291,465,6211265,Dominick Barlow,PHI,PF,,False,False
44463807,154927,1419291,636,6211265,Dominick Barlow,PHI,PF,,False,False
44463808,154927,552336,633,6220360,Harrison Barnes,SAS,PF,,False,False
44463809,154927,552336,465,6220360,Harrison Barnes,SAS,PF,,False,False
44463810,154927,552336,636,6220360,Harrison Barnes,SAS,PF,,False,False
44463811,154927,608661,464,6211271,Elfrid Payton,SAC,PG,,False,False
44463812,154927,608661,465,6211271,Elfrid Payton,SAC,PG,,False,False
44463813,154927,608661,636,6211271,Elfrid Payton,SAC,PG,,False,False
44463814,154927,624174,633,6220354,Javonte Green,DET,SF,,False,False
44463815,154927,624174,465,6220354,Javonte Green,DET,SF,,False,False
44463816,154927,624174,636,6220354,Javonte Green,DET,SF,,False,False
44463817,154927,745923,633,6220360,Luke Kornet,SAS,C,,False,False
44463818,154927,745923,465,6220360,Luke Kornet,SAS,C,,False,False
44463819,154927,745923,636,6220360,Luke Kornet,SAS,C,,False,False
44463820,154927,1175356,464,6220354,Tre Mann,WAS,PG,,False,False
44463821,154927,1175356,465,6220354,Tre Mann,WAS,PG,,False,False
44463822,154927,1175356,636,6220354,Tre Mann,WAS,PG,,False,False
44463823,154927,1176145,464,6220360,Pat Spencer,PHX,PG,,False,False
44463824,154927,1176145,465,6220360,Pat Spencer,PHX,PG,,False,False
44463825,154927,1176145,636,6220360,Pat Spencer,PHX,PG,,False,False
44463826,154927,1249996,464,6211271,L.J. Cryer,GSW,PG,,False,False
44463827,154927,1249996,465,6211271,L.J. Cryer,GSW,PG,,False,False
44463828,154927,1249996,636,6211271,L.J. Cryer,GSW,PG,,False,False
44463829,154927,1405372,464,6211253,Braden Smith,IND,PG,,False,False
44463830,154927,1405372,465,6211253,Braden Smith,IND,PG,,False,False
44463831,154927,1405372,636,6211253,Braden Smith,IND,PG,,False,False
44463832,154927,1408273,633,6220354,Felix Okpara,WAS,C,,False,False
44463833,154927,1408273,465,6220354,Felix Okpara,WAS,C,,False,False
44463834,154927,1408273,636,6220354,Felix Okpara,WAS,C,,False,False
44463835,154927,1610167,633,6220360,Koa Peat,PHX,SF,,False,False
44463836,154927,1610167,465,6220360,Koa Peat,PHX,SF,,False,False
44463837,154927,1610167,636,6220360,Koa Peat,PHX,SF,,False,False
44463838,154927,679381,633,6211271,Georges Niang,GSW,PF,,False,False
44463839,154927,679381,465,6211271,Georges Niang,GSW,PF,,False,False
44463840,154927,679381,636,6211271,Georges Niang,GSW,PF,,False,False
44463841,154927,1413173,633,6211253,Henri Veesaar,ATL,C,,False,False
44463842,154927,1413173,465,6211253,Henri Veesaar,ATL,C,,False,False
44463843,154927,1413173,636,6211253,Henri Veesaar,ATL,C,,False,False
44463844,154927,329468,464,6211265,Mike Conley,BOS,PG,,False,False
44463845,154927,329468,465,6211265,Mike Conley,BOS,PG,,False,False
44463846,154927,329468,636,6211265,Mike Conley,BOS,PG,,False,False
44463847,154927,606701,633,6211253,Dorian Finney-Smith,ATL,SF,,False,False
44463848,154927,606701,465,6211253,Dorian Finney-Smith,ATL,SF,,False,False
44463849,154927,606701,636,6211253,Dorian Finney-Smith,ATL,SF,,False,False
44463850,154927,854591,464,6220354,Duncan Robinson,DET,SG,,False,False
44463851,154927,854591,465,6220354,Duncan Robinson,DET,SG,,False,False
44463852,154927,854591,636,6220354,Duncan Robinson,DET,SG,,False,False
44463853,154927,944785,464,6220354,Kevin Huerter,DET,SG,,False,False
44463854,154927,944785,465,6220354,Kevin Huerter,DET,SG,,False,False
44463855,154927,944785,636,6220354,Kevin Huerter,DET,SG,,False,False
44463856,154927,1134010,464,6220354,Isaiah Joe,DET,SG,,False,False
44463857,154927,1134010,465,6220354,Isaiah Joe,DET,SG,,False,False
44463858,154927,1134010,636,6220354,Isaiah Joe,DET,SG,,False,False
44463859,154927,1176611,633,6211253,Kobe Brown,IND,PF,,False,False
44463860,154927,1176611,465,6211253,Kobe Brown,IND,PF,,False,False
44463861,154927,1176611,636,6211253,Kobe Brown,IND,PF,,False,False
44463862,154927,1191176,633,6211259,Drew Timme,MIN,PF,,False,False
44463863,154927,1191176,465,6211259,Drew Timme,MIN,PF,,False,False
44463864,154927,1191176,636,6211259,Drew Timme,MIN,PF,,False,False
44463865,154927,1197096,633,6211259,Enrique Freeman,MIN,PF,,False,False
44463866,154927,1197096,465,6211259,Enrique Freeman,MIN,PF,,False,False
44463867,154927,1197096,636,6211259,Enrique Freeman,MIN,PF,,False,False
44463868,154927,1231198,633,6211259,Jaylen Clark,MIN,SF,,False,False
44463869,154927,1231198,465,6211259,Jaylen Clark,MIN,SF,,False,False
44463870,154927,1231198,636,6211259,Jaylen Clark,MIN,SF,,False,False
44463871,154927,1232481,464,6220354,Chaz Lanier,DET,SG,,False,False
44463872,154927,1232481,465,6220354,Chaz Lanier,DET,SG,,False,False
44463873,154927,1232481,636,6220354,Chaz Lanier,DET,SG,,False,False
44463874,154927,1401391,464,6220360,Ja'Kobi Gillespie,SAS,PG,,False,False
44463875,154927,1401391,465,6220360,Ja'Kobi Gillespie,SAS,PG,,False,False
44463876,154927,1401391,636,6220360,Ja'Kobi Gillespie,SAS,PG,,False,False
44463877,154927,1403624,633,6220354,Isaac Jones,DET,PF,,False,False
44463878,154927,1403624,465,6220354,Isaac Jones,DET,PF,,False,False
44463879,154927,1403624,636,6220354,Isaac Jones,DET,PF,,False,False
44463880,154927,1408243,633,6220360,Tarris Reed Jr.,SAS,C,,False,False
44463881,154927,1408243,465,6220360,Tarris Reed Jr.,SAS,C,,False,False
44463882,154927,1408243,636,6220360,Tarris Reed Jr.,SAS,C,,False,False
44463883,154927,1482267,464,6211265,Hayden Gray,BOS,PG,,False,False
44463884,154927,1482267,465,6211265,Hayden Gray,BOS,PG,,False,False
44463885,154927,1482267,636,6211265,Hayden Gray,BOS,PG,,False,False
44463886,154927,1519129,464,6211259,Isaiah Evans,MIN,PG,,False,False
44463887,154927,1519129,465,6211259,Isaiah Evans,MIN,PG,,False,False
44463888,154927,1519129,636,6211259,Isaiah Evans,MIN,PG,,False,False
44463889,154927,1593398,464,6220354,Ebuka Okorie,DET,PG,,False,False
44463890,154927,1593398,465,6220354,Ebuka Okorie,DET,PG,,False,False
44463891,154927,1593398,636,6220354,Ebuka Okorie,DET,PG,,False,False
44463892,154927,1325101,633,6211253,Mouhamed Gueye,ATL,PF,,False,False
44463893,154927,1325101,465,6211253,Mouhamed Gueye,ATL,PF,,False,False
44463894,154927,1325101,636,6211253,Mouhamed Gueye,ATL,PF,,False,False
44463895,154927,844465,464,6220360,Jordan McLaughlin,SAS,PG,,False,False
44463896,154927,844465,465,6220360,Jordan McLaughlin,SAS,PG,,False,False
44463897,154927,844465,636,6220360,Jordan McLaughlin,SAS,PG,,False,False
44463898,154927,948115,633,6220360,Duop Reath,PHX,C,,False,False
44463899,154927,948115,465,6220360,Duop Reath,PHX,C,,False,False
44463900,154927,948115,636,6220360,Duop Reath,PHX,C,,False,False
44463901,154927,1083019,633,6220360,Haywood Highsmith,PHX,SF,,False,False
44463902,154927,1083019,465,6220360,Haywood Highsmith,PHX,SF,,False,False
44463903,154927,1083019,636,6220360,Haywood Highsmith,PHX,SF,,False,False
44463904,154927,1135289,633,6211265,Gabe McGlothan,BOS,SF,,False,False
44463905,154927,1135289,465,6211265,Gabe McGlothan,BOS,SF,,False,False
44463906,154927,1135289,636,6211265,Gabe McGlothan,BOS,SF,,False,False
44463907,154927,1138674,633,6220354,Tolu Smith,DET,C,,False,False
44463908,154927,1138674,465,6220354,Tolu Smith,DET,C,,False,False
44463909,154927,1138674,636,6220354,Tolu Smith,DET,C,,False,False
44463910,154927,1176279,633,6220354,Brice Williams,DET,SF,,False,False
44463911,154927,1176279,465,6220354,Brice Williams,DET,SF,,False,False
44463912,154927,1176279,636,6220354,Brice Williams,DET,SF,,False,False
44463913,154927,1231386,633,6211259,Norchad Omier,MIN,SF,,False,False
44463914,154927,1231386,465,6211259,Norchad Omier,MIN,SF,,False,False
44463915,154927,1231386,636,6211259,Norchad Omier,MIN,SF,,False,False
44463916,154927,1232028,633,6211265,Amari Williams,BOS,C,,False,False
44463917,154927,1232028,465,6211265,Amari Williams,BOS,C,,False,False
44463918,154927,1232028,636,6211265,Amari Williams,BOS,C,,False,False
44463919,154927,1241594,633,6211259,Vladislav Goldin,MIA,C,,False,False
44463920,154927,1241594,465,6211259,Vladislav Goldin,MIA,C,,False,False
44463921,154927,1241594,636,6211259,Vladislav Goldin,MIA,C,,False,False
44463922,154927,1243722,464,6220360,RJ Davis,SAS,PG,,False,False
44463923,154927,1243722,465,6220360,RJ Davis,SAS,PG,,False,False
44463924,154927,1243722,636,6220360,RJ Davis,SAS,PG,,False,False
44463925,154927,1243726,464,6220360,Taelon Peter,SAS,SG,,False,False
44463926,154927,1243726,465,6220360,Taelon Peter,SAS,SG,,False,False
44463927,154927,1243726,636,6220360,Taelon Peter,SAS,SG,,False,False
44463928,154927,1257431,633,6211259,KJ Martin,MIN,SF,,False,False
44463929,154927,1257431,465,6211259,KJ Martin,MIN,SF,,False,False
44463930,154927,1257431,636,6211259,KJ Martin,MIN,SF,,False,False
44463931,154927,1405418,464,6211265,Milos Uzan,BOS,PG,,False,False
44463932,154927,1405418,465,6211265,Milos Uzan,BOS,PG,,False,False
44463933,154927,1405418,636,6211265,Milos Uzan,BOS,PG,,False,False
44463934,154927,1408196,633,6220354,Chris Livingston,WAS,SF,,False,False
44463935,154927,1408196,465,6220354,Chris Livingston,WAS,SF,,False,False
44463936,154927,1408196,636,6220354,Chris Livingston,WAS,SF,,False,False
44463937,154927,1502168,633,6211259,Rocco Zikarsky,MIN,C,,False,False
44463938,154927,1502168,465,6211259,Rocco Zikarsky,MIN,C,,False,False
44463939,154927,1502168,636,6211259,Rocco Zikarsky,MIN,C,,False,False
44463940,154927,1327829,464,6211253,Keshon Gilbert,ATL,PG,,False,False
44463941,154927,1327829,465,6211253,Keshon Gilbert,ATL,PG,,False,False
44463942,154927,1327829,636,6211253,Keshon Gilbert,ATL,PG,,False,False
44463943,154927,1177278,633,6211259,Keshad Johnson,MIA,SF,,False,False
44463944,154927,1177278,465,6211259,Keshad Johnson,MIA,SF,,False,False
44463945,154927,1177278,636,6211259,Keshad Johnson,MIA,SF,,False,False
44463946,154927,457611,464,6211259,Klay Thompson,MIA,SG,,False,False
44463947,154927,457611,465,6211259,Klay Thompson,MIA,SG,,False,False
44463948,154927,457611,636,6211259,Klay Thompson,MIA,SG,,False,False
44463949,154927,1132825,464,6211253,Tyrese Haliburton,IND,PG,,False,False
44463950,154927,1132825,465,6211253,Tyrese Haliburton,IND,PG,,False,False
44463951,154927,1132825,636,6211253,Tyrese Haliburton,IND,PG,,False,False
44463952,154927,1136581,464,6211271,Adam Flagler,SAC,PG,,False,False
44463953,154927,1136581,465,6211271,Adam Flagler,SAC,PG,,False,False
44463954,154927,1136581,636,6211271,Adam Flagler,SAC,PG,,False,False
44463955,154927,1175110,464,6211259,Lester Quinones,MIA,SG,,False,False
44463956,154927,1175110,465,6211259,Lester Quinones,MIA,SG,,False,False
44463957,154927,1175110,636,6211259,Lester Quinones,MIA,SG,,False,False
44463958,154927,1230369,464,6220354,Reece Beekman,WAS,PG,,False,False
44463959,154927,1230369,465,6220354,Reece Beekman,WAS,PG,,False,False
44463960,154927,1230369,636,6220354,Reece Beekman,WAS,PG,,False,False
44463961,154927,1323682,633,6211259,Ian Schieffelin,MIA,PF,,False,False
44463962,154927,1323682,465,6211259,Ian Schieffelin,MIA,PF,,False,False
44463963,154927,1323682,636,6211259,Ian Schieffelin,MIA,PF,,False,False
44463964,154927,1340218,633,6211265,Tucker DeVries,BOS,SF,,False,False
44463965,154927,1340218,465,6211265,Tucker DeVries,BOS,SF,,False,False
44463966,154927,1340218,636,6211265,Tucker DeVries,BOS,SF,,False,False
44463967,154927,1617074,633,6220354,AJ Dybantsa,WAS,SF,,False,False
44463968,154927,1617074,465,6220354,AJ Dybantsa,WAS,SF,,False,False
44463969,154927,1617074,636,6220354,AJ Dybantsa,WAS,SF,,False,False
44463970,154927,886391,633,6211271,Ben Simmons,SAC,SF,,False,False
44463971,154927,886391,465,6211271,Ben Simmons,SAC,SF,,False,False
44463972,154927,886391,636,6211271,Ben Simmons,SAC,SF,,False,False
44463973,154927,1076265,633,6211265,Mitchell Robinson,BOS,C,,False,False
44463974,154927,1076265,465,6211265,Mitchell Robinson,BOS,C,,False,False
44463975,154927,1076265,636,6211265,Mitchell Robinson,BOS,C,,False,False
44463976,154927,1482282,633,6211271,Yaxel Lendeborg,GSW,SF,,False,False
44463977,154927,1482282,465,6211271,Yaxel Lendeborg,GSW,SF,,False,False
44463978,154927,1482282,636,6211271,Yaxel Lendeborg,GSW,SF,,False,False
44463979,154927,458730,633,6211271,Jimmy Butler,GSW,SF,,False,False
44463980,154927,458730,465,6211271,Jimmy Butler,GSW,SF,,False,False
44463981,154927,458730,636,6211271,Jimmy Butler,GSW,SF,,False,False
44463982,154927,1350535,633,6211265,Ariel Hukporti,PHI,C,,False,False
44463983,154927,1350535,465,6211265,Ariel Hukporti,PHI,C,,False,False
44463984,154927,1350535,636,6211265,Ariel Hukporti,PHI,C,,False,False
44463985,154927,398037,633,6211253,James Johnson,IND,PF,,False,False
44463986,154927,398037,465,6211253,James Johnson,IND,PF,,False,False
44463987,154927,398037,636,6211253,James Johnson,IND,PF,,False,False
44463988,154927,942857,633,6211271,De'Andre Hunter,SAC,SF,,False,False
44463989,154927,942857,465,6211271,De'Andre Hunter,SAC,SF,,False,False
44463990,154927,942857,636,6211271,De'Andre Hunter,SAC,SF,,False,False
44463991,154927,1134264,633,6211253,Aaron Nesmith,IND,SF,,False,False
44463992,154927,1134264,465,6211253,Aaron Nesmith,IND,SF,,False,False
44463993,154927,1134264,636,6211253,Aaron Nesmith,IND,SF,,False,False
44463994,154927,1232444,633,6211259,J'Vonne Hadley,MIA,SF,,False,False
44463995,154927,1232444,465,6211259,J'Vonne Hadley,MIA,SF,,False,False
44463996,154927,1232444,636,6211259,J'Vonne Hadley,MIA,SF,,False,False
44463997,154927,1546380,464,6220354,Tre Johnson,WAS,SG,,False,False
44463998,154927,1546380,465,6220354,Tre Johnson,WAS,SG,,False,False
44463999,154927,1546380,636,6220354,Tre Johnson,WAS,SG,,False,False
44464000,154927,551787,464,6211253,T.J. McConnell,IND,PG,,False,False
44464001,154927,551787,465,6211253,T.J. McConnell,IND,PG,,False,False
44464002,154927,551787,636,6211253,T.J. McConnell,IND,PG,,False,False
44464003,154927,603640,633,6211253,Larry Nance Jr.,IND,C,,False,False
44464004,154927,603640,465,6211253,Larry Nance Jr.,IND,C,,False,False
44464005,154927,603640,636,6211253,Larry Nance Jr.,IND,C,,False,False
44464006,154927,1475759,464,6211253,Johnny Furphy,IND,SG,,False,False
44464007,154927,1475759,465,6211253,Johnny Furphy,IND,SG,,False,False
44464008,154927,1475759,636,6211253,Johnny Furphy,IND,SG,,False,False
44464009,154927,891349,633,6220354,Skal Labissiere,WAS,PF,,False,False
44464010,154927,891349,465,6220354,Skal Labissiere,WAS,PF,,False,False
44464011,154927,891349,636,6220354,Skal Labissiere,WAS,PF,,False,False
44464012,154927,1174846,464,6211271,Tristen Newton,SAC,SG,,False,False
44464013,154927,1174846,465,6211271,Tristen Newton,SAC,SG,,False,False
44464014,154927,1174846,636,6211271,Tristen Newton,SAC,SG,,False,False
44464015,154927,1231292,633,6220360,CJ Huntley,PHX,C,,False,False
44464016,154927,1231292,465,6220360,CJ Huntley,PHX,C,,False,False
44464017,154927,1231292,636,6220360,CJ Huntley,PHX,C,,False,False
44464018,154927,1243633,464,6220360,Koby Brea,PHX,SG,,False,False
44464019,154927,1243633,465,6220360,Koby Brea,PHX,SG,,False,False
44464020,154927,1243633,636,6220360,Koby Brea,PHX,SG,,False,False
44464021,154927,1323990,464,6220354,Trevor Keels,WAS,SG,,False,False
44464022,154927,1323990,465,6220354,Trevor Keels,WAS,SG,,False,False
44464023,154927,1323990,636,6220354,Trevor Keels,WAS,SG,,False,False
44464024,154927,512053,633,6220354,Khris Middleton,WAS,PF,,False,False
44464025,154927,512053,465,6220354,Khris Middleton,WAS,PF,,False,False
44464026,154927,512053,636,6220354,Khris Middleton,WAS,PF,,False,False
44464027,154927,1076185,633,6220360,Malik Williams,SAS,C,,False,False
44464028,154927,1076185,465,6220360,Malik Williams,SAS,C,,False,False
44464029,154927,1076185,636,6220360,Malik Williams,SAS,C,,False,False
44464030,154927,1231366,464,6211271,Moses Moody,GSW,SG,,False,False
44464031,154927,1231366,465,6211271,Moses Moody,GSW,SG,,False,False
44464032,154927,1231366,636,6211271,Moses Moody,GSW,SG,,False,False
44464033,154927,1174936,464,6211265,Jameer Nelson Jr.,PHI,PG,,False,False
44464034,154927,1174936,465,6211265,Jameer Nelson Jr.,PHI,PG,,False,False
44464035,154927,1174936,636,6211265,Jameer Nelson Jr.,PHI,PG,,False,False
44464036,154927,1406026,464,6211253,Isaac McKneely,ATL,PG,,False,False
44464037,154927,1406026,465,6211253,Isaac McKneely,ATL,PG,,False,False
44464038,154927,1406026,636,6211253,Isaac McKneely,ATL,PG,,False,False
44464039,154927,1409675,633,6220354,Ugonna Onyenso,DET,C,,False,False
44464040,154927,1409675,465,6220354,Ugonna Onyenso,DET,C,,False,False
44464041,154927,1409675,636,6220354,Ugonna Onyenso,DET,C,,False,False
44464042,154927,1418010,633,6220354,John Ukomadu,DET,SF,,False,False
44464043,154927,1418010,465,6220354,John Ukomadu,DET,SF,,False,False
44464044,154927,1418010,636,6220354,John Ukomadu,DET,SF,,False,False
44464045,154927,879498,633,6211265,Tacko Fall,PHI,C,,False,False
44464046,154927,879498,465,6211265,Tacko Fall,PHI,C,,False,False
44464047,154927,879498,636,6211265,Tacko Fall,PHI,C,,False,False
44464048,154927,1408135,633,6220360,Maliq Brown,SAS,PF,,False,False
44464049,154927,1408135,465,6220360,Maliq Brown,SAS,PF,,False,False
44464050,154927,1408135,636,6220360,Maliq Brown,SAS,PF,,False,False
44464051,154927,1523620,633,6220360,Jayden Quaintance,SAS,C,,False,False
44464052,154927,1523620,465,6220360,Jayden Quaintance,SAS,C,,False,False
44464053,154927,1523620,636,6220360,Jayden Quaintance,SAS,C,,False,False
44464054,154927,851888,464,6220360,Jon Elmore,SAS,PG,,False,False
44464055,154927,851888,465,6220360,Jon Elmore,SAS,PG,,False,False
44464056,154927,851888,636,6220360,Jon Elmore,SAS,PG,,False,False
44464057,154927,1193990,633,6211253,Rienk Mast,IND,PF,,False,False
44464058,154927,1193990,465,6211253,Rienk Mast,IND,PF,,False,False
44464059,154927,1193990,636,6211253,Rienk Mast,IND,PF,,False,False
44464060,154927,1232314,464,6211265,Duke Miles,PHI,PG,,False,False
44464061,154927,1232314,465,6211265,Duke Miles,PHI,PG,,False,False
44464062,154927,1232314,636,6211265,Duke Miles,PHI,PG,,False,False
44464063,154927,1348259,464,6211253,Kobe Johnson,ATL,PG,,False,False
44464064,154927,1348259,465,6211253,Kobe Johnson,ATL,PG,,False,False
44464065,154927,1348259,636,6211253,Kobe Johnson,ATL,PG,,False,False
44464066,154927,1402299,633,6211253,Cameron Corhen,ATL,SF,,False,False
44464067,154927,1402299,465,6211253,Cameron Corhen,ATL,SF,,False,False
44464068,154927,1402299,636,6211253,Cameron Corhen,ATL,SF,,False,False
44464069,154927,1405968,633,6211253,Keba Keita,IND,C,,False,False
44464070,154927,1405968,465,6211253,Keba Keita,IND,C,,False,False
44464071,154927,1405968,636,6211253,Keba Keita,IND,C,,False,False
44464072,154927,922378,633,6211265,Sam Hauser,BOS,SF,,False,False
44464073,154927,922378,465,6211265,Sam Hauser,BOS,SF,,False,False
44464074,154927,922378,636,6211265,Sam Hauser,BOS,SF,,False,False
44464075,154927,953243,464,6211259,Dru Smith,MIA,PG,,False,False
44464076,154927,953243,465,6211259,Dru Smith,MIA,PG,,False,False
44464077,154927,953243,636,6211259,Dru Smith,MIA,PG,,False,False
44464078,154927,1133934,464,6211265,Ron Harper Jr.,BOS,SG,,False,False
44464079,154927,1133934,465,6211265,Ron Harper Jr.,BOS,SG,,False,False
44464080,154927,1133934,636,6211265,Ron Harper Jr.,BOS,SG,,False,False
