contest_id,draft_group_id,fantasy_player_points,is_double_up,is_fifty_fifty,is_guaranteed,is_head_to_head,is_starred,name,payout,sport,starts_at,entry_fee,entry_max
192270177,150696,0.0,False,False,True,False,True,WNBA $100K Queen of the Court Qualifier #26,2000.0,NBA,2026-07-14 15:00:00+00:00,164.0,14
192270182,150696,0.0,False,False,True,False,True,WNBA $100K Queen of the Court Qualifier #27,2000.0,NBA,2026-07-14 15:00:00+00:00,35.0,67
192270186,150696,0.0,False,False,True,False,True,WNBA $100K Queen of the Court Qualifier #28,2000.0,NBA,2026-07-14 15:00:00+00:00,287.0,8
192270647,150696,0.0,False,False,True,False,True,WNBA $100 Daily Dollar [Single Entry],100.0,NBA,2026-07-14 15:00:00+00:00,1.0,118
192270648,150696,0.0,False,False,True,False,True,WNBA $300 Quarter Jukebox [Just $0.25!] ,300.0,NBA,2026-07-14 15:00:00+00:00,0.25,1426
192270649,150696,0.0,False,False,True,False,True,WNBA $750 High Five [Single Entry],750.0,NBA,2026-07-14 15:00:00+00:00,5.0,178
192270650,150696,0.0,False,False,True,False,True,WNBA $500 Ankle Breaker [Single Entry],500.0,NBA,2026-07-14 15:00:00+00:00,50.0,11
192270651,150696,0.0,False,False,True,False,True,WNBA $1K And-One [20 Entry Max],1000.0,NBA,2026-07-14 15:00:00+00:00,1.0,1189
192270652,150696,0.0,False,False,True,False,True,WNBA $300 Pick and Roll [Single Entry],300.0,NBA,2026-07-14 15:00:00+00:00,12.0,29
192270653,150696,0.0,False,False,True,False,True,WNBA $300 Sharpshooter,300.0,NBA,2026-07-14 15:00:00+00:00,3.0,118
192270654,150696,0.0,False,False,True,False,True,WNBA $10K Zone [$2K to 1st],10000.0,NBA,2026-07-14 15:00:00+00:00,5.0,2378
192270655,150696,0.0,False,False,True,False,True,WNBA $1.35K Showtime [Single Entry],1350.0,NBA,2026-07-14 15:00:00+00:00,100.0,15
192270656,150696,0.0,False,False,True,False,True,WNBA $2.4K Money Ball [Single Entry],2400.0,NBA,2026-07-14 15:00:00+00:00,333.0,8
192270657,150696,0.0,False,False,True,False,True,WNBA $2.5K mini-MAX [150 Entry Max],2500.0,NBA,2026-07-14 15:00:00+00:00,0.5,5945
192270658,150696,0.0,False,False,True,False,True,WNBA $2K Slam Jam [Single Entry],2000.0,NBA,2026-07-14 15:00:00+00:00,222.0,10
192270659,150696,0.0,True,False,True,False,True,WNBA Single Entry $5 Double Up,200.0,NBA,2026-07-14 15:00:00+00:00,5.0,45
192270660,150696,0.0,False,False,True,False,True,WNBA $510 Triple Threat,510.0,NBA,2026-07-14 15:00:00+00:00,33.0,18
192270661,150696,0.0,False,False,True,False,True,WNBA $20K Shootaround [$5K to 1st],20000.0,NBA,2026-07-14 15:00:00+00:00,20.0,1176
192270662,150696,0.0,False,False,True,False,True,WNBA $200 Dime Time [Just $0.10!],200.0,NBA,2026-07-14 15:00:00+00:00,0.1,2378
192270899,150697,0.0,False,False,True,False,True,WNBA Showdown $125 Quarter Jukebox [Just $0.25!] (PDX @ CON),125.0,NBA,2026-07-14 15:00:00+00:00,0.25,594
192270900,150697,0.0,False,False,True,False,True,WNBA Showdown $100 Sharpshooter (PDX @ CON),100.0,NBA,2026-07-14 15:00:00+00:00,3.0,39
192270901,150697,0.0,False,False,True,False,True,WNBA Showdown $250 And-One (PDX @ CON),250.0,NBA,2026-07-14 15:00:00+00:00,1.0,297
192270902,150697,0.0,False,False,True,False,True,WNBA Showdown $155 Pick and Roll [Single Entry] (PDX @ CON),155.0,NBA,2026-07-14 15:00:00+00:00,12.0,15
192270903,150697,0.0,False,False,True,False,True,WNBA Showdown $285 Triple Threat [Single Entry] (PDX @ CON),285.0,NBA,2026-07-14 15:00:00+00:00,33.0,10
192270904,150697,0.0,False,False,True,False,True,WNBA Showdown $100 Zone [Single Entry] (PDX @ CON),100.0,NBA,2026-07-14 15:00:00+00:00,5.0,23
192270905,150697,0.0,False,False,True,False,True,WNBA Showdown $4K Fadeaway [$1K to 1st] (PDX @ CON),4000.0,NBA,2026-07-14 15:00:00+00:00,15.0,313
192270906,150697,0.0,False,False,True,False,True,WNBA Showdown $20 Dime Time [Just $0.10!] (PDX @ CON),20.0,NBA,2026-07-14 15:00:00+00:00,0.1,237
192270907,150697,0.0,False,False,True,False,True,WNBA Showdown $50 Daily Dollar [Single Entry] (PDX @ CON),50.0,NBA,2026-07-14 15:00:00+00:00,1.0,59
192271122,150700,0.0,False,False,True,False,True,WNBA Showdown $1K High Five [Single Entry] (WAS @ TOR),1000.0,NBA,2026-07-14 23:00:00+00:00,5.0,237
192271123,150700,0.0,False,False,True,False,True,WNBA Showdown $300 Quarter Jukebox [Just $0.25!]  (WAS @ TOR),300.0,NBA,2026-07-14 23:00:00+00:00,0.25,1426
192271124,150700,0.0,False,False,True,False,True,WNBA Showdown $500 Ankle Breaker [Single Entry] (WAS @ TOR),500.0,NBA,2026-07-14 23:00:00+00:00,50.0,11
192271125,150700,0.0,False,False,True,False,True,WNBA Showdown $1.5K And-One [20 Entry Max] (WAS @ TOR),1500.0,NBA,2026-07-14 23:00:00+00:00,1.0,1783
192271126,150700,0.0,False,False,True,False,True,WNBA Showdown $300 Hot Shot [3 Entry Max] (WAS @ TOR),300.0,NBA,2026-07-14 23:00:00+00:00,3.0,118
192271127,150700,0.0,False,False,True,False,True,WNBA Showdown $150 Daily Dollar [Single Entry] (WAS @ TOR),150.0,NBA,2026-07-14 23:00:00+00:00,1.0,178
192271128,150700,0.0,False,False,True,False,True,WNBA Showdown $3K mini-MAX [150 Entry Max] (WAS @ TOR),3000.0,NBA,2026-07-14 23:00:00+00:00,0.5,7134
192271129,150700,0.0,False,False,True,False,True,WNBA Showdown $1.35K Showtime [Single Entry] (WAS @ TOR),1350.0,NBA,2026-07-14 23:00:00+00:00,100.0,15
192271130,150700,0.0,False,False,True,False,True,WNBA Showdown $2.4K Money Ball [Single Entry] (WAS @ TOR),2400.0,NBA,2026-07-14 23:00:00+00:00,333.0,8
192271131,150700,0.0,False,False,True,False,True,WNBA Showdown $400 Pick and Roll [Single Entry] (WAS @ TOR),400.0,NBA,2026-07-14 23:00:00+00:00,12.0,39
192271132,150700,0.0,False,False,True,False,True,WNBA Showdown $2K Slam Jam [Single Entry] (WAS @ TOR),2000.0,NBA,2026-07-14 23:00:00+00:00,222.0,10
192271133,150700,0.0,True,False,True,False,True,WNBA Showdown Single Entry $5 Double Up (WAS @ TOR),200.0,NBA,2026-07-14 23:00:00+00:00,5.0,45
192271134,150700,0.0,False,False,True,False,True,WNBA Showdown $30K Shootaround [$10K to 1st] (WAS @ TOR),30000.0,NBA,2026-07-14 23:00:00+00:00,20.0,1764
192271135,150700,0.0,False,False,True,False,True,WNBA Showdown $510 Triple Threat (WAS @ TOR),510.0,NBA,2026-07-14 23:00:00+00:00,33.0,18
192271136,150700,0.0,False,False,True,False,True,WNBA Showdown $15K Zone [$5K to 1st] (WAS @ TOR),15000.0,NBA,2026-07-14 23:00:00+00:00,5.0,3567
192271137,150700,0.0,False,False,True,False,True,WNBA Showdown $200 Dime Time [Just $0.10!] (WAS @ TOR),200.0,NBA,2026-07-14 23:00:00+00:00,0.1,2378
192271202,150700,0.0,False,False,True,False,True,WNBA Showdown $100K Queen of the Court Qualifier #30 (WAS @ TOR),2000.0,NBA,2026-07-14 23:00:00+00:00,164.0,14
192271219,150697,0.0,False,False,False,False,False,Beginner WNBA Showdown $2 3-Player (PDX @ CON),5.4,NBA,2026-07-14 15:00:00+00:00,2.0,3
192271220,150697,0.0,False,False,False,False,False,Beginner WNBA Showdown $10 3-Player (PDX @ CON),27.0,NBA,2026-07-14 15:00:00+00:00,10.0,3
192271221,150697,0.0,False,False,False,False,False,Beginner WNBA Showdown $5 3-Player (PDX @ CON),13.5,NBA,2026-07-14 15:00:00+00:00,5.0,3
192271222,150697,0.0,False,False,False,False,False,Beginner WNBA Showdown $1 3-Player (PDX @ CON),2.7,NBA,2026-07-14 15:00:00+00:00,1.0,3
192271223,150697,0.0,False,False,False,False,False,WNBA Showdown $1 10-Player (PDX @ CON),9.0,NBA,2026-07-14 15:00:00+00:00,1.0,10
192271224,150697,0.0,False,False,False,False,False,WNBA Showdown $1 5-Player (PDX @ CON),4.5,NBA,2026-07-14 15:00:00+00:00,1.0,5
192271225,150697,0.0,False,False,False,False,False,WNBA Showdown $1 3-Player (PDX @ CON),2.7,NBA,2026-07-14 15:00:00+00:00,1.0,3
192271226,150697,0.0,False,False,False,False,False,WNBA Showdown $1 3-Player (PDX @ CON),2.7,NBA,2026-07-14 15:00:00+00:00,1.0,3
192271227,150697,0.0,True,False,False,False,False,Casual WNBA Showdown $20 50-50 (PDX @ CON),180.0,NBA,2026-07-14 15:00:00+00:00,20.0,10
192271228,150697,0.0,True,False,False,False,False,Casual WNBA Showdown $10 50-50 (PDX @ CON),90.0,NBA,2026-07-14 15:00:00+00:00,10.0,10
192271229,150697,0.0,True,False,False,False,False,Casual WNBA Showdown $5 50-50 (PDX @ CON),45.0,NBA,2026-07-14 15:00:00+00:00,5.0,10
192271230,150697,0.0,True,False,False,False,False,Casual WNBA Showdown $3 50-50 (PDX @ CON),27.0,NBA,2026-07-14 15:00:00+00:00,3.0,10
192271231,150697,0.0,True,False,False,False,False,Casual WNBA Showdown $1 50-50 (PDX @ CON),9.0,NBA,2026-07-14 15:00:00+00:00,1.0,10
192271232,150697,0.0,False,False,False,False,False,Casual WNBA Showdown $5 3-Player (PDX @ CON),13.5,NBA,2026-07-14 15:00:00+00:00,5.0,3
192271233,150697,0.0,False,False,False,False,False,Casual WNBA Showdown $2 3-Player (PDX @ CON),5.4,NBA,2026-07-14 15:00:00+00:00,2.0,3
192271234,150697,0.0,False,False,False,False,False,WNBA Showdown $2 3-Player (PDX @ CON),5.4,NBA,2026-07-14 15:00:00+00:00,2.0,3
192271235,150697,0.0,False,False,False,False,False,WNBA Showdown $2 3-Player (PDX @ CON),5.4,NBA,2026-07-14 15:00:00+00:00,2.0,3
192271236,150697,0.0,False,False,False,False,False,WNBA Showdown $2 5-Player (PDX @ CON),9.0,NBA,2026-07-14 15:00:00+00:00,2.0,5
192271237,150697,0.0,False,False,False,False,False,WNBA Showdown $2 10-Player (PDX @ CON),18.0,NBA,2026-07-14 15:00:00+00:00,2.0,10
192271238,150697,0.0,False,False,False,False,False,WNBA Showdown $5 3-Player (PDX @ CON),13.5,NBA,2026-07-14 15:00:00+00:00,5.0,3
192271239,150697,0.0,False,False,False,False,False,WNBA Showdown $5 5-Player (PDX @ CON),22.5,NBA,2026-07-14 15:00:00+00:00,5.0,5
192271240,150697,0.0,False,False,False,False,False,WNBA Showdown $5 10-Player (PDX @ CON),45.0,NBA,2026-07-14 15:00:00+00:00,5.0,10
192271241,150697,0.0,False,False,False,False,False,WNBA Showdown $10 5-Player (PDX @ CON),45.0,NBA,2026-07-14 15:00:00+00:00,10.0,5
192271242,150697,0.0,False,False,False,False,False,WNBA Showdown $10 3-Player (PDX @ CON),27.0,NBA,2026-07-14 15:00:00+00:00,10.0,3
192271243,150697,0.0,False,False,False,False,False,WNBA Showdown $20 3-Player (PDX @ CON),54.0,NBA,2026-07-14 15:00:00+00:00,20.0,3
192271244,150697,0.0,False,False,False,False,False,WNBA Showdown $50 5-Player (PDX @ CON),225.0,NBA,2026-07-14 15:00:00+00:00,50.0,5
192271245,150697,0.0,False,False,False,False,False,WNBA Showdown $50 3-Player (PDX @ CON),135.0,NBA,2026-07-14 15:00:00+00:00,50.0,3
192271246,150697,0.0,False,False,False,False,False,WNBA Showdown $109 3-Player (PDX @ CON),300.0,NBA,2026-07-14 15:00:00+00:00,109.0,3
192271247,150697,0.0,False,False,False,False,False,WNBA Showdown $162 3-Player (PDX @ CON),450.0,NBA,2026-07-14 15:00:00+00:00,162.0,3
192271248,150697,0.0,False,False,False,False,False,WNBA Showdown $530 3-Player (PDX @ CON),1500.0,NBA,2026-07-14 15:00:00+00:00,530.0,3
192271249,150697,0.0,False,False,False,False,False,"WNBA Showdown $1,060 3-Player (PDX @ CON)",3000.0,NBA,2026-07-14 15:00:00+00:00,1060.0,3
192271250,150697,0.0,False,False,False,False,False,"WNBA Showdown $5,300 3-Player (PDX @ CON)",15000.0,NBA,2026-07-14 15:00:00+00:00,5300.0,3
192271251,150697,0.0,False,False,False,False,False,"WNBA Showdown $10,600 3-Player (PDX @ CON)",30000.0,NBA,2026-07-14 15:00:00+00:00,10600.0,3
192271252,150697,0.0,True,False,False,False,False,Beginner WNBA Showdown $20 50-50 (PDX @ CON),72.0,NBA,2026-07-14 15:00:00+00:00,20.0,4
192271253,150697,0.0,True,False,False,False,False,Beginner WNBA Showdown $10 50-50 (PDX @ CON),90.0,NBA,2026-07-14 15:00:00+00:00,10.0,10
192271254,150697,0.0,True,False,False,False,False,Beginner WNBA Showdown $1 50-50 (PDX @ CON),9.0,NBA,2026-07-14 15:00:00+00:00,1.0,10
192271255,150697,0.0,True,False,False,False,False,Beginner WNBA Showdown $3 50-50 (PDX @ CON),27.0,NBA,2026-07-14 15:00:00+00:00,3.0,10
192271256,150697,0.0,True,False,False,False,False,Beginner WNBA Showdown $5 50-50 (PDX @ CON),45.0,NBA,2026-07-14 15:00:00+00:00,5.0,10
192271257,150697,0.0,True,False,False,False,False,"WNBA Showdown $5,300 50-50 (PDX @ CON)",20000.0,NBA,2026-07-14 15:00:00+00:00,5300.0,4
192271258,150697,0.0,True,False,False,False,False,"WNBA Showdown $1,060 50-50 (PDX @ CON)",4000.0,NBA,2026-07-14 15:00:00+00:00,1060.0,4
192271259,150697,0.0,True,False,False,False,False,WNBA Showdown $530 50-50 (PDX @ CON),2000.0,NBA,2026-07-14 15:00:00+00:00,530.0,4
192271260,150697,0.0,True,False,False,False,False,WNBA Showdown $109 50-50 (PDX @ CON),400.0,NBA,2026-07-14 15:00:00+00:00,109.0,4
192271261,150697,0.0,True,False,False,False,False,WNBA Showdown $50 50-50 (PDX @ CON),180.0,NBA,2026-07-14 15:00:00+00:00,50.0,4
192271262,150697,0.0,True,False,False,False,False,WNBA Showdown $20 50-50 (PDX @ CON),72.0,NBA,2026-07-14 15:00:00+00:00,20.0,4
192271263,150697,0.0,True,False,False,False,False,WNBA Showdown $10 50-50 (PDX @ CON),36.0,NBA,2026-07-14 15:00:00+00:00,10.0,4
192271264,150697,0.0,True,False,False,False,False,WNBA Showdown $50 50-50 (PDX @ CON),450.0,NBA,2026-07-14 15:00:00+00:00,50.0,10
192271265,150697,0.0,True,False,False,False,False,WNBA Showdown $1 50-50 (PDX @ CON),9.0,NBA,2026-07-14 15:00:00+00:00,1.0,10
192271266,150697,0.0,True,False,False,False,False,WNBA Showdown $5 50-50 (PDX @ CON),45.0,NBA,2026-07-14 15:00:00+00:00,5.0,10
192271267,150697,0.0,True,False,False,False,False,WNBA Showdown $109 50-50 (PDX @ CON),600.0,NBA,2026-07-14 15:00:00+00:00,109.0,6
192271268,150697,0.0,True,False,False,False,False,WNBA Showdown $2 50-50 (PDX @ CON),18.0,NBA,2026-07-14 15:00:00+00:00,2.0,10
192271269,150697,0.0,True,False,False,False,False,WNBA Showdown $20 50-50 (PDX @ CON),180.0,NBA,2026-07-14 15:00:00+00:00,20.0,10
192271270,150697,0.0,True,False,False,False,False,WNBA Showdown $10 50-50 (PDX @ CON),90.0,NBA,2026-07-14 15:00:00+00:00,10.0,10
192271271,150697,0.0,True,False,False,False,False,WNBA Showdown $5 50-50 (PDX @ CON),90.0,NBA,2026-07-14 15:00:00+00:00,5.0,20
192271272,150697,0.0,True,False,False,False,False,WNBA Showdown $10 50-50 (PDX @ CON),180.0,NBA,2026-07-14 15:00:00+00:00,10.0,20
192271273,150697,0.0,True,False,False,False,False,WNBA Showdown $20 50-50 (PDX @ CON),360.0,NBA,2026-07-14 15:00:00+00:00,20.0,20
192271274,150697,0.0,True,False,False,False,False,WNBA Showdown $2 50-50 (PDX @ CON),36.0,NBA,2026-07-14 15:00:00+00:00,2.0,20
192271275,150697,0.0,True,False,False,False,False,WNBA Showdown $1 50-50 (PDX @ CON),18.0,NBA,2026-07-14 15:00:00+00:00,1.0,20
192271276,150697,0.0,False,False,False,False,True,WNBA Showdown $4K All Star [Single Entry] (Must Fill) (PDX @ CON),4000.0,NBA,2026-07-14 15:00:00+00:00,1060.0,4
192271277,150697,0.0,False,False,False,False,True,WNBA Showdown $4K All Star [Single Entry] (Must Fill) (PDX @ CON),4000.0,NBA,2026-07-14 15:00:00+00:00,1060.0,4
192271278,150697,0.0,False,False,False,False,True,WNBA Showdown $267 Winner Take All [$1K to 1st] (Must Fill) (PDX @ CON),1000.0,NBA,2026-07-14 15:00:00+00:00,267.0,4
192271279,150697,0.0,False,False,False,False,True,WNBA Showdown $100 Winner Take All [$460 to 1st] (Must Fill) (PDX @ CON),460.0,NBA,2026-07-14 15:00:00+00:00,100.0,5
192271280,150697,0.0,False,False,False,False,True,WNBA Showdown $5.7K Courtside Special [Single Entry] (Must Fill) (PDX @ CON),5700.0,NBA,2026-07-14 15:00:00+00:00,1500.0,4
192271281,150697,0.0,False,False,False,False,True,WNBA Showdown Satellite to NBA Best Ball $20 Shootaround [Must Fill] (PDX @ CON),20.0,NBA,2026-07-14 15:00:00+00:00,7.4,3
192271282,150697,0.0,False,False,False,False,True,WNBA Showdown Satellite to NBA Best Ball $20 Shootaround [Must Fill] (PDX @ CON),20.0,NBA,2026-07-14 15:00:00+00:00,7.4,3
192271283,150696,0.0,False,False,False,False,False,Beginner WNBA $2 3-Player,5.4,NBA,2026-07-14 15:00:00+00:00,2.0,3
192271284,150696,0.0,False,False,False,False,False,Beginner WNBA $10 3-Player,27.0,NBA,2026-07-14 15:00:00+00:00,10.0,3
192271285,150696,0.0,False,False,False,False,False,Beginner WNBA $5 3-Player,13.5,NBA,2026-07-14 15:00:00+00:00,5.0,3
192271286,150696,0.0,False,False,False,False,False,Beginner WNBA $1 3-Player,2.7,NBA,2026-07-14 15:00:00+00:00,1.0,3
192271287,150696,0.0,False,False,False,False,False,WNBA $1 10-Player,9.0,NBA,2026-07-14 15:00:00+00:00,1.0,10
192271288,150696,0.0,False,False,False,False,False,WNBA $1 5-Player,4.5,NBA,2026-07-14 15:00:00+00:00,1.0,5
192271289,150696,0.0,False,False,False,False,False,WNBA $1 3-Player,2.7,NBA,2026-07-14 15:00:00+00:00,1.0,3
192271290,150696,0.0,False,False,False,False,False,WNBA $1 3-Player,2.7,NBA,2026-07-14 15:00:00+00:00,1.0,3
192271291,150696,0.0,True,False,False,False,False,Casual WNBA $20 50-50,180.0,NBA,2026-07-14 15:00:00+00:00,20.0,10
192271292,150696,0.0,True,False,False,False,False,Casual WNBA $10 50-50,90.0,NBA,2026-07-14 15:00:00+00:00,10.0,10
192271293,150696,0.0,True,False,False,False,False,Casual WNBA $5 50-50,45.0,NBA,2026-07-14 15:00:00+00:00,5.0,10
192271294,150696,0.0,True,False,False,False,False,Casual WNBA $3 50-50,27.0,NBA,2026-07-14 15:00:00+00:00,3.0,10
192271295,150696,0.0,True,False,False,False,False,Casual WNBA $1 50-50,9.0,NBA,2026-07-14 15:00:00+00:00,1.0,10
192271296,150696,0.0,False,False,False,False,False,Casual WNBA $5 3-Player,13.5,NBA,2026-07-14 15:00:00+00:00,5.0,3
192271297,150696,0.0,False,False,False,False,False,Casual WNBA $2 3-Player,5.4,NBA,2026-07-14 15:00:00+00:00,2.0,3
192271298,150696,0.0,False,False,False,False,False,WNBA $2 3-Player,5.4,NBA,2026-07-14 15:00:00+00:00,2.0,3
192271299,150696,0.0,False,False,False,False,False,WNBA $2 3-Player,5.4,NBA,2026-07-14 15:00:00+00:00,2.0,3
192271300,150696,0.0,False,False,False,False,False,WNBA $2 5-Player,9.0,NBA,2026-07-14 15:00:00+00:00,2.0,5
192271301,150696,0.0,False,False,False,False,False,WNBA $2 10-Player,18.0,NBA,2026-07-14 15:00:00+00:00,2.0,10
192271302,150696,0.0,False,False,False,False,False,WNBA $5 3-Player,13.5,NBA,2026-07-14 15:00:00+00:00,5.0,3
192271303,150696,0.0,False,False,False,False,False,WNBA $5 5-Player,22.5,NBA,2026-07-14 15:00:00+00:00,5.0,5
192271304,150696,0.0,False,False,False,False,False,WNBA $5 10-Player,45.0,NBA,2026-07-14 15:00:00+00:00,5.0,10
192271305,150696,0.0,False,False,False,False,False,WNBA $10 5-Player,45.0,NBA,2026-07-14 15:00:00+00:00,10.0,5
192271306,150696,0.0,False,False,False,False,False,WNBA $10 3-Player,27.0,NBA,2026-07-14 15:00:00+00:00,10.0,3
192271307,150696,0.0,False,False,False,False,False,WNBA $20 3-Player,54.0,NBA,2026-07-14 15:00:00+00:00,20.0,3
192271308,150696,0.0,False,False,False,False,False,WNBA $50 5-Player,225.0,NBA,2026-07-14 15:00:00+00:00,50.0,5
192271309,150696,0.0,False,False,False,False,False,WNBA $50 3-Player,135.0,NBA,2026-07-14 15:00:00+00:00,50.0,3
192271310,150696,0.0,False,False,False,False,False,WNBA $109 3-Player,300.0,NBA,2026-07-14 15:00:00+00:00,109.0,3
192271311,150696,0.0,False,False,False,False,False,WNBA $162 3-Player,450.0,NBA,2026-07-14 15:00:00+00:00,162.0,3
192271312,150696,0.0,False,False,False,False,False,WNBA $530 3-Player,1500.0,NBA,2026-07-14 15:00:00+00:00,530.0,3
192271313,150696,0.0,False,False,False,False,False,"WNBA $1,060 3-Player",3000.0,NBA,2026-07-14 15:00:00+00:00,1060.0,3
192271314,150696,0.0,False,False,False,False,False,"WNBA $5,300 3-Player",15000.0,NBA,2026-07-14 15:00:00+00:00,5300.0,3
192271315,150696,0.0,False,False,False,False,False,"WNBA $10,600 3-Player",30000.0,NBA,2026-07-14 15:00:00+00:00,10600.0,3
192271316,150696,0.0,True,False,False,False,False,Beginner WNBA $20 50-50,72.0,NBA,2026-07-14 15:00:00+00:00,20.0,4
192271317,150696,0.0,True,False,False,False,False,Beginner WNBA $10 50-50,90.0,NBA,2026-07-14 15:00:00+00:00,10.0,10
192271318,150696,0.0,True,False,False,False,False,Beginner WNBA $1 50-50,9.0,NBA,2026-07-14 15:00:00+00:00,1.0,10
192271319,150696,0.0,True,False,False,False,False,Beginner WNBA $3 50-50,27.0,NBA,2026-07-14 15:00:00+00:00,3.0,10
192271320,150696,0.0,True,False,False,False,False,Beginner WNBA $5 50-50,45.0,NBA,2026-07-14 15:00:00+00:00,5.0,10
192271321,150696,0.0,True,False,False,False,False,"WNBA $5,300 50-50",20000.0,NBA,2026-07-14 15:00:00+00:00,5300.0,4
192271322,150696,0.0,True,False,False,False,False,"WNBA $1,060 50-50",4000.0,NBA,2026-07-14 15:00:00+00:00,1060.0,4
192271323,150696,0.0,True,False,False,False,False,WNBA $530 50-50,2000.0,NBA,2026-07-14 15:00:00+00:00,530.0,4
192271324,150696,0.0,True,False,False,False,False,WNBA $109 50-50,400.0,NBA,2026-07-14 15:00:00+00:00,109.0,4
192271325,150696,0.0,True,False,False,False,False,WNBA $50 50-50,180.0,NBA,2026-07-14 15:00:00+00:00,50.0,4
192271326,150696,0.0,True,False,False,False,False,WNBA $20 50-50,72.0,NBA,2026-07-14 15:00:00+00:00,20.0,4
192271327,150696,0.0,True,False,False,False,False,WNBA $10 50-50,36.0,NBA,2026-07-14 15:00:00+00:00,10.0,4
192271328,150696,0.0,True,False,False,False,False,WNBA $50 50-50,450.0,NBA,2026-07-14 15:00:00+00:00,50.0,10
192271329,150696,0.0,True,False,False,False,False,WNBA $1 50-50,9.0,NBA,2026-07-14 15:00:00+00:00,1.0,10
192271330,150696,0.0,True,False,False,False,False,WNBA $5 50-50,45.0,NBA,2026-07-14 15:00:00+00:00,5.0,10
192271331,150696,0.0,True,False,False,False,False,WNBA $109 50-50,600.0,NBA,2026-07-14 15:00:00+00:00,109.0,6
192271332,150696,0.0,True,False,False,False,False,WNBA $2 50-50,18.0,NBA,2026-07-14 15:00:00+00:00,2.0,10
192271333,150696,0.0,True,False,False,False,False,WNBA $20 50-50,180.0,NBA,2026-07-14 15:00:00+00:00,20.0,10
192271334,150696,0.0,True,False,False,False,False,WNBA $10 50-50,90.0,NBA,2026-07-14 15:00:00+00:00,10.0,10
192271335,150696,0.0,True,False,False,False,False,WNBA $5 50-50,90.0,NBA,2026-07-14 15:00:00+00:00,5.0,20
192271336,150696,0.0,True,False,False,False,False,WNBA $10 50-50,180.0,NBA,2026-07-14 15:00:00+00:00,10.0,20
192271337,150696,0.0,True,False,False,False,False,WNBA $20 50-50,360.0,NBA,2026-07-14 15:00:00+00:00,20.0,20
192271338,150696,0.0,True,False,False,False,False,WNBA $2 50-50,36.0,NBA,2026-07-14 15:00:00+00:00,2.0,20
192271339,150696,0.0,True,False,False,False,False,WNBA $1 50-50,18.0,NBA,2026-07-14 15:00:00+00:00,1.0,20
192271340,150696,0.0,False,False,False,False,True,WNBA $4K All Star [Single Entry] (Must Fill),4000.0,NBA,2026-07-14 15:00:00+00:00,1060.0,4
192271341,150696,0.0,False,False,False,False,True,WNBA $4K All Star [Single Entry] (Must Fill),4000.0,NBA,2026-07-14 15:00:00+00:00,1060.0,4
192271342,150696,0.0,False,False,False,False,True,WNBA $267 Winner Take All [$1K to 1st] (Must Fill),1000.0,NBA,2026-07-14 15:00:00+00:00,267.0,4
192271343,150696,0.0,False,False,False,False,True,WNBA $100 Winner Take All [$460 to 1st] (Must Fill),460.0,NBA,2026-07-14 15:00:00+00:00,100.0,5
192271344,150696,0.0,False,False,False,False,True,WNBA $5.7K Courtside Special [Single Entry] (Must Fill),5700.0,NBA,2026-07-14 15:00:00+00:00,1500.0,4
192271345,150696,0.0,False,False,False,False,True,WNBA Satellite to NBA Best Ball $20 Shootaround [Must Fill],20.0,NBA,2026-07-14 15:00:00+00:00,7.4,3
192271346,150696,0.0,False,False,False,False,True,WNBA Satellite to NBA Best Ball $20 Shootaround [Must Fill],20.0,NBA,2026-07-14 15:00:00+00:00,7.4,3
192271347,150700,0.0,False,False,False,False,False,Beginner WNBA Showdown $2 3-Player (WAS @ TOR),5.4,NBA,2026-07-14 23:00:00+00:00,2.0,3
192271348,150700,0.0,False,False,False,False,False,Beginner WNBA Showdown $10 3-Player (WAS @ TOR),27.0,NBA,2026-07-14 23:00:00+00:00,10.0,3
192271349,150700,0.0,False,False,False,False,False,Beginner WNBA Showdown $5 3-Player (WAS @ TOR),13.5,NBA,2026-07-14 23:00:00+00:00,5.0,3
192271350,150700,0.0,False,False,False,False,False,Beginner WNBA Showdown $1 3-Player (WAS @ TOR),2.7,NBA,2026-07-14 23:00:00+00:00,1.0,3
192271351,150700,0.0,False,False,False,False,False,WNBA Showdown $1 10-Player (WAS @ TOR),9.0,NBA,2026-07-14 23:00:00+00:00,1.0,10
192271352,150700,0.0,False,False,False,False,False,WNBA Showdown $1 5-Player (WAS @ TOR),4.5,NBA,2026-07-14 23:00:00+00:00,1.0,5
192271353,150700,0.0,False,False,False,False,False,WNBA Showdown $1 3-Player (WAS @ TOR),2.7,NBA,2026-07-14 23:00:00+00:00,1.0,3
192271354,150700,0.0,False,False,False,False,False,WNBA Showdown $1 3-Player (WAS @ TOR),2.7,NBA,2026-07-14 23:00:00+00:00,1.0,3
192271355,150700,0.0,True,False,False,False,False,Casual WNBA Showdown $20 50-50 (WAS @ TOR),180.0,NBA,2026-07-14 23:00:00+00:00,20.0,10
192271356,150700,0.0,True,False,False,False,False,Casual WNBA Showdown $10 50-50 (WAS @ TOR),90.0,NBA,2026-07-14 23:00:00+00:00,10.0,10
192271357,150700,0.0,True,False,False,False,False,Casual WNBA Showdown $5 50-50 (WAS @ TOR),45.0,NBA,2026-07-14 23:00:00+00:00,5.0,10
192271358,150700,0.0,True,False,False,False,False,Casual WNBA Showdown $3 50-50 (WAS @ TOR),27.0,NBA,2026-07-14 23:00:00+00:00,3.0,10
192271359,150700,0.0,True,False,False,False,False,Casual WNBA Showdown $1 50-50 (WAS @ TOR),9.0,NBA,2026-07-14 23:00:00+00:00,1.0,10
192271360,150700,0.0,False,False,False,False,False,Casual WNBA Showdown $5 3-Player (WAS @ TOR),13.5,NBA,2026-07-14 23:00:00+00:00,5.0,3
192271361,150700,0.0,False,False,False,False,False,Casual WNBA Showdown $2 3-Player (WAS @ TOR),5.4,NBA,2026-07-14 23:00:00+00:00,2.0,3
192271362,150700,0.0,False,False,False,False,False,WNBA Showdown $2 3-Player (WAS @ TOR),5.4,NBA,2026-07-14 23:00:00+00:00,2.0,3
192271363,150700,0.0,False,False,False,False,False,WNBA Showdown $2 3-Player (WAS @ TOR),5.4,NBA,2026-07-14 23:00:00+00:00,2.0,3
192271364,150700,0.0,False,False,False,False,False,WNBA Showdown $2 5-Player (WAS @ TOR),9.0,NBA,2026-07-14 23:00:00+00:00,2.0,5
192271365,150700,0.0,False,False,False,False,False,WNBA Showdown $2 10-Player (WAS @ TOR),18.0,NBA,2026-07-14 23:00:00+00:00,2.0,10
192271366,150700,0.0,False,False,False,False,False,WNBA Showdown $5 3-Player (WAS @ TOR),13.5,NBA,2026-07-14 23:00:00+00:00,5.0,3
192271367,150700,0.0,False,False,False,False,False,WNBA Showdown $5 5-Player (WAS @ TOR),22.5,NBA,2026-07-14 23:00:00+00:00,5.0,5
192271368,150700,0.0,False,False,False,False,False,WNBA Showdown $5 10-Player (WAS @ TOR),45.0,NBA,2026-07-14 23:00:00+00:00,5.0,10
192271369,150700,0.0,False,False,False,False,False,WNBA Showdown $10 5-Player (WAS @ TOR),45.0,NBA,2026-07-14 23:00:00+00:00,10.0,5
192271370,150700,0.0,False,False,False,False,False,WNBA Showdown $10 3-Player (WAS @ TOR),27.0,NBA,2026-07-14 23:00:00+00:00,10.0,3
192271371,150700,0.0,False,False,False,False,False,WNBA Showdown $20 3-Player (WAS @ TOR),54.0,NBA,2026-07-14 23:00:00+00:00,20.0,3
192271372,150700,0.0,False,False,False,False,False,WNBA Showdown $50 5-Player (WAS @ TOR),225.0,NBA,2026-07-14 23:00:00+00:00,50.0,5
192271373,150700,0.0,False,False,False,False,False,WNBA Showdown $50 3-Player (WAS @ TOR),135.0,NBA,2026-07-14 23:00:00+00:00,50.0,3
192271374,150700,0.0,False,False,False,False,False,WNBA Showdown $109 3-Player (WAS @ TOR),300.0,NBA,2026-07-14 23:00:00+00:00,109.0,3
192271375,150700,0.0,False,False,False,False,False,WNBA Showdown $162 3-Player (WAS @ TOR),450.0,NBA,2026-07-14 23:00:00+00:00,162.0,3
192271376,150700,0.0,False,False,False,False,False,WNBA Showdown $530 3-Player (WAS @ TOR),1500.0,NBA,2026-07-14 23:00:00+00:00,530.0,3
192271377,150700,0.0,False,False,False,False,False,"WNBA Showdown $1,060 3-Player (WAS @ TOR)",3000.0,NBA,2026-07-14 23:00:00+00:00,1060.0,3
192271378,150700,0.0,False,False,False,False,False,"WNBA Showdown $5,300 3-Player (WAS @ TOR)",15000.0,NBA,2026-07-14 23:00:00+00:00,5300.0,3
192271379,150700,0.0,False,False,False,False,False,"WNBA Showdown $10,600 3-Player (WAS @ TOR)",30000.0,NBA,2026-07-14 23:00:00+00:00,10600.0,3
192271380,150700,0.0,True,False,False,False,False,Beginner WNBA Showdown $20 50-50 (WAS @ TOR),72.0,NBA,2026-07-14 23:00:00+00:00,20.0,4
192271381,150700,0.0,True,False,False,False,False,Beginner WNBA Showdown $10 50-50 (WAS @ TOR),90.0,NBA,2026-07-14 23:00:00+00:00,10.0,10
192271382,150700,0.0,True,False,False,False,False,Beginner WNBA Showdown $1 50-50 (WAS @ TOR),9.0,NBA,2026-07-14 23:00:00+00:00,1.0,10
192271383,150700,0.0,True,False,False,False,False,Beginner WNBA Showdown $3 50-50 (WAS @ TOR),27.0,NBA,2026-07-14 23:00:00+00:00,3.0,10
192271384,150700,0.0,True,False,False,False,False,Beginner WNBA Showdown $5 50-50 (WAS @ TOR),45.0,NBA,2026-07-14 23:00:00+00:00,5.0,10
192271385,150700,0.0,True,False,False,False,False,"WNBA Showdown $5,300 50-50 (WAS @ TOR)",20000.0,NBA,2026-07-14 23:00:00+00:00,5300.0,4
192271386,150700,0.0,True,False,False,False,False,"WNBA Showdown $1,060 50-50 (WAS @ TOR)",4000.0,NBA,2026-07-14 23:00:00+00:00,1060.0,4
192271387,150700,0.0,True,False,False,False,False,WNBA Showdown $530 50-50 (WAS @ TOR),2000.0,NBA,2026-07-14 23:00:00+00:00,530.0,4
192271388,150700,0.0,True,False,False,False,False,WNBA Showdown $109 50-50 (WAS @ TOR),400.0,NBA,2026-07-14 23:00:00+00:00,109.0,4
192271389,150700,0.0,True,False,False,False,False,WNBA Showdown $50 50-50 (WAS @ TOR),180.0,NBA,2026-07-14 23:00:00+00:00,50.0,4
192271390,150700,0.0,True,False,False,False,False,WNBA Showdown $20 50-50 (WAS @ TOR),72.0,NBA,2026-07-14 23:00:00+00:00,20.0,4
192271391,150700,0.0,True,False,False,False,False,WNBA Showdown $10 50-50 (WAS @ TOR),36.0,NBA,2026-07-14 23:00:00+00:00,10.0,4
192271392,150700,0.0,True,False,False,False,False,WNBA Showdown $50 50-50 (WAS @ TOR),450.0,NBA,2026-07-14 23:00:00+00:00,50.0,10
192271393,150700,0.0,True,False,False,False,False,WNBA Showdown $1 50-50 (WAS @ TOR),9.0,NBA,2026-07-14 23:00:00+00:00,1.0,10
192271394,150700,0.0,True,False,False,False,False,WNBA Showdown $5 50-50 (WAS @ TOR),45.0,NBA,2026-07-14 23:00:00+00:00,5.0,10
192271395,150700,0.0,True,False,False,False,False,WNBA Showdown $109 50-50 (WAS @ TOR),600.0,NBA,2026-07-14 23:00:00+00:00,109.0,6
192271396,150700,0.0,True,False,False,False,False,WNBA Showdown $2 50-50 (WAS @ TOR),18.0,NBA,2026-07-14 23:00:00+00:00,2.0,10
192271397,150700,0.0,True,False,False,False,False,WNBA Showdown $20 50-50 (WAS @ TOR),180.0,NBA,2026-07-14 23:00:00+00:00,20.0,10
192271398,150700,0.0,True,False,False,False,False,WNBA Showdown $10 50-50 (WAS @ TOR),90.0,NBA,2026-07-14 23:00:00+00:00,10.0,10
192271399,150700,0.0,True,False,False,False,False,WNBA Showdown $5 50-50 (WAS @ TOR),90.0,NBA,2026-07-14 23:00:00+00:00,5.0,20
192271400,150700,0.0,True,False,False,False,False,WNBA Showdown $10 50-50 (WAS @ TOR),180.0,NBA,2026-07-14 23:00:00+00:00,10.0,20
192271401,150700,0.0,True,False,False,False,False,WNBA Showdown $20 50-50 (WAS @ TOR),360.0,NBA,2026-07-14 23:00:00+00:00,20.0,20
192271402,150700,0.0,True,False,False,False,False,WNBA Showdown $2 50-50 (WAS @ TOR),36.0,NBA,2026-07-14 23:00:00+00:00,2.0,20
192271403,150700,0.0,True,False,False,False,False,WNBA Showdown $1 50-50 (WAS @ TOR),18.0,NBA,2026-07-14 23:00:00+00:00,1.0,20
192271404,150700,0.0,False,False,False,False,True,WNBA Showdown $4K All Star [Single Entry] (Must Fill) (WAS @ TOR),4000.0,NBA,2026-07-14 23:00:00+00:00,1060.0,4
192271405,150700,0.0,False,False,False,False,True,WNBA Showdown $4K All Star [Single Entry] (Must Fill) (WAS @ TOR),4000.0,NBA,2026-07-14 23:00:00+00:00,1060.0,4
192271406,150700,0.0,False,False,False,False,True,WNBA Showdown $267 Winner Take All [$1K to 1st] (Must Fill) (WAS @ TOR),1000.0,NBA,2026-07-14 23:00:00+00:00,267.0,4
192271407,150700,0.0,False,False,False,False,True,WNBA Showdown $100 Winner Take All [$460 to 1st] (Must Fill) (WAS @ TOR),460.0,NBA,2026-07-14 23:00:00+00:00,100.0,5
192271408,150700,0.0,False,False,False,False,True,WNBA Showdown $5.7K Courtside Special [Single Entry] (Must Fill) (WAS @ TOR),5700.0,NBA,2026-07-14 23:00:00+00:00,1500.0,4
192271409,150700,0.0,False,False,False,False,True,WNBA Showdown Satellite to NBA Best Ball $20 Shootaround [Must Fill] (WAS @ TOR),20.0,NBA,2026-07-14 23:00:00+00:00,7.4,3
192271410,150700,0.0,False,False,False,False,True,WNBA Showdown Satellite to NBA Best Ball $20 Shootaround [Must Fill] (WAS @ TOR),20.0,NBA,2026-07-14 23:00:00+00:00,7.4,3
192271430,150698,0.0,False,False,False,False,False,WNBA Snake $5 3-Player,13.5,NBA,2026-07-14 15:00:00+00:00,5.0,3
192271431,150698,0.0,False,False,False,False,False,WNBA Snake $10 3-Player,27.0,NBA,2026-07-14 15:00:00+00:00,10.0,3
192271432,150698,0.0,False,False,False,False,False,WNBA Snake $20 3-Player,54.0,NBA,2026-07-14 15:00:00+00:00,20.0,3
192271433,150698,0.0,False,False,False,False,False,WNBA Snake $20 3-Player,54.0,NBA,2026-07-14 15:00:00+00:00,20.0,3
192271434,150698,0.0,False,False,False,False,False,WNBA Snake $50 3-Player,135.0,NBA,2026-07-14 15:00:00+00:00,50.0,3
192271435,150698,0.0,False,False,False,False,False,WNBA Snake $109 3-Player,300.0,NBA,2026-07-14 15:00:00+00:00,109.0,3
192271436,150698,0.0,False,False,False,False,False,WNBA Snake $530 3-Player,1500.0,NBA,2026-07-14 15:00:00+00:00,530.0,3
192271437,150698,0.0,False,False,False,False,False,"WNBA Snake $1,060 3-Player",3000.0,NBA,2026-07-14 15:00:00+00:00,1060.0,3
192271438,150698,0.0,False,False,False,False,False,"WNBA Snake $2,120 3-Player",6000.0,NBA,2026-07-14 15:00:00+00:00,2120.0,3
192271439,150698,0.0,False,False,False,False,False,"WNBA Snake $5,300 3-Player",15000.0,NBA,2026-07-14 15:00:00+00:00,5300.0,3
192271440,150698,0.0,False,False,False,False,False,"WNBA Snake $10,600 3-Player",30000.0,NBA,2026-07-14 15:00:00+00:00,10600.0,3
192271444,150696,0.0,True,False,True,False,False,WNBA $3 Double Up,60.0,NBA,2026-07-14 15:00:00+00:00,3.0,23
192271445,150696,0.0,False,False,True,False,False,WNBA $1 Triple Up [Top 9 Win $3],27.0,NBA,2026-07-14 15:00:00+00:00,1.0,31
192271446,150696,0.0,False,False,True,False,False,WNBA $1 Triple Up [Top 9 Win $3],27.0,NBA,2026-07-14 15:00:00+00:00,1.0,31
192271447,150696,0.0,False,False,True,False,False,WNBA $5 Triple Up [Top 9 Win $15],135.0,NBA,2026-07-14 15:00:00+00:00,5.0,31
192271448,150696,0.0,True,False,True,False,False,WNBA $25 Double Up,250.0,NBA,2026-07-14 15:00:00+00:00,25.0,11
192271449,150696,0.0,True,False,True,False,False,WNBA $10 Double Up,100.0,NBA,2026-07-14 15:00:00+00:00,10.0,11
192271450,150696,0.0,True,False,True,False,False,WNBA $10 Double Up,100.0,NBA,2026-07-14 15:00:00+00:00,10.0,11
192271451,150696,0.0,True,False,True,False,False,WNBA $10 Double Up,100.0,NBA,2026-07-14 15:00:00+00:00,10.0,11
192271452,150696,0.0,True,False,True,False,False,WNBA $5 Double Up,150.0,NBA,2026-07-14 15:00:00+00:00,5.0,34
192271453,150696,0.0,True,False,True,False,False,WNBA $5 Double Up,100.0,NBA,2026-07-14 15:00:00+00:00,5.0,23
192271454,150696,0.0,True,False,True,False,False,WNBA $3 Double Up,90.0,NBA,2026-07-14 15:00:00+00:00,3.0,34
192271455,150696,0.0,True,False,True,False,False,WNBA $1 Double Up,30.0,NBA,2026-07-14 15:00:00+00:00,1.0,34
192271456,150696,0.0,True,False,True,False,False,WNBA $1 Double Up,30.0,NBA,2026-07-14 15:00:00+00:00,1.0,34
192271457,150696,0.0,True,False,True,False,False,WNBA $1 Double Up,30.0,NBA,2026-07-14 15:00:00+00:00,1.0,34
192271458,150696,0.0,True,False,True,False,False,WNBA $1 Double Up,20.0,NBA,2026-07-14 15:00:00+00:00,1.0,23
192271459,150696,0.0,True,False,True,False,False,WNBA $1 Double Up,20.0,NBA,2026-07-14 15:00:00+00:00,1.0,23
192271460,150696,0.0,True,False,True,False,False,WNBA $3 Double Up,60.0,NBA,2026-07-14 15:00:00+00:00,3.0,23
192271461,150696,0.0,True,False,True,False,False,WNBA $5 Double Up,100.0,NBA,2026-07-14 15:00:00+00:00,5.0,23
192271462,150696,0.0,True,False,True,False,False,WNBA $10 Double Up,100.0,NBA,2026-07-14 15:00:00+00:00,10.0,11
192271463,150696,0.0,False,False,True,False,False,WNBA $50 Winner Take All [$220 to 1st],220.0,NBA,2026-07-14 15:00:00+00:00,50.0,5
192271464,150696,0.0,False,False,True,False,False,WNBA $50 Winner Take All [$220 to 1st],220.0,NBA,2026-07-14 15:00:00+00:00,50.0,5
192271465,150696,0.0,False,False,True,False,False,WNBA $38 Winner Take All [$100 to 1st],100.0,NBA,2026-07-14 15:00:00+00:00,38.0,3
192271468,150696,0.0,False,False,True,False,True,WNBA Satellite to NFL Best Ball $25 Millionaire,25.0,NBA,2026-07-14 15:00:00+00:00,0.25,118
192271469,150696,0.0,False,False,True,False,True,WNBA Satellite to NFL Best Ball $25 Millionaire,25.0,NBA,2026-07-14 15:00:00+00:00,0.25,118
192271470,150696,0.0,False,False,True,False,True,WNBA Satellite to NFL Best Ball $25 Millionaire,25.0,NBA,2026-07-14 15:00:00+00:00,0.25,118
192271471,150696,0.0,False,False,False,False,True,WNBA Satellite to NFL Best Ball $25 Millionaire [Must Fill],25.0,NBA,2026-07-14 15:00:00+00:00,9.0,3
192271472,150696,0.0,False,False,False,False,True,WNBA Satellite to NFL Best Ball $25 Millionaire [Must Fill],25.0,NBA,2026-07-14 15:00:00+00:00,9.0,3
192271473,150696,0.0,False,False,False,False,True,WNBA Satellite to NFL Best Ball $25 Millionaire [Must Fill],25.0,NBA,2026-07-14 15:00:00+00:00,9.0,3
192271474,150696,0.0,False,False,True,False,True,WNBA Satellite to 7-16 $25 Golf Millionaire,25.0,NBA,2026-07-14 15:00:00+00:00,0.25,118
192271475,150696,0.0,False,False,True,False,True,WNBA Satellite to 7-16 $25 Golf Millionaire,25.0,NBA,2026-07-14 15:00:00+00:00,1.0,29
192271476,150696,0.0,False,False,False,False,True,WNBA Satellite to 7-16 $25 Golf Millionaire [MUST FILL],25.0,NBA,2026-07-14 15:00:00+00:00,9.0,3
192271477,150696,0.0,False,False,False,False,True,WNBA Satellite to 7-16 $25 Golf Millionaire [MUST FILL],25.0,NBA,2026-07-14 15:00:00+00:00,9.0,3
192271478,150696,0.0,False,False,False,False,True,WNBA Satellite to 7-16 $25 Golf Millionaire [MUST FILL],25.0,NBA,2026-07-14 15:00:00+00:00,9.0,3
192271479,150696,0.0,False,False,True,False,True,WNBA Satellite to TEN $20 Stars and Stripes Special (8-31),20.0,NBA,2026-07-14 15:00:00+00:00,1.0,23
192271483,150700,0.0,True,False,True,False,False,WNBA Showdown $3 Double Up (WAS @ TOR),60.0,NBA,2026-07-14 23:00:00+00:00,3.0,23
192271484,150700,0.0,False,False,True,False,False,WNBA Showdown $1 Triple Up [Top 9 Win $3] (WAS @ TOR),27.0,NBA,2026-07-14 23:00:00+00:00,1.0,31
192271485,150700,0.0,False,False,True,False,False,WNBA Showdown $5 Triple Up [Top 9 Win $15] (WAS @ TOR),135.0,NBA,2026-07-14 23:00:00+00:00,5.0,31
192271486,150700,0.0,True,False,True,False,False,WNBA Showdown $25 Double Up (WAS @ TOR),250.0,NBA,2026-07-14 23:00:00+00:00,25.0,11
192271487,150700,0.0,True,False,True,False,False,WNBA Showdown $10 Double Up (WAS @ TOR),100.0,NBA,2026-07-14 23:00:00+00:00,10.0,11
192271488,150700,0.0,True,False,True,False,False,WNBA Showdown $5 Double Up (WAS @ TOR),150.0,NBA,2026-07-14 23:00:00+00:00,5.0,34
192271489,150700,0.0,True,False,True,False,False,WNBA Showdown $5 Double Up (WAS @ TOR),100.0,NBA,2026-07-14 23:00:00+00:00,5.0,23
192271490,150700,0.0,True,False,True,False,False,WNBA Showdown $3 Double Up (WAS @ TOR),90.0,NBA,2026-07-14 23:00:00+00:00,3.0,34
192271491,150700,0.0,True,False,True,False,False,WNBA Showdown $1 Double Up (WAS @ TOR),30.0,NBA,2026-07-14 23:00:00+00:00,1.0,34
192271492,150700,0.0,True,False,True,False,False,WNBA Showdown $1 Double Up (WAS @ TOR),20.0,NBA,2026-07-14 23:00:00+00:00,1.0,23
192271493,150700,0.0,True,False,True,False,False,WNBA Showdown $1 Double Up (WAS @ TOR),20.0,NBA,2026-07-14 23:00:00+00:00,1.0,23
192271494,150700,0.0,True,False,True,False,False,WNBA Showdown $3 Double Up (WAS @ TOR),60.0,NBA,2026-07-14 23:00:00+00:00,3.0,23
192271495,150700,0.0,True,False,True,False,False,WNBA Showdown $5 Double Up (WAS @ TOR),100.0,NBA,2026-07-14 23:00:00+00:00,5.0,23
192271496,150700,0.0,True,False,True,False,False,WNBA Showdown $10 Double Up (WAS @ TOR),100.0,NBA,2026-07-14 23:00:00+00:00,10.0,11
192271497,150700,0.0,False,False,True,False,False,WNBA Showdown $50 Winner Take All [$220 to 1st] (WAS @ TOR),220.0,NBA,2026-07-14 23:00:00+00:00,50.0,5
192271498,150700,0.0,False,False,True,False,False,WNBA Showdown $38 Winner Take All [$100 to 1st] (WAS @ TOR),100.0,NBA,2026-07-14 23:00:00+00:00,38.0,3
192271499,150700,0.0,False,False,True,False,True,WNBA Showdown Satellite to NFL Best Ball $25 Millionaire (WAS @ TOR),25.0,NBA,2026-07-14 23:00:00+00:00,0.25,118
192271500,150700,0.0,False,False,False,False,True,WNBA Showdown Satellite to NFL Best Ball $25 Millionaire [Must Fill] (WAS @ TOR),25.0,NBA,2026-07-14 23:00:00+00:00,9.0,3
192271501,150700,0.0,False,False,True,False,True,WNBA Showdown Satellite to 7-16 $25 Golf Millionaire (WAS @ TOR),25.0,NBA,2026-07-14 23:00:00+00:00,0.25,118
192271502,150700,0.0,False,False,True,False,True,WNBA Showdown Satellite to 7-16 $25 Golf Millionaire (WAS @ TOR),25.0,NBA,2026-07-14 23:00:00+00:00,1.0,29
192271503,150700,0.0,False,False,False,False,True,WNBA Showdown Satellite to 7-16 $25 Golf Millionaire [MUST FILL] (WAS @ TOR),25.0,NBA,2026-07-14 23:00:00+00:00,9.0,3
192271504,150700,0.0,False,False,True,False,True,WNBA Showdown Satellite to TEN $20 Stars and Stripes Special (8-31) (WAS @ TOR),20.0,NBA,2026-07-14 23:00:00+00:00,1.0,23
192271520,150697,0.0,True,False,True,False,False,WNBA Showdown $1 Double Up (PDX @ CON),20.0,NBA,2026-07-14 15:00:00+00:00,1.0,23
192271521,150697,0.0,True,False,True,False,False,WNBA Showdown $3 Double Up (PDX @ CON),60.0,NBA,2026-07-14 15:00:00+00:00,3.0,23
192271522,150697,0.0,True,False,True,False,False,WNBA Showdown $5 Double Up (PDX @ CON),100.0,NBA,2026-07-14 15:00:00+00:00,5.0,23
192271523,150697,0.0,True,False,True,False,False,WNBA Showdown $10 Double Up (PDX @ CON),100.0,NBA,2026-07-14 15:00:00+00:00,10.0,11
192271524,150697,0.0,True,False,True,False,False,WNBA Showdown $25 Double Up (PDX @ CON),250.0,NBA,2026-07-14 15:00:00+00:00,25.0,11
192271525,150697,0.0,False,False,True,False,True,WNBA Showdown $25 Winner Take All [$110 to 1st] (PDX @ CON),110.0,NBA,2026-07-14 15:00:00+00:00,25.0,5
192271526,150697,0.0,False,False,False,False,True,WNBA Showdown Satellite to NFL Best Ball $25 Millionaire [Must Fill] (PDX @ CON),25.0,NBA,2026-07-14 15:00:00+00:00,9.0,3
192271527,150697,0.0,False,False,False,False,True,WNBA Showdown Satellite to NFL Best Ball $25 Millionaire [Must Fill] (PDX @ CON),25.0,NBA,2026-07-14 15:00:00+00:00,9.0,3
192271528,150697,0.0,False,False,False,False,True,WNBA Showdown Satellite to NFL Best Ball $25 Millionaire [Must Fill] (PDX @ CON),25.0,NBA,2026-07-14 15:00:00+00:00,9.0,3
192271543,150699,0.0,False,False,False,False,False,Beginner WNBA Single Stat $2 3-Player (Points),5.4,NBA,2026-07-14 15:00:00+00:00,2.0,3
192271544,150699,0.0,False,False,False,False,False,Beginner WNBA Single Stat $10 3-Player (Points),27.0,NBA,2026-07-14 15:00:00+00:00,10.0,3
192271545,150699,0.0,False,False,False,False,False,Beginner WNBA Single Stat $5 3-Player (Points),13.5,NBA,2026-07-14 15:00:00+00:00,5.0,3
192271546,150699,0.0,False,False,False,False,False,Beginner WNBA Single Stat $1 3-Player (Points),2.7,NBA,2026-07-14 15:00:00+00:00,1.0,3
192271547,150699,0.0,False,False,False,False,False,WNBA Single Stat $1 10-Player (Points),9.0,NBA,2026-07-14 15:00:00+00:00,1.0,10
192271548,150699,0.0,False,False,False,False,False,WNBA Single Stat $1 5-Player (Points),4.5,NBA,2026-07-14 15:00:00+00:00,1.0,5
192271549,150699,0.0,False,False,False,False,False,WNBA Single Stat $1 3-Player (Points),2.7,NBA,2026-07-14 15:00:00+00:00,1.0,3
192271550,150699,0.0,False,False,False,False,False,WNBA Single Stat $1 3-Player (Points),2.7,NBA,2026-07-14 15:00:00+00:00,1.0,3
192271551,150699,0.0,True,False,False,False,False,Casual WNBA Single Stat $20 50-50 (Points),180.0,NBA,2026-07-14 15:00:00+00:00,20.0,10
192271552,150699,0.0,True,False,False,False,False,Casual WNBA Single Stat $10 50-50 (Points),90.0,NBA,2026-07-14 15:00:00+00:00,10.0,10
192271553,150699,0.0,True,False,False,False,False,Casual WNBA Single Stat $5 50-50 (Points),45.0,NBA,2026-07-14 15:00:00+00:00,5.0,10
192271554,150699,0.0,True,False,False,False,False,Casual WNBA Single Stat $3 50-50 (Points),27.0,NBA,2026-07-14 15:00:00+00:00,3.0,10
192271555,150699,0.0,True,False,False,False,False,Casual WNBA Single Stat $1 50-50 (Points),9.0,NBA,2026-07-14 15:00:00+00:00,1.0,10
192271556,150699,0.0,False,False,False,False,False,Casual WNBA Single Stat $5 3-Player (Points),13.5,NBA,2026-07-14 15:00:00+00:00,5.0,3
192271557,150699,0.0,False,False,False,False,False,Casual WNBA Single Stat $2 3-Player (Points),5.4,NBA,2026-07-14 15:00:00+00:00,2.0,3
192271558,150699,0.0,False,False,False,False,False,WNBA Single Stat $2 3-Player (Points),5.4,NBA,2026-07-14 15:00:00+00:00,2.0,3
192271559,150699,0.0,False,False,False,False,False,WNBA Single Stat $2 3-Player (Points),5.4,NBA,2026-07-14 15:00:00+00:00,2.0,3
192271560,150699,0.0,False,False,False,False,False,WNBA Single Stat $2 5-Player (Points),9.0,NBA,2026-07-14 15:00:00+00:00,2.0,5
192271561,150699,0.0,False,False,False,False,False,WNBA Single Stat $2 10-Player (Points),18.0,NBA,2026-07-14 15:00:00+00:00,2.0,10
192271562,150699,0.0,False,False,False,False,False,WNBA Single Stat $5 3-Player (Points),13.5,NBA,2026-07-14 15:00:00+00:00,5.0,3
192271563,150699,0.0,False,False,False,False,False,WNBA Single Stat $5 5-Player (Points),22.5,NBA,2026-07-14 15:00:00+00:00,5.0,5
192271564,150699,0.0,False,False,False,False,False,WNBA Single Stat $5 10-Player (Points),45.0,NBA,2026-07-14 15:00:00+00:00,5.0,10
192271565,150699,0.0,False,False,False,False,False,WNBA Single Stat $10 5-Player (Points),45.0,NBA,2026-07-14 15:00:00+00:00,10.0,5
192271566,150699,0.0,False,False,False,False,False,WNBA Single Stat $10 3-Player (Points),27.0,NBA,2026-07-14 15:00:00+00:00,10.0,3
192271567,150699,0.0,False,False,False,False,False,WNBA Single Stat $20 3-Player (Points),54.0,NBA,2026-07-14 15:00:00+00:00,20.0,3
192271568,150699,0.0,False,False,False,False,False,WNBA Single Stat $50 5-Player (Points),225.0,NBA,2026-07-14 15:00:00+00:00,50.0,5
192271569,150699,0.0,False,False,False,False,False,WNBA Single Stat $50 3-Player (Points),135.0,NBA,2026-07-14 15:00:00+00:00,50.0,3
192271570,150699,0.0,False,False,False,False,False,WNBA Single Stat $109 3-Player (Points),300.0,NBA,2026-07-14 15:00:00+00:00,109.0,3
192271571,150699,0.0,False,False,False,False,False,WNBA Single Stat $162 3-Player (Points),450.0,NBA,2026-07-14 15:00:00+00:00,162.0,3
192271572,150699,0.0,False,False,False,False,False,WNBA Single Stat $530 3-Player (Points),1500.0,NBA,2026-07-14 15:00:00+00:00,530.0,3
192271573,150699,0.0,False,False,False,False,False,"WNBA Single Stat $1,060 3-Player (Points)",3000.0,NBA,2026-07-14 15:00:00+00:00,1060.0,3
192271574,150699,0.0,False,False,False,False,False,"WNBA Single Stat $5,300 3-Player (Points)",15000.0,NBA,2026-07-14 15:00:00+00:00,5300.0,3
192271575,150699,0.0,False,False,False,False,False,"WNBA Single Stat $10,600 3-Player (Points)",30000.0,NBA,2026-07-14 15:00:00+00:00,10600.0,3
192271576,150699,0.0,True,False,False,False,False,Beginner WNBA Single Stat $20 50-50 (Points),72.0,NBA,2026-07-14 15:00:00+00:00,20.0,4
192271577,150699,0.0,True,False,False,False,False,Beginner WNBA Single Stat $10 50-50 (Points),90.0,NBA,2026-07-14 15:00:00+00:00,10.0,10
192271578,150699,0.0,True,False,False,False,False,Beginner WNBA Single Stat $1 50-50 (Points),9.0,NBA,2026-07-14 15:00:00+00:00,1.0,10
192271579,150699,0.0,True,False,False,False,False,Beginner WNBA Single Stat $3 50-50 (Points),27.0,NBA,2026-07-14 15:00:00+00:00,3.0,10
192271580,150699,0.0,True,False,False,False,False,Beginner WNBA Single Stat $5 50-50 (Points),45.0,NBA,2026-07-14 15:00:00+00:00,5.0,10
192271581,150699,0.0,True,False,False,False,False,"WNBA Single Stat $5,300 50-50 (Points)",20000.0,NBA,2026-07-14 15:00:00+00:00,5300.0,4
192271582,150699,0.0,True,False,False,False,False,"WNBA Single Stat $1,060 50-50 (Points)",4000.0,NBA,2026-07-14 15:00:00+00:00,1060.0,4
192271583,150699,0.0,True,False,False,False,False,WNBA Single Stat $530 50-50 (Points),2000.0,NBA,2026-07-14 15:00:00+00:00,530.0,4
192271584,150699,0.0,True,False,False,False,False,WNBA Single Stat $109 50-50 (Points),400.0,NBA,2026-07-14 15:00:00+00:00,109.0,4
192271585,150699,0.0,True,False,False,False,False,WNBA Single Stat $50 50-50 (Points),180.0,NBA,2026-07-14 15:00:00+00:00,50.0,4
192271586,150699,0.0,True,False,False,False,False,WNBA Single Stat $20 50-50 (Points),72.0,NBA,2026-07-14 15:00:00+00:00,20.0,4
192271587,150699,0.0,True,False,False,False,False,WNBA Single Stat $10 50-50 (Points),36.0,NBA,2026-07-14 15:00:00+00:00,10.0,4
192271588,150699,0.0,True,False,False,False,False,WNBA Single Stat $50 50-50 (Points),450.0,NBA,2026-07-14 15:00:00+00:00,50.0,10
192271589,150699,0.0,True,False,False,False,False,WNBA Single Stat $1 50-50 (Points),9.0,NBA,2026-07-14 15:00:00+00:00,1.0,10
192271590,150699,0.0,True,False,False,False,False,WNBA Single Stat $5 50-50 (Points),45.0,NBA,2026-07-14 15:00:00+00:00,5.0,10
192271591,150699,0.0,True,False,False,False,False,WNBA Single Stat $109 50-50 (Points),600.0,NBA,2026-07-14 15:00:00+00:00,109.0,6
192271592,150699,0.0,True,False,False,False,False,WNBA Single Stat $2 50-50 (Points),18.0,NBA,2026-07-14 15:00:00+00:00,2.0,10
192271593,150699,0.0,True,False,False,False,False,WNBA Single Stat $20 50-50 (Points),180.0,NBA,2026-07-14 15:00:00+00:00,20.0,10
192271594,150699,0.0,True,False,False,False,False,WNBA Single Stat $10 50-50 (Points),90.0,NBA,2026-07-14 15:00:00+00:00,10.0,10
192271595,150699,0.0,True,False,False,False,False,WNBA Single Stat $5 50-50 (Points),90.0,NBA,2026-07-14 15:00:00+00:00,5.0,20
192271596,150699,0.0,True,False,False,False,False,WNBA Single Stat $10 50-50 (Points),180.0,NBA,2026-07-14 15:00:00+00:00,10.0,20
192271597,150699,0.0,True,False,False,False,False,WNBA Single Stat $20 50-50 (Points),360.0,NBA,2026-07-14 15:00:00+00:00,20.0,20
192271598,150699,0.0,True,False,False,False,False,WNBA Single Stat $2 50-50 (Points),36.0,NBA,2026-07-14 15:00:00+00:00,2.0,20
192271599,150699,0.0,True,False,False,False,False,WNBA Single Stat $1 50-50 (Points),18.0,NBA,2026-07-14 15:00:00+00:00,1.0,20
192271600,150699,0.0,False,False,False,False,True,WNBA Single Stat $4K All Star [Single Entry] (Must Fill) (Points),4000.0,NBA,2026-07-14 15:00:00+00:00,1060.0,4
192271601,150699,0.0,False,False,False,False,True,WNBA Single Stat $4K All Star [Single Entry] (Must Fill) (Points),4000.0,NBA,2026-07-14 15:00:00+00:00,1060.0,4
192271602,150699,0.0,False,False,False,False,True,WNBA Single Stat $267 Winner Take All [$1K to 1st] (Must Fill) (Points),1000.0,NBA,2026-07-14 15:00:00+00:00,267.0,4
192271603,150699,0.0,False,False,False,False,True,WNBA Single Stat $100 Winner Take All [$460 to 1st] (Must Fill) (Points),460.0,NBA,2026-07-14 15:00:00+00:00,100.0,5
192271604,150699,0.0,False,False,False,False,True,WNBA Single Stat $5.7K Courtside Special [Single Entry] (Must Fill) (Points),5700.0,NBA,2026-07-14 15:00:00+00:00,1500.0,4
192271605,150699,0.0,False,False,False,False,True,WNBA Single Stat Satellite to NBA Best Ball $20 Shootaround [Must Fill] (Points),20.0,NBA,2026-07-14 15:00:00+00:00,7.4,3
192271606,150699,0.0,False,False,False,False,True,WNBA Single Stat Satellite to NBA Best Ball $20 Shootaround [Must Fill] (Points),20.0,NBA,2026-07-14 15:00:00+00:00,7.4,3
192271607,150699,0.0,False,False,True,False,True,WNBA Single Stat $1 Winner Take All [$100 to 1st] (Points),100.0,NBA,2026-07-14 15:00:00+00:00,1.0,118
192274972,150663,0.0,False,False,True,False,True,NBASL $100 Quarter Jukebox [Just $0.25!] (SL Early),100.0,NBA,2026-07-14 20:00:00+00:00,0.25,475
192274973,150663,0.0,False,False,True,False,True,NBASL $100 Sharpshooter (SL Early),100.0,NBA,2026-07-14 20:00:00+00:00,3.0,39
192274974,150663,0.0,False,False,True,False,True,NBASL $200 Zone [Single Entry] (SL Early),200.0,NBA,2026-07-14 20:00:00+00:00,5.0,47
192274975,150663,0.0,False,False,True,False,True,NBASL $400 And-One (SL Early),400.0,NBA,2026-07-14 20:00:00+00:00,1.0,475
192274976,150663,0.0,False,False,True,False,True,NBASL $250 Pick and Roll [Single Entry] (SL Early),250.0,NBA,2026-07-14 20:00:00+00:00,12.0,24
192274977,150663,0.0,False,False,True,False,True,NBASL $285 Triple Threat [Single Entry] (SL Early),285.0,NBA,2026-07-14 20:00:00+00:00,33.0,10
192274978,150663,0.0,False,False,True,False,True,"NBASL $720 Showtime [Single Entry, Top 2 Win] (SL Early)",720.0,NBA,2026-07-14 20:00:00+00:00,100.0,8
192274979,150663,0.0,False,False,True,False,True,NBASL $4K Fadeaway [$1K to 1st] (SL Early),4000.0,NBA,2026-07-14 20:00:00+00:00,15.0,313
192275095,150667,0.0,False,False,True,False,True,NBASL Showdown $100 Zone [Single Entry] (SL LAC vs LAL),100.0,NBA,2026-07-15 02:00:00+00:00,5.0,23
192275096,150667,0.0,False,False,False,False,True,NBASL Showdown $100 Winner Take All [$460 to 1st] (Must Fill) (SL LAC vs LAL),460.0,NBA,2026-07-15 02:00:00+00:00,100.0,5
192275097,150667,0.0,False,False,True,False,True,NBASL Showdown $3K Fadeaway [$1K to 1st] (SL LAC vs LAL),3000.0,NBA,2026-07-15 02:00:00+00:00,15.0,235
192275098,150666,0.0,False,False,True,False,True,NBASL $100 Zone [Single Entry] (SL Night),100.0,NBA,2026-07-15 01:00:00+00:00,5.0,23
192275099,150666,0.0,False,False,False,False,True,NBASL $100 Winner Take All [$460 to 1st] (Must Fill) (SL Night),460.0,NBA,2026-07-15 01:00:00+00:00,100.0,5
192275100,150666,0.0,False,False,True,False,True,NBASL $3K Fadeaway [$1K to 1st] (SL Night),3000.0,NBA,2026-07-15 01:00:00+00:00,15.0,235
192275197,150666,0.0,False,False,True,False,True,NBASL $50 Quarter Jukebox [Just $0.25!] (SL Night),50.0,NBA,2026-07-15 01:00:00+00:00,0.25,237
192275198,150666,0.0,False,False,True,False,True,NBASL $200 And-One (SL Night),200.0,NBA,2026-07-15 01:00:00+00:00,1.0,237
192275289,150667,0.0,False,False,True,False,True,NBASL Showdown $100 And-One (SL LAC vs LAL),100.0,NBA,2026-07-15 02:00:00+00:00,1.0,118
192275290,150667,0.0,False,False,True,False,True,NBASL Showdown $20 Quarter Jukebox [Just $0.25!] (SL LAC vs LAL),20.0,NBA,2026-07-15 02:00:00+00:00,0.25,95
192275378,150663,0.0,False,False,False,False,False,Beginner NBASL $2 3-Player (SL Early),5.4,NBA,2026-07-14 20:00:00+00:00,2.0,3
192275379,150663,0.0,False,False,False,False,False,Beginner NBASL $10 3-Player (SL Early),27.0,NBA,2026-07-14 20:00:00+00:00,10.0,3
192275380,150663,0.0,False,False,False,False,False,Beginner NBASL $5 3-Player (SL Early),13.5,NBA,2026-07-14 20:00:00+00:00,5.0,3
192275381,150663,0.0,False,False,False,False,False,Beginner NBASL $1 3-Player (SL Early),2.7,NBA,2026-07-14 20:00:00+00:00,1.0,3
192275382,150663,0.0,False,False,False,False,False,NBASL $1 10-Player (SL Early),9.0,NBA,2026-07-14 20:00:00+00:00,1.0,10
192275383,150663,0.0,False,False,False,False,False,NBASL $1 5-Player (SL Early),4.5,NBA,2026-07-14 20:00:00+00:00,1.0,5
192275384,150663,0.0,False,False,False,False,False,NBASL $1 3-Player (SL Early),2.7,NBA,2026-07-14 20:00:00+00:00,1.0,3
192275385,150663,0.0,False,False,False,False,False,NBASL $1 3-Player (SL Early),2.7,NBA,2026-07-14 20:00:00+00:00,1.0,3
192275386,150663,0.0,True,False,False,False,False,Casual NBASL $20 50-50 (SL Early),180.0,NBA,2026-07-14 20:00:00+00:00,20.0,10
192275387,150663,0.0,True,False,False,False,False,Casual NBASL $10 50-50 (SL Early),90.0,NBA,2026-07-14 20:00:00+00:00,10.0,10
192275388,150663,0.0,True,False,False,False,False,Casual NBASL $5 50-50 (SL Early),45.0,NBA,2026-07-14 20:00:00+00:00,5.0,10
192275389,150663,0.0,True,False,False,False,False,Casual NBASL $3 50-50 (SL Early),27.0,NBA,2026-07-14 20:00:00+00:00,3.0,10
192275390,150663,0.0,True,False,False,False,False,Casual NBASL $1 50-50 (SL Early),9.0,NBA,2026-07-14 20:00:00+00:00,1.0,10
192275391,150663,0.0,False,False,False,False,False,Casual NBASL $5 3-Player (SL Early),13.5,NBA,2026-07-14 20:00:00+00:00,5.0,3
192275392,150663,0.0,False,False,False,False,False,Casual NBASL $2 3-Player (SL Early),5.4,NBA,2026-07-14 20:00:00+00:00,2.0,3
192275393,150663,0.0,False,False,False,False,False,NBASL $2 3-Player (SL Early),5.4,NBA,2026-07-14 20:00:00+00:00,2.0,3
192275394,150663,0.0,False,False,False,False,False,NBASL $2 3-Player (SL Early),5.4,NBA,2026-07-14 20:00:00+00:00,2.0,3
192275395,150663,0.0,False,False,False,False,False,NBASL $2 5-Player (SL Early),9.0,NBA,2026-07-14 20:00:00+00:00,2.0,5
192275396,150663,0.0,False,False,False,False,False,NBASL $2 10-Player (SL Early),18.0,NBA,2026-07-14 20:00:00+00:00,2.0,10
192275397,150663,0.0,False,False,False,False,False,NBASL $5 3-Player (SL Early),13.5,NBA,2026-07-14 20:00:00+00:00,5.0,3
192275398,150663,0.0,False,False,False,False,False,NBASL $5 5-Player (SL Early),22.5,NBA,2026-07-14 20:00:00+00:00,5.0,5
192275399,150663,0.0,False,False,False,False,False,NBASL $5 10-Player (SL Early),45.0,NBA,2026-07-14 20:00:00+00:00,5.0,10
192275400,150663,0.0,False,False,False,False,False,NBASL $10 5-Player (SL Early),45.0,NBA,2026-07-14 20:00:00+00:00,10.0,5
192275401,150663,0.0,False,False,False,False,False,NBASL $10 3-Player (SL Early),27.0,NBA,2026-07-14 20:00:00+00:00,10.0,3
192275402,150663,0.0,False,False,False,False,False,NBASL $20 3-Player (SL Early),54.0,NBA,2026-07-14 20:00:00+00:00,20.0,3
192275403,150663,0.0,False,False,False,False,False,NBASL $50 5-Player (SL Early),225.0,NBA,2026-07-14 20:00:00+00:00,50.0,5
192275404,150663,0.0,False,False,False,False,False,NBASL $50 3-Player (SL Early),135.0,NBA,2026-07-14 20:00:00+00:00,50.0,3
192275405,150663,0.0,False,False,False,False,False,NBASL $109 3-Player (SL Early),300.0,NBA,2026-07-14 20:00:00+00:00,109.0,3
192275406,150663,0.0,False,False,False,False,False,NBASL $162 3-Player (SL Early),450.0,NBA,2026-07-14 20:00:00+00:00,162.0,3
192275407,150663,0.0,False,False,False,False,False,NBASL $530 3-Player (SL Early),1500.0,NBA,2026-07-14 20:00:00+00:00,530.0,3
192275408,150663,0.0,False,False,False,False,False,"NBASL $1,060 3-Player (SL Early)",3000.0,NBA,2026-07-14 20:00:00+00:00,1060.0,3
192275409,150663,0.0,False,False,False,False,False,"NBASL $5,300 3-Player (SL Early)",15000.0,NBA,2026-07-14 20:00:00+00:00,5300.0,3
192275410,150663,0.0,False,False,False,False,False,"NBASL $10,600 3-Player (SL Early)",30000.0,NBA,2026-07-14 20:00:00+00:00,10600.0,3
192275411,150663,0.0,True,False,False,False,False,Beginner NBASL $20 50-50 (SL Early),72.0,NBA,2026-07-14 20:00:00+00:00,20.0,4
192275412,150663,0.0,True,False,False,False,False,Beginner NBASL $10 50-50 (SL Early),90.0,NBA,2026-07-14 20:00:00+00:00,10.0,10
192275413,150663,0.0,True,False,False,False,False,Beginner NBASL $1 50-50 (SL Early),9.0,NBA,2026-07-14 20:00:00+00:00,1.0,10
192275414,150663,0.0,True,False,False,False,False,Beginner NBASL $3 50-50 (SL Early),27.0,NBA,2026-07-14 20:00:00+00:00,3.0,10
192275415,150663,0.0,True,False,False,False,False,Beginner NBASL $5 50-50 (SL Early),45.0,NBA,2026-07-14 20:00:00+00:00,5.0,10
192275416,150663,0.0,True,False,False,False,False,"NBASL $5,300 50-50 (SL Early)",20000.0,NBA,2026-07-14 20:00:00+00:00,5300.0,4
192275417,150663,0.0,True,False,False,False,False,"NBASL $1,060 50-50 (SL Early)",4000.0,NBA,2026-07-14 20:00:00+00:00,1060.0,4
192275418,150663,0.0,True,False,False,False,False,NBASL $530 50-50 (SL Early),2000.0,NBA,2026-07-14 20:00:00+00:00,530.0,4
192275419,150663,0.0,True,False,False,False,False,NBASL $109 50-50 (SL Early),400.0,NBA,2026-07-14 20:00:00+00:00,109.0,4
192275420,150663,0.0,True,False,False,False,False,NBASL $50 50-50 (SL Early),180.0,NBA,2026-07-14 20:00:00+00:00,50.0,4
192275421,150663,0.0,True,False,False,False,False,NBASL $20 50-50 (SL Early),72.0,NBA,2026-07-14 20:00:00+00:00,20.0,4
192275422,150663,0.0,True,False,False,False,False,NBASL $10 50-50 (SL Early),36.0,NBA,2026-07-14 20:00:00+00:00,10.0,4
192275423,150663,0.0,True,False,False,False,False,NBASL $50 50-50 (SL Early),450.0,NBA,2026-07-14 20:00:00+00:00,50.0,10
192275424,150663,0.0,True,False,False,False,False,NBASL $1 50-50 (SL Early),9.0,NBA,2026-07-14 20:00:00+00:00,1.0,10
192275425,150663,0.0,True,False,False,False,False,NBASL $5 50-50 (SL Early),45.0,NBA,2026-07-14 20:00:00+00:00,5.0,10
192275426,150663,0.0,True,False,False,False,False,NBASL $109 50-50 (SL Early),600.0,NBA,2026-07-14 20:00:00+00:00,109.0,6
192275427,150663,0.0,True,False,False,False,False,NBASL $2 50-50 (SL Early),18.0,NBA,2026-07-14 20:00:00+00:00,2.0,10
192275428,150663,0.0,True,False,False,False,False,NBASL $20 50-50 (SL Early),180.0,NBA,2026-07-14 20:00:00+00:00,20.0,10
192275429,150663,0.0,True,False,False,False,False,NBASL $10 50-50 (SL Early),90.0,NBA,2026-07-14 20:00:00+00:00,10.0,10
192275430,150663,0.0,True,False,False,False,False,NBASL $5 50-50 (SL Early),90.0,NBA,2026-07-14 20:00:00+00:00,5.0,20
192275431,150663,0.0,True,False,False,False,False,NBASL $10 50-50 (SL Early),180.0,NBA,2026-07-14 20:00:00+00:00,10.0,20
192275432,150663,0.0,True,False,False,False,False,NBASL $20 50-50 (SL Early),360.0,NBA,2026-07-14 20:00:00+00:00,20.0,20
192275433,150663,0.0,True,False,False,False,False,NBASL $2 50-50 (SL Early),36.0,NBA,2026-07-14 20:00:00+00:00,2.0,20
192275434,150663,0.0,True,False,False,False,False,NBASL $1 50-50 (SL Early),18.0,NBA,2026-07-14 20:00:00+00:00,1.0,20
192275435,150663,0.0,False,False,False,False,True,NBASL $4K All Star [Single Entry] (Must Fill) (SL Early),4000.0,NBA,2026-07-14 20:00:00+00:00,1060.0,4
192275436,150663,0.0,False,False,False,False,True,NBASL $4K All Star [Single Entry] (Must Fill) (SL Early),4000.0,NBA,2026-07-14 20:00:00+00:00,1060.0,4
192275437,150663,0.0,False,False,False,False,True,NBASL $267 Winner Take All [$1K to 1st] (Must Fill) (SL Early),1000.0,NBA,2026-07-14 20:00:00+00:00,267.0,4
192275438,150663,0.0,False,False,False,False,True,NBASL $100 Winner Take All [$460 to 1st] (Must Fill) (SL Early),460.0,NBA,2026-07-14 20:00:00+00:00,100.0,5
192275439,150663,0.0,False,False,False,False,True,NBASL $5.7K Courtside Special [Single Entry] (Must Fill) (SL Early),5700.0,NBA,2026-07-14 20:00:00+00:00,1500.0,4
192275440,150663,0.0,False,False,False,False,True,NBASL Satellite to NBA Best Ball $20 Shootaround [Must Fill] (SL Early),20.0,NBA,2026-07-14 20:00:00+00:00,7.4,3
192275441,150663,0.0,False,False,False,False,True,NBASL Satellite to NBA Best Ball $20 Shootaround [Must Fill] (SL Early),20.0,NBA,2026-07-14 20:00:00+00:00,7.4,3
192275442,150666,0.0,False,False,False,False,False,Beginner NBASL $2 3-Player (SL Night),5.4,NBA,2026-07-15 01:00:00+00:00,2.0,3
192275443,150666,0.0,False,False,False,False,False,Beginner NBASL $10 3-Player (SL Night),27.0,NBA,2026-07-15 01:00:00+00:00,10.0,3
192275444,150666,0.0,False,False,False,False,False,Beginner NBASL $5 3-Player (SL Night),13.5,NBA,2026-07-15 01:00:00+00:00,5.0,3
192275445,150666,0.0,False,False,False,False,False,Beginner NBASL $1 3-Player (SL Night),2.7,NBA,2026-07-15 01:00:00+00:00,1.0,3
192275446,150666,0.0,False,False,False,False,False,NBASL $1 10-Player (SL Night),9.0,NBA,2026-07-15 01:00:00+00:00,1.0,10
192275447,150666,0.0,False,False,False,False,False,NBASL $1 5-Player (SL Night),4.5,NBA,2026-07-15 01:00:00+00:00,1.0,5
192275448,150666,0.0,False,False,False,False,False,NBASL $1 3-Player (SL Night),2.7,NBA,2026-07-15 01:00:00+00:00,1.0,3
192275449,150666,0.0,False,False,False,False,False,NBASL $1 3-Player (SL Night),2.7,NBA,2026-07-15 01:00:00+00:00,1.0,3
192275450,150666,0.0,True,False,False,False,False,Casual NBASL $20 50-50 (SL Night),180.0,NBA,2026-07-15 01:00:00+00:00,20.0,10
192275451,150666,0.0,True,False,False,False,False,Casual NBASL $10 50-50 (SL Night),90.0,NBA,2026-07-15 01:00:00+00:00,10.0,10
192275452,150666,0.0,True,False,False,False,False,Casual NBASL $5 50-50 (SL Night),45.0,NBA,2026-07-15 01:00:00+00:00,5.0,10
192275453,150666,0.0,True,False,False,False,False,Casual NBASL $3 50-50 (SL Night),27.0,NBA,2026-07-15 01:00:00+00:00,3.0,10
192275454,150666,0.0,True,False,False,False,False,Casual NBASL $1 50-50 (SL Night),9.0,NBA,2026-07-15 01:00:00+00:00,1.0,10
192275455,150666,0.0,False,False,False,False,False,Casual NBASL $5 3-Player (SL Night),13.5,NBA,2026-07-15 01:00:00+00:00,5.0,3
192275456,150666,0.0,False,False,False,False,False,Casual NBASL $2 3-Player (SL Night),5.4,NBA,2026-07-15 01:00:00+00:00,2.0,3
192275457,150666,0.0,False,False,False,False,False,NBASL $2 3-Player (SL Night),5.4,NBA,2026-07-15 01:00:00+00:00,2.0,3
192275458,150666,0.0,False,False,False,False,False,NBASL $2 3-Player (SL Night),5.4,NBA,2026-07-15 01:00:00+00:00,2.0,3
192275459,150666,0.0,False,False,False,False,False,NBASL $2 5-Player (SL Night),9.0,NBA,2026-07-15 01:00:00+00:00,2.0,5
192275460,150666,0.0,False,False,False,False,False,NBASL $2 10-Player (SL Night),18.0,NBA,2026-07-15 01:00:00+00:00,2.0,10
192275461,150666,0.0,False,False,False,False,False,NBASL $5 3-Player (SL Night),13.5,NBA,2026-07-15 01:00:00+00:00,5.0,3
192275462,150666,0.0,False,False,False,False,False,NBASL $5 5-Player (SL Night),22.5,NBA,2026-07-15 01:00:00+00:00,5.0,5
192275463,150666,0.0,False,False,False,False,False,NBASL $5 10-Player (SL Night),45.0,NBA,2026-07-15 01:00:00+00:00,5.0,10
192275464,150666,0.0,False,False,False,False,False,NBASL $10 5-Player (SL Night),45.0,NBA,2026-07-15 01:00:00+00:00,10.0,5
192275465,150666,0.0,False,False,False,False,False,NBASL $10 3-Player (SL Night),27.0,NBA,2026-07-15 01:00:00+00:00,10.0,3
192275466,150666,0.0,False,False,False,False,False,NBASL $20 3-Player (SL Night),54.0,NBA,2026-07-15 01:00:00+00:00,20.0,3
192275467,150666,0.0,False,False,False,False,False,NBASL $50 5-Player (SL Night),225.0,NBA,2026-07-15 01:00:00+00:00,50.0,5
192275468,150666,0.0,False,False,False,False,False,NBASL $50 3-Player (SL Night),135.0,NBA,2026-07-15 01:00:00+00:00,50.0,3
192275469,150666,0.0,False,False,False,False,False,NBASL $109 3-Player (SL Night),300.0,NBA,2026-07-15 01:00:00+00:00,109.0,3
192275470,150666,0.0,False,False,False,False,False,NBASL $162 3-Player (SL Night),450.0,NBA,2026-07-15 01:00:00+00:00,162.0,3
192275471,150666,0.0,False,False,False,False,False,NBASL $530 3-Player (SL Night),1500.0,NBA,2026-07-15 01:00:00+00:00,530.0,3
192275472,150666,0.0,False,False,False,False,False,"NBASL $1,060 3-Player (SL Night)",3000.0,NBA,2026-07-15 01:00:00+00:00,1060.0,3
192275473,150666,0.0,False,False,False,False,False,"NBASL $5,300 3-Player (SL Night)",15000.0,NBA,2026-07-15 01:00:00+00:00,5300.0,3
192275474,150666,0.0,False,False,False,False,False,"NBASL $10,600 3-Player (SL Night)",30000.0,NBA,2026-07-15 01:00:00+00:00,10600.0,3
192275475,150666,0.0,True,False,False,False,False,Beginner NBASL $20 50-50 (SL Night),72.0,NBA,2026-07-15 01:00:00+00:00,20.0,4
192275476,150666,0.0,True,False,False,False,False,Beginner NBASL $10 50-50 (SL Night),90.0,NBA,2026-07-15 01:00:00+00:00,10.0,10
192275477,150666,0.0,True,False,False,False,False,Beginner NBASL $1 50-50 (SL Night),9.0,NBA,2026-07-15 01:00:00+00:00,1.0,10
192275478,150666,0.0,True,False,False,False,False,Beginner NBASL $3 50-50 (SL Night),27.0,NBA,2026-07-15 01:00:00+00:00,3.0,10
192275479,150666,0.0,True,False,False,False,False,Beginner NBASL $5 50-50 (SL Night),45.0,NBA,2026-07-15 01:00:00+00:00,5.0,10
192275480,150666,0.0,True,False,False,False,False,"NBASL $5,300 50-50 (SL Night)",20000.0,NBA,2026-07-15 01:00:00+00:00,5300.0,4
192275481,150666,0.0,True,False,False,False,False,"NBASL $1,060 50-50 (SL Night)",4000.0,NBA,2026-07-15 01:00:00+00:00,1060.0,4
192275482,150666,0.0,True,False,False,False,False,NBASL $530 50-50 (SL Night),2000.0,NBA,2026-07-15 01:00:00+00:00,530.0,4
192275483,150666,0.0,True,False,False,False,False,NBASL $109 50-50 (SL Night),400.0,NBA,2026-07-15 01:00:00+00:00,109.0,4
192275484,150666,0.0,True,False,False,False,False,NBASL $50 50-50 (SL Night),180.0,NBA,2026-07-15 01:00:00+00:00,50.0,4
192275485,150666,0.0,True,False,False,False,False,NBASL $20 50-50 (SL Night),72.0,NBA,2026-07-15 01:00:00+00:00,20.0,4
192275486,150666,0.0,True,False,False,False,False,NBASL $10 50-50 (SL Night),36.0,NBA,2026-07-15 01:00:00+00:00,10.0,4
192275487,150666,0.0,True,False,False,False,False,NBASL $50 50-50 (SL Night),450.0,NBA,2026-07-15 01:00:00+00:00,50.0,10
192275488,150666,0.0,True,False,False,False,False,NBASL $1 50-50 (SL Night),9.0,NBA,2026-07-15 01:00:00+00:00,1.0,10
192275489,150666,0.0,True,False,False,False,False,NBASL $5 50-50 (SL Night),45.0,NBA,2026-07-15 01:00:00+00:00,5.0,10
192275490,150666,0.0,True,False,False,False,False,NBASL $109 50-50 (SL Night),600.0,NBA,2026-07-15 01:00:00+00:00,109.0,6
192275491,150666,0.0,True,False,False,False,False,NBASL $2 50-50 (SL Night),18.0,NBA,2026-07-15 01:00:00+00:00,2.0,10
192275492,150666,0.0,True,False,False,False,False,NBASL $20 50-50 (SL Night),180.0,NBA,2026-07-15 01:00:00+00:00,20.0,10
192275493,150666,0.0,True,False,False,False,False,NBASL $10 50-50 (SL Night),90.0,NBA,2026-07-15 01:00:00+00:00,10.0,10
192275494,150666,0.0,True,False,False,False,False,NBASL $5 50-50 (SL Night),90.0,NBA,2026-07-15 01:00:00+00:00,5.0,20
192275495,150666,0.0,True,False,False,False,False,NBASL $10 50-50 (SL Night),180.0,NBA,2026-07-15 01:00:00+00:00,10.0,20
192275496,150666,0.0,True,False,False,False,False,NBASL $20 50-50 (SL Night),360.0,NBA,2026-07-15 01:00:00+00:00,20.0,20
192275497,150666,0.0,True,False,False,False,False,NBASL $2 50-50 (SL Night),36.0,NBA,2026-07-15 01:00:00+00:00,2.0,20
192275498,150666,0.0,True,False,False,False,False,NBASL $1 50-50 (SL Night),18.0,NBA,2026-07-15 01:00:00+00:00,1.0,20
192275499,150666,0.0,False,False,False,False,True,NBASL $4K All Star [Single Entry] (Must Fill) (SL Night),4000.0,NBA,2026-07-15 01:00:00+00:00,1060.0,4
192275500,150666,0.0,False,False,False,False,True,NBASL $4K All Star [Single Entry] (Must Fill) (SL Night),4000.0,NBA,2026-07-15 01:00:00+00:00,1060.0,4
192275501,150666,0.0,False,False,False,False,True,NBASL $267 Winner Take All [$1K to 1st] (Must Fill) (SL Night),1000.0,NBA,2026-07-15 01:00:00+00:00,267.0,4
192275502,150666,0.0,False,False,False,False,True,NBASL $5.7K Courtside Special [Single Entry] (Must Fill) (SL Night),5700.0,NBA,2026-07-15 01:00:00+00:00,1500.0,4
192275503,150666,0.0,False,False,False,False,True,NBASL Satellite to NBA Best Ball $20 Shootaround [Must Fill] (SL Night),20.0,NBA,2026-07-15 01:00:00+00:00,7.4,3
192275504,150666,0.0,False,False,False,False,True,NBASL Satellite to NBA Best Ball $20 Shootaround [Must Fill] (SL Night),20.0,NBA,2026-07-15 01:00:00+00:00,7.4,3
192275505,150667,0.0,False,False,False,False,False,Beginner NBASL Showdown $2 3-Player (SL LAC vs LAL),5.4,NBA,2026-07-15 02:00:00+00:00,2.0,3
192275506,150667,0.0,False,False,False,False,False,Beginner NBASL Showdown $10 3-Player (SL LAC vs LAL),27.0,NBA,2026-07-15 02:00:00+00:00,10.0,3
192275507,150667,0.0,False,False,False,False,False,Beginner NBASL Showdown $5 3-Player (SL LAC vs LAL),13.5,NBA,2026-07-15 02:00:00+00:00,5.0,3
192275508,150667,0.0,False,False,False,False,False,Beginner NBASL Showdown $1 3-Player (SL LAC vs LAL),2.7,NBA,2026-07-15 02:00:00+00:00,1.0,3
192275509,150667,0.0,False,False,False,False,False,NBASL Showdown $1 10-Player (SL LAC vs LAL),9.0,NBA,2026-07-15 02:00:00+00:00,1.0,10
192275510,150667,0.0,False,False,False,False,False,NBASL Showdown $1 5-Player (SL LAC vs LAL),4.5,NBA,2026-07-15 02:00:00+00:00,1.0,5
192275511,150667,0.0,False,False,False,False,False,NBASL Showdown $1 3-Player (SL LAC vs LAL),2.7,NBA,2026-07-15 02:00:00+00:00,1.0,3
192275512,150667,0.0,False,False,False,False,False,NBASL Showdown $1 3-Player (SL LAC vs LAL),2.7,NBA,2026-07-15 02:00:00+00:00,1.0,3
192275513,150667,0.0,True,False,False,False,False,Casual NBASL Showdown $20 50-50 (SL LAC vs LAL),180.0,NBA,2026-07-15 02:00:00+00:00,20.0,10
192275514,150667,0.0,True,False,False,False,False,Casual NBASL Showdown $10 50-50 (SL LAC vs LAL),90.0,NBA,2026-07-15 02:00:00+00:00,10.0,10
192275515,150667,0.0,True,False,False,False,False,Casual NBASL Showdown $5 50-50 (SL LAC vs LAL),45.0,NBA,2026-07-15 02:00:00+00:00,5.0,10
192275516,150667,0.0,True,False,False,False,False,Casual NBASL Showdown $3 50-50 (SL LAC vs LAL),27.0,NBA,2026-07-15 02:00:00+00:00,3.0,10
192275517,150667,0.0,True,False,False,False,False,Casual NBASL Showdown $1 50-50 (SL LAC vs LAL),9.0,NBA,2026-07-15 02:00:00+00:00,1.0,10
192275518,150667,0.0,False,False,False,False,False,Casual NBASL Showdown $5 3-Player (SL LAC vs LAL),13.5,NBA,2026-07-15 02:00:00+00:00,5.0,3
192275519,150667,0.0,False,False,False,False,False,Casual NBASL Showdown $2 3-Player (SL LAC vs LAL),5.4,NBA,2026-07-15 02:00:00+00:00,2.0,3
192275520,150667,0.0,False,False,False,False,False,NBASL Showdown $2 3-Player (SL LAC vs LAL),5.4,NBA,2026-07-15 02:00:00+00:00,2.0,3
192275521,150667,0.0,False,False,False,False,False,NBASL Showdown $2 3-Player (SL LAC vs LAL),5.4,NBA,2026-07-15 02:00:00+00:00,2.0,3
192275522,150667,0.0,False,False,False,False,False,NBASL Showdown $2 5-Player (SL LAC vs LAL),9.0,NBA,2026-07-15 02:00:00+00:00,2.0,5
192275523,150667,0.0,False,False,False,False,False,NBASL Showdown $2 10-Player (SL LAC vs LAL),18.0,NBA,2026-07-15 02:00:00+00:00,2.0,10
192275524,150667,0.0,False,False,False,False,False,NBASL Showdown $5 3-Player (SL LAC vs LAL),13.5,NBA,2026-07-15 02:00:00+00:00,5.0,3
192275525,150667,0.0,False,False,False,False,False,NBASL Showdown $5 5-Player (SL LAC vs LAL),22.5,NBA,2026-07-15 02:00:00+00:00,5.0,5
192275526,150667,0.0,False,False,False,False,False,NBASL Showdown $5 10-Player (SL LAC vs LAL),45.0,NBA,2026-07-15 02:00:00+00:00,5.0,10
192275527,150667,0.0,False,False,False,False,False,NBASL Showdown $10 5-Player (SL LAC vs LAL),45.0,NBA,2026-07-15 02:00:00+00:00,10.0,5
192275528,150667,0.0,False,False,False,False,False,NBASL Showdown $10 3-Player (SL LAC vs LAL),27.0,NBA,2026-07-15 02:00:00+00:00,10.0,3
192275529,150667,0.0,False,False,False,False,False,NBASL Showdown $20 3-Player (SL LAC vs LAL),54.0,NBA,2026-07-15 02:00:00+00:00,20.0,3
192275530,150667,0.0,False,False,False,False,False,NBASL Showdown $50 5-Player (SL LAC vs LAL),225.0,NBA,2026-07-15 02:00:00+00:00,50.0,5
192275531,150667,0.0,False,False,False,False,False,NBASL Showdown $50 3-Player (SL LAC vs LAL),135.0,NBA,2026-07-15 02:00:00+00:00,50.0,3
192275532,150667,0.0,False,False,False,False,False,NBASL Showdown $109 3-Player (SL LAC vs LAL),300.0,NBA,2026-07-15 02:00:00+00:00,109.0,3
192275533,150667,0.0,False,False,False,False,False,NBASL Showdown $162 3-Player (SL LAC vs LAL),450.0,NBA,2026-07-15 02:00:00+00:00,162.0,3
192275534,150667,0.0,False,False,False,False,False,NBASL Showdown $530 3-Player (SL LAC vs LAL),1500.0,NBA,2026-07-15 02:00:00+00:00,530.0,3
192275535,150667,0.0,False,False,False,False,False,"NBASL Showdown $1,060 3-Player (SL LAC vs LAL)",3000.0,NBA,2026-07-15 02:00:00+00:00,1060.0,3
192275536,150667,0.0,False,False,False,False,False,"NBASL Showdown $5,300 3-Player (SL LAC vs LAL)",15000.0,NBA,2026-07-15 02:00:00+00:00,5300.0,3
192275537,150667,0.0,False,False,False,False,False,"NBASL Showdown $10,600 3-Player (SL LAC vs LAL)",30000.0,NBA,2026-07-15 02:00:00+00:00,10600.0,3
192275538,150667,0.0,True,False,False,False,False,Beginner NBASL Showdown $20 50-50 (SL LAC vs LAL),72.0,NBA,2026-07-15 02:00:00+00:00,20.0,4
192275539,150667,0.0,True,False,False,False,False,Beginner NBASL Showdown $10 50-50 (SL LAC vs LAL),90.0,NBA,2026-07-15 02:00:00+00:00,10.0,10
192275540,150667,0.0,True,False,False,False,False,Beginner NBASL Showdown $1 50-50 (SL LAC vs LAL),9.0,NBA,2026-07-15 02:00:00+00:00,1.0,10
192275541,150667,0.0,True,False,False,False,False,Beginner NBASL Showdown $3 50-50 (SL LAC vs LAL),27.0,NBA,2026-07-15 02:00:00+00:00,3.0,10
192275542,150667,0.0,True,False,False,False,False,Beginner NBASL Showdown $5 50-50 (SL LAC vs LAL),45.0,NBA,2026-07-15 02:00:00+00:00,5.0,10
192275543,150667,0.0,True,False,False,False,False,"NBASL Showdown $5,300 50-50 (SL LAC vs LAL)",20000.0,NBA,2026-07-15 02:00:00+00:00,5300.0,4
192275544,150667,0.0,True,False,False,False,False,"NBASL Showdown $1,060 50-50 (SL LAC vs LAL)",4000.0,NBA,2026-07-15 02:00:00+00:00,1060.0,4
192275545,150667,0.0,True,False,False,False,False,NBASL Showdown $530 50-50 (SL LAC vs LAL),2000.0,NBA,2026-07-15 02:00:00+00:00,530.0,4
192275546,150667,0.0,True,False,False,False,False,NBASL Showdown $109 50-50 (SL LAC vs LAL),400.0,NBA,2026-07-15 02:00:00+00:00,109.0,4
192275547,150667,0.0,True,False,False,False,False,NBASL Showdown $50 50-50 (SL LAC vs LAL),180.0,NBA,2026-07-15 02:00:00+00:00,50.0,4
192275548,150667,0.0,True,False,False,False,False,NBASL Showdown $20 50-50 (SL LAC vs LAL),72.0,NBA,2026-07-15 02:00:00+00:00,20.0,4
192275549,150667,0.0,True,False,False,False,False,NBASL Showdown $10 50-50 (SL LAC vs LAL),36.0,NBA,2026-07-15 02:00:00+00:00,10.0,4
192275550,150667,0.0,True,False,False,False,False,NBASL Showdown $50 50-50 (SL LAC vs LAL),450.0,NBA,2026-07-15 02:00:00+00:00,50.0,10
192275551,150667,0.0,True,False,False,False,False,NBASL Showdown $1 50-50 (SL LAC vs LAL),9.0,NBA,2026-07-15 02:00:00+00:00,1.0,10
192275552,150667,0.0,True,False,False,False,False,NBASL Showdown $5 50-50 (SL LAC vs LAL),45.0,NBA,2026-07-15 02:00:00+00:00,5.0,10
192275553,150667,0.0,True,False,False,False,False,NBASL Showdown $109 50-50 (SL LAC vs LAL),600.0,NBA,2026-07-15 02:00:00+00:00,109.0,6
192275554,150667,0.0,True,False,False,False,False,NBASL Showdown $2 50-50 (SL LAC vs LAL),18.0,NBA,2026-07-15 02:00:00+00:00,2.0,10
192275555,150667,0.0,True,False,False,False,False,NBASL Showdown $20 50-50 (SL LAC vs LAL),180.0,NBA,2026-07-15 02:00:00+00:00,20.0,10
192275556,150667,0.0,True,False,False,False,False,NBASL Showdown $10 50-50 (SL LAC vs LAL),90.0,NBA,2026-07-15 02:00:00+00:00,10.0,10
192275557,150667,0.0,True,False,False,False,False,NBASL Showdown $5 50-50 (SL LAC vs LAL),90.0,NBA,2026-07-15 02:00:00+00:00,5.0,20
192275558,150667,0.0,True,False,False,False,False,NBASL Showdown $10 50-50 (SL LAC vs LAL),180.0,NBA,2026-07-15 02:00:00+00:00,10.0,20
192275559,150667,0.0,True,False,False,False,False,NBASL Showdown $20 50-50 (SL LAC vs LAL),360.0,NBA,2026-07-15 02:00:00+00:00,20.0,20
192275560,150667,0.0,True,False,False,False,False,NBASL Showdown $2 50-50 (SL LAC vs LAL),36.0,NBA,2026-07-15 02:00:00+00:00,2.0,20
192275561,150667,0.0,True,False,False,False,False,NBASL Showdown $1 50-50 (SL LAC vs LAL),18.0,NBA,2026-07-15 02:00:00+00:00,1.0,20
192275562,150667,0.0,False,False,False,False,True,NBASL Showdown $4K All Star [Single Entry] (Must Fill) (SL LAC vs LAL),4000.0,NBA,2026-07-15 02:00:00+00:00,1060.0,4
192275563,150667,0.0,False,False,False,False,True,NBASL Showdown $4K All Star [Single Entry] (Must Fill) (SL LAC vs LAL),4000.0,NBA,2026-07-15 02:00:00+00:00,1060.0,4
192275564,150667,0.0,False,False,False,False,True,NBASL Showdown $267 Winner Take All [$1K to 1st] (Must Fill) (SL LAC vs LAL),1000.0,NBA,2026-07-15 02:00:00+00:00,267.0,4
192275565,150667,0.0,False,False,False,False,True,NBASL Showdown $5.7K Courtside Special [Single Entry] (Must Fill) (SL LAC vs LAL),5700.0,NBA,2026-07-15 02:00:00+00:00,1500.0,4
192275566,150667,0.0,False,False,False,False,True,NBASL Showdown Satellite to NBA Best Ball $20 Shootaround [Must Fill] (SL LAC vs LAL),20.0,NBA,2026-07-15 02:00:00+00:00,7.4,3
192275567,150667,0.0,False,False,False,False,True,NBASL Showdown Satellite to NBA Best Ball $20 Shootaround [Must Fill] (SL LAC vs LAL),20.0,NBA,2026-07-15 02:00:00+00:00,7.4,3
192275615,150663,0.0,True,False,True,False,False,NBASL $10 Double Up (SL Early),100.0,NBA,2026-07-14 20:00:00+00:00,10.0,11
192275616,150663,0.0,True,False,True,False,False,NBASL $1 Double Up (SL Early),20.0,NBA,2026-07-14 20:00:00+00:00,1.0,23
192275617,150663,0.0,False,False,True,False,True,NBASL $85 Winner Take All [$300 to 1st] (SL Early),300.0,NBA,2026-07-14 20:00:00+00:00,85.0,4
192275618,150666,0.0,True,False,True,False,False,NBASL $10 Double Up (SL Night),100.0,NBA,2026-07-15 01:00:00+00:00,10.0,11
192275619,150666,0.0,True,False,True,False,False,NBASL $1 Double Up (SL Night),20.0,NBA,2026-07-15 01:00:00+00:00,1.0,23
192275620,150666,0.0,False,False,True,False,True,NBASL $85 Winner Take All [$300 to 1st] (SL Night),300.0,NBA,2026-07-15 01:00:00+00:00,85.0,4
192275621,150667,0.0,True,False,True,False,False,NBASL Showdown $10 Double Up (SL LAC vs LAL),100.0,NBA,2026-07-15 02:00:00+00:00,10.0,11
192275622,150667,0.0,True,False,True,False,False,NBASL Showdown $1 Double Up (SL LAC vs LAL),20.0,NBA,2026-07-15 02:00:00+00:00,1.0,23
192275623,150667,0.0,False,False,True,False,True,NBASL Showdown $85 Winner Take All [$300 to 1st] (SL LAC vs LAL),300.0,NBA,2026-07-15 02:00:00+00:00,85.0,4
192275639,150664,0.0,False,False,False,False,False,Beginner NBASL $20 3-Player,54.0,NBA,2026-07-14 23:00:00+00:00,20.0,3
192275640,150664,0.0,False,False,False,False,False,Beginner NBASL $50 3-Player,135.0,NBA,2026-07-14 23:00:00+00:00,50.0,3
192275641,150664,0.0,False,False,False,False,False,Beginner NBASL $10 3-Player,27.0,NBA,2026-07-14 23:00:00+00:00,10.0,3
192275642,150664,0.0,False,False,False,False,False,Beginner NBASL $5 3-Player,13.5,NBA,2026-07-14 23:00:00+00:00,5.0,3
192275643,150664,0.0,False,False,False,False,False,Beginner NBASL $1 3-Player,2.7,NBA,2026-07-14 23:00:00+00:00,1.0,3
192275644,150664,0.0,True,False,False,False,False,"NBASL $5,300 50-50",20000.0,NBA,2026-07-14 23:00:00+00:00,5300.0,4
192275645,150664,0.0,True,False,False,False,False,"NBASL $1,060 50-50",4000.0,NBA,2026-07-14 23:00:00+00:00,1060.0,4
192275646,150664,0.0,True,False,False,False,False,NBASL $530 50-50,2000.0,NBA,2026-07-14 23:00:00+00:00,530.0,4
192275647,150664,0.0,True,False,False,False,False,NBASL $162 50-50,600.0,NBA,2026-07-14 23:00:00+00:00,162.0,4
192275648,150664,0.0,True,False,False,False,False,NBASL $109 50-50,400.0,NBA,2026-07-14 23:00:00+00:00,109.0,4
192275649,150664,0.0,True,False,False,False,False,NBASL $50 50-50,180.0,NBA,2026-07-14 23:00:00+00:00,50.0,4
192275650,150664,0.0,True,False,False,False,False,NBASL $20 50-50,360.0,NBA,2026-07-14 23:00:00+00:00,20.0,20
192275651,150664,0.0,True,False,False,False,False,NBASL $20 50-50,180.0,NBA,2026-07-14 23:00:00+00:00,20.0,10
192275652,150664,0.0,True,False,False,False,False,NBASL $20 50-50,72.0,NBA,2026-07-14 23:00:00+00:00,20.0,4
192275653,150664,0.0,True,False,False,False,False,NBASL $20 50-50,72.0,NBA,2026-07-14 23:00:00+00:00,20.0,4
192275654,150664,0.0,True,False,False,False,False,NBASL $10 50-50,180.0,NBA,2026-07-14 23:00:00+00:00,10.0,20
192275655,150664,0.0,True,False,False,False,False,NBASL $10 50-50,90.0,NBA,2026-07-14 23:00:00+00:00,10.0,10
192275656,150664,0.0,True,False,False,False,False,NBASL $10 50-50,90.0,NBA,2026-07-14 23:00:00+00:00,10.0,10
192275657,150664,0.0,True,False,False,False,False,NBASL $10 50-50,36.0,NBA,2026-07-14 23:00:00+00:00,10.0,4
192275658,150664,0.0,True,False,False,False,False,NBASL $10 50-50,36.0,NBA,2026-07-14 23:00:00+00:00,10.0,4
192275659,150664,0.0,True,False,False,False,False,NBASL $10 50-50,36.0,NBA,2026-07-14 23:00:00+00:00,10.0,4
192275660,150664,0.0,True,False,False,False,False,NBASL $5 50-50,90.0,NBA,2026-07-14 23:00:00+00:00,5.0,20
192275661,150664,0.0,True,False,False,False,False,NBASL $5 50-50,90.0,NBA,2026-07-14 23:00:00+00:00,5.0,20
192275662,150664,0.0,True,False,False,False,False,NBASL $5 50-50,45.0,NBA,2026-07-14 23:00:00+00:00,5.0,10
192275663,150664,0.0,True,False,False,False,False,NBASL $5 50-50,45.0,NBA,2026-07-14 23:00:00+00:00,5.0,10
192275664,150664,0.0,True,False,False,False,False,NBASL $5 50-50,45.0,NBA,2026-07-14 23:00:00+00:00,5.0,10
192275665,150664,0.0,True,False,False,False,False,NBASL $2 50-50,36.0,NBA,2026-07-14 23:00:00+00:00,2.0,20
192275666,150664,0.0,True,False,False,False,False,NBASL $2 50-50,36.0,NBA,2026-07-14 23:00:00+00:00,2.0,20
192275667,150664,0.0,True,False,False,False,False,NBASL $2 50-50,18.0,NBA,2026-07-14 23:00:00+00:00,2.0,10
192275668,150664,0.0,True,False,False,False,False,NBASL $2 50-50,18.0,NBA,2026-07-14 23:00:00+00:00,2.0,10
192275669,150664,0.0,True,False,False,False,False,NBASL $2 50-50,18.0,NBA,2026-07-14 23:00:00+00:00,2.0,10
192275670,150664,0.0,True,False,False,False,False,NBASL $1 50-50,18.0,NBA,2026-07-14 23:00:00+00:00,1.0,20
192275671,150664,0.0,True,False,False,False,False,NBASL $1 50-50,18.0,NBA,2026-07-14 23:00:00+00:00,1.0,20
192275672,150664,0.0,True,False,False,False,False,NBASL $1 50-50,9.0,NBA,2026-07-14 23:00:00+00:00,1.0,10
192275673,150664,0.0,True,False,False,False,False,NBASL $1 50-50,9.0,NBA,2026-07-14 23:00:00+00:00,1.0,10
192275674,150664,0.0,True,False,False,False,False,NBASL $1 50-50,9.0,NBA,2026-07-14 23:00:00+00:00,1.0,10
192275675,150664,0.0,True,False,False,False,False,Beginner NBASL $50 50-50,180.0,NBA,2026-07-14 23:00:00+00:00,50.0,4
192275676,150664,0.0,True,False,False,False,False,Beginner NBASL $20 50-50,72.0,NBA,2026-07-14 23:00:00+00:00,20.0,4
192275677,150664,0.0,True,False,False,False,False,Beginner NBASL $10 50-50,90.0,NBA,2026-07-14 23:00:00+00:00,10.0,10
192275678,150664,0.0,True,False,False,False,False,Beginner NBASL $5 50-50,45.0,NBA,2026-07-14 23:00:00+00:00,5.0,10
192275679,150664,0.0,True,False,False,False,False,Beginner NBASL $3 50-50,27.0,NBA,2026-07-14 23:00:00+00:00,3.0,10
192275680,150664,0.0,True,False,False,False,False,Beginner NBASL $1 50-50,9.0,NBA,2026-07-14 23:00:00+00:00,1.0,10
192275681,150664,0.0,False,False,False,False,False,Beginner NBASL $10 5-Player,45.0,NBA,2026-07-14 23:00:00+00:00,10.0,5
192275682,150664,0.0,False,False,False,False,False,Beginner NBASL $5 5-Player,22.5,NBA,2026-07-14 23:00:00+00:00,5.0,5
192275683,150664,0.0,False,False,False,False,False,Beginner NBASL $5 3-Player,13.5,NBA,2026-07-14 23:00:00+00:00,5.0,3
192275684,150664,0.0,False,False,False,False,False,Beginner NBASL $2 5-Player,9.0,NBA,2026-07-14 23:00:00+00:00,2.0,5
192275685,150664,0.0,False,False,False,False,False,Beginner NBASL $2 3-Player,5.4,NBA,2026-07-14 23:00:00+00:00,2.0,3
192275686,150664,0.0,False,False,False,False,False,Beginner NBASL $1 5-Player,4.5,NBA,2026-07-14 23:00:00+00:00,1.0,5
192275687,150664,0.0,False,False,False,False,False,"NBASL $10,600 3-Player",30000.0,NBA,2026-07-14 23:00:00+00:00,10600.0,3
192275688,150664,0.0,False,False,False,False,False,"NBASL $5,300 3-Player",15000.0,NBA,2026-07-14 23:00:00+00:00,5300.0,3
192275689,150664,0.0,False,False,False,False,False,"NBASL $1,060 3-Player",3000.0,NBA,2026-07-14 23:00:00+00:00,1060.0,3
192275690,150664,0.0,False,False,False,False,False,NBASL $530 3-Player,1500.0,NBA,2026-07-14 23:00:00+00:00,530.0,3
192275691,150664,0.0,False,False,False,False,False,NBASL $162 3-Player,450.0,NBA,2026-07-14 23:00:00+00:00,162.0,3
192275692,150664,0.0,False,False,False,False,False,NBASL $109 3-Player,300.0,NBA,2026-07-14 23:00:00+00:00,109.0,3
192275693,150664,0.0,False,False,False,False,False,NBASL $109 3-Player,300.0,NBA,2026-07-14 23:00:00+00:00,109.0,3
192275694,150664,0.0,False,False,False,False,False,NBASL $50 5-Player,225.0,NBA,2026-07-14 23:00:00+00:00,50.0,5
192275695,150664,0.0,False,False,False,False,False,NBASL $50 3-Player,135.0,NBA,2026-07-14 23:00:00+00:00,50.0,3
192275696,150664,0.0,False,False,False,False,False,NBASL $20 5-Player,90.0,NBA,2026-07-14 23:00:00+00:00,20.0,5
192275697,150664,0.0,False,False,False,False,False,NBASL $20 5-Player,90.0,NBA,2026-07-14 23:00:00+00:00,20.0,5
192275698,150664,0.0,False,False,False,False,False,NBASL $20 3-Player,54.0,NBA,2026-07-14 23:00:00+00:00,20.0,3
192275699,150664,0.0,False,False,False,False,False,NBASL $20 3-Player,54.0,NBA,2026-07-14 23:00:00+00:00,20.0,3
192275700,150664,0.0,False,False,False,False,False,NBASL $20 3-Player,54.0,NBA,2026-07-14 23:00:00+00:00,20.0,3
192275701,150664,0.0,False,False,False,False,False,NBASL $10 10-Player,90.0,NBA,2026-07-14 23:00:00+00:00,10.0,10
192275702,150664,0.0,False,False,False,False,False,NBASL $10 5-Player,45.0,NBA,2026-07-14 23:00:00+00:00,10.0,5
192275703,150664,0.0,False,False,False,False,False,NBASL $10 5-Player,45.0,NBA,2026-07-14 23:00:00+00:00,10.0,5
192275704,150664,0.0,False,False,False,False,False,NBASL $10 3-Player,27.0,NBA,2026-07-14 23:00:00+00:00,10.0,3
192275705,150664,0.0,False,False,False,False,False,NBASL $10 3-Player,27.0,NBA,2026-07-14 23:00:00+00:00,10.0,3
192275706,150664,0.0,False,False,False,False,False,NBASL $10 3-Player,27.0,NBA,2026-07-14 23:00:00+00:00,10.0,3
192275707,150664,0.0,False,False,False,False,False,NBASL $5 10-Player,45.0,NBA,2026-07-14 23:00:00+00:00,5.0,10
192275708,150664,0.0,False,False,False,False,False,NBASL $5 10-Player,45.0,NBA,2026-07-14 23:00:00+00:00,5.0,10
192275709,150664,0.0,False,False,False,False,False,NBASL $5 5-Player,22.5,NBA,2026-07-14 23:00:00+00:00,5.0,5
192275710,150664,0.0,False,False,False,False,False,NBASL $5 5-Player,22.5,NBA,2026-07-14 23:00:00+00:00,5.0,5
192275711,150664,0.0,False,False,False,False,False,NBASL $5 5-Player,22.5,NBA,2026-07-14 23:00:00+00:00,5.0,5
192275712,150664,0.0,False,False,False,False,False,NBASL $5 3-Player,13.5,NBA,2026-07-14 23:00:00+00:00,5.0,3
192275713,150664,0.0,False,False,False,False,False,NBASL $5 3-Player,13.5,NBA,2026-07-14 23:00:00+00:00,5.0,3
192275714,150664,0.0,False,False,False,False,False,NBASL $5 3-Player,13.5,NBA,2026-07-14 23:00:00+00:00,5.0,3
192275715,150664,0.0,False,False,False,False,False,NBASL $2 20-Player,36.0,NBA,2026-07-14 23:00:00+00:00,2.0,20
192275716,150664,0.0,False,False,False,False,False,NBASL $2 20-Player,36.0,NBA,2026-07-14 23:00:00+00:00,2.0,20
192275717,150664,0.0,False,False,False,False,False,NBASL $2 10-Player,18.0,NBA,2026-07-14 23:00:00+00:00,2.0,10
192275718,150664,0.0,False,False,False,False,False,NBASL $2 10-Player,18.0,NBA,2026-07-14 23:00:00+00:00,2.0,10
192275719,150664,0.0,False,False,False,False,False,NBASL $2 10-Player,18.0,NBA,2026-07-14 23:00:00+00:00,2.0,10
192275720,150664,0.0,False,False,False,False,False,NBASL $2 5-Player,9.0,NBA,2026-07-14 23:00:00+00:00,2.0,5
192275721,150664,0.0,False,False,False,False,False,NBASL $2 5-Player,9.0,NBA,2026-07-14 23:00:00+00:00,2.0,5
192275722,150664,0.0,False,False,False,False,False,NBASL $2 5-Player,9.0,NBA,2026-07-14 23:00:00+00:00,2.0,5
192275724,150664,0.0,False,False,False,False,False,NBASL $2 3-Player,5.4,NBA,2026-07-14 23:00:00+00:00,2.0,3
192275725,150664,0.0,False,False,False,False,False,NBASL $2 3-Player,5.4,NBA,2026-07-14 23:00:00+00:00,2.0,3
192275726,150664,0.0,False,False,False,False,False,NBASL $2 3-Player,5.4,NBA,2026-07-14 23:00:00+00:00,2.0,3
192275727,150664,0.0,False,False,False,False,False,NBASL $1 10-Player,9.0,NBA,2026-07-14 23:00:00+00:00,1.0,10
192275728,150664,0.0,False,False,False,False,False,NBASL $1 5-Player,4.5,NBA,2026-07-14 23:00:00+00:00,1.0,5
192275729,150664,0.0,False,False,False,False,False,NBASL $1 3-Player,2.7,NBA,2026-07-14 23:00:00+00:00,1.0,3
192275730,150664,0.0,False,False,False,False,False,NBASL $1 3-Player,2.7,NBA,2026-07-14 23:00:00+00:00,1.0,3
192275731,150664,0.0,True,False,False,False,False,NBASL $109 50-50,600.0,NBA,2026-07-14 23:00:00+00:00,109.0,6
192275732,150664,0.0,False,False,False,False,False,"NBASL $10,600 4-Player (Winner Takes All)",40000.0,NBA,2026-07-14 23:00:00+00:00,10600.0,4
192275733,150664,0.0,False,False,False,False,False,"NBASL $10,600 4-Player (Winner Takes All)",40000.0,NBA,2026-07-14 23:00:00+00:00,10600.0,4
192275734,150664,0.0,False,False,False,False,False,"NBASL $10,600 4-Player (Winner Takes All)",40000.0,NBA,2026-07-14 23:00:00+00:00,10600.0,4
192275735,150664,0.0,True,False,False,False,False,Casual NBASL $50 50-50,180.0,NBA,2026-07-14 23:00:00+00:00,50.0,4
192275736,150664,0.0,True,False,False,False,False,Casual NBASL $20 50-50,72.0,NBA,2026-07-14 23:00:00+00:00,20.0,4
192275737,150664,0.0,True,False,False,False,False,Casual NBASL $10 50-50,90.0,NBA,2026-07-14 23:00:00+00:00,10.0,10
192275738,150664,0.0,True,False,False,False,False,Casual NBASL $5 50-50,45.0,NBA,2026-07-14 23:00:00+00:00,5.0,10
192275739,150664,0.0,True,False,False,False,False,Casual NBASL $3 50-50,27.0,NBA,2026-07-14 23:00:00+00:00,3.0,10
192275740,150664,0.0,True,False,False,False,False,Casual NBASL $3 50-50,10.8,NBA,2026-07-14 23:00:00+00:00,3.0,4
192275741,150664,0.0,True,False,False,False,False,Casual NBASL $1 50-50,9.0,NBA,2026-07-14 23:00:00+00:00,1.0,10
192275742,150664,0.0,False,False,False,False,False,Casual NBASL $50 3-Player,135.0,NBA,2026-07-14 23:00:00+00:00,50.0,3
192275743,150664,0.0,False,False,False,False,False,Casual NBASL $20 3-Player,54.0,NBA,2026-07-14 23:00:00+00:00,20.0,3
192275744,150664,0.0,False,False,False,False,False,Casual NBASL $10 5-Player,45.0,NBA,2026-07-14 23:00:00+00:00,10.0,5
192275745,150664,0.0,False,False,False,False,False,Casual NBASL $10 3-Player,27.0,NBA,2026-07-14 23:00:00+00:00,10.0,3
192275746,150664,0.0,False,False,False,False,False,Casual NBASL $2 5-Player,9.0,NBA,2026-07-14 23:00:00+00:00,2.0,5
192275747,150664,0.0,False,False,False,False,False,Casual NBASL $2 3-Player,5.4,NBA,2026-07-14 23:00:00+00:00,2.0,3
192275748,150664,0.0,False,False,False,False,False,Casual NBASL $109 5-Player,500.0,NBA,2026-07-14 23:00:00+00:00,109.0,5
192275749,150664,0.0,True,False,False,False,False,NBASL $10 Double Up,100.0,NBA,2026-07-14 23:00:00+00:00,10.0,11
192275750,150664,0.0,True,False,False,False,False,NBASL $25 Double Up,250.0,NBA,2026-07-14 23:00:00+00:00,25.0,11
192275751,150664,0.0,True,False,False,False,False,NBASL $50 Double Up,500.0,NBA,2026-07-14 23:00:00+00:00,50.0,11
192275752,150664,0.0,True,False,False,False,False,NBASL $5 Double Up,50.0,NBA,2026-07-14 23:00:00+00:00,5.0,11
192275753,150664,0.0,True,False,False,False,False,NBASL $3 Double Up,30.0,NBA,2026-07-14 23:00:00+00:00,3.0,11
192275754,150664,0.0,True,False,False,False,False,NBASL $1 Double Up,10.0,NBA,2026-07-14 23:00:00+00:00,1.0,11
192275755,150664,0.0,True,False,False,False,False,NBASL $25 Double Up,500.0,NBA,2026-07-14 23:00:00+00:00,25.0,22
192275756,150664,0.0,True,False,False,False,False,NBASL $50 Double Up,1000.0,NBA,2026-07-14 23:00:00+00:00,50.0,22
192275757,150664,0.0,False,False,False,False,True,NBASL $4K All Star [Single Entry] (Must Fill),4000.0,NBA,2026-07-14 23:00:00+00:00,1060.0,4
192275758,150664,0.0,False,False,False,False,True,NBASL $267 Winner Take All [$1K to 1st] (Must Fill),1000.0,NBA,2026-07-14 23:00:00+00:00,267.0,4
192275759,150664,0.0,False,False,False,False,True,"NBASL $408 Winner Take All [$1.5K to 1st, Must Fill]",1500.0,NBA,2026-07-14 23:00:00+00:00,408.0,4
192275760,150664,0.0,False,False,False,False,True,NBASL Satellite to NFL Best Ball $25 Millionaire [Must Fill],25.0,NBA,2026-07-14 23:00:00+00:00,9.0,3
192275761,150664,0.0,False,False,False,False,True,NBASL Satellite to NFL Best Ball $25 Millionaire [Must Fill],25.0,NBA,2026-07-14 23:00:00+00:00,9.0,3
192275762,150664,0.0,False,False,False,False,True,NBASL Satellite to NFL Best Ball $25 Millionaire [Must Fill],25.0,NBA,2026-07-14 23:00:00+00:00,9.0,3
192275763,150664,0.0,False,False,False,False,True,NBASL Satellite to MLB 9-1 $4M Ultimate Main Event [Must Fill],3333.0,NBA,2026-07-14 23:00:00+00:00,1177.0,3
192275764,150664,0.0,False,False,False,False,True,NBASL Satellite to NBA Best Ball $20 Shootaround [Must Fill],20.0,NBA,2026-07-14 23:00:00+00:00,7.4,3
192275765,150664,0.0,False,False,False,False,True,NBASL Satellite to NBA Best Ball $20 Shootaround [Must Fill],20.0,NBA,2026-07-14 23:00:00+00:00,7.4,3
192275766,150664,0.0,False,False,False,False,True,NBASL Satellite to NBA Best Ball $20 Shootaround [Must Fill],20.0,NBA,2026-07-14 23:00:00+00:00,7.4,3
192275833,150664,0.0,True,False,True,False,False,NBASL $5 Double Up,100.0,NBA,2026-07-14 23:00:00+00:00,5.0,23
192275834,150664,0.0,True,False,True,False,False,NBASL $1 Double Up,20.0,NBA,2026-07-14 23:00:00+00:00,1.0,23
192275835,150664,0.0,True,False,True,False,False,NBASL $10 Double Up,100.0,NBA,2026-07-14 23:00:00+00:00,10.0,11
192275836,150664,0.0,True,False,True,False,False,NBASL $1 Double Up,20.0,NBA,2026-07-14 23:00:00+00:00,1.0,23
192275837,150664,0.0,False,False,True,False,True,NBASL $25 Winner Take All [$110 to 1st],110.0,NBA,2026-07-14 23:00:00+00:00,25.0,5
192275838,150664,0.0,False,False,True,False,True,NBASL $85 Winner Take All [$300 to 1st],300.0,NBA,2026-07-14 23:00:00+00:00,85.0,4
192275839,150664,0.0,False,False,True,False,True,NBASL Satellite to NBA Best Ball $20 Shootaround,20.0,NBA,2026-07-14 23:00:00+00:00,1.0,23
192275840,150664,0.0,False,False,True,False,True,NBASL Satellite to NBA Best Ball $20 Shootaround,20.0,NBA,2026-07-14 23:00:00+00:00,0.25,95
192275841,150664,0.0,False,False,True,False,True,NBASL Satellite to NBA Best Ball $20 Shootaround,20.0,NBA,2026-07-14 23:00:00+00:00,0.1,237
192275967,150664,0.0,False,False,True,False,True,NBASL $200 Quarter Jukebox,200.0,NBA,2026-07-14 23:00:00+00:00,0.25,951
192275968,150664,0.0,False,False,True,False,True,NBASL $100 Sharpshooter,100.0,NBA,2026-07-14 23:00:00+00:00,3.0,39
192275969,150664,0.0,False,False,True,False,True,NBASL $750 And-One [20 Entry Max],750.0,NBA,2026-07-14 23:00:00+00:00,1.0,891
192275970,150664,0.0,False,False,True,False,True,NBASL $200 Zone [Single Entry],200.0,NBA,2026-07-14 23:00:00+00:00,5.0,47
192275971,150664,0.0,False,False,True,False,True,NBASL $200 Pick and Roll [Single Entry],200.0,NBA,2026-07-14 23:00:00+00:00,12.0,19
192275972,150664,0.0,False,False,True,False,True,NBASL $340 Triple Threat [Single Entry],340.0,NBA,2026-07-14 23:00:00+00:00,33.0,12
192275973,150664,0.0,False,False,True,False,True,NBASL $310 Ankle Breaker [Single Entry],310.0,NBA,2026-07-14 23:00:00+00:00,50.0,7
192276012,150665,0.0,False,False,False,False,False,NBASL Snake $1 6-Player,5.4,NBA,2026-07-14 23:00:00+00:00,1.0,6
192276013,150665,0.0,False,False,False,False,False,NBASL Snake $1 6-Player,5.4,NBA,2026-07-14 23:00:00+00:00,1.0,6
192276014,150665,0.0,False,False,False,False,False,NBASL Snake $5 6-Player,27.0,NBA,2026-07-14 23:00:00+00:00,5.0,6
192276015,150665,0.0,False,False,False,False,False,NBASL Snake $10 6-Player,54.0,NBA,2026-07-14 23:00:00+00:00,10.0,6
192276016,150665,0.0,False,False,False,False,False,NBASL Snake $10 6-Player,54.0,NBA,2026-07-14 23:00:00+00:00,10.0,6
192276017,150665,0.0,False,False,False,False,False,NBASL Snake $20 6-Player,108.0,NBA,2026-07-14 23:00:00+00:00,20.0,6
192276018,150665,0.0,False,False,False,False,False,NBASL Snake $50 6-Player,270.0,NBA,2026-07-14 23:00:00+00:00,50.0,6
192276019,150665,0.0,False,False,False,False,False,NBASL Snake $109 6-Player,600.0,NBA,2026-07-14 23:00:00+00:00,109.0,6
192276020,150665,0.0,False,False,False,False,False,NBASL Snake $530 6-Player,3000.0,NBA,2026-07-14 23:00:00+00:00,530.0,6
192276021,150665,0.0,False,False,False,False,False,NBASL Snake $1 3-Player,2.7,NBA,2026-07-14 23:00:00+00:00,1.0,3
192276022,150665,0.0,False,False,False,False,False,NBASL Snake $1 3-Player,2.7,NBA,2026-07-14 23:00:00+00:00,1.0,3
192276023,150665,0.0,False,False,False,False,False,NBASL Snake $1 3-Player,2.7,NBA,2026-07-14 23:00:00+00:00,1.0,3
192276024,150665,0.0,False,False,False,False,False,NBASL Snake $5 3-Player,13.5,NBA,2026-07-14 23:00:00+00:00,5.0,3
192276025,150665,0.0,False,False,False,False,False,NBASL Snake $5 3-Player,13.5,NBA,2026-07-14 23:00:00+00:00,5.0,3
192276026,150665,0.0,False,False,False,False,False,NBASL Snake $10 3-Player,27.0,NBA,2026-07-14 23:00:00+00:00,10.0,3
192276027,150665,0.0,False,False,False,False,False,NBASL Snake $10 3-Player,27.0,NBA,2026-07-14 23:00:00+00:00,10.0,3
192276028,150665,0.0,False,False,False,False,False,NBASL Snake $20 3-Player,54.0,NBA,2026-07-14 23:00:00+00:00,20.0,3
192276029,150665,0.0,False,False,False,False,False,NBASL Snake $50 3-Player,135.0,NBA,2026-07-14 23:00:00+00:00,50.0,3
192276030,150665,0.0,False,False,False,False,False,NBASL Snake $50 3-Player,135.0,NBA,2026-07-14 23:00:00+00:00,50.0,3
192276031,150665,0.0,False,False,False,False,False,NBASL Snake $109 3-Player,300.0,NBA,2026-07-14 23:00:00+00:00,109.0,3
192276032,150665,0.0,False,False,False,False,False,NBASL Snake $530 3-Player,1500.0,NBA,2026-07-14 23:00:00+00:00,530.0,3
192276033,150665,0.0,False,False,False,False,False,"NBASL Snake $2,120 3-Player",6000.0,NBA,2026-07-14 23:00:00+00:00,2120.0,3
192276034,150665,0.0,False,False,False,False,False,"NBASL Snake $1,060 3-Player",3000.0,NBA,2026-07-14 23:00:00+00:00,1060.0,3
192276035,150665,0.0,False,False,False,False,False,"NBASL Snake $5,300 3-Player",15000.0,NBA,2026-07-14 23:00:00+00:00,5300.0,3
192276036,150665,0.0,False,False,False,False,False,"NBASL Snake $10,600 3-Player",30000.0,NBA,2026-07-14 23:00:00+00:00,10600.0,3
192280270,150664,0.0,False,False,True,False,True,NBASL $10K Fadeaway [$2K to 1st],10000.0,NBA,2026-07-14 23:00:00+00:00,15.0,784
192280271,150664,0.0,False,False,True,False,True,NBASL $2.2K Posterizer [Single Entry],2200.0,NBA,2026-07-14 23:00:00+00:00,150.0,16
192289003,150698,0.0,False,False,False,False,False,WNBA Snake $5 3-Player,13.5,NBA,2026-07-14 15:00:00+00:00,5.0,3
192289453,150699,0.0,False,False,False,False,False,WNBA Single Stat $1 200-Player (Top 2 Win) (Points),180.0,NBA,2026-07-14 15:00:00+00:00,1.0,200
192290435,150698,0.0,False,False,False,False,False,WNBA Snake $1 3-Player,2.7,NBA,2026-07-14 15:00:00+00:00,1.0,3
192290450,150696,0.0,False,False,True,False,False,WNBA FREE 25-Player,0.0,NBA,2026-07-14 15:00:00+00:00,0.0,25
192291483,150698,0.0,False,False,False,False,False,WNBA Snake $1 3-Player,2.7,NBA,2026-07-14 15:00:00+00:00,1.0,3
192292332,150697,0.0,False,False,True,False,False,WNBA Showdown FREE 20-Player (PDX @ CON),0.0,NBA,2026-07-14 15:00:00+00:00,0.0,20
192292333,150700,0.0,False,False,True,False,False,WNBA Showdown FREE 20-Player (WAS @ TOR),0.0,NBA,2026-07-14 23:00:00+00:00,0.0,20
192292334,150699,0.0,False,False,True,False,False,WNBA Single Stat FREE 20-Player (Points),0.0,NBA,2026-07-14 15:00:00+00:00,0.0,20
192292809,150696,0.0,False,False,True,False,False,WNBA $38 Winner Take All [$100 to 1st],100.0,NBA,2026-07-14 15:00:00+00:00,38.0,3
